date,time,round,day,venue,result,gf,ga,opponent,xg,xga,poss,sot,team
2015-08-08,13:45,,Sat,Home,W,1,0,Tottenham,0.627539,0.6746,50,1,Manchester Utd
2015-08-08,13:45,,Sat,Away,L,0,1,Manchester Utd,0.6746,0.627539,50,4,Tottenham
2015-08-08,16:00,,Sat,Home,L,0,1,Aston Villa,0.876106,0.782253,59,2,Bournemouth
2015-08-08,16:00,,Sat,Away,W,1,0,Bournemouth,0.782253,0.876106,41,3,Aston Villa
2015-08-08,16:00,,Sat,Home,D,2,2,Watford,0.604226,0.557892,67,5,Everton
2015-08-08,16:00,,Sat,Away,D,2,2,Everton,0.557892,0.604226,33,5,Watford
2015-08-08,16:00,,Sat,Home,W,4,2,Sunderland,2.56803,1.45946,44,8,Leicester
2015-08-08,16:00,,Sat,Away,L,2,4,Leicester,1.45946,2.56803,56,5,Sunderland
2015-08-08,16:00,,Sat,Home,L,1,3,Crystal Palace,1.13076,2.10975,63,6,Norwich
2015-08-08,16:00,,Sat,Away,W,3,1,Norwich,2.10975,1.13076,37,7,Crystal Palace
2015-08-08,18:30,,Sat,Home,D,2,2,Swansea,0.64396,2.59203,52,3,Chelsea
2015-08-08,18:30,,Sat,Away,D,2,2,Chelsea,2.59203,0.64396,48,10,Swansea
2015-08-09,14:30,,Sun,Home,L,0,2,West Ham,1.33166,0.535961,62,6,Arsenal
2015-08-09,14:30,,Sun,Away,W,2,0,Arsenal,0.535961,1.33166,38,4,West Ham
2015-08-09,14:30,,Sun,Home,D,2,2,Southampton,1.54613,1.2529,55,3,Newcastle United
2015-08-09,14:30,,Sun,Away,D,2,2,Newcastle United,1.2529,1.54613,45,5,Southampton
2015-08-09,17:00,,Sun,Home,L,0,1,Liverpool,0.381274,0.329873,47,1,Stoke
2015-08-09,17:00,,Sun,Away,W,1,0,Stoke,0.329873,0.381274,53,3,Liverpool
2015-08-10,21:00,,Mon,Home,L,0,3,Manchester City,0.435238,1.9242,31,2,West Brom
2015-08-10,21:00,,Mon,Away,W,3,0,West Brom,1.9242,0.435238,69,7,Manchester City
2015-08-14,20:45,,Fri,Home,L,0,1,Manchester Utd,0.219118,0.660404,45,1,Aston Villa
2015-08-14,20:45,,Fri,Away,W,1,0,Aston Villa,0.660404,0.219118,55,2,Manchester Utd
2015-08-15,13:45,,Sat,Home,L,0,3,Everton,1.06214,1.39628,55,4,Southampton
2015-08-15,13:45,,Sat,Away,W,3,0,Southampton,1.39628,1.06214,45,4,Everton
2015-08-15,16:00,,Sat,Home,L,1,3,Norwich,0.329128,1.71686,48,2,Sunderland
2015-08-15,16:00,,Sat,Away,W,3,1,Sunderland,1.71686,0.329128,52,6,Norwich
2015-08-15,16:00,,Sat,Home,W,2,0,Newcastle United,1.97424,0.113109,65,6,Swansea
2015-08-15,16:00,,Sat,Away,L,0,2,Swansea,0.113109,1.97424,35,2,Newcastle United
2015-08-15,16:00,,Sat,Home,D,2,2,Stoke,1.70614,2.80956,53,7,Tottenham
2015-08-15,16:00,,Sat,Away,D,2,2,Tottenham,2.80956,1.70614,47,7,Stoke
2015-08-15,16:00,,Sat,Home,D,0,0,West Brom,0.760848,0.684036,59,5,Watford
2015-08-15,16:00,,Sat,Away,D,0,0,Watford,0.684036,0.760848,41,0,West Brom
2015-08-15,16:00,,Sat,Home,L,1,2,Leicester,0.513491,1.80939,65,3,West Ham
2015-08-15,16:00,,Sat,Away,W,2,1,West Ham,1.80939,0.513491,35,6,Leicester
2015-08-16,14:30,,Sun,Home,L,1,2,Arsenal,0.964134,2.05542,41,4,Crystal Palace
2015-08-16,14:30,,Sun,Away,W,2,1,Crystal Palace,2.05542,0.964134,59,6,Arsenal
2015-08-16,17:00,,Sun,Home,W,3,0,Chelsea,2.18579,0.482423,49,8,Manchester City
2015-08-16,17:00,,Sun,Away,L,0,3,Manchester City,0.482423,2.18579,51,3,Chelsea
2015-08-17,21:00,,Mon,Home,W,1,0,Bournemouth,2.15062,0.460805,56,2,Liverpool
2015-08-17,21:00,,Mon,Away,L,0,1,Liverpool,0.460805,2.15062,44,2,Bournemouth
2015-08-22,13:45,,Sat,Home,D,0,0,Newcastle United,1.2491,0.4384,66,8,Manchester Utd
2015-08-22,13:45,,Sat,Away,D,0,0,Manchester Utd,0.4384,1.2491,34,0,Newcastle United
2015-08-22,16:00,,Sat,Home,W,2,1,Aston Villa,1.23807,0.765278,51,6,Crystal Palace
2015-08-22,16:00,,Sat,Away,L,1,2,Crystal Palace,0.765278,1.23807,49,2,Aston Villa
2015-08-22,16:00,,Sat,Home,D,1,1,Tottenham,0.829012,1.89437,42,2,Leicester
2015-08-22,16:00,,Sat,Away,D,1,1,Leicester,1.89437,0.829012,58,6,Tottenham
2015-08-22,16:00,,Sat,Home,D,1,1,Stoke,3.14888,0.698228,46,7,Norwich
2015-08-22,16:00,,Sat,Away,D,1,1,Norwich,0.698228,3.14888,54,1,Stoke
2015-08-22,16:00,,Sat,Home,D,1,1,Swansea,0.569426,1.56064,43,2,Sunderland
2015-08-22,16:00,,Sat,Away,D,1,1,Sunderland,1.56064,0.569426,57,9,Swansea
2015-08-22,16:00,,Sat,Home,L,3,4,Bournemouth,1.50203,2.8554,47,4,West Ham
2015-08-22,16:00,,Sat,Away,W,4,3,West Ham,2.8554,1.50203,53,7,Bournemouth
2015-08-23,14:30,,Sun,Home,L,2,3,Chelsea,1.42622,2.02778,44,6,West Brom
2015-08-23,14:30,,Sun,Away,W,3,2,West Brom,2.02778,1.42622,56,5,Chelsea
2015-08-23,17:00,,Sun,Home,L,0,2,Manchester City,0.579338,1.57983,45,1,Everton
2015-08-23,17:00,,Sun,Away,W,2,0,Everton,1.57983,0.579338,55,9,Manchester City
2015-08-23,17:00,,Sun,Home,D,0,0,Southampton,1.17588,0.68359,52,0,Watford
2015-08-23,17:00,,Sun,Away,D,0,0,Watford,0.68359,1.17588,48,5,Southampton
2015-08-24,21:00,,Mon,Home,D,0,0,Liverpool,1.83755,1.29206,66,5,Arsenal
2015-08-24,21:00,,Mon,Away,D,0,0,Arsenal,1.29206,1.83755,34,8,Liverpool
2015-08-29,13:45,,Sat,Home,L,0,1,Arsenal,0.0319694,2.33948,26,0,Newcastle United
2015-08-29,13:45,,Sat,Away,W,1,0,Newcastle United,2.33948,0.0319694,74,9,Arsenal
2015-08-29,16:00,,Sat,Home,D,2,2,Sunderland,2.27406,0.368848,63,6,Aston Villa
2015-08-29,16:00,,Sat,Away,D,2,2,Aston Villa,0.368848,2.27406,37,3,Sunderland
2015-08-29,16:00,,Sat,Home,D,1,1,Leicester,0.321432,0.919097,56,2,Bournemouth
2015-08-29,16:00,,Sat,Away,D,1,1,Bournemouth,0.919097,0.321432,44,2,Leicester
2015-08-29,16:00,,Sat,Home,L,1,2,Crystal Palace,1.27906,2.19283,64,8,Chelsea
2015-08-29,16:00,,Sat,Away,W,2,1,Chelsea,2.19283,1.27906,36,6,Crystal Palace
2015-08-29,16:00,,Sat,Home,L,0,3,West Ham,0.561737,0.97217,63,1,Liverpool
2015-08-29,16:00,,Sat,Away,W,3,0,Liverpool,0.97217,0.561737,37,5,West Ham
2015-08-29,16:00,,Sat,Home,W,2,0,Watford,1.52895,0.363603,59,5,Manchester City
2015-08-29,16:00,,Sat,Away,L,0,2,Manchester City,0.363603,1.52895,41,0,Watford
2015-08-29,16:00,,Sat,Home,L,0,1,West Brom,1.21771,0.881194,49,4,Stoke
2015-08-29,16:00,,Sat,Away,W,1,0,Stoke,0.881194,1.21771,51,5,West Brom
2015-08-29,18:30,,Sat,Home,D,0,0,Everton,1.99917,0.694692,50,6,Tottenham
2015-08-29,18:30,,Sat,Away,D,0,0,Tottenham,0.694692,1.99917,50,3,Everton
2015-08-30,14:30,,Sun,Home,W,3,0,Norwich,2.85501,0.639434,62,8,Southampton
2015-08-30,14:30,,Sun,Away,L,0,3,Southampton,0.639434,2.85501,38,1,Norwich
2015-08-30,17:00,,Sun,Home,W,2,1,Manchester Utd,0.971183,1.28089,35,4,Swansea
2015-08-30,17:00,,Sun,Away,L,1,2,Swansea,1.28089,0.971183,65,4,Manchester Utd
2015-09-12,13:45,,Sat,Home,W,3,1,Chelsea,1.18026,0.656048,38,9,Everton
2015-09-12,13:45,,Sat,Away,L,1,3,Everton,0.656048,1.18026,62,2,Chelsea
2015-09-12,16:00,,Sat,Home,W,2,0,Stoke,4.42684,0.191277,66,12,Arsenal
2015-09-12,16:00,,Sat,Away,L,0,2,Arsenal,0.191277,4.42684,34,4,Stoke
2015-09-12,16:00,,Sat,Home,L,0,1,Manchester City,0.743193,3.08883,42,2,Crystal Palace
2015-09-12,16:00,,Sat,Away,W,1,0,Crystal Palace,3.08883,0.743193,58,7,Manchester City
2015-09-12,16:00,,Sat,Home,W,3,1,Bournemouth,1.33151,0.389495,49,4,Norwich
2015-09-12,16:00,,Sat,Away,L,1,3,Norwich,0.389495,1.33151,51,2,Bournemouth
2015-09-12,16:00,,Sat,Home,W,1,0,Swansea,1.57333,0.503008,38,6,Watford
2015-09-12,16:00,,Sat,Away,L,0,1,Watford,0.503008,1.57333,62,3,Swansea
2015-09-12,16:00,,Sat,Home,D,0,0,Southampton,0.409143,1.00731,34,1,West Brom
2015-09-12,16:00,,Sat,Away,D,0,0,West Brom,1.00731,0.409143,66,4,Southampton
2015-09-12,18:30,,Sat,Home,W,3,1,Liverpool,1.46206,1.02572,53,3,Manchester Utd
2015-09-12,18:30,,Sat,Away,L,1,3,Manchester Utd,1.02572,1.46206,47,4,Liverpool
2015-09-13,14:30,,Sun,Home,L,0,1,Tottenham,1.0407,1.45615,44,2,Sunderland
2015-09-13,14:30,,Sun,Away,W,1,0,Sunderland,1.45615,1.0407,56,4,Tottenham
2015-09-13,17:00,,Sun,Home,W,3,2,Aston Villa,1.34987,0.953181,49,6,Leicester
2015-09-13,17:00,,Sun,Away,L,2,3,Leicester,0.953181,1.34987,51,4,Aston Villa
2015-09-14,21:00,,Mon,Home,W,2,0,Newcastle United,1.71282,0.716599,41,3,West Ham
2015-09-14,21:00,,Mon,Away,L,0,2,West Ham,0.716599,1.71282,59,4,Newcastle United
2015-09-19,13:45,,Sat,Home,W,2,0,Arsenal,2.0687,0.775312,64,7,Chelsea
2015-09-19,13:45,,Sat,Away,L,0,2,Chelsea,0.775312,2.0687,36,2,Arsenal
2015-09-19,16:00,,Sat,Home,L,0,1,West Brom,0.876719,0.632761,60,3,Aston Villa
2015-09-19,16:00,,Sat,Away,W,1,0,Aston Villa,0.632761,0.876719,40,6,West Brom
2015-09-19,16:00,,Sat,Home,W,2,0,Sunderland,0.644335,0.854867,53,5,Bournemouth
2015-09-19,16:00,,Sat,Away,L,0,2,Bournemouth,0.854867,0.644335,47,2,Sunderland
2015-09-19,16:00,,Sat,Home,L,1,2,Watford,1.15114,1.33961,58,5,Newcastle United
2015-09-19,16:00,,Sat,Away,W,2,1,Newcastle United,1.33961,1.15114,42,4,Watford
2015-09-19,16:00,,Sat,Home,D,2,2,Leicester,1.14717,1.22582,55,4,Stoke
2015-09-19,16:00,,Sat,Away,D,2,2,Stoke,1.22582,1.14717,45,5,Leicester
2015-09-19,16:00,,Sat,Home,D,0,0,Everton,0.864868,1.77458,48,3,Swansea
2015-09-19,16:00,,Sat,Away,D,0,0,Swansea,1.77458,0.864868,52,2,Everton
2015-09-19,18:30,,Sat,Home,L,1,2,West Ham,2.98465,0.995273,72,8,Manchester City
2015-09-19,18:30,,Sat,Away,W,2,1,Manchester City,0.995273,2.98465,28,3,West Ham
2015-09-20,14:30,,Sun,Home,W,1,0,Crystal Palace,1.01573,0.538439,55,6,Tottenham
2015-09-20,14:30,,Sun,Away,L,0,1,Tottenham,0.538439,1.01573,45,4,Crystal Palace
2015-09-20,17:00,,Sun,Home,D,1,1,Norwich,1.90447,0.556271,60,7,Liverpool
2015-09-20,17:00,,Sun,Away,D,1,1,Liverpool,0.556271,1.90447,40,2,Norwich
2015-09-20,17:00,,Sun,Home,L,2,3,Manchester Utd,1.83663,1.65119,41,8,Southampton
2015-09-20,17:00,,Sun,Away,W,3,2,Southampton,1.65119,1.83663,59,3,Manchester Utd
2015-09-26,13:45,,Sat,Home,W,4,1,Manchester City,2.30799,1.57842,47,8,Tottenham
2015-09-26,13:45,,Sat,Away,L,1,4,Tottenham,1.57842,2.30799,53,8,Manchester City
2015-09-26,16:00,,Sat,Home,L,2,5,Arsenal,1.38516,3.89623,49,7,Leicester
2015-09-26,16:00,,Sat,Away,W,5,2,Leicester,3.89623,1.38516,51,12,Arsenal
2015-09-26,16:00,,Sat,Home,W,3,2,Aston Villa,1.78331,0.892054,63,12,Liverpool
2015-09-26,16:00,,Sat,Away,L,2,3,Liverpool,0.892054,1.78331,37,4,Aston Villa
2015-09-26,16:00,,Sat,Home,W,3,0,Sunderland,2.8971,0.832139,63,7,Manchester Utd
2015-09-26,16:00,,Sat,Away,L,0,3,Manchester Utd,0.832139,2.8971,37,4,Sunderland
2015-09-26,16:00,,Sat,Home,W,3,1,Swansea,1.55418,1.41962,44,7,Southampton
2015-09-26,16:00,,Sat,Away,L,1,3,Southampton,1.41962,1.55418,56,4,Swansea
2015-09-26,16:00,,Sat,Home,W,2,1,Bournemouth,1.94483,0.871678,44,5,Stoke
2015-09-26,16:00,,Sat,Away,L,1,2,Stoke,0.871678,1.94483,56,6,Bournemouth
2015-09-26,16:00,,Sat,Home,D,2,2,Norwich,2.60407,1.38603,48,7,West Ham
2015-09-26,16:00,,Sat,Away,D,2,2,West Ham,1.38603,2.60407,52,7,Norwich
2015-09-26,18:30,,Sat,Home,D,2,2,Chelsea,0.702109,1.30593,38,5,Newcastle United
2015-09-26,18:30,,Sat,Away,D,2,2,Newcastle United,1.30593,0.702109,62,4,Chelsea
2015-09-27,17:00,,Sun,Home,L,0,1,Crystal Palace,0.685939,2.33566,55,2,Watford
2015-09-27,17:00,,Sun,Away,W,1,0,Watford,2.33566,0.685939,45,3,Crystal Palace
2015-09-28,21:00,,Mon,Home,L,2,3,Everton,1.27511,2.30159,46,4,West Brom
2015-09-28,21:00,,Mon,Away,W,3,2,West Brom,2.30159,1.27511,54,4,Everton
2015-10-03,13:45,,Sat,Home,W,2,0,West Brom,1.99083,0.255528,61,8,Crystal Palace
2015-10-03,13:45,,Sat,Away,L,0,2,Crystal Palace,0.255528,1.99083,39,2,West Brom
2015-10-03,16:00,,Sat,Home,L,0,1,Stoke,0.839028,1.03499,56,2,Aston Villa
2015-10-03,16:00,,Sat,Away,W,1,0,Aston Villa,1.03499,0.839028,44,5,Stoke
2015-10-03,16:00,,Sat,Home,D,1,1,Watford,1.50268,0.913291,54,6,Bournemouth
2015-10-03,16:00,,Sat,Away,D,1,1,Bournemouth,0.913291,1.50268,46,2,Watford
2015-10-03,16:00,,Sat,Home,W,6,1,Newcastle United,3.3346,0.980279,65,11,Manchester City
2015-10-03,16:00,,Sat,Away,L,1,6,Manchester City,0.980279,3.3346,35,4,Newcastle United
2015-10-03,16:00,,Sat,Home,L,1,2,Leicester,1.18074,3.00282,66,2,Norwich
2015-10-03,16:00,,Sat,Away,W,2,1,Norwich,3.00282,1.18074,34,5,Leicester
2015-10-03,16:00,,Sat,Home,D,2,2,West Ham,1.08401,1.93656,44,3,Sunderland
2015-10-03,16:00,,Sat,Away,D,2,2,Sunderland,1.93656,1.08401,56,6,West Ham
2015-10-03,18:30,,Sat,Home,L,1,3,Southampton,0.520175,1.58246,61,3,Chelsea
2015-10-03,18:30,,Sat,Away,W,3,1,Chelsea,1.58246,0.520175,39,5,Southampton
2015-10-04,14:30,,Sun,Home,D,1,1,Liverpool,1.20063,1.30844,50,4,Everton
2015-10-04,14:30,,Sun,Away,D,1,1,Everton,1.30844,1.20063,50,4,Liverpool
2015-10-04,17:00,,Sun,Home,W,3,0,Manchester Utd,2.16952,1.03953,38,5,Arsenal
2015-10-04,17:00,,Sun,Away,L,0,3,Arsenal,1.03953,2.16952,62,5,Manchester Utd
2015-10-04,17:00,,Sun,Home,D,2,2,Tottenham,0.774806,1.18142,45,2,Swansea
2015-10-04,17:00,,Sun,Away,D,2,2,Swansea,1.18142,0.774806,55,11,Tottenham
2015-10-17,13:45,,Sat,Home,D,0,0,Liverpool,0.586228,0.715892,48,4,Tottenham
2015-10-17,13:45,,Sat,Away,D,0,0,Tottenham,0.715892,0.586228,52,3,Liverpool
2015-10-17,16:00,,Sat,Home,W,2,0,Aston Villa,1.22875,0.795846,49,3,Chelsea
2015-10-17,16:00,,Sat,Away,L,0,2,Chelsea,0.795846,1.22875,51,1,Aston Villa
2015-10-17,16:00,,Sat,Home,L,1,3,West Ham,1.08391,2.76356,38,1,Crystal Palace
2015-10-17,16:00,,Sat,Away,W,3,1,Crystal Palace,2.76356,1.08391,62,4,West Ham
2015-10-17,16:00,,Sat,Home,L,0,3,Manchester Utd,0.653457,1.47853,52,3,Everton
2015-10-17,16:00,,Sat,Away,W,3,0,Everton,1.47853,0.653457,48,7,Manchester Utd
2015-10-17,16:00,,Sat,Home,W,5,1,Bournemouth,4.71274,0.173025,55,11,Manchester City
2015-10-17,16:00,,Sat,Away,L,1,5,Manchester City,0.173025,4.71274,45,1,Bournemouth
2015-10-17,16:00,,Sat,Home,D,2,2,Leicester,1.46668,2.78648,50,6,Southampton
2015-10-17,16:00,,Sat,Away,D,2,2,Southampton,2.78648,1.46668,50,7,Leicester
2015-10-17,16:00,,Sat,Home,W,1,0,Sunderland,2.07781,0.658473,57,1,West Brom
2015-10-17,16:00,,Sat,Away,L,0,1,West Brom,0.658473,2.07781,43,2,Sunderland
2015-10-17,18:30,,Sat,Home,L,0,3,Arsenal,0.254791,2.69046,33,1,Watford
2015-10-17,18:30,,Sat,Away,W,3,0,Watford,2.69046,0.254791,67,6,Arsenal
2015-10-18,17:00,,Sun,Home,W,6,2,Norwich,2.24896,1.34395,46,6,Newcastle United
2015-10-18,17:00,,Sun,Away,L,2,6,Newcastle United,1.34395,2.24896,54,6,Norwich
2015-10-19,21:00,,Mon,Home,L,0,1,Stoke,0.485489,1.64894,55,2,Swansea
2015-10-19,21:00,,Mon,Away,W,1,0,Swansea,1.64894,0.485489,45,2,Stoke
2015-10-24,16:00,,Sat,Home,L,1,2,Swansea,1.09516,1.74353,48,3,Aston Villa
2015-10-24,16:00,,Sat,Away,W,2,1,Aston Villa,1.74353,1.09516,52,4,Swansea
2015-10-24,16:00,,Sat,Home,W,1,0,Crystal Palace,1.33502,0.240008,48,3,Leicester
2015-10-24,16:00,,Sat,Away,L,0,1,Leicester,0.240008,1.33502,52,4,Crystal Palace
2015-10-24,16:00,,Sat,Home,L,0,1,West Brom,1.03228,1.45436,61,3,Norwich
2015-10-24,16:00,,Sat,Away,W,1,0,Norwich,1.45436,1.03228,39,4,West Brom
2015-10-24,16:00,,Sat,Home,L,0,2,Watford,0.848432,1.0403,68,1,Stoke
2015-10-24,16:00,,Sat,Away,W,2,0,Stoke,1.0403,0.848432,32,3,Watford
2015-10-24,16:00,,Sat,Home,W,2,1,Chelsea,0.77284,1.1356,45,5,West Ham
2015-10-24,16:00,,Sat,Away,L,1,2,West Ham,1.1356,0.77284,55,3,Chelsea
2015-10-24,18:30,,Sat,Home,W,2,1,Everton,2.55754,0.373025,57,5,Arsenal
2015-10-24,18:30,,Sat,Away,L,1,2,Arsenal,0.373025,2.55754,43,5,Everton
2015-10-25,13:00,,Sun,Home,W,3,0,Newcastle United,2.37969,1.41744,39,3,Sunderland
2015-10-25,13:00,,Sun,Away,L,0,3,Sunderland,1.41744,2.37969,61,8,Newcastle United
2015-10-25,15:05,,Sun,Home,L,1,5,Tottenham,0.490581,3.43313,45,2,Bournemouth
2015-10-25,15:05,,Sun,Away,W,5,1,Bournemouth,3.43313,0.490581,55,9,Tottenham
2015-10-25,15:05,,Sun,Home,D,0,0,Manchester City,0.391754,0.310718,59,1,Manchester Utd
2015-10-25,15:05,,Sun,Away,D,0,0,Manchester Utd,0.310718,0.391754,41,1,Manchester City
2015-10-25,17:15,,Sun,Home,D,1,1,Southampton,0.682823,1.56383,61,2,Liverpool
2015-10-25,17:15,,Sun,Away,D,1,1,Liverpool,1.56383,0.682823,39,3,Southampton
2015-10-31,13:45,,Sat,Home,L,1,3,Liverpool,0.735762,0.839342,42,2,Chelsea
2015-10-31,13:45,,Sat,Away,W,3,1,Chelsea,0.839342,0.735762,58,7,Liverpool
2015-10-31,16:00,,Sat,Home,D,0,0,Manchester Utd,0.939118,0.394404,44,5,Crystal Palace
2015-10-31,16:00,,Sat,Away,D,0,0,Crystal Palace,0.394404,0.939118,56,1,Manchester Utd
2015-10-31,16:00,,Sat,Home,W,2,1,Norwich,2.83557,1.17497,72,5,Manchester City
2015-10-31,16:00,,Sat,Away,L,1,2,Manchester City,1.17497,2.83557,28,3,Norwich
2015-10-31,16:00,,Sat,Home,D,0,0,Stoke,1.26075,1.38017,52,6,Newcastle United
2015-10-31,16:00,,Sat,Away,D,0,0,Newcastle United,1.38017,1.26075,48,2,Stoke
2015-10-31,16:00,,Sat,Home,L,0,3,Arsenal,0.264441,2.17657,54,3,Swansea
2015-10-31,16:00,,Sat,Away,W,3,0,Swansea,2.17657,0.264441,46,5,Arsenal
2015-10-31,16:00,,Sat,Home,W,2,0,West Ham,1.61544,0.605625,50,5,Watford
2015-10-31,16:00,,Sat,Away,L,0,2,Watford,0.605625,1.61544,50,3,West Ham
2015-10-31,16:00,,Sat,Home,L,2,3,Leicester,1.50447,2.22545,47,6,West Brom
2015-10-31,16:00,,Sat,Away,W,3,2,West Brom,2.22545,1.50447,53,5,Leicester
2015-11-01,14:30,,Sun,Home,W,6,2,Sunderland,2.34852,1.21834,68,8,Everton
2015-11-01,14:30,,Sun,Away,L,2,6,Everton,1.21834,2.34852,32,9,Sunderland
2015-11-01,17:00,,Sun,Home,W,2,0,Bournemouth,1.15966,0.712132,48,2,Southampton
2015-11-01,17:00,,Sun,Away,L,0,2,Southampton,0.712132,1.15966,52,2,Bournemouth
2015-11-02,21:00,,Mon,Home,W,3,1,Aston Villa,,,62,6,Tottenham
2015-11-02,21:00,,Mon,Away,L,1,3,Tottenham,,,38,2,Aston Villa
2015-11-07,13:45,,Sat,Home,L,0,1,Newcastle United,1.00427,0.504409,68,5,Bournemouth
2015-11-07,13:45,,Sat,Away,W,1,0,Bournemouth,0.504409,1.00427,32,1,Newcastle United
2015-11-07,16:00,,Sat,Home,W,2,1,Watford,1.56389,1.00531,40,6,Leicester
2015-11-07,16:00,,Sat,Away,L,1,2,Leicester,1.00531,1.56389,60,4,Watford
2015-11-07,16:00,,Sat,Home,W,2,0,West Brom,1.2779,0.594031,69,3,Manchester Utd
2015-11-07,16:00,,Sat,Away,L,0,2,Manchester Utd,0.594031,1.2779,31,0,West Brom
2015-11-07,16:00,,Sat,Home,W,1,0,Swansea,1.19517,0.402284,32,5,Norwich
2015-11-07,16:00,,Sat,Away,L,0,1,Norwich,0.402284,1.19517,68,0,Swansea
2015-11-07,16:00,,Sat,Home,L,0,1,Southampton,0.299104,1.79578,35,3,Sunderland
2015-11-07,16:00,,Sat,Away,W,1,0,Sunderland,1.79578,0.299104,65,4,Southampton
2015-11-07,16:00,,Sat,Home,D,1,1,Everton,0.589567,1.08814,51,5,West Ham
2015-11-07,16:00,,Sat,Away,D,1,1,West Ham,1.08814,0.589567,49,4,Everton
2015-11-07,18:30,,Sat,Home,W,1,0,Chelsea,0.825418,1.02642,36,2,Stoke
2015-11-07,18:30,,Sat,Away,L,0,1,Stoke,1.02642,0.825418,64,4,Chelsea
2015-11-08,14:30,,Sun,Home,D,0,0,Manchester City,0.182741,1.53281,40,0,Aston Villa
2015-11-08,14:30,,Sun,Away,D,0,0,Aston Villa,1.53281,0.182741,60,3,Manchester City
2015-11-08,17:00,,Sun,Home,D,1,1,Tottenham,2.01767,0.90585,55,4,Arsenal
2015-11-08,17:00,,Sun,Away,D,1,1,Arsenal,0.90585,2.01767,45,4,Tottenham
2015-11-08,17:00,,Sun,Home,L,1,2,Crystal Palace,2.15673,0.849281,64,4,Liverpool
2015-11-08,17:00,,Sun,Away,W,2,1,Liverpool,0.849281,2.15673,36,4,Crystal Palace
2015-11-21,13:45,,Sat,Home,L,1,2,Manchester Utd,1.47077,1.30264,44,5,Watford
2015-11-21,13:45,,Sat,Away,W,2,1,Watford,1.30264,1.47077,56,6,Manchester Utd
2015-11-21,16:00,,Sat,Home,W,1,0,Norwich,2.16487,0.202798,65,7,Chelsea
2015-11-21,16:00,,Sat,Away,L,0,1,Chelsea,0.202798,2.16487,35,2,Norwich
2015-11-21,16:00,,Sat,Home,W,4,0,Aston Villa,2.83068,0.322061,60,9,Everton
2015-11-21,16:00,,Sat,Away,L,0,4,Everton,0.322061,2.83068,40,3,Aston Villa
2015-11-21,16:00,,Sat,Home,L,0,3,Leicester,0.372387,3.27478,54,0,Newcastle United
2015-11-21,16:00,,Sat,Away,W,3,0,Newcastle United,3.27478,0.372387,46,7,Leicester
2015-11-21,16:00,,Sat,Home,L,0,1,Stoke,0.709485,1.19495,58,1,Southampton
2015-11-21,16:00,,Sat,Away,W,1,0,Southampton,1.19495,0.709485,42,3,Stoke
2015-11-21,16:00,,Sat,Home,D,2,2,Bournemouth,1.88526,1.58509,43,4,Swansea
2015-11-21,16:00,,Sat,Away,D,2,2,Swansea,1.58509,1.88526,57,4,Bournemouth
2015-11-21,16:00,,Sat,Home,W,2,1,Arsenal,0.332888,2.08956,28,1,West Brom
2015-11-21,16:00,,Sat,Away,L,1,2,West Brom,2.08956,0.332888,72,3,Arsenal
2015-11-21,18:30,,Sat,Home,L,1,4,Liverpool,1.08612,2.61697,59,3,Manchester City
2015-11-21,18:30,,Sat,Away,W,4,1,Manchester City,2.61697,1.08612,41,9,Liverpool
2015-11-22,17:00,,Sun,Home,W,4,1,West Ham,3.22353,0.818937,56,12,Tottenham
2015-11-22,17:00,,Sun,Away,L,1,4,Tottenham,0.818937,3.22353,44,4,West Ham
2015-11-23,21:00,,Mon,Home,L,0,1,Sunderland,,,67,7,Crystal Palace
2015-11-23,21:00,,Mon,Away,W,1,0,Crystal Palace,,,33,3,Sunderland
2015-11-28,16:00,,Sat,Home,L,2,3,Watford,1.48969,1.45176,66,6,Aston Villa
2015-11-28,16:00,,Sat,Away,W,3,2,Aston Villa,1.45176,1.48969,34,6,Watford
2015-11-28,16:00,,Sat,Home,D,3,3,Everton,1.69105,0.729005,57,9,Bournemouth
2015-11-28,16:00,,Sat,Away,D,3,3,Bournemouth,0.729005,1.69105,43,6,Everton
2015-11-28,16:00,,Sat,Home,W,5,1,Newcastle United,1.67836,0.791299,54,8,Crystal Palace
2015-11-28,16:00,,Sat,Away,L,1,5,Crystal Palace,0.791299,1.67836,46,2,Newcastle United
2015-11-28,16:00,,Sat,Home,W,3,1,Southampton,2.12331,1.24478,46,8,Manchester City
2015-11-28,16:00,,Sat,Away,L,1,3,Manchester City,1.24478,2.12331,54,8,Southampton
2015-11-28,16:00,,Sat,Home,W,2,0,Stoke,0.863466,0.79464,48,5,Sunderland
2015-11-28,16:00,,Sat,Away,L,0,2,Sunderland,0.79464,0.863466,52,3,Stoke
2015-11-28,18:30,,Sat,Home,D,1,1,Manchester Utd,0.876256,1.05613,31,3,Leicester
2015-11-28,18:30,,Sat,Away,D,1,1,Leicester,1.05613,0.876256,69,2,Manchester Utd
2015-11-29,13:00,,Sun,Home,D,0,0,Chelsea,0.333494,0.283375,57,4,Tottenham
2015-11-29,13:00,,Sun,Away,D,0,0,Tottenham,0.283375,0.333494,43,1,Chelsea
2015-11-29,15:05,,Sun,Home,D,1,1,West Brom,1.41404,0.866305,61,6,West Ham
2015-11-29,15:05,,Sun,Away,D,1,1,West Ham,0.866305,1.41404,39,3,West Brom
2015-11-29,17:15,,Sun,Home,W,1,0,Swansea,1.19358,0.367517,54,2,Liverpool
2015-11-29,17:15,,Sun,Away,L,0,1,Liverpool,0.367517,1.19358,46,0,Swansea
2015-11-29,17:15,,Sun,Home,D,1,1,Arsenal,1.01025,1.65699,37,2,Norwich
2015-11-29,17:15,,Sun,Away,D,1,1,Norwich,1.65699,1.01025,63,2,Arsenal
2015-12-05,13:45,,Sat,Home,W,2,0,Manchester City,2.01436,0.483752,47,4,Stoke
2015-12-05,13:45,,Sat,Away,L,0,2,Stoke,0.483752,2.01436,53,4,Manchester City
2015-12-05,16:00,,Sat,Home,W,3,1,Sunderland,2.29559,1.5228,73,6,Arsenal
2015-12-05,16:00,,Sat,Away,L,1,3,Arsenal,1.5228,2.29559,27,4,Sunderland
2015-12-05,16:00,,Sat,Home,D,0,0,West Ham,1.76061,1.10206,63,1,Manchester Utd
2015-12-05,16:00,,Sat,Away,D,0,0,Manchester Utd,1.10206,1.76061,37,2,West Ham
2015-12-05,16:00,,Sat,Home,D,1,1,Aston Villa,2.86051,1.058,64,4,Southampton
2015-12-05,16:00,,Sat,Away,D,1,1,Southampton,1.058,2.86051,36,2,Aston Villa
2015-12-05,16:00,,Sat,Home,L,0,3,Leicester,0.780602,2.20962,59,2,Swansea
2015-12-05,16:00,,Sat,Away,W,3,0,Swansea,2.20962,0.780602,41,5,Leicester
2015-12-05,16:00,,Sat,Home,W,2,0,Norwich,2.07199,0.310524,51,7,Watford
2015-12-05,16:00,,Sat,Away,L,0,2,Watford,0.310524,2.07199,49,1,Norwich
2015-12-05,16:00,,Sat,Home,D,1,1,Tottenham,1.48695,1.12876,35,4,West Brom
2015-12-05,16:00,,Sat,Away,D,1,1,West Brom,1.12876,1.48695,65,3,Tottenham
2015-12-05,18:30,,Sat,Home,L,0,1,Bournemouth,1.66952,1.25911,63,6,Chelsea
2015-12-05,18:30,,Sat,Away,W,1,0,Chelsea,1.25911,1.66952,37,5,Bournemouth
2015-12-06,17:00,,Sun,Home,W,2,0,Liverpool,0.646346,0.999043,40,1,Newcastle United
2015-12-06,17:00,,Sun,Away,L,0,2,Newcastle United,0.999043,0.646346,60,1,Liverpool
2015-12-07,21:00,,Mon,Home,D,1,1,Crystal Palace,,,62,4,Everton
2015-12-07,21:00,,Mon,Away,D,1,1,Everton,,,38,5,Crystal Palace
2015-12-12,13:45,,Sat,Home,D,1,1,Everton,1.49283,2.43558,41,1,Norwich
2015-12-12,13:45,,Sat,Away,D,1,1,Norwich,2.43558,1.49283,59,3,Everton
2015-12-12,16:00,,Sat,Home,W,1,0,Southampton,1.31177,0.890411,43,5,Crystal Palace
2015-12-12,16:00,,Sat,Away,L,0,1,Crystal Palace,0.890411,1.31177,57,3,Southampton
2015-12-12,16:00,,Sat,Home,W,2,1,Swansea,1.34338,0.962789,53,5,Manchester City
2015-12-12,16:00,,Sat,Away,L,1,2,Manchester City,0.962789,1.34338,47,7,Swansea
2015-12-12,16:00,,Sat,Home,L,0,1,Watford,0.879474,2.0562,47,2,Sunderland
2015-12-12,16:00,,Sat,Away,W,1,0,Sunderland,2.0562,0.879474,53,7,Watford
2015-12-12,16:00,,Sat,Home,D,0,0,Stoke,1.13181,1.87239,47,8,West Ham
2015-12-12,16:00,,Sat,Away,D,0,0,West Ham,1.87239,1.13181,53,3,Stoke
2015-12-12,18:30,,Sat,Home,W,2,1,Manchester Utd,1.05032,1.96768,43,5,Bournemouth
2015-12-12,18:30,,Sat,Away,L,1,2,Bournemouth,1.96768,1.05032,57,5,Manchester Utd
2015-12-13,14:30,,Sun,Home,L,0,2,Arsenal,1.00876,1.68498,46,2,Aston Villa
2015-12-13,14:30,,Sun,Away,W,2,0,Aston Villa,1.68498,1.00876,54,4,Arsenal
2015-12-13,17:00,,Sun,Home,D,2,2,West Brom,2.12583,0.835885,70,8,Liverpool
2015-12-13,17:00,,Sun,Away,D,2,2,Liverpool,0.835885,2.12583,30,2,West Brom
2015-12-13,17:00,,Sun,Home,L,1,2,Newcastle United,1.03317,1.55252,58,8,Tottenham
2015-12-13,17:00,,Sun,Away,W,2,1,Tottenham,1.55252,1.03317,42,4,Newcastle United
2015-12-14,21:00,,Mon,Home,W,2,1,Chelsea,,,35,5,Leicester
2015-12-14,21:00,,Mon,Away,L,1,2,Leicester,,,65,3,Chelsea
2015-12-19,16:00,,Sat,Home,W,3,1,Sunderland,3.02023,1.23573,68,7,Chelsea
2015-12-19,16:00,,Sat,Away,L,1,3,Chelsea,1.23573,3.02023,32,3,Sunderland
2015-12-19,16:00,,Sat,Home,L,2,3,Leicester,1.48982,2.02911,67,4,Everton
2015-12-19,16:00,,Sat,Away,W,3,2,Everton,2.02911,1.48982,33,5,Leicester
2015-12-19,16:00,,Sat,Home,L,1,2,Norwich,1.01394,0.556897,70,2,Manchester Utd
2015-12-19,16:00,,Sat,Away,W,2,1,Manchester Utd,0.556897,1.01394,30,4,Norwich
2015-12-19,16:00,,Sat,Home,L,0,2,Tottenham,0.83385,1.47453,51,4,Southampton
2015-12-19,16:00,,Sat,Away,W,2,0,Southampton,1.47453,0.83385,49,6,Tottenham
2015-12-19,16:00,,Sat,Home,L,1,2,Crystal Palace,2.41499,1.95347,59,5,Stoke
2015-12-19,16:00,,Sat,Away,W,2,1,Stoke,1.95347,2.41499,41,3,Crystal Palace
2015-12-19,16:00,,Sat,Home,L,1,2,Bournemouth,0.698255,1.89177,32,2,West Brom
2015-12-19,16:00,,Sat,Away,W,2,1,West Brom,1.89177,0.698255,68,7,Bournemouth
2015-12-19,18:30,,Sat,Home,D,1,1,Aston Villa,1.28189,0.404373,47,4,Newcastle United
2015-12-19,18:30,,Sat,Away,D,1,1,Newcastle United,0.404373,1.28189,53,7,Aston Villa
2015-12-20,14:30,,Sun,Home,W,3,0,Liverpool,1.99336,0.376313,34,5,Watford
2015-12-20,14:30,,Sun,Away,L,0,3,Watford,0.376313,1.99336,66,4,Liverpool
2015-12-20,17:00,,Sun,Home,D,0,0,West Ham,0.973378,0.401988,73,2,Swansea
2015-12-20,17:00,,Sun,Away,D,0,0,Swansea,0.401988,0.973378,27,2,West Ham
2015-12-21,21:00,,Mon,Home,W,2,1,Manchester City,,,37,5,Arsenal
2015-12-21,21:00,,Mon,Away,L,1,2,Arsenal,,,63,6,Manchester City
2015-12-26,13:45,,Sat,Home,W,2,0,Manchester Utd,1.18211,1.28961,42,3,Stoke
2015-12-26,13:45,,Sat,Away,L,0,2,Stoke,1.28961,1.18211,58,6,Manchester Utd
2015-12-26,16:00,,Sat,Home,D,1,1,West Ham,1.61235,0.836027,59,7,Aston Villa
2015-12-26,16:00,,Sat,Away,D,1,1,Aston Villa,0.836027,1.61235,41,4,West Ham
2015-12-26,16:00,,Sat,Home,D,0,0,Crystal Palace,0.871395,0.405181,55,3,Bournemouth
2015-12-26,16:00,,Sat,Away,D,0,0,Bournemouth,0.405181,0.871395,45,5,Crystal Palace
2015-12-26,16:00,,Sat,Home,D,2,2,Watford,2.09356,1.667,62,2,Chelsea
2015-12-26,16:00,,Sat,Away,D,2,2,Chelsea,1.667,2.09356,38,3,Watford
2015-12-26,16:00,,Sat,Home,W,1,0,Leicester,1.37933,0.505167,65,4,Liverpool
2015-12-26,16:00,,Sat,Away,L,0,1,Liverpool,0.505167,1.37933,35,3,Leicester
2015-12-26,16:00,,Sat,Home,W,4,1,Sunderland,3.51848,1.08103,66,9,Manchester City
2015-12-26,16:00,,Sat,Away,L,1,4,Manchester City,1.08103,3.51848,34,3,Sunderland
2015-12-26,16:00,,Sat,Home,W,1,0,West Brom,1.21243,0.554583,57,2,Swansea
2015-12-26,16:00,,Sat,Away,L,0,1,Swansea,0.554583,1.21243,43,3,West Brom
2015-12-26,16:00,,Sat,Home,W,3,0,Norwich,2.40666,0.452019,60,10,Tottenham
2015-12-26,16:00,,Sat,Away,L,0,3,Tottenham,0.452019,2.40666,40,3,Norwich
2015-12-26,18:30,,Sat,Home,L,0,1,Everton,1.35711,1.69923,41,1,Newcastle United
2015-12-26,18:30,,Sat,Away,W,1,0,Newcastle United,1.69923,1.35711,59,7,Everton
2015-12-26,20:45,,Sat,Home,W,4,0,Arsenal,2.4303,0.83106,35,5,Southampton
2015-12-26,20:45,,Sat,Away,L,0,4,Southampton,0.83106,2.4303,65,4,Arsenal
2015-12-28,16:00,,Mon,Home,D,0,0,Swansea,0.735185,0.169425,54,2,Crystal Palace
2015-12-28,16:00,,Mon,Away,D,0,0,Crystal Palace,0.169425,0.735185,46,3,Swansea
2015-12-28,16:00,,Mon,Home,L,3,4,Stoke,2.2472,1.58159,51,3,Everton
2015-12-28,16:00,,Mon,Away,W,4,3,Everton,1.58159,2.2472,49,5,Stoke
2015-12-28,16:00,,Mon,Home,W,2,0,Aston Villa,1.10319,0.235874,48,4,Norwich
2015-12-28,16:00,,Mon,Away,L,0,2,Norwich,0.235874,1.10319,52,3,Aston Villa
2015-12-28,16:00,,Mon,Home,L,1,2,Tottenham,1.13011,0.527248,37,1,Watford
2015-12-28,16:00,,Mon,Away,W,2,1,Watford,0.527248,1.13011,63,3,Tottenham
2015-12-28,16:00,,Mon,Home,W,1,0,Newcastle United,2.1039,0.456189,52,4,West Brom
2015-12-28,16:00,,Mon,Away,L,0,1,West Brom,0.456189,2.1039,48,2,Newcastle United
2015-12-28,18:30,,Mon,Home,W,2,0,Bournemouth,3.12958,0.343752,51,6,Arsenal
2015-12-28,18:30,,Mon,Away,L,0,2,Arsenal,0.343752,3.12958,49,3,Bournemouth
2015-12-28,18:30,,Mon,Home,D,0,0,Chelsea,1.35213,0.900029,67,2,Manchester Utd
2015-12-28,18:30,,Mon,Away,D,0,0,Manchester Utd,0.900029,1.35213,33,3,Chelsea
2015-12-28,18:30,,Mon,Home,W,2,1,Southampton,1.79562,1.3709,50,4,West Ham
2015-12-28,18:30,,Mon,Away,L,1,2,West Ham,1.3709,1.79562,50,4,Southampton
2015-12-29,20:45,,Tue,Home,D,0,0,Manchester City,0.810377,1.66777,40,4,Leicester
2015-12-29,20:45,,Tue,Away,D,0,0,Leicester,1.66777,0.810377,60,5,Manchester City
2015-12-30,20:45,,Wed,Home,L,0,1,Liverpool,0.481551,1.80743,42,3,Sunderland
2015-12-30,20:45,,Wed,Away,W,1,0,Sunderland,1.80743,0.481551,58,6,Liverpool
2016-01-02,13:45,,Sat,Home,W,2,0,Liverpool,2.06737,1.86591,35,10,West Ham
2016-01-02,13:45,,Sat,Away,L,0,2,West Ham,1.86591,2.06737,65,1,Liverpool
2016-01-02,16:00,,Sat,Home,W,1,0,Newcastle United,1.93025,1.15339,51,3,Arsenal
2016-01-02,16:00,,Sat,Away,L,0,1,Arsenal,1.15339,1.93025,49,6,Newcastle United
2016-01-02,16:00,,Sat,Home,D,0,0,Bournemouth,2.28506,1.2593,53,2,Leicester
2016-01-02,16:00,,Sat,Away,D,0,0,Leicester,1.2593,2.28506,47,0,Bournemouth
2016-01-02,16:00,,Sat,Home,W,2,1,Swansea,1.74266,0.542907,54,6,Manchester Utd
2016-01-02,16:00,,Sat,Away,L,1,2,Manchester Utd,0.542907,1.74266,46,4,Swansea
2016-01-02,16:00,,Sat,Home,W,1,0,Southampton,1.50509,0.932294,41,1,Norwich
2016-01-02,16:00,,Sat,Away,L,0,1,Norwich,0.932294,1.50509,59,4,Southampton
2016-01-02,16:00,,Sat,Home,W,3,1,Aston Villa,0.761225,0.27956,45,6,Sunderland
2016-01-02,16:00,,Sat,Away,L,1,3,Sunderland,0.27956,0.761225,55,3,Aston Villa
2016-01-02,16:00,,Sat,Home,W,2,1,Stoke,1.72318,0.917526,46,5,West Brom
2016-01-02,16:00,,Sat,Away,L,1,2,West Brom,0.917526,1.72318,54,3,Stoke
2016-01-02,18:30,,Sat,Home,L,1,2,Manchester City,0.985368,0.692054,48,3,Watford
2016-01-02,18:30,,Sat,Away,W,2,1,Watford,0.692054,0.985368,52,5,Manchester City
2016-01-03,14:30,,Sun,Home,L,0,3,Chelsea,0.546499,2.3747,40,4,Crystal Palace
2016-01-03,14:30,,Sun,Away,W,3,0,Crystal Palace,2.3747,0.546499,60,4,Chelsea
2016-01-03,17:00,,Sun,Home,D,1,1,Tottenham,0.721603,0.75907,41,3,Everton
2016-01-03,17:00,,Sun,Away,D,1,1,Everton,0.75907,0.721603,59,4,Tottenham
2016-01-12,20:45,,Tue,Home,W,1,0,Crystal Palace,0.551973,0.547913,51,3,Aston Villa
2016-01-12,20:45,,Tue,Away,L,0,1,Aston Villa,0.547913,0.551973,49,1,Crystal Palace
2016-01-12,20:45,,Tue,Home,L,1,3,West Ham,0.729546,1.18455,48,4,Bournemouth
2016-01-12,20:45,,Tue,Away,W,3,1,Bournemouth,1.18455,0.729546,52,5,West Ham
2016-01-12,20:45,,Tue,Home,D,3,3,Manchester Utd,1.81304,2.36216,54,6,Newcastle United
2016-01-12,20:45,,Tue,Away,D,3,3,Newcastle United,2.36216,1.81304,46,4,Manchester Utd
2016-01-13,20:45,,Wed,Home,D,2,2,West Brom,1.38532,0.704263,62,2,Chelsea
2016-01-13,20:45,,Wed,Away,D,2,2,Chelsea,0.704263,1.38532,38,6,West Brom
2016-01-13,20:45,,Wed,Home,D,0,0,Everton,1.44957,0.369548,55,5,Manchester City
2016-01-13,20:45,,Wed,Away,D,0,0,Manchester City,0.369548,1.44957,45,2,Everton
2016-01-13,20:45,,Wed,Home,W,2,0,Watford,1.7224,0.11543,50,6,Southampton
2016-01-13,20:45,,Wed,Away,L,0,2,Southampton,0.11543,1.7224,50,1,Watford
2016-01-13,20:45,,Wed,Home,W,3,1,Norwich,1.24456,0.193728,64,4,Stoke
2016-01-13,20:45,,Wed,Away,L,1,3,Stoke,0.193728,1.24456,36,2,Norwich
2016-01-13,20:45,,Wed,Home,L,2,4,Sunderland,1.06526,2.49057,51,5,Swansea
2016-01-13,20:45,,Wed,Away,W,4,2,Swansea,2.49057,1.06526,49,5,Sunderland
2016-01-13,21:00,,Wed,Home,D,3,3,Arsenal,,,59,6,Liverpool
2016-01-13,21:00,,Wed,Away,D,3,3,Liverpool,,,41,5,Arsenal
2016-01-13,21:00,,Wed,Home,L,0,1,Leicester,,,62,5,Tottenham
2016-01-13,21:00,,Wed,Away,W,1,0,Tottenham,,,38,2,Leicester
2016-01-16,13:45,,Sat,Home,W,4,1,Sunderland,2.02579,0.617306,68,11,Tottenham
2016-01-16,13:45,,Sat,Away,L,1,4,Tottenham,0.617306,2.02579,32,2,Sunderland
2016-01-16,16:00,,Sat,Home,W,3,0,Norwich,2.53086,0.595472,46,7,Bournemouth
2016-01-16,16:00,,Sat,Away,L,0,3,Bournemouth,0.595472,2.53086,54,3,Norwich
2016-01-16,16:00,,Sat,Home,D,3,3,Everton,2.44864,1.5891,55,7,Chelsea
2016-01-16,16:00,,Sat,Away,D,3,3,Chelsea,1.5891,2.44864,45,4,Everton
2016-01-16,16:00,,Sat,Home,W,4,0,Crystal Palace,1.74025,0.613339,53,4,Manchester City
2016-01-16,16:00,,Sat,Away,L,0,4,Manchester City,0.613339,1.74025,47,3,Crystal Palace
2016-01-16,16:00,,Sat,Home,W,2,1,West Ham,1.84261,1.08248,50,10,Newcastle United
2016-01-16,16:00,,Sat,Away,L,1,2,Newcastle United,1.08248,1.84261,50,3,West Ham
2016-01-16,16:00,,Sat,Home,W,3,0,West Brom,1.42623,0.410757,56,4,Southampton
2016-01-16,16:00,,Sat,Away,L,0,3,Southampton,0.410757,1.42623,44,0,West Brom
2016-01-16,18:30,,Sat,Home,D,1,1,Leicester,0.665386,2.21525,56,5,Aston Villa
2016-01-16,18:30,,Sat,Away,D,1,1,Aston Villa,2.21525,0.665386,44,5,Leicester
2016-01-17,15:05,,Sun,Home,L,0,1,Manchester Utd,0.952974,0.715703,53,4,Liverpool
2016-01-17,15:05,,Sun,Away,W,1,0,Liverpool,0.715703,0.952974,47,1,Manchester Utd
2016-01-17,17:15,,Sun,Home,D,0,0,Arsenal,0.546879,0.585841,45,5,Stoke
2016-01-17,17:15,,Sun,Away,D,0,0,Stoke,0.585841,0.546879,55,3,Arsenal
2016-01-18,21:00,,Mon,Home,W,1,0,Watford,,,57,2,Swansea
2016-01-18,21:00,,Mon,Away,L,0,1,Swansea,,,43,2,Watford
2016-01-23,13:45,,Sat,Home,L,4,5,Liverpool,1.03432,1.44943,47,5,Norwich
2016-01-23,13:45,,Sat,Away,W,5,4,Norwich,1.44943,1.03432,53,7,Liverpool
2016-01-23,16:00,,Sat,Home,L,1,3,Tottenham,0.930792,1.74368,36,3,Crystal Palace
2016-01-23,16:00,,Sat,Away,W,3,1,Crystal Palace,1.74368,0.930792,64,11,Tottenham
2016-01-23,16:00,,Sat,Home,W,3,0,Stoke,2.25906,0.340483,45,5,Leicester
2016-01-23,16:00,,Sat,Away,L,0,3,Leicester,0.340483,2.25906,55,2,Stoke
2016-01-23,16:00,,Sat,Home,L,0,1,Southampton,0.187217,0.83591,56,1,Manchester Utd
2016-01-23,16:00,,Sat,Away,W,1,0,Manchester Utd,0.83591,0.187217,44,2,Southampton
2016-01-23,16:00,,Sat,Home,D,1,1,Bournemouth,0.612134,1.26851,42,5,Sunderland
2016-01-23,16:00,,Sat,Away,D,1,1,Sunderland,1.26851,0.612134,58,5,Bournemouth
2016-01-23,16:00,,Sat,Home,W,2,1,Newcastle United,2.58707,1.29267,51,5,Watford
2016-01-23,16:00,,Sat,Away,L,1,2,Watford,1.29267,2.58707,49,2,Newcastle United
2016-01-23,16:00,,Sat,Home,D,0,0,Aston Villa,0.23184,0.562461,39,0,West Brom
2016-01-23,16:00,,Sat,Away,D,0,0,West Brom,0.562461,0.23184,61,4,Aston Villa
2016-01-23,18:30,,Sat,Home,D,2,2,Manchester City,1.01267,1.73182,46,3,West Ham
2016-01-23,18:30,,Sat,Away,D,2,2,West Ham,1.73182,1.01267,54,3,Manchester City
2016-01-24,14:30,,Sun,Home,L,1,2,Swansea,1.94094,1.08055,60,2,Everton
2016-01-24,14:30,,Sun,Away,W,2,1,Everton,1.08055,1.94094,40,5,Swansea
2016-01-24,17:00,,Sun,Home,L,0,1,Chelsea,1.10907,1.48778,47,1,Arsenal
2016-01-24,17:00,,Sun,Away,W,1,0,Arsenal,1.48778,1.10907,53,5,Chelsea
2016-02-02,20:45,,Tue,Home,D,0,0,Southampton,3.38487,0.93405,67,10,Arsenal
2016-02-02,20:45,,Tue,Away,D,0,0,Arsenal,0.93405,3.38487,33,3,Southampton
2016-02-02,20:45,,Tue,Home,W,2,0,Liverpool,1.34566,0.580791,36,6,Leicester
2016-02-02,20:45,,Tue,Away,L,0,2,Leicester,0.580791,1.34566,64,2,Liverpool
2016-02-02,20:45,,Tue,Home,L,0,3,Tottenham,0.929319,2.75469,46,2,Norwich
2016-02-02,20:45,,Tue,Away,W,3,0,Norwich,2.75469,0.929319,54,6,Tottenham
2016-02-02,20:45,,Tue,Home,L,0,1,Manchester City,0.888437,0.638461,49,2,Sunderland
2016-02-02,20:45,,Tue,Away,W,1,0,Sunderland,0.638461,0.888437,51,2,Manchester City
2016-02-02,20:45,,Tue,Home,W,2,0,Aston Villa,2.34619,0.107888,68,6,West Ham
2016-02-02,20:45,,Tue,Away,L,0,2,West Ham,0.107888,2.34619,32,2,Aston Villa
2016-02-02,21:00,,Tue,Home,L,1,2,Bournemouth,,,50,3,Crystal Palace
2016-02-02,21:00,,Tue,Away,W,2,1,Crystal Palace,,,50,4,Bournemouth
2016-02-02,21:00,,Tue,Home,W,3,0,Stoke,,,47,5,Manchester Utd
2016-02-02,21:00,,Tue,Away,L,0,3,Manchester Utd,,,53,0,Stoke
2016-02-02,21:00,,Tue,Home,D,1,1,Swansea,,,45,6,West Brom
2016-02-02,21:00,,Tue,Away,D,1,1,West Brom,,,55,4,Swansea
2016-02-03,20:45,,Wed,Home,W,3,0,Newcastle United,2.48447,0.626239,56,7,Everton
2016-02-03,20:45,,Wed,Away,L,0,3,Everton,0.626239,2.48447,44,3,Newcastle United
2016-02-03,20:45,,Wed,Home,D,0,0,Chelsea,0.531415,1.13694,45,3,Watford
2016-02-03,20:45,,Wed,Away,D,0,0,Watford,1.13694,0.531415,55,4,Chelsea
2016-02-06,13:45,,Sat,Home,L,1,3,Leicester,1.70719,2.50168,66,4,Manchester City
2016-02-06,13:45,,Sat,Away,W,3,1,Manchester City,2.50168,1.70719,34,7,Leicester
2016-02-06,16:00,,Sat,Home,W,2,0,Norwich,0.918291,1.1413,49,3,Aston Villa
2016-02-06,16:00,,Sat,Away,L,0,2,Aston Villa,1.1413,0.918291,51,3,Norwich
2016-02-06,16:00,,Sat,Home,D,2,2,Sunderland,1.57712,0.491843,72,5,Liverpool
2016-02-06,16:00,,Sat,Away,D,2,2,Liverpool,0.491843,1.57712,28,2,Sunderland
2016-02-06,16:00,,Sat,Home,W,1,0,West Brom,2.41057,0.472556,69,7,Newcastle United
2016-02-06,16:00,,Sat,Away,L,0,1,Newcastle United,0.472556,2.41057,31,0,West Brom
2016-02-06,16:00,,Sat,Home,L,0,3,Everton,0.693548,3.05913,66,3,Stoke
2016-02-06,16:00,,Sat,Away,W,3,0,Stoke,3.05913,0.693548,34,6,Everton
2016-02-06,16:00,,Sat,Home,D,1,1,Crystal Palace,1.32136,1.01465,58,3,Swansea
2016-02-06,16:00,,Sat,Away,D,1,1,Swansea,1.01465,1.32136,42,2,Crystal Palace
2016-02-06,16:00,,Sat,Home,W,1,0,Watford,2.00475,0.149839,66,9,Tottenham
2016-02-06,16:00,,Sat,Away,L,0,1,Tottenham,0.149839,2.00475,34,0,Watford
2016-02-06,18:30,,Sat,Home,W,1,0,West Ham,1.06493,0.970583,34,2,Southampton
2016-02-06,18:30,,Sat,Away,L,0,1,Southampton,0.970583,1.06493,66,2,West Ham
2016-02-07,14:30,,Sun,Home,L,0,2,Arsenal,0.584316,1.13957,51,4,Bournemouth
2016-02-07,14:30,,Sun,Away,W,2,0,Bournemouth,1.13957,0.584316,49,5,Arsenal
2016-02-07,17:00,,Sun,Home,D,1,1,Manchester Utd,1.61554,0.780475,49,5,Chelsea
2016-02-07,17:00,,Sun,Away,D,1,1,Chelsea,0.780475,1.61554,51,7,Manchester Utd
2016-02-13,13:45,,Sat,Home,W,2,1,Manchester Utd,1.48186,0.908296,34,4,Sunderland
2016-02-13,13:45,,Sat,Away,L,1,2,Sunderland,0.908296,1.48186,66,6,Manchester Utd
2016-02-13,16:00,,Sat,Home,L,1,3,Stoke,1.19427,0.927348,65,2,Bournemouth
2016-02-13,16:00,,Sat,Away,W,3,1,Bournemouth,0.927348,1.19427,35,6,Stoke
2016-02-13,16:00,,Sat,Home,L,1,2,Watford,0.983946,1.99728,54,5,Crystal Palace
2016-02-13,16:00,,Sat,Away,W,2,1,Crystal Palace,1.99728,0.983946,46,4,Watford
2016-02-13,16:00,,Sat,Home,L,0,1,West Brom,1.82912,1.1974,76,5,Everton
2016-02-13,16:00,,Sat,Away,W,1,0,Everton,1.1974,1.82912,24,1,West Brom
2016-02-13,16:00,,Sat,Home,D,2,2,West Ham,1.03362,0.741428,48,3,Norwich
2016-02-13,16:00,,Sat,Away,D,2,2,Norwich,0.741428,1.03362,52,6,West Ham
2016-02-13,16:00,,Sat,Home,L,0,1,Southampton,0.699012,1.19353,55,2,Swansea
2016-02-13,16:00,,Sat,Away,W,1,0,Swansea,1.19353,0.699012,45,5,Southampton
2016-02-13,18:30,,Sat,Home,W,5,1,Newcastle United,2.0858,0.430664,55,7,Chelsea
2016-02-13,18:30,,Sat,Away,L,1,5,Chelsea,0.430664,2.0858,45,3,Newcastle United
2016-02-14,13:00,,Sun,Home,W,2,1,Leicester,2.36319,1.31246,72,6,Arsenal
2016-02-14,13:00,,Sun,Away,L,1,2,Arsenal,1.31246,2.36319,28,3,Leicester
2016-02-14,15:05,,Sun,Home,L,0,6,Liverpool,0.174868,2.00756,39,1,Aston Villa
2016-02-14,15:05,,Sun,Away,W,6,0,Aston Villa,2.00756,0.174868,61,9,Liverpool
2016-02-14,17:15,,Sun,Home,L,1,2,Tottenham,1.97876,1.23517,46,4,Manchester City
2016-02-14,17:15,,Sun,Away,W,2,1,Manchester City,1.23517,1.97876,54,3,Tottenham
2016-02-27,13:45,,Sat,Home,W,1,0,Sunderland,0.52387,1.07887,53,3,West Ham
2016-02-27,13:45,,Sat,Away,L,0,1,West Ham,1.07887,0.52387,47,4,Sunderland
2016-02-27,16:00,,Sat,Home,W,1,0,Norwich,1.7645,0.814784,59,3,Leicester
2016-02-27,16:00,,Sat,Away,L,0,1,Leicester,0.814784,1.7645,41,1,Norwich
2016-02-27,16:00,,Sat,Home,L,1,2,Chelsea,1.01074,0.631036,34,2,Southampton
2016-02-27,16:00,,Sat,Away,W,2,1,Southampton,0.631036,1.01074,66,4,Chelsea
2016-02-27,16:00,,Sat,Home,W,2,1,Aston Villa,2.04047,0.414343,55,3,Stoke
2016-02-27,16:00,,Sat,Away,L,1,2,Stoke,0.414343,2.04047,45,1,Aston Villa
2016-02-27,16:00,,Sat,Home,D,0,0,Bournemouth,1.00481,0.955252,47,1,Watford
2016-02-27,16:00,,Sat,Away,D,0,0,Watford,0.955252,1.00481,53,3,Bournemouth
2016-02-27,18:30,,Sat,Home,W,3,2,Crystal Palace,2.07488,1.21638,46,5,West Brom
2016-02-27,18:30,,Sat,Away,L,2,3,West Brom,1.21638,2.07488,54,2,Crystal Palace
2016-02-28,15:05,,Sun,Home,W,3,2,Arsenal,1.09522,1.5435,39,5,Manchester Utd
2016-02-28,15:05,,Sun,Away,L,2,3,Manchester Utd,1.5435,1.09522,61,5,Arsenal
2016-02-28,15:05,,Sun,Home,W,2,1,Swansea,3.57325,1.24938,57,14,Tottenham
2016-02-28,15:05,,Sun,Away,L,1,2,Tottenham,1.24938,3.57325,43,4,Swansea
2016-03-01,20:45,,Tue,Home,L,1,3,Everton,0.60177,2.63668,46,5,Aston Villa
2016-03-01,20:45,,Tue,Away,W,3,1,Aston Villa,2.63668,0.60177,54,6,Everton
2016-03-01,20:45,,Tue,Home,W,2,0,Southampton,1.41228,0.954161,45,4,Bournemouth
2016-03-01,20:45,,Tue,Away,L,0,2,Bournemouth,0.954161,1.41228,55,1,Southampton
2016-03-01,20:45,,Tue,Home,D,2,2,West Brom,3.04626,1.29485,65,5,Leicester
2016-03-01,20:45,,Tue,Away,D,2,2,Leicester,1.29485,3.04626,35,3,West Brom
2016-03-01,20:45,,Tue,Home,L,1,2,Chelsea,1.24159,0.980988,47,2,Norwich
2016-03-01,20:45,,Tue,Away,W,2,1,Norwich,0.980988,1.24159,53,2,Chelsea
2016-03-01,20:45,,Tue,Home,D,2,2,Crystal Palace,0.93375,0.887448,58,6,Sunderland
2016-03-01,20:45,,Tue,Away,D,2,2,Sunderland,0.887448,0.93375,42,5,Crystal Palace
2016-03-02,20:45,,Wed,Home,L,1,2,Swansea,1.4928,1.69788,63,4,Arsenal
2016-03-02,20:45,,Wed,Away,W,2,1,Arsenal,1.69788,1.4928,37,2,Swansea
2016-03-02,20:45,,Wed,Home,W,1,0,Newcastle United,0.298318,0.270782,55,2,Stoke
2016-03-02,20:45,,Wed,Away,L,0,1,Stoke,0.270782,0.298318,45,3,Newcastle United
2016-03-02,20:45,,Wed,Home,W,1,0,Tottenham,0.784319,1.22673,35,3,West Ham
2016-03-02,20:45,,Wed,Away,L,0,1,West Ham,1.22673,0.784319,65,2,Tottenham
2016-03-02,21:00,,Wed,Home,W,3,0,Manchester City,,,50,7,Liverpool
2016-03-02,21:00,,Wed,Away,L,0,3,Liverpool,,,50,1,Manchester City
2016-03-02,21:00,,Wed,Home,W,1,0,Watford,,,61,3,Manchester Utd
2016-03-02,21:00,,Wed,Away,L,0,1,Manchester Utd,,,39,3,Watford
2016-03-05,13:45,,Sat,Home,D,2,2,Arsenal,1.88378,0.543157,52,11,Tottenham
2016-03-05,13:45,,Sat,Away,D,2,2,Tottenham,0.543157,1.88378,48,4,Arsenal
2016-03-05,16:00,,Sat,Home,D,1,1,Stoke,1.0615,1.60285,48,7,Chelsea
2016-03-05,16:00,,Sat,Away,D,1,1,Chelsea,1.60285,1.0615,52,5,Stoke
2016-03-05,16:00,,Sat,Home,L,2,3,West Ham,2.09025,2.72091,42,8,Everton
2016-03-05,16:00,,Sat,Away,W,3,2,Everton,2.72091,2.09025,58,5,West Ham
2016-03-05,16:00,,Sat,Home,W,4,0,Aston Villa,2.83271,0.121136,71,9,Manchester City
2016-03-05,16:00,,Sat,Away,L,0,4,Manchester City,0.121136,2.83271,29,1,Aston Villa
2016-03-05,16:00,,Sat,Home,L,1,3,Bournemouth,0.833931,1.26853,49,3,Newcastle United
2016-03-05,16:00,,Sat,Away,W,3,1,Newcastle United,1.26853,0.833931,51,5,Bournemouth
2016-03-05,16:00,,Sat,Home,D,1,1,Sunderland,1.54587,1.31562,65,5,Southampton
2016-03-05,16:00,,Sat,Away,D,1,1,Southampton,1.31562,1.54587,35,3,Sunderland
2016-03-05,16:00,,Sat,Home,W,1,0,Norwich,0.545937,0.580126,56,3,Swansea
2016-03-05,16:00,,Sat,Away,L,0,1,Swansea,0.580126,0.545937,44,3,Norwich
2016-03-05,18:30,,Sat,Home,L,0,1,Leicester,0.829318,1.47042,50,4,Watford
2016-03-05,18:30,,Sat,Away,W,1,0,Watford,1.47042,0.829318,50,6,Leicester
2016-03-06,14:30,,Sun,Home,L,1,2,Liverpool,1.43901,2.27087,38,4,Crystal Palace
2016-03-06,14:30,,Sun,Away,W,2,1,Crystal Palace,2.27087,1.43901,62,5,Liverpool
2016-03-06,17:00,,Sun,Home,W,1,0,Manchester Utd,0.565787,0.417622,47,2,West Brom
2016-03-06,17:00,,Sun,Away,L,0,1,West Brom,0.417622,0.565787,53,1,Manchester Utd
2016-03-12,13:45,,Sat,Home,D,0,0,Manchester City,0.139743,0.557373,34,0,Norwich
2016-03-12,13:45,,Sat,Away,D,0,0,Norwich,0.557373,0.139743,66,3,Manchester City
2016-03-12,16:00,,Sat,Home,W,3,2,Swansea,0.70756,1.09562,44,4,Bournemouth
2016-03-12,16:00,,Sat,Away,L,2,3,Bournemouth,1.09562,0.70756,56,4,Swansea
2016-03-12,16:00,,Sat,Home,L,1,2,Southampton,1.06676,0.874966,61,2,Stoke
2016-03-12,16:00,,Sat,Away,W,2,1,Stoke,0.874966,1.06676,39,4,Southampton
2016-03-13,17:00,,Sun,Home,L,0,2,Tottenham,1.84022,2.00141,38,2,Aston Villa
2016-03-13,17:00,,Sun,Away,W,2,0,Aston Villa,2.00141,1.84022,62,8,Tottenham
2016-03-14,21:00,,Mon,Home,W,1,0,Newcastle United,0.846771,0.518715,50,1,Leicester
2016-03-14,21:00,,Mon,Away,L,0,1,Leicester,0.518715,0.846771,50,2,Newcastle United
2016-03-19,13:45,,Sat,Home,L,0,2,Arsenal,0.58617,1.92384,54,2,Everton
2016-03-19,13:45,,Sat,Away,W,2,0,Everton,1.92384,0.58617,46,3,Arsenal
2016-03-19,16:00,,Sat,Home,D,2,2,West Ham,2.1406,0.862828,59,5,Chelsea
2016-03-19,16:00,,Sat,Away,D,2,2,Chelsea,0.862828,2.1406,41,5,West Ham
2016-03-19,16:00,,Sat,Home,L,0,1,Leicester,0.784339,1.20315,56,4,Crystal Palace
2016-03-19,16:00,,Sat,Away,W,1,0,Crystal Palace,1.20315,0.784339,44,3,Leicester
2016-03-19,16:00,,Sat,Home,L,1,2,Stoke,0.879462,1.58145,52,4,Watford
2016-03-19,16:00,,Sat,Away,W,2,1,Watford,1.58145,0.879462,48,6,Stoke
2016-03-19,16:00,,Sat,Home,L,0,1,Norwich,0.332789,0.799255,50,0,West Brom
2016-03-19,16:00,,Sat,Away,W,1,0,West Brom,0.799255,0.332789,50,1,Norwich
2016-03-19,18:30,,Sat,Home,W,1,0,Aston Villa,0.490469,0.730828,54,1,Swansea
2016-03-19,18:30,,Sat,Away,L,0,1,Swansea,0.730828,0.490469,46,2,Aston Villa
2016-03-20,14:30,,Sun,Home,D,1,1,Sunderland,0.940593,0.785017,60,7,Newcastle United
2016-03-20,14:30,,Sun,Away,D,1,1,Newcastle United,0.785017,0.940593,40,4,Sunderland
2016-03-20,14:30,,Sun,Home,W,3,2,Liverpool,1.56873,1.29046,49,5,Southampton
2016-03-20,14:30,,Sun,Away,L,2,3,Southampton,1.29046,1.56873,51,9,Liverpool
2016-03-20,17:00,,Sun,Home,L,0,1,Manchester Utd,1.86249,0.900312,54,3,Manchester City
2016-03-20,17:00,,Sun,Away,W,1,0,Manchester City,0.900312,1.86249,46,4,Manchester Utd
2016-03-20,17:00,,Sun,Home,W,3,0,Bournemouth,2.02694,0.120366,63,7,Tottenham
2016-03-20,17:00,,Sun,Away,L,0,3,Tottenham,0.120366,2.02694,37,0,Bournemouth
2016-04-02,13:45,,Sat,Home,L,0,4,Chelsea,0.72512,2.49358,42,4,Aston Villa
2016-04-02,13:45,,Sat,Away,W,4,0,Aston Villa,2.49358,0.72512,58,8,Chelsea
2016-04-02,16:00,,Sat,Home,W,4,0,Watford,3.00742,0.290619,69,12,Arsenal
2016-04-02,16:00,,Sat,Away,L,0,4,Arsenal,0.290619,3.00742,31,2,Watford
2016-04-02,16:00,,Sat,Home,L,0,4,Manchester City,1.3239,0.868303,46,2,Bournemouth
2016-04-02,16:00,,Sat,Away,W,4,0,Bournemouth,0.868303,1.3239,54,7,Manchester City
2016-04-02,16:00,,Sat,Home,W,3,2,Newcastle United,1.65216,1.46835,41,6,Norwich
2016-04-02,16:00,,Sat,Away,L,2,3,Norwich,1.46835,1.65216,59,5,Newcastle United
2016-04-02,16:00,,Sat,Home,D,2,2,Swansea,1.17598,0.4319,47,5,Stoke
2016-04-02,16:00,,Sat,Away,D,2,2,Stoke,0.4319,1.17598,53,3,Swansea
2016-04-02,16:00,,Sat,Home,D,0,0,West Brom,1.54544,0.0635563,56,7,Sunderland
2016-04-02,16:00,,Sat,Away,D,0,0,Sunderland,0.0635563,1.54544,44,0,West Brom
2016-04-02,16:00,,Sat,Home,D,2,2,Crystal Palace,1.71369,1.65593,67,6,West Ham
2016-04-02,16:00,,Sat,Away,D,2,2,West Ham,1.65593,1.71369,33,4,Crystal Palace
2016-04-02,18:30,,Sat,Home,D,1,1,Tottenham,1.37954,1.23579,42,7,Liverpool
2016-04-02,18:30,,Sat,Away,D,1,1,Liverpool,1.23579,1.37954,58,5,Tottenham
2016-04-03,14:30,,Sun,Home,W,1,0,Southampton,1.38701,0.670068,46,4,Leicester
2016-04-03,14:30,,Sun,Away,L,0,1,Leicester,0.670068,1.38701,54,1,Southampton
2016-04-03,17:00,,Sun,Home,W,1,0,Everton,0.998692,0.755625,54,2,Manchester Utd
2016-04-03,17:00,,Sun,Away,L,0,1,Manchester Utd,0.755625,0.998692,46,1,Everton
2016-04-09,13:45,,Sat,Home,D,3,3,Arsenal,1.10973,1.46966,39,7,West Ham
2016-04-09,13:45,,Sat,Away,D,3,3,West Ham,1.46966,1.10973,61,5,Arsenal
2016-04-09,16:00,,Sat,Home,L,1,2,Bournemouth,0.220872,1.0038,41,1,Aston Villa
2016-04-09,16:00,,Sat,Away,W,2,1,Aston Villa,1.0038,0.220872,59,3,Bournemouth
2016-04-09,16:00,,Sat,Home,W,1,0,Norwich,1.45029,0.675663,53,5,Crystal Palace
2016-04-09,16:00,,Sat,Away,L,0,1,Crystal Palace,0.675663,1.45029,47,4,Norwich
2016-04-09,16:00,,Sat,Home,W,3,1,Newcastle United,1.78477,0.165982,51,6,Southampton
2016-04-09,16:00,,Sat,Away,L,1,3,Southampton,0.165982,1.78477,49,3,Newcastle United
2016-04-09,16:00,,Sat,Home,W,1,0,Chelsea,1.9071,1.3003,39,6,Swansea
2016-04-09,16:00,,Sat,Away,L,0,1,Swansea,1.3003,1.9071,61,2,Chelsea
2016-04-09,16:00,,Sat,Home,D,1,1,Everton,0.408379,1.59979,42,5,Watford
2016-04-09,16:00,,Sat,Away,D,1,1,Watford,1.59979,0.408379,58,7,Everton
2016-04-09,18:30,,Sat,Home,W,2,1,West Brom,2.07325,1.09413,62,4,Manchester City
2016-04-09,18:30,,Sat,Away,L,1,2,Manchester City,1.09413,2.07325,38,2,West Brom
2016-04-10,14:30,,Sun,Home,L,0,2,Leicester,0.872232,2.60072,45,1,Sunderland
2016-04-10,14:30,,Sun,Away,W,2,0,Sunderland,2.60072,0.872232,55,7,Leicester
2016-04-10,17:00,,Sun,Home,W,4,1,Stoke,2.21484,0.85508,53,6,Liverpool
2016-04-10,17:00,,Sun,Away,L,1,4,Liverpool,0.85508,2.21484,47,3,Stoke
2016-04-10,17:00,,Sun,Home,W,3,0,Manchester Utd,1.79647,0.341238,47,8,Tottenham
2016-04-10,17:00,,Sun,Away,L,0,3,Tottenham,0.341238,1.79647,53,1,Manchester Utd
2016-04-13,21:00,,Wed,Home,D,0,0,Everton,1.59025,0.759269,57,6,Crystal Palace
2016-04-13,21:00,,Wed,Away,D,0,0,Crystal Palace,0.759269,1.59025,43,5,Everton
2016-04-16,13:45,,Sat,Home,L,0,3,Sunderland,1.09006,1.99748,64,5,Norwich
2016-04-16,13:45,,Sat,Away,W,3,0,Norwich,1.99748,1.09006,36,3,Sunderland
2016-04-16,16:00,,Sat,Home,D,1,1,Southampton,0.318721,1.38323,49,2,Everton
2016-04-16,16:00,,Sat,Away,D,1,1,Everton,1.38323,0.318721,51,4,Southampton
2016-04-16,16:00,,Sat,Home,W,1,0,Aston Villa,1.09127,0.262427,66,4,Manchester Utd
2016-04-16,16:00,,Sat,Away,L,0,1,Manchester Utd,0.262427,1.09127,34,1,Aston Villa
2016-04-16,16:00,,Sat,Home,W,3,0,Swansea,1.5024,0.787081,34,7,Newcastle United
2016-04-16,16:00,,Sat,Away,L,0,3,Newcastle United,0.787081,1.5024,66,1,Swansea
2016-04-16,16:00,,Sat,Home,L,0,1,Watford,2.2915,0.364852,57,4,West Brom
2016-04-16,16:00,,Sat,Away,W,1,0,West Brom,0.364852,2.2915,43,4,Watford
2016-04-16,18:30,,Sat,Home,L,0,3,Manchester City,0.487715,2.62768,52,4,Chelsea
2016-04-16,18:30,,Sat,Away,W,3,0,Chelsea,2.62768,0.487715,48,7,Manchester City
2016-04-17,14:30,,Sun,Home,L,1,2,Liverpool,0.85914,1.81443,51,4,Bournemouth
2016-04-17,14:30,,Sun,Away,W,2,1,Bournemouth,1.81443,0.85914,49,6,Liverpool
2016-04-17,14:30,,Sun,Home,D,2,2,West Ham,1.95296,1.56819,43,2,Leicester
2016-04-17,14:30,,Sun,Away,D,2,2,Leicester,1.56819,1.95296,57,4,West Ham
2016-04-17,17:00,,Sun,Home,D,1,1,Crystal Palace,1.73461,0.275806,72,6,Arsenal
2016-04-17,17:00,,Sun,Away,D,1,1,Arsenal,0.275806,1.73461,28,2,Crystal Palace
2016-04-18,21:00,,Mon,Home,L,0,4,Tottenham,0.458376,2.89775,51,2,Stoke
2016-04-18,21:00,,Mon,Away,W,4,0,Stoke,2.89775,0.458376,49,6,Tottenham
2016-04-19,20:45,,Tue,Home,D,1,1,Manchester City,0.455246,0.522043,43,3,Newcastle United
2016-04-19,20:45,,Tue,Away,D,1,1,Newcastle United,0.522043,0.455246,57,5,Manchester City
2016-04-20,20:45,,Wed,Home,W,3,1,Watford,3.96294,1.22333,46,7,West Ham
2016-04-20,20:45,,Wed,Away,L,1,3,West Ham,1.22333,3.96294,54,4,Watford
2016-04-20,21:00,,Wed,Home,W,4,0,Everton,3.24472,0.0886329,67,13,Liverpool
2016-04-20,21:00,,Wed,Away,L,0,4,Liverpool,0.0886329,3.24472,33,0,Everton
2016-04-20,21:00,,Wed,Home,W,2,0,Crystal Palace,1.46607,0.137416,66,10,Manchester Utd
2016-04-20,21:00,,Wed,Away,L,0,2,Manchester Utd,0.137416,1.46607,34,0,Crystal Palace
2016-04-21,20:45,,Thu,Home,W,2,0,West Brom,1.37348,0.839742,71,6,Arsenal
2016-04-21,20:45,,Thu,Away,L,0,2,Arsenal,0.839742,1.37348,29,1,West Brom
2016-04-23,13:45,,Sat,Home,W,4,0,Stoke,2.22482,1.09174,53,6,Manchester City
2016-04-23,13:45,,Sat,Away,L,0,4,Manchester City,1.09174,2.22482,47,2,Stoke
2016-04-23,16:00,,Sat,Home,L,2,4,Southampton,1.47192,3.6648,42,6,Aston Villa
2016-04-23,16:00,,Sat,Away,W,4,2,Aston Villa,3.6648,1.47192,58,7,Southampton
2016-04-23,16:00,,Sat,Home,L,1,4,Chelsea,0.575087,2.07192,45,4,Bournemouth
2016-04-23,16:00,,Sat,Away,W,4,1,Bournemouth,2.07192,0.575087,55,4,Chelsea
2016-04-23,16:00,,Sat,Home,D,2,2,Newcastle United,0.712881,0.253033,67,4,Liverpool
2016-04-23,16:00,,Sat,Away,D,2,2,Liverpool,0.253033,0.712881,33,3,Newcastle United
2016-04-24,15:05,,Sun,Home,D,0,0,Arsenal,0.617149,0.97303,30,3,Sunderland
2016-04-24,15:05,,Sun,Away,D,0,0,Sunderland,0.97303,0.617149,70,6,Arsenal
2016-04-24,17:15,,Sun,Home,W,4,0,Swansea,3.31579,0.576457,38,9,Leicester
2016-04-24,17:15,,Sun,Away,L,0,4,Leicester,0.576457,3.31579,62,1,Swansea
2016-04-25,21:00,,Mon,Home,D,1,1,West Brom,1.26346,0.894413,66,2,Tottenham
2016-04-25,21:00,,Mon,Away,D,1,1,Tottenham,0.894413,1.26346,34,3,West Brom
2016-04-30,16:00,,Sat,Home,W,2,1,Bournemouth,0.95281,1.42599,57,5,Everton
2016-04-30,16:00,,Sat,Away,L,1,2,Everton,1.42599,0.95281,43,2,Bournemouth
2016-04-30,16:00,,Sat,Home,W,1,0,Crystal Palace,0.53407,1.05079,50,4,Newcastle United
2016-04-30,16:00,,Sat,Away,L,0,1,Newcastle United,1.05079,0.53407,50,3,Crystal Palace
2016-04-30,16:00,,Sat,Home,D,1,1,Sunderland,0.68487,1.43105,53,3,Stoke
2016-04-30,16:00,,Sat,Away,D,1,1,Stoke,1.43105,0.68487,47,5,Sunderland
2016-04-30,16:00,,Sat,Home,W,3,2,Aston Villa,1.36255,0.491793,65,5,Watford
2016-04-30,16:00,,Sat,Away,L,2,3,Watford,0.491793,1.36255,35,2,Aston Villa
2016-04-30,16:00,,Sat,Home,L,0,3,West Ham,1.5346,1.27183,41,3,West Brom
2016-04-30,16:00,,Sat,Away,W,3,0,West Brom,1.27183,1.5346,59,4,West Ham
2016-04-30,18:30,,Sat,Home,W,1,0,Norwich,0.781508,0.578781,69,3,Arsenal
2016-04-30,18:30,,Sat,Away,L,0,1,Arsenal,0.578781,0.781508,31,3,Norwich
2016-05-01,13:00,,Sun,Home,W,3,1,Liverpool,2.31862,0.776186,48,9,Swansea
2016-05-01,13:00,,Sun,Away,L,1,3,Swansea,0.776186,2.31862,52,3,Liverpool
2016-05-01,15:05,,Sun,Home,D,1,1,Leicester,1.18462,1.16622,70,6,Manchester Utd
2016-05-01,15:05,,Sun,Away,D,1,1,Manchester Utd,1.16622,1.18462,30,3,Leicester
2016-05-01,17:30,,Sun,Home,W,4,2,Manchester City,2.84362,1.12719,40,7,Southampton
2016-05-01,17:30,,Sun,Away,L,2,4,Southampton,1.12719,2.84362,60,5,Manchester City
2016-05-02,21:00,,Mon,Home,D,2,2,Tottenham,0.81661,1.90407,48,5,Chelsea
2016-05-02,21:00,,Mon,Away,D,2,2,Chelsea,1.90407,0.81661,52,5,Tottenham
2016-05-07,13:45,,Sat,Home,L,0,1,Manchester Utd,1.36825,1.48344,33,2,Norwich
2016-05-07,13:45,,Sat,Away,W,1,0,Norwich,1.48344,1.36825,67,2,Manchester Utd
2016-05-07,16:00,,Sat,Home,D,0,0,Newcastle United,0.0312154,1.09626,46,0,Aston Villa
2016-05-07,16:00,,Sat,Away,D,0,0,Aston Villa,1.09626,0.0312154,54,3,Newcastle United
2016-05-07,16:00,,Sat,Home,D,1,1,West Brom,0.814964,1.34282,69,4,Bournemouth
2016-05-07,16:00,,Sat,Away,D,1,1,Bournemouth,1.34282,0.814964,31,4,West Brom
2016-05-07,16:00,,Sat,Home,W,2,1,Stoke,1.31448,1.27766,58,4,Crystal Palace
2016-05-07,16:00,,Sat,Away,L,1,2,Crystal Palace,1.27766,1.31448,42,3,Stoke
2016-05-07,16:00,,Sat,Home,W,3,2,Chelsea,0.773876,1.77677,31,4,Sunderland
2016-05-07,16:00,,Sat,Away,L,2,3,Sunderland,1.77677,0.773876,69,8,Chelsea
2016-05-07,16:00,,Sat,Home,L,1,4,Swansea,2.39454,2.47265,52,7,West Ham
2016-05-07,16:00,,Sat,Away,W,4,1,West Ham,2.47265,2.39454,48,6,Swansea
2016-05-07,18:30,,Sat,Home,W,3,1,Everton,4.50525,1.30184,41,8,Leicester
2016-05-07,18:30,,Sat,Away,L,1,3,Leicester,1.30184,4.50525,59,5,Everton
2016-05-08,14:30,,Sun,Home,L,1,2,Southampton,2.55547,1.30812,71,6,Tottenham
2016-05-08,14:30,,Sun,Away,W,2,1,Tottenham,1.30812,2.55547,29,2,Southampton
2016-05-08,17:00,,Sun,Home,W,2,0,Watford,2.38919,0.930803,66,5,Liverpool
2016-05-08,17:00,,Sun,Away,L,0,2,Liverpool,0.930803,2.38919,34,3,Watford
2016-05-08,17:00,,Sun,Home,D,2,2,Arsenal,0.75375,1.08084,57,3,Manchester City
2016-05-08,17:00,,Sun,Away,D,2,2,Manchester City,1.08084,0.75375,43,2,Arsenal
2016-05-10,20:45,,Tue,Home,W,3,2,Manchester Utd,2.13311,0.635987,41,5,West Ham
2016-05-10,20:45,,Tue,Away,L,2,3,West Ham,0.635987,2.13311,59,2,Manchester Utd
2016-05-11,20:45,,Wed,Home,W,4,2,Watford,2.41871,1.7686,56,6,Norwich
2016-05-11,20:45,,Wed,Away,L,2,4,Norwich,1.7686,2.41871,44,7,Watford
2016-05-11,20:45,,Wed,Home,W,3,0,Everton,2.44887,1.16563,38,7,Sunderland
2016-05-11,20:45,,Wed,Away,L,0,3,Sunderland,1.16563,2.44887,62,6,Everton
2016-05-11,21:00,,Wed,Home,D,1,1,Chelsea,1.83934,0.812268,55,8,Liverpool
2016-05-11,21:00,,Wed,Away,D,1,1,Liverpool,0.812268,1.83934,45,7,Chelsea
2016-05-15,16:00,,Sun,Home,W,4,0,Aston Villa,3.40207,0.222731,60,7,Arsenal
2016-05-15,16:00,,Sun,Away,L,0,4,Arsenal,0.222731,3.40207,40,2,Aston Villa
2016-05-15,16:00,,Sun,Home,D,1,1,Leicester,1.86065,1.23491,54,4,Chelsea
2016-05-15,16:00,,Sun,Away,D,1,1,Chelsea,1.23491,1.86065,46,5,Leicester
2016-05-15,16:00,,Sun,Home,W,3,0,Norwich,2.40775,0.43016,46,8,Everton
2016-05-15,16:00,,Sun,Away,L,0,3,Everton,0.43016,2.40775,54,2,Norwich
2016-05-15,16:00,,Sun,Home,W,5,1,Tottenham,2.42808,0.869082,37,10,Newcastle United
2016-05-15,16:00,,Sun,Away,L,1,5,Newcastle United,0.869082,2.42808,63,5,Tottenham
2016-05-15,16:00,,Sun,Home,W,4,1,Crystal Palace,2.32278,1.24857,50,5,Southampton
2016-05-15,16:00,,Sun,Away,L,1,4,Southampton,1.24857,2.32278,50,4,Crystal Palace
2016-05-15,16:00,,Sun,Home,W,2,1,West Ham,0.288737,2.94489,47,4,Stoke
2016-05-15,16:00,,Sun,Away,L,1,2,Stoke,2.94489,0.288737,53,6,West Ham
2016-05-15,16:00,,Sun,Home,D,1,1,Manchester City,0.115604,2.04003,50,1,Swansea
2016-05-15,16:00,,Sun,Away,D,1,1,Swansea,2.04003,0.115604,50,5,Manchester City
2016-05-15,16:00,,Sun,Home,D,2,2,Sunderland,1.95277,0.908817,54,6,Watford
2016-05-15,16:00,,Sun,Away,D,2,2,Watford,0.908817,1.95277,46,4,Sunderland
2016-05-15,16:00,,Sun,Home,D,1,1,Liverpool,1.86869,0.419877,33,1,West Brom
2016-05-15,16:00,,Sun,Away,D,1,1,West Brom,0.419877,1.86869,67,3,Liverpool
2016-05-17,21:00,,Tue,Home,W,3,1,Bournemouth,1.72109,0.503471,67,5,Manchester Utd
2016-05-17,21:00,,Tue,Away,L,1,3,Manchester Utd,0.503471,1.72109,33,0,Bournemouth
2016-08-13,13:30,,Sat,Home,W,2,1,Leicester,0.740018,2.45631,50,5,Hull
2016-08-13,13:30,,Sat,Away,L,1,2,Hull,2.45631,0.740018,50,5,Leicester
2016-08-13,16:00,,Sat,Home,L,0,1,Swansea,1.04903,1.72089,47,3,Burnley
2016-08-13,16:00,,Sat,Away,W,1,0,Burnley,1.72089,1.04903,53,9,Swansea
2016-08-13,16:00,,Sat,Home,L,0,1,West Brom,0.990062,0.684593,63,4,Crystal Palace
2016-08-13,16:00,,Sat,Away,W,1,0,Crystal Palace,0.684593,0.990062,37,3,West Brom
2016-08-13,16:00,,Sat,Home,D,1,1,Tottenham,0.790063,1.12348,42,6,Everton
2016-08-13,16:00,,Sat,Away,D,1,1,Everton,1.12348,0.790063,58,4,Tottenham
2016-08-13,16:00,,Sat,Home,D,1,1,Stoke,1.80523,0.485626,46,2,Middlesbrough
2016-08-13,16:00,,Sat,Away,D,1,1,Middlesbrough,0.485626,1.80523,54,1,Stoke
2016-08-13,16:00,,Sat,Home,D,1,1,Watford,0.937328,0.180046,65,6,Southampton
2016-08-13,16:00,,Sat,Away,D,1,1,Southampton,0.180046,0.937328,35,1,Watford
2016-08-13,18:30,,Sat,Home,W,2,1,Sunderland,1.95479,1.09877,77,4,Manchester City
2016-08-13,18:30,,Sat,Away,L,1,2,Manchester City,1.09877,1.95479,23,3,Sunderland
2016-08-14,14:30,,Sun,Home,L,1,3,Manchester Utd,0.522847,1.91105,47,3,Bournemouth
2016-08-14,14:30,,Sun,Away,W,3,1,Bournemouth,1.91105,0.522847,53,7,Manchester Utd
2016-08-14,17:00,,Sun,Home,L,3,4,Liverpool,1.18197,1.6591,51,5,Arsenal
2016-08-14,17:00,,Sun,Away,W,4,3,Arsenal,1.6591,1.18197,49,7,Liverpool
2016-08-15,21:00,,Mon,Home,W,2,1,West Ham,1.4603,0.445604,62,6,Chelsea
2016-08-15,21:00,,Mon,Away,L,1,2,Chelsea,0.445604,1.4603,38,3,West Ham
2016-08-19,21:00,,Fri,Home,W,2,0,Southampton,1.36553,0.613233,43,5,Manchester Utd
2016-08-19,21:00,,Fri,Away,L,0,2,Manchester Utd,0.613233,1.36553,57,1,Southampton
2016-08-20,13:30,,Sat,Home,L,1,4,Manchester City,1.31066,2.17198,43,3,Stoke
2016-08-20,13:30,,Sat,Away,W,4,1,Stoke,2.17198,1.31066,57,6,Manchester City
2016-08-20,16:00,,Sat,Home,W,2,0,Liverpool,0.197536,0.939025,20,2,Burnley
2016-08-20,16:00,,Sat,Away,L,0,2,Burnley,0.939025,0.197536,80,5,Liverpool
2016-08-20,16:00,,Sat,Home,L,0,2,Hull,1.14134,2.18655,57,3,Swansea
2016-08-20,16:00,,Sat,Away,W,2,0,Swansea,2.18655,1.14134,43,4,Hull
2016-08-20,16:00,,Sat,Home,W,1,0,Crystal Palace,2.25623,0.357943,57,5,Tottenham
2016-08-20,16:00,,Sat,Away,L,0,1,Tottenham,0.357943,2.25623,43,2,Crystal Palace
2016-08-20,16:00,,Sat,Home,L,1,2,Chelsea,0.804549,1.75595,38,2,Watford
2016-08-20,16:00,,Sat,Away,W,2,1,Watford,1.75595,0.804549,62,4,Chelsea
2016-08-20,16:00,,Sat,Home,L,1,2,Everton,2.01885,1.83897,34,4,West Brom
2016-08-20,16:00,,Sat,Away,W,2,1,West Brom,1.83897,2.01885,66,7,Everton
2016-08-20,18:30,,Sat,Home,D,0,0,Arsenal,0.553693,0.521509,40,1,Leicester
2016-08-20,18:30,,Sat,Away,D,0,0,Leicester,0.521509,0.553693,60,4,Arsenal
2016-08-21,14:30,,Sun,Home,L,1,2,Middlesbrough,1.4645,0.854908,47,5,Sunderland
2016-08-21,14:30,,Sun,Away,W,2,1,Sunderland,0.854908,1.4645,53,3,Middlesbrough
2016-08-21,17:00,,Sun,Home,W,1,0,Bournemouth,1.69288,0.39341,47,2,West Ham
2016-08-21,17:00,,Sun,Away,L,0,1,West Ham,0.39341,1.69288,53,5,Bournemouth
2016-08-27,13:30,,Sat,Home,D,1,1,Liverpool,0.590511,1.92569,49,4,Tottenham
2016-08-27,13:30,,Sat,Away,D,1,1,Tottenham,1.92569,0.590511,51,3,Liverpool
2016-08-27,16:00,,Sat,Home,W,3,0,Burnley,2.65838,0.18449,61,10,Chelsea
2016-08-27,16:00,,Sat,Away,L,0,3,Chelsea,0.18449,2.65838,39,0,Burnley
2016-08-27,16:00,,Sat,Home,D,1,1,Bournemouth,2.659,0.974014,59,5,Crystal Palace
2016-08-27,16:00,,Sat,Away,D,1,1,Crystal Palace,0.974014,2.659,41,3,Bournemouth
2016-08-27,16:00,,Sat,Home,W,1,0,Stoke,2.31835,0.187415,55,9,Everton
2016-08-27,16:00,,Sat,Away,L,0,1,Everton,0.187415,2.31835,45,1,Stoke
2016-08-27,16:00,,Sat,Home,W,2,1,Swansea,2.47977,0.32818,52,6,Leicester
2016-08-27,16:00,,Sat,Away,L,1,2,Leicester,0.32818,2.47977,48,3,Swansea
2016-08-27,16:00,,Sat,Home,D,1,1,Sunderland,0.613743,1.39142,64,7,Southampton
2016-08-27,16:00,,Sat,Away,D,1,1,Southampton,1.39142,0.613743,36,2,Sunderland
2016-08-27,16:00,,Sat,Home,L,1,3,Arsenal,1.07775,2.03271,45,6,Watford
2016-08-27,16:00,,Sat,Away,W,3,1,Watford,2.03271,1.07775,55,7,Arsenal
2016-08-27,18:30,,Sat,Home,L,0,1,Manchester Utd,0.268815,2.47208,38,2,Hull
2016-08-27,18:30,,Sat,Away,W,1,0,Hull,2.47208,0.268815,62,9,Manchester Utd
2016-08-28,14:30,,Sun,Home,D,0,0,Middlesbrough,0.696845,0.396816,41,2,West Brom
2016-08-28,14:30,,Sun,Away,D,0,0,West Brom,0.396816,0.696845,59,2,Middlesbrough
2016-08-28,17:00,,Sun,Home,W,3,1,West Ham,3.21624,1.08385,67,5,Manchester City
2016-08-28,17:00,,Sun,Away,L,1,3,Manchester City,1.08385,3.21624,33,2,West Ham
2016-09-10,13:30,,Sat,Home,L,1,2,Manchester City,1.01013,1.88688,40,3,Manchester Utd
2016-09-10,13:30,,Sat,Away,W,2,1,Manchester Utd,1.88688,1.01013,60,6,Manchester City
2016-09-10,16:00,,Sat,Home,W,2,1,Southampton,1.89219,1.17522,57,2,Arsenal
2016-09-10,16:00,,Sat,Away,L,1,2,Arsenal,1.17522,1.89219,43,5,Southampton
2016-09-10,16:00,,Sat,Home,W,1,0,West Brom,0.986511,1.48347,63,5,Bournemouth
2016-09-10,16:00,,Sat,Away,L,0,1,Bournemouth,1.48347,0.986511,37,2,West Brom
2016-09-10,16:00,,Sat,Home,D,1,1,Hull,0.453149,0.907116,39,2,Burnley
2016-09-10,16:00,,Sat,Away,D,1,1,Burnley,0.907116,0.453149,61,3,Hull
2016-09-10,16:00,,Sat,Home,L,1,2,Crystal Palace,0.611959,1.12437,58,4,Middlesbrough
2016-09-10,16:00,,Sat,Away,W,2,1,Middlesbrough,1.12437,0.611959,42,4,Crystal Palace
2016-09-10,16:00,,Sat,Home,L,0,4,Tottenham,1.01771,2.77025,40,2,Stoke
2016-09-10,16:00,,Sat,Away,W,4,0,Stoke,2.77025,1.01771,60,8,Tottenham
2016-09-10,16:00,,Sat,Home,L,2,4,Watford,1.32216,1.85479,58,4,West Ham
2016-09-10,16:00,,Sat,Away,W,4,2,West Ham,1.85479,1.32216,42,8,Watford
2016-09-10,18:30,,Sat,Home,W,4,1,Leicester,2.76916,1.22508,63,11,Liverpool
2016-09-10,18:30,,Sat,Away,L,1,4,Liverpool,1.22508,2.76916,37,3,Leicester
2016-09-11,17:00,,Sun,Home,D,2,2,Chelsea,1.2304,2.19035,45,2,Swansea
2016-09-11,17:00,,Sun,Away,D,2,2,Swansea,2.19035,1.2304,55,7,Chelsea
2016-09-12,21:00,,Mon,Home,L,0,3,Everton,1.0404,2.84526,33,2,Sunderland
2016-09-12,21:00,,Mon,Away,W,3,0,Sunderland,2.84526,1.0404,67,9,Everton
2016-09-16,21:00,,Fri,Home,L,1,2,Liverpool,1.16415,1.41642,53,4,Chelsea
2016-09-16,21:00,,Fri,Away,W,2,1,Chelsea,1.41642,1.16415,47,5,Liverpool
2016-09-17,16:00,,Sat,Home,L,1,4,Arsenal,0.969693,3.63453,39,2,Hull
2016-09-17,16:00,,Sat,Away,W,4,1,Hull,3.63453,0.969693,61,9,Arsenal
2016-09-17,16:00,,Sat,Home,W,3,0,Burnley,1.98503,0.464523,59,6,Leicester
2016-09-17,16:00,,Sat,Away,L,0,3,Leicester,0.464523,1.98503,41,2,Burnley
2016-09-17,16:00,,Sat,Home,W,4,0,Bournemouth,3.38733,0.389672,64,12,Manchester City
2016-09-17,16:00,,Sat,Away,L,0,4,Manchester City,0.389672,3.38733,36,2,Bournemouth
2016-09-17,16:00,,Sat,Home,W,4,2,West Ham,1.94229,2.37422,29,6,West Brom
2016-09-17,16:00,,Sat,Away,L,2,4,West Brom,2.37422,1.94229,71,5,West Ham
2016-09-17,18:30,,Sat,Home,W,3,1,Middlesbrough,1.17467,0.178081,52,6,Everton
2016-09-17,18:30,,Sat,Away,L,1,3,Everton,0.178081,1.17467,48,4,Middlesbrough
2016-09-18,13:00,,Sun,Home,W,3,1,Manchester Utd,1.74506,1.41359,40,5,Watford
2016-09-18,13:00,,Sun,Away,L,1,3,Watford,1.41359,1.74506,60,2,Manchester Utd
2016-09-18,15:15,,Sun,Home,W,4,1,Stoke,1.31366,1.20308,57,8,Crystal Palace
2016-09-18,15:15,,Sun,Away,L,1,4,Crystal Palace,1.20308,1.31366,43,4,Stoke
2016-09-18,15:15,,Sun,Home,W,1,0,Swansea,2.15218,0.490661,53,6,Southampton
2016-09-18,15:15,,Sun,Away,L,0,1,Southampton,0.490661,2.15218,47,3,Swansea
2016-09-18,17:30,,Sun,Home,W,1,0,Sunderland,2.52591,0.960821,74,9,Tottenham
2016-09-18,17:30,,Sun,Away,L,0,1,Tottenham,0.960821,2.52591,26,2,Sunderland
2016-09-24,13:30,,Sat,Home,W,4,1,Leicester,2.45604,0.286966,67,7,Manchester Utd
2016-09-24,13:30,,Sat,Away,L,1,4,Manchester Utd,0.286966,2.45604,33,3,Leicester
2016-09-24,16:00,,Sat,Home,W,1,0,Everton,0.693594,1.15724,53,1,Bournemouth
2016-09-24,16:00,,Sat,Away,L,0,1,Bournemouth,1.15724,0.693594,47,2,Everton
2016-09-24,16:00,,Sat,Home,W,5,1,Hull,4.64913,0.157549,74,12,Liverpool
2016-09-24,16:00,,Sat,Away,L,1,5,Liverpool,0.157549,4.64913,26,1,Hull
2016-09-24,16:00,,Sat,Home,L,1,2,Tottenham,0.361508,1.4158,41,2,Middlesbrough
2016-09-24,16:00,,Sat,Away,W,2,1,Middlesbrough,1.4158,0.361508,59,5,Tottenham
2016-09-24,16:00,,Sat,Home,D,1,1,West Brom,0.979673,0.270862,56,2,Stoke
2016-09-24,16:00,,Sat,Away,D,1,1,Stoke,0.270862,0.979673,44,3,West Brom
2016-09-24,16:00,,Sat,Home,L,2,3,Crystal Palace,1.51457,1.7887,46,4,Sunderland
2016-09-24,16:00,,Sat,Away,W,3,2,Sunderland,1.7887,1.51457,54,4,Crystal Palace
2016-09-24,16:00,,Sat,Home,L,1,3,Manchester City,1.11096,2.57704,42,5,Swansea
2016-09-24,16:00,,Sat,Away,W,3,1,Swansea,2.57704,1.11096,58,4,Manchester City
2016-09-24,18:30,,Sat,Home,W,3,0,Chelsea,1.66224,0.613553,50,5,Arsenal
2016-09-24,18:30,,Sat,Away,L,0,3,Arsenal,0.613553,1.66224,50,2,Chelsea
2016-09-25,17:00,,Sun,Home,L,0,3,Southampton,0.693818,2.97877,45,1,West Ham
2016-09-25,17:00,,Sun,Away,W,3,0,West Ham,2.97877,0.693818,55,9,Southampton
2016-09-26,21:00,,Mon,Home,W,2,0,Watford,0.569734,0.776105,44,4,Burnley
2016-09-26,21:00,,Mon,Away,L,0,2,Burnley,0.776105,0.569734,56,3,Watford
2016-09-30,21:00,,Fri,Home,D,1,1,Crystal Palace,1.1542,0.47692,57,3,Everton
2016-09-30,21:00,,Fri,Away,D,1,1,Everton,0.47692,1.1542,43,2,Crystal Palace
2016-10-01,13:30,,Sat,Home,L,1,2,Liverpool,2.65842,2.02239,41,3,Swansea
2016-10-01,13:30,,Sat,Away,W,2,1,Swansea,2.02239,2.65842,59,6,Liverpool
2016-10-01,16:00,,Sat,Home,L,0,2,Chelsea,0.27266,1.99155,40,3,Hull
2016-10-01,16:00,,Sat,Away,W,2,0,Hull,1.99155,0.27266,60,9,Chelsea
2016-10-01,16:00,,Sat,Home,D,1,1,West Brom,1.19268,0.88211,56,2,Sunderland
2016-10-01,16:00,,Sat,Away,D,1,1,Sunderland,0.88211,1.19268,44,7,West Brom
2016-10-01,16:00,,Sat,Home,D,2,2,Bournemouth,1.23419,1.35487,48,7,Watford
2016-10-01,16:00,,Sat,Away,D,2,2,Watford,1.35487,1.23419,52,2,Bournemouth
2016-10-01,16:00,,Sat,Home,D,1,1,Middlesbrough,0.883385,0.852603,40,2,West Ham
2016-10-01,16:00,,Sat,Away,D,1,1,West Ham,0.852603,0.883385,60,3,Middlesbrough
2016-10-02,13:00,,Sun,Home,D,1,1,Stoke,2.80988,1.20043,67,9,Manchester Utd
2016-10-02,13:00,,Sun,Away,D,1,1,Manchester Utd,1.20043,2.80988,33,6,Stoke
2016-10-02,15:15,,Sun,Home,D,0,0,Southampton,0.446309,0.920963,38,1,Leicester
2016-10-02,15:15,,Sun,Away,D,0,0,Leicester,0.920963,0.446309,62,5,Southampton
2016-10-02,15:15,,Sun,Home,W,2,0,Manchester City,1.69975,0.909513,42,7,Tottenham
2016-10-02,15:15,,Sun,Away,L,0,2,Tottenham,0.909513,1.69975,58,6,Manchester City
2016-10-02,17:30,,Sun,Home,L,0,1,Arsenal,0.608783,1.85433,33,1,Burnley
2016-10-02,17:30,,Sun,Away,W,1,0,Burnley,1.85433,0.608783,67,3,Arsenal
2016-10-15,13:30,,Sat,Home,W,3,0,Leicester,3.11573,0.182549,55,6,Chelsea
2016-10-15,13:30,,Sat,Away,L,0,3,Chelsea,0.182549,3.11573,45,0,Leicester
2016-10-15,16:00,,Sat,Home,W,3,2,Swansea,3.50519,1.74979,49,6,Arsenal
2016-10-15,16:00,,Sat,Away,L,2,3,Arsenal,1.74979,3.50519,51,6,Swansea
2016-10-15,16:00,,Sat,Home,W,6,1,Hull,2.92532,0.388589,49,10,Bournemouth
2016-10-15,16:00,,Sat,Away,L,1,6,Bournemouth,0.388589,2.92532,51,4,Hull
2016-10-15,16:00,,Sat,Home,D,1,1,Everton,2.69208,0.144498,73,8,Manchester City
2016-10-15,16:00,,Sat,Away,D,1,1,Manchester City,0.144498,2.69208,27,2,Everton
2016-10-15,16:00,,Sat,Home,W,2,0,Sunderland,2.29543,0.587572,57,6,Stoke
2016-10-15,16:00,,Sat,Away,L,0,2,Stoke,0.587572,2.29543,43,1,Sunderland
2016-10-15,16:00,,Sat,Home,D,1,1,Tottenham,1.30365,1.32318,29,4,West Brom
2016-10-15,16:00,,Sat,Away,D,1,1,West Brom,1.32318,1.30365,71,8,Tottenham
2016-10-15,18:30,,Sat,Home,L,0,1,West Ham,1.94599,0.874219,56,3,Crystal Palace
2016-10-15,18:30,,Sat,Away,W,1,0,Crystal Palace,0.874219,1.94599,44,4,West Ham
2016-10-16,14:30,,Sun,Home,L,0,1,Watford,0.528576,0.0893749,64,3,Middlesbrough
2016-10-16,14:30,,Sun,Away,W,1,0,Middlesbrough,0.0893749,0.528576,36,2,Watford
2016-10-16,17:00,,Sun,Home,W,3,1,Burnley,4.21181,1.03126,65,14,Southampton
2016-10-16,17:00,,Sun,Away,L,1,3,Southampton,1.03126,4.21181,35,1,Burnley
2016-10-17,21:00,,Mon,Home,D,0,0,Manchester Utd,0.270441,0.537762,65,3,Liverpool
2016-10-17,21:00,,Mon,Away,D,0,0,Liverpool,0.537762,0.270441,35,1,Manchester Utd
2016-10-22,13:30,,Sat,Home,D,0,0,Tottenham,0.523371,0.74529,38,1,Bournemouth
2016-10-22,13:30,,Sat,Away,D,0,0,Bournemouth,0.74529,0.523371,62,4,Tottenham
2016-10-22,16:00,,Sat,Home,D,0,0,Middlesbrough,0.711811,1.55581,75,5,Arsenal
2016-10-22,16:00,,Sat,Away,D,0,0,Arsenal,1.55581,0.711811,25,4,Middlesbrough
2016-10-22,16:00,,Sat,Home,W,2,1,Everton,0.905579,0.752795,34,3,Burnley
2016-10-22,16:00,,Sat,Away,L,1,2,Burnley,0.752795,0.905579,66,8,Everton
2016-10-22,16:00,,Sat,Home,L,0,2,Stoke,0.701606,1.04273,49,2,Hull
2016-10-22,16:00,,Sat,Away,W,2,0,Hull,1.04273,0.701606,51,6,Stoke
2016-10-22,16:00,,Sat,Home,W,3,1,Crystal Palace,1.7041,1.656,45,4,Leicester
2016-10-22,16:00,,Sat,Away,L,1,3,Leicester,1.656,1.7041,55,7,Crystal Palace
2016-10-22,16:00,,Sat,Home,D,0,0,Watford,1.33215,0.478578,54,5,Swansea
2016-10-22,16:00,,Sat,Away,D,0,0,Swansea,0.478578,1.33215,46,2,Watford
2016-10-22,16:00,,Sat,Home,W,1,0,Sunderland,1.19585,0.808339,65,3,West Ham
2016-10-22,16:00,,Sat,Away,L,0,1,West Ham,0.808339,1.19585,35,2,Sunderland
2016-10-22,18:30,,Sat,Home,W,2,1,West Brom,2.2952,0.685982,68,7,Liverpool
2016-10-22,18:30,,Sat,Away,L,1,2,Liverpool,0.685982,2.2952,32,1,West Brom
2016-10-23,14:30,,Sun,Home,D,1,1,Southampton,1.15321,0.563752,65,3,Manchester City
2016-10-23,14:30,,Sun,Away,D,1,1,Manchester City,0.563752,1.15321,35,2,Southampton
2016-10-23,17:00,,Sun,Home,W,4,0,Manchester Utd,2.25192,0.742805,44,6,Chelsea
2016-10-23,17:00,,Sun,Away,L,0,4,Chelsea,0.742805,2.25192,56,5,Manchester Utd
2016-10-29,13:30,,Sat,Home,L,1,4,Arsenal,0.853434,2.48348,34,1,Sunderland
2016-10-29,13:30,,Sat,Away,W,4,1,Sunderland,2.48348,0.853434,66,7,Arsenal
2016-10-29,16:00,,Sat,Home,D,0,0,Burnley,2.72391,0.327957,72,11,Manchester Utd
2016-10-29,16:00,,Sat,Away,D,0,0,Manchester Utd,0.327957,2.72391,28,1,Burnley
2016-10-29,16:00,,Sat,Home,W,2,0,Bournemouth,1.44317,1.54599,40,3,Middlesbrough
2016-10-29,16:00,,Sat,Away,L,0,2,Middlesbrough,1.54599,1.44317,60,3,Bournemouth
2016-10-29,16:00,,Sat,Home,D,1,1,Leicester,1.69833,0.740987,64,5,Tottenham
2016-10-29,16:00,,Sat,Away,D,1,1,Tottenham,0.740987,1.69833,36,1,Leicester
2016-10-29,16:00,,Sat,Home,W,1,0,Hull,1.14991,0.251367,54,0,Watford
2016-10-29,16:00,,Sat,Away,L,0,1,Watford,0.251367,1.14991,46,2,Hull
2016-10-29,16:00,,Sat,Home,L,0,4,Manchester City,0.596605,2.48018,30,1,West Brom
2016-10-29,16:00,,Sat,Away,W,4,0,West Brom,2.48018,0.596605,70,8,Manchester City
2016-10-29,18:30,,Sat,Home,L,2,4,Liverpool,0.496044,2.26056,44,6,Crystal Palace
2016-10-29,18:30,,Sat,Away,W,4,2,Crystal Palace,2.26056,0.496044,56,10,Liverpool
2016-10-30,14:30,,Sun,Home,W,2,0,West Ham,2.0087,0.944816,49,6,Everton
2016-10-30,14:30,,Sun,Away,L,0,2,Everton,0.944816,2.0087,51,3,West Ham
2016-10-30,17:00,,Sun,Home,L,0,2,Chelsea,0.422364,1.14759,55,1,Southampton
2016-10-30,17:00,,Sun,Away,W,2,0,Southampton,1.14759,0.422364,45,7,Chelsea
2016-10-31,21:00,,Mon,Home,W,3,1,Swansea,,,46,4,Stoke
2016-10-31,21:00,,Mon,Away,L,1,3,Stoke,,,54,6,Swansea
2016-11-05,16:00,,Sat,Home,L,1,2,Sunderland,2.6457,1.13672,70,7,Bournemouth
2016-11-05,16:00,,Sat,Away,W,2,1,Bournemouth,1.13672,2.6457,30,4,Sunderland
2016-11-05,16:00,,Sat,Home,W,3,2,Crystal Palace,2.25738,2.05902,38,7,Burnley
2016-11-05,16:00,,Sat,Away,L,2,3,Burnley,2.05902,2.25738,62,5,Crystal Palace
2016-11-05,16:00,,Sat,Home,D,1,1,Middlesbrough,2.49606,0.208762,71,7,Manchester City
2016-11-05,16:00,,Sat,Away,D,1,1,Manchester City,0.208762,2.49606,29,3,Middlesbrough
2016-11-05,16:00,,Sat,Home,D,1,1,Stoke,0.404528,0.81046,58,2,West Ham
2016-11-05,16:00,,Sat,Away,D,1,1,West Ham,0.81046,0.404528,42,4,Stoke
2016-11-05,18:30,,Sat,Home,W,5,0,Everton,1.94078,0.0131321,60,9,Chelsea
2016-11-05,18:30,,Sat,Away,L,0,5,Chelsea,0.0131321,1.94078,40,0,Everton
2016-11-06,13:00,,Sun,Home,D,1,1,Tottenham,0.675745,1.19585,46,2,Arsenal
2016-11-06,13:00,,Sun,Away,D,1,1,Arsenal,1.19585,0.675745,54,3,Tottenham
2016-11-06,15:15,,Sun,Home,W,2,1,Southampton,0.561215,2.03046,34,2,Hull
2016-11-06,15:15,,Sun,Away,L,1,2,Hull,2.03046,0.561215,66,7,Southampton
2016-11-06,15:15,,Sun,Home,W,6,1,Watford,4.18366,0.771133,60,17,Liverpool
2016-11-06,15:15,,Sun,Away,L,1,6,Liverpool,0.771133,4.18366,40,8,Watford
2016-11-06,16:00,,Sun,Home,L,1,3,Manchester Utd,0.51266,1.00006,37,1,Swansea
2016-11-06,16:00,,Sun,Away,W,3,1,Swansea,1.00006,0.51266,63,3,Manchester Utd
2016-11-06,17:30,,Sun,Home,L,1,2,West Brom,0.629678,0.78196,59,2,Leicester
2016-11-06,17:30,,Sun,Away,W,2,1,Leicester,0.78196,0.629678,41,5,West Brom
2016-11-19,13:30,,Sat,Home,D,1,1,Arsenal,0.511462,0.575813,45,5,Manchester Utd
2016-11-19,13:30,,Sat,Away,D,1,1,Manchester Utd,0.575813,0.511462,55,1,Arsenal
2016-11-19,16:00,,Sat,Home,L,1,2,Manchester City,0.431559,1.39421,38,2,Crystal Palace
2016-11-19,16:00,,Sat,Away,W,2,1,Crystal Palace,1.39421,0.431559,62,4,Manchester City
2016-11-19,16:00,,Sat,Home,D,1,1,Swansea,1.54877,1.07471,62,6,Everton
2016-11-19,16:00,,Sat,Away,D,1,1,Everton,1.07471,1.54877,38,3,Swansea
2016-11-19,16:00,,Sat,Home,D,0,0,Liverpool,0.0942055,1.68802,35,0,Southampton
2016-11-19,16:00,,Sat,Away,D,0,0,Southampton,1.68802,0.0942055,65,2,Liverpool
2016-11-19,16:00,,Sat,Home,L,0,1,Bournemouth,1.60429,1.24012,51,6,Stoke
2016-11-19,16:00,,Sat,Away,W,1,0,Stoke,1.24012,1.60429,49,2,Bournemouth
2016-11-19,16:00,,Sat,Home,W,3,0,Hull,0.951511,1.25065,42,4,Sunderland
2016-11-19,16:00,,Sat,Away,L,0,3,Sunderland,1.25065,0.951511,58,7,Hull
2016-11-19,16:00,,Sat,Home,W,2,1,Leicester,0.7197,1.19686,45,3,Watford
2016-11-19,16:00,,Sat,Away,L,1,2,Watford,1.19686,0.7197,55,2,Leicester
2016-11-19,18:30,,Sat,Home,W,3,2,West Ham,2.53396,1.76706,67,6,Tottenham
2016-11-19,18:30,,Sat,Away,L,2,3,Tottenham,1.76706,2.53396,33,3,West Ham
2016-11-20,17:00,,Sun,Home,L,0,1,Chelsea,0.55976,1.68738,42,1,Middlesbrough
2016-11-20,17:00,,Sun,Away,W,1,0,Middlesbrough,1.68738,0.55976,58,3,Chelsea
2016-11-21,21:00,,Mon,Home,W,4,0,Burnley,,,45,6,West Brom
2016-11-21,21:00,,Mon,Away,L,0,4,West Brom,,,55,2,Burnley
2016-11-26,13:30,,Sat,Home,L,1,2,Manchester City,0.475642,2.25698,33,5,Burnley
2016-11-26,13:30,,Sat,Away,W,2,1,Burnley,2.25698,0.475642,67,5,Manchester City
2016-11-26,16:00,,Sat,Home,D,1,1,West Brom,0.424457,1.40213,53,4,Hull
2016-11-26,16:00,,Sat,Away,D,1,1,Hull,1.40213,0.424457,47,2,West Brom
2016-11-26,16:00,,Sat,Home,D,2,2,Middlesbrough,2.0478,0.425252,41,3,Leicester
2016-11-26,16:00,,Sat,Away,D,2,2,Leicester,0.425252,2.0478,59,2,Middlesbrough
2016-11-26,16:00,,Sat,Home,W,2,0,Sunderland,2.02461,0.291073,78,7,Liverpool
2016-11-26,16:00,,Sat,Away,L,0,2,Liverpool,0.291073,2.02461,22,1,Sunderland
2016-11-26,16:00,,Sat,Home,W,5,4,Crystal Palace,3.3955,2.28156,57,9,Swansea
2016-11-26,16:00,,Sat,Away,L,4,5,Swansea,2.28156,3.3955,43,4,Crystal Palace
2016-11-26,18:30,,Sat,Home,W,2,1,Tottenham,1.24948,0.422568,46,5,Chelsea
2016-11-26,18:30,,Sat,Away,L,1,2,Chelsea,0.422568,1.24948,54,6,Tottenham
2016-11-27,13:00,,Sun,Home,L,0,1,Stoke,0.541915,0.704736,50,2,Watford
2016-11-27,13:00,,Sun,Away,W,1,0,Watford,0.704736,0.541915,50,1,Stoke
2016-11-27,15:15,,Sun,Home,W,3,1,Bournemouth,2.8697,2.0491,52,3,Arsenal
2016-11-27,15:15,,Sun,Away,L,1,3,Arsenal,2.0491,2.8697,48,3,Bournemouth
2016-11-27,17:30,,Sun,Home,D,1,1,West Ham,1.44452,0.749388,68,8,Manchester Utd
2016-11-27,17:30,,Sun,Away,D,1,1,Manchester Utd,0.749388,1.44452,32,2,West Ham
2016-11-27,17:30,,Sun,Home,W,1,0,Everton,2.80562,0.615174,53,7,Southampton
2016-11-27,17:30,,Sun,Away,L,0,1,Southampton,0.615174,2.80562,47,1,Everton
2016-12-03,13:30,,Sat,Home,L,1,3,Chelsea,2.24061,1.2848,61,5,Manchester City
2016-12-03,13:30,,Sat,Away,W,3,1,Manchester City,1.2848,2.24061,39,4,Chelsea
2016-12-03,16:00,,Sat,Home,W,3,0,Southampton,2.20073,0.764357,42,4,Crystal Palace
2016-12-03,16:00,,Sat,Away,L,0,3,Crystal Palace,0.764357,2.20073,58,3,Southampton
2016-12-03,16:00,,Sat,Home,W,2,0,Burnley,1.12929,0.773995,57,4,Stoke
2016-12-03,16:00,,Sat,Away,L,0,2,Stoke,0.773995,1.12929,43,4,Burnley
2016-12-03,16:00,,Sat,Home,W,2,1,Leicester,1.4282,1.13791,53,6,Sunderland
2016-12-03,16:00,,Sat,Away,L,1,2,Sunderland,1.13791,1.4282,47,5,Leicester
2016-12-03,16:00,,Sat,Home,W,5,0,Swansea,3.9767,0.0342109,60,15,Tottenham
2016-12-03,16:00,,Sat,Away,L,0,5,Tottenham,0.0342109,3.9767,40,0,Swansea
2016-12-03,16:00,,Sat,Home,W,3,1,Watford,1.17737,1.476,41,3,West Brom
2016-12-03,16:00,,Sat,Away,L,1,3,West Brom,1.476,1.17737,59,5,Watford
2016-12-03,18:30,,Sat,Home,L,1,5,Arsenal,0.882486,2.96923,50,3,West Ham
2016-12-03,18:30,,Sat,Away,W,5,1,West Ham,2.96923,0.882486,50,10,Arsenal
2016-12-04,14:30,,Sun,Home,W,4,3,Liverpool,2.54396,1.26532,40,8,Bournemouth
2016-12-04,14:30,,Sun,Away,L,3,4,Bournemouth,1.26532,2.54396,60,3,Liverpool
2016-12-04,17:00,,Sun,Home,D,1,1,Manchester Utd,1.64985,0.541299,46,6,Everton
2016-12-04,17:00,,Sun,Away,D,1,1,Everton,0.541299,1.64985,54,2,Manchester Utd
2016-12-05,21:00,,Mon,Home,W,1,0,Hull,,,61,4,Middlesbrough
2016-12-05,21:00,,Mon,Away,L,0,1,Middlesbrough,,,39,2,Hull
2016-12-10,13:30,,Sat,Home,W,3,2,Everton,1.49271,1.09675,47,6,Watford
2016-12-10,13:30,,Sat,Away,L,2,3,Watford,1.09675,1.49271,53,4,Everton
2016-12-10,16:00,,Sat,Home,W,3,1,Stoke,1.58027,1.29401,64,6,Arsenal
2016-12-10,16:00,,Sat,Away,L,1,3,Arsenal,1.29401,1.58027,36,5,Stoke
2016-12-10,16:00,,Sat,Home,W,3,2,Bournemouth,2.15178,1.00194,31,7,Burnley
2016-12-10,16:00,,Sat,Away,L,2,3,Burnley,1.00194,2.15178,69,4,Bournemouth
2016-12-10,16:00,,Sat,Home,D,3,3,Crystal Palace,2.16649,1.50059,57,6,Hull
2016-12-10,16:00,,Sat,Away,D,3,3,Hull,1.50059,2.16649,43,6,Crystal Palace
2016-12-10,16:00,,Sat,Home,W,3,0,Sunderland,2.18185,0.672058,62,5,Swansea
2016-12-10,16:00,,Sat,Away,L,0,3,Swansea,0.672058,2.18185,38,2,Sunderland
2016-12-10,18:30,,Sat,Home,W,4,2,Manchester City,2.60583,0.970372,22,6,Leicester
2016-12-10,18:30,,Sat,Away,L,2,4,Leicester,0.970372,2.60583,78,4,Manchester City
2016-12-11,13:00,,Sun,Home,W,1,0,West Brom,0.551109,0.212574,67,2,Chelsea
2016-12-11,13:00,,Sun,Away,L,0,1,Chelsea,0.212574,0.551109,33,1,West Brom
2016-12-11,15:15,,Sun,Home,W,1,0,Tottenham,1.04894,0.720341,40,5,Manchester Utd
2016-12-11,15:15,,Sun,Away,L,0,1,Manchester Utd,0.720341,1.04894,60,4,Tottenham
2016-12-11,15:15,,Sun,Home,W,1,0,Middlesbrough,1.72919,0.493941,55,3,Southampton
2016-12-11,15:15,,Sun,Away,L,0,1,Southampton,0.493941,1.72919,45,2,Middlesbrough
2016-12-11,17:30,,Sun,Home,D,2,2,West Ham,1.79134,0.64998,68,3,Liverpool
2016-12-11,17:30,,Sun,Away,D,2,2,Liverpool,0.64998,1.79134,32,3,West Ham
2016-12-13,20:45,,Tue,Home,W,1,0,Leicester,0.64118,1.6751,63,3,Bournemouth
2016-12-13,20:45,,Tue,Away,L,0,1,Bournemouth,1.6751,0.64118,37,4,Leicester
2016-12-13,20:45,,Tue,Home,W,2,1,Arsenal,1.46034,1.3508,42,4,Everton
2016-12-13,20:45,,Tue,Away,L,1,2,Everton,1.3508,1.46034,58,3,Arsenal
2016-12-14,20:45,,Wed,Home,L,0,3,Liverpool,0.161583,2.13526,36,3,Middlesbrough
2016-12-14,20:45,,Wed,Away,W,3,0,Middlesbrough,2.13526,0.161583,64,4,Liverpool
2016-12-14,20:45,,Wed,Home,L,0,1,Chelsea,0.473979,1.22459,34,3,Sunderland
2016-12-14,20:45,,Wed,Away,W,1,0,Sunderland,1.22459,0.473979,66,6,Chelsea
2016-12-14,20:45,,Wed,Home,W,1,0,Burnley,1.67016,0.923353,46,4,West Ham
2016-12-14,20:45,,Wed,Away,L,0,1,West Ham,0.923353,1.67016,54,4,Burnley
2016-12-14,21:00,,Wed,Home,L,1,2,Manchester Utd,,,39,3,Crystal Palace
2016-12-14,21:00,,Wed,Away,W,2,1,Crystal Palace,,,61,6,Manchester Utd
2016-12-14,21:00,,Wed,Home,W,2,0,Watford,,,64,7,Manchester City
2016-12-14,21:00,,Wed,Away,L,0,2,Manchester City,,,36,2,Watford
2016-12-14,21:00,,Wed,Home,D,0,0,Southampton,,,29,3,Stoke
2016-12-14,21:00,,Wed,Away,D,0,0,Stoke,,,71,4,Southampton
2016-12-14,21:00,,Wed,Home,W,3,0,Hull,,,63,9,Tottenham
2016-12-14,21:00,,Wed,Away,L,0,3,Tottenham,,,37,5,Hull
2016-12-14,21:00,,Wed,Home,W,3,1,Swansea,,,39,4,West Brom
2016-12-14,21:00,,Wed,Away,L,1,3,West Brom,,,61,4,Swansea
2016-12-17,13:30,,Sat,Home,L,0,1,Chelsea,0.356331,0.81444,53,2,Crystal Palace
2016-12-17,13:30,,Sat,Away,W,1,0,Crystal Palace,0.81444,0.356331,47,6,Chelsea
2016-12-17,16:00,,Sat,Home,W,3,0,Swansea,1.71549,0.602249,43,4,Middlesbrough
2016-12-17,16:00,,Sat,Away,L,0,3,Middlesbrough,0.602249,1.71549,57,2,Swansea
2016-12-17,16:00,,Sat,Home,D,2,2,Leicester,2.518,1.25572,65,7,Stoke
2016-12-17,16:00,,Sat,Away,D,2,2,Stoke,1.25572,2.518,35,8,Leicester
2016-12-17,16:00,,Sat,Home,W,1,0,Watford,1.13526,1.07552,42,4,Sunderland
2016-12-17,16:00,,Sat,Away,L,0,1,Sunderland,1.07552,1.13526,58,4,Watford
2016-12-17,16:00,,Sat,Home,W,1,0,Hull,1.92151,1.13479,57,6,West Ham
2016-12-17,16:00,,Sat,Away,L,0,1,West Ham,1.13479,1.92151,43,5,Hull
2016-12-17,18:30,,Sat,Home,L,0,2,Manchester Utd,0.600426,0.983306,43,1,West Brom
2016-12-17,18:30,,Sat,Away,W,2,0,West Brom,0.983306,0.600426,57,5,Manchester Utd
2016-12-18,14:30,,Sun,Home,L,1,3,Southampton,0.492912,1.69451,47,5,Bournemouth
2016-12-18,14:30,,Sun,Away,W,3,1,Bournemouth,1.69451,0.492912,53,8,Southampton
2016-12-18,17:00,,Sun,Home,W,2,1,Arsenal,1.5186,0.609893,61,5,Manchester City
2016-12-18,17:00,,Sun,Away,L,1,2,Manchester City,0.609893,1.5186,39,1,Arsenal
2016-12-18,17:00,,Sun,Home,W,2,1,Burnley,1.50755,1.17031,60,9,Tottenham
2016-12-18,17:00,,Sun,Away,L,1,2,Tottenham,1.17031,1.50755,40,2,Burnley
2016-12-19,21:00,,Mon,Home,L,0,1,Liverpool,,,32,1,Everton
2016-12-19,21:00,,Mon,Away,W,1,0,Everton,,,68,4,Liverpool
2016-12-26,13:30,,Mon,Home,D,1,1,Crystal Palace,0.959496,1.53834,56,3,Watford
2016-12-26,13:30,,Mon,Away,D,1,1,Watford,1.53834,0.959496,44,4,Crystal Palace
2016-12-26,16:00,,Mon,Home,W,1,0,West Brom,1.97881,0.687502,76,11,Arsenal
2016-12-26,16:00,,Mon,Away,L,0,1,Arsenal,0.687502,1.97881,24,1,West Brom
2016-12-26,16:00,,Mon,Home,W,1,0,Middlesbrough,0.275704,0.698814,44,4,Burnley
2016-12-26,16:00,,Mon,Away,L,0,1,Burnley,0.698814,0.275704,56,2,Middlesbrough
2016-12-26,16:00,,Mon,Home,W,3,0,Bournemouth,1.71303,0.650942,44,4,Chelsea
2016-12-26,16:00,,Mon,Away,L,0,3,Chelsea,0.650942,1.71303,56,3,Bournemouth
2016-12-26,16:00,,Mon,Home,L,0,2,Everton,0.377464,1.25512,43,2,Leicester
2016-12-26,16:00,,Mon,Away,W,2,0,Leicester,1.25512,0.377464,57,3,Everton
2016-12-26,16:00,,Mon,Home,W,3,1,Sunderland,2.32117,0.488541,62,9,Manchester Utd
2016-12-26,16:00,,Mon,Away,L,1,3,Manchester Utd,0.488541,2.32117,38,4,Sunderland
2016-12-26,16:00,,Mon,Home,L,1,4,West Ham,0.954864,3.40585,56,7,Swansea
2016-12-26,16:00,,Mon,Away,W,4,1,Swansea,3.40585,0.954864,44,7,West Ham
2016-12-26,18:15,,Mon,Home,L,0,3,Manchester City,0.350069,2.22237,33,3,Hull
2016-12-26,18:15,,Mon,Away,W,3,0,Hull,2.22237,0.350069,67,6,Manchester City
2016-12-27,18:15,,Tue,Home,W,4,1,Stoke,1.66669,0.389104,64,6,Liverpool
2016-12-27,18:15,,Tue,Away,L,1,4,Liverpool,0.389104,1.66669,36,2,Stoke
2016-12-28,20:45,,Wed,Home,L,1,4,Tottenham,0.403743,1.61035,35,2,Southampton
2016-12-28,20:45,,Wed,Away,W,4,1,Southampton,1.61035,0.403743,65,5,Tottenham
2016-12-30,21:00,,Fri,Home,D,2,2,Everton,,,43,4,Hull
2016-12-30,21:00,,Fri,Away,D,2,2,Hull,,,57,7,Everton
2016-12-31,16:00,,Sat,Home,W,4,1,Sunderland,2.72471,0.465701,46,6,Burnley
2016-12-31,16:00,,Sat,Away,L,1,4,Burnley,0.465701,2.72471,54,3,Sunderland
2016-12-31,16:00,,Sat,Home,W,4,2,Stoke,1.94737,0.858417,60,7,Chelsea
2016-12-31,16:00,,Sat,Away,L,2,4,Chelsea,0.858417,1.94737,40,2,Stoke
2016-12-31,16:00,,Sat,Home,W,1,0,West Ham,1.10842,1.58333,40,4,Leicester
2016-12-31,16:00,,Sat,Away,L,0,1,Leicester,1.58333,1.10842,60,5,West Ham
2016-12-31,16:00,,Sat,Home,W,2,1,Middlesbrough,2.53996,0.64492,66,12,Manchester Utd
2016-12-31,16:00,,Sat,Away,L,1,2,Manchester Utd,0.64492,2.53996,34,2,Middlesbrough
2016-12-31,16:00,,Sat,Home,L,1,2,West Brom,0.371668,0.6675,68,1,Southampton
2016-12-31,16:00,,Sat,Away,W,2,1,Southampton,0.6675,0.371668,32,3,West Brom
2016-12-31,16:00,,Sat,Home,L,0,3,Bournemouth,0.515218,2.43608,45,5,Swansea
2016-12-31,16:00,,Sat,Away,W,3,0,Swansea,2.43608,0.515218,55,6,Bournemouth
2016-12-31,18:30,,Sat,Home,W,1,0,Manchester City,0.256825,0.352445,43,1,Liverpool
2016-12-31,18:30,,Sat,Away,L,0,1,Liverpool,0.352445,0.256825,57,2,Manchester City
2017-01-01,14:30,,Sun,Home,L,1,4,Tottenham,1.26331,3.06509,34,2,Watford
2017-01-01,14:30,,Sun,Away,W,4,1,Watford,3.06509,1.26331,66,6,Tottenham
2017-01-01,17:00,,Sun,Home,W,2,0,Crystal Palace,1.67138,0.221469,64,7,Arsenal
2017-01-01,17:00,,Sun,Away,L,0,2,Arsenal,0.221469,1.67138,36,4,Crystal Palace
2017-01-02,13:30,,Mon,Home,D,0,0,Leicester,0.697108,0.477078,62,1,Middlesbrough
2017-01-02,13:30,,Mon,Away,D,0,0,Middlesbrough,0.477078,0.697108,38,4,Leicester
2017-01-02,16:00,,Mon,Home,W,3,0,Southampton,2.34997,1.01083,54,6,Everton
2017-01-02,16:00,,Mon,Away,L,0,3,Everton,1.01083,2.34997,46,3,Southampton
2017-01-02,16:00,,Mon,Home,W,2,1,Burnley,0.617412,0.642111,55,3,Manchester City
2017-01-02,16:00,,Mon,Away,L,1,2,Manchester City,0.642111,0.617412,45,3,Burnley
2017-01-02,16:00,,Mon,Home,D,2,2,Liverpool,1.91057,2.332,29,5,Sunderland
2017-01-02,16:00,,Mon,Away,D,2,2,Sunderland,2.332,1.91057,71,15,Liverpool
2017-01-02,16:00,,Mon,Home,W,3,1,Hull,0.883566,0.992341,41,5,West Brom
2017-01-02,16:00,,Mon,Away,L,1,3,West Brom,0.992341,0.883566,59,6,Hull
2017-01-02,18:15,,Mon,Home,L,0,2,Manchester Utd,0.799911,1.64905,36,2,West Ham
2017-01-02,18:15,,Mon,Away,W,2,0,West Ham,1.64905,0.799911,64,6,Manchester Utd
2017-01-03,20:45,,Tue,Home,D,3,3,Arsenal,1.55859,1.12629,40,6,Bournemouth
2017-01-03,20:45,,Tue,Away,D,3,3,Bournemouth,1.12629,1.55859,60,4,Arsenal
2017-01-03,21:00,,Tue,Home,L,1,2,Swansea,,,47,3,Crystal Palace
2017-01-03,21:00,,Tue,Away,W,2,1,Crystal Palace,,,53,4,Swansea
2017-01-03,21:00,,Tue,Home,W,2,0,Watford,,,54,5,Stoke
2017-01-03,21:00,,Tue,Away,L,0,2,Stoke,,,46,2,Watford
2017-01-04,21:00,,Wed,Home,W,2,0,Chelsea,,,46,2,Tottenham
2017-01-04,21:00,,Wed,Away,L,0,2,Tottenham,,,54,2,Chelsea
2017-01-14,13:30,,Sat,Home,W,4,0,West Brom,2.65474,0.165019,73,11,Tottenham
2017-01-14,13:30,,Sat,Away,L,0,4,Tottenham,0.165019,2.65474,27,0,West Brom
2017-01-14,16:00,,Sat,Home,W,1,0,Southampton,0.464555,0.962065,41,3,Burnley
2017-01-14,16:00,,Sat,Away,L,0,1,Burnley,0.962065,0.464555,59,5,Southampton
2017-01-14,16:00,,Sat,Home,W,3,1,Bournemouth,1.18904,1.43455,39,3,Hull
2017-01-14,16:00,,Sat,Away,L,1,3,Hull,1.43455,1.18904,61,6,Bournemouth
2017-01-14,16:00,,Sat,Home,L,1,3,Stoke,1.1365,1.22897,51,3,Sunderland
2017-01-14,16:00,,Sat,Away,W,3,1,Sunderland,1.22897,1.1365,49,6,Stoke
2017-01-14,16:00,,Sat,Home,L,0,4,Arsenal,0.488485,2.31811,43,3,Swansea
2017-01-14,16:00,,Sat,Away,W,4,0,Swansea,2.31811,0.488485,57,6,Arsenal
2017-01-14,16:00,,Sat,Home,D,0,0,Middlesbrough,0.835827,0.325347,47,5,Watford
2017-01-14,16:00,,Sat,Away,D,0,0,Watford,0.325347,0.835827,53,1,Middlesbrough
2017-01-14,16:00,,Sat,Home,W,3,0,Crystal Palace,1.72338,1.06181,44,3,West Ham
2017-01-14,16:00,,Sat,Away,L,0,3,West Ham,1.06181,1.72338,56,1,Crystal Palace
2017-01-14,18:30,,Sat,Home,L,0,3,Chelsea,0.179144,0.738826,35,2,Leicester
2017-01-14,18:30,,Sat,Away,W,3,0,Leicester,0.738826,0.179144,65,3,Chelsea
2017-01-15,14:30,,Sun,Home,W,4,0,Manchester City,0.572528,0.569286,29,4,Everton
2017-01-15,14:30,,Sun,Away,L,0,4,Everton,0.569286,0.572528,71,5,Manchester City
2017-01-15,17:00,,Sun,Home,D,1,1,Liverpool,1.03178,1.46058,55,3,Manchester Utd
2017-01-15,17:00,,Sun,Away,D,1,1,Manchester Utd,1.46058,1.03178,45,4,Liverpool
2017-01-21,13:30,,Sat,Home,L,2,3,Swansea,1.24037,1.60482,74,5,Liverpool
2017-01-21,13:30,,Sat,Away,W,3,2,Liverpool,1.60482,1.24037,26,3,Swansea
2017-01-21,16:00,,Sat,Home,D,2,2,Watford,1.14791,1.08731,63,5,Bournemouth
2017-01-21,16:00,,Sat,Away,D,2,2,Bournemouth,1.08731,1.14791,37,3,Watford
2017-01-21,16:00,,Sat,Home,L,0,1,Everton,0.463733,0.949561,44,2,Crystal Palace
2017-01-21,16:00,,Sat,Away,W,1,0,Crystal Palace,0.949561,0.463733,56,8,Everton
2017-01-21,16:00,,Sat,Home,L,1,3,West Ham,0.958825,2.6558,61,2,Middlesbrough
2017-01-21,16:00,,Sat,Away,W,3,1,Middlesbrough,2.6558,0.958825,39,5,West Ham
2017-01-21,16:00,,Sat,Home,D,1,1,Manchester Utd,0.353777,1.74295,35,1,Stoke
2017-01-21,16:00,,Sat,Away,D,1,1,Stoke,1.74295,0.353777,65,8,Manchester Utd
2017-01-21,16:00,,Sat,Home,W,2,0,Sunderland,1.3279,0.440887,44,5,West Brom
2017-01-21,16:00,,Sat,Away,L,0,2,West Brom,0.440887,1.3279,56,3,Sunderland
2017-01-21,18:30,,Sat,Home,D,2,2,Tottenham,2.52702,1.12391,55,7,Manchester City
2017-01-21,18:30,,Sat,Away,D,2,2,Manchester City,1.12391,2.52702,45,2,Tottenham
2017-01-22,13:00,,Sun,Home,W,3,0,Leicester,2.49923,0.935866,60,7,Southampton
2017-01-22,13:00,,Sun,Away,L,0,3,Southampton,0.935866,2.49923,40,2,Leicester
2017-01-22,15:15,,Sun,Home,W,2,1,Burnley,1.86443,1.29948,70,8,Arsenal
2017-01-22,15:15,,Sun,Away,L,1,2,Arsenal,1.29948,1.86443,30,7,Burnley
2017-01-22,17:30,,Sun,Home,W,2,0,Hull,1.47165,0.314532,53,5,Chelsea
2017-01-22,17:30,,Sun,Away,L,0,2,Chelsea,0.314532,1.47165,47,4,Hull
2017-01-31,20:45,,Tue,Home,L,1,2,Watford,1.07765,0.918309,74,5,Arsenal
2017-01-31,20:45,,Tue,Away,W,2,1,Arsenal,0.918309,1.07765,26,6,Watford
2017-01-31,20:45,,Tue,Home,L,0,2,Crystal Palace,0.32099,1.60667,65,2,Bournemouth
2017-01-31,20:45,,Tue,Away,W,2,0,Bournemouth,1.60667,0.32099,35,4,Crystal Palace
2017-01-31,20:45,,Tue,Home,W,1,0,Leicester,1.82995,0.775645,59,3,Burnley
2017-01-31,20:45,,Tue,Away,L,0,1,Burnley,0.775645,1.82995,41,5,Leicester
2017-01-31,20:45,,Tue,Home,D,1,1,West Brom,1.18135,1.25288,62,3,Middlesbrough
2017-01-31,20:45,,Tue,Away,D,1,1,Middlesbrough,1.25288,1.18135,38,5,West Brom
2017-01-31,20:45,,Tue,Home,D,0,0,Tottenham,0.228009,0.682758,28,1,Sunderland
2017-01-31,20:45,,Tue,Away,D,0,0,Sunderland,0.682758,0.228009,72,3,Tottenham
2017-01-31,20:45,,Tue,Home,W,2,1,Southampton,0.760046,0.907103,43,5,Swansea
2017-01-31,20:45,,Tue,Away,L,1,2,Swansea,0.907103,0.760046,57,2,Southampton
2017-01-31,21:00,,Tue,Home,D,1,1,Chelsea,1.20485,1.0666,62,3,Liverpool
2017-01-31,21:00,,Tue,Away,D,1,1,Liverpool,1.0666,1.20485,38,2,Chelsea
2017-02-01,20:45,,Wed,Home,L,0,4,Manchester City,0.49472,2.66472,30,1,West Ham
2017-02-01,20:45,,Wed,Away,W,4,0,West Ham,2.66472,0.49472,70,4,Manchester City
2017-02-01,21:00,,Wed,Home,D,0,0,Hull,1.48151,0.395896,67,6,Manchester Utd
2017-02-01,21:00,,Wed,Away,D,0,0,Manchester Utd,0.395896,1.48151,33,2,Hull
2017-02-01,21:00,,Wed,Home,D,1,1,Everton,1.7362,0.870158,47,7,Stoke
2017-02-01,21:00,,Wed,Away,D,1,1,Stoke,0.870158,1.7362,53,5,Everton
2017-02-04,13:30,,Sat,Home,W,3,1,Arsenal,1.95451,0.950035,42,6,Chelsea
2017-02-04,13:30,,Sat,Away,L,1,3,Chelsea,0.950035,1.95451,58,5,Arsenal
2017-02-04,16:00,,Sat,Home,L,0,4,Sunderland,2.45994,0.837361,65,9,Crystal Palace
2017-02-04,16:00,,Sat,Away,W,4,0,Crystal Palace,0.837361,2.45994,35,7,Sunderland
2017-02-04,16:00,,Sat,Home,W,6,3,Bournemouth,2.75981,2.1501,46,10,Everton
2017-02-04,16:00,,Sat,Away,L,3,6,Everton,2.1501,2.75981,54,8,Bournemouth
2017-02-04,16:00,,Sat,Home,W,2,0,Liverpool,1.88587,1.12538,28,4,Hull
2017-02-04,16:00,,Sat,Away,L,0,2,Hull,1.12538,1.88587,72,5,Liverpool
2017-02-04,16:00,,Sat,Home,L,1,3,West Ham,1.06276,0.91785,55,7,Southampton
2017-02-04,16:00,,Sat,Away,W,3,1,Southampton,0.91785,1.06276,45,4,West Ham
2017-02-04,16:00,,Sat,Home,W,2,1,Burnley,1.66308,1.4777,60,7,Watford
2017-02-04,16:00,,Sat,Away,L,1,2,Watford,1.4777,1.66308,40,7,Burnley
2017-02-04,16:00,,Sat,Home,W,1,0,Stoke,1.84983,1.10818,38,4,West Brom
2017-02-04,16:00,,Sat,Away,L,0,1,West Brom,1.10818,1.84983,62,2,Stoke
2017-02-04,18:30,,Sat,Home,W,1,0,Middlesbrough,2.10053,0.50484,65,5,Tottenham
2017-02-04,18:30,,Sat,Away,L,0,1,Tottenham,0.50484,2.10053,35,0,Middlesbrough
2017-02-05,14:30,,Sun,Home,W,2,1,Swansea,2.87972,0.11445,69,5,Manchester City
2017-02-05,14:30,,Sun,Away,L,1,2,Manchester City,0.11445,2.87972,31,2,Swansea
2017-02-05,17:00,,Sun,Home,L,0,3,Manchester Utd,0.492009,1.98688,32,1,Leicester
2017-02-05,17:00,,Sun,Away,W,3,0,Leicester,1.98688,0.492009,68,9,Manchester Utd
2017-02-11,13:30,,Sat,Home,W,2,0,Hull,3.1235,0.466403,49,7,Arsenal
2017-02-11,13:30,,Sat,Away,L,0,2,Arsenal,0.466403,3.1235,51,4,Hull
2017-02-11,16:00,,Sat,Home,W,2,0,Watford,2.627,0.641058,58,11,Manchester Utd
2017-02-11,16:00,,Sat,Away,L,0,2,Manchester Utd,0.641058,2.627,42,3,Watford
2017-02-11,16:00,,Sat,Home,D,0,0,Everton,0.651056,0.831644,46,3,Middlesbrough
2017-02-11,16:00,,Sat,Away,D,0,0,Middlesbrough,0.831644,0.651056,54,3,Everton
2017-02-11,16:00,,Sat,Home,W,1,0,Crystal Palace,0.720883,0.202159,58,4,Stoke
2017-02-11,16:00,,Sat,Away,L,0,1,Stoke,0.202159,0.720883,42,1,Crystal Palace
2017-02-11,16:00,,Sat,Home,L,0,4,Southampton,0.197925,1.72717,46,1,Sunderland
2017-02-11,16:00,,Sat,Away,W,4,0,Sunderland,1.72717,0.197925,54,8,Southampton
2017-02-11,16:00,,Sat,Home,D,2,2,West Brom,1.17553,0.769974,65,4,West Ham
2017-02-11,16:00,,Sat,Away,D,2,2,West Ham,0.769974,1.17553,35,3,West Brom
2017-02-11,18:30,,Sat,Home,W,2,0,Tottenham,2.38009,0.622104,51,9,Liverpool
2017-02-11,18:30,,Sat,Away,L,0,2,Liverpool,0.622104,2.38009,49,2,Tottenham
2017-02-12,14:30,,Sun,Home,D,1,1,Chelsea,0.906366,0.800222,29,4,Burnley
2017-02-12,14:30,,Sun,Away,D,1,1,Burnley,0.800222,0.906366,71,2,Chelsea
2017-02-12,17:00,,Sun,Home,W,2,0,Leicester,0.693376,0.672883,49,4,Swansea
2017-02-12,17:00,,Sun,Away,L,0,2,Swansea,0.672883,0.693376,51,1,Leicester
2017-02-13,21:00,,Mon,Home,L,0,2,Manchester City,0.152385,2.953,38,1,Bournemouth
2017-02-13,21:00,,Mon,Away,W,2,0,Bournemouth,2.953,0.152385,62,5,Manchester City
2017-02-25,16:00,,Sat,Home,W,3,1,Swansea,1.22573,0.280172,66,5,Chelsea
2017-02-25,16:00,,Sat,Away,L,1,3,Chelsea,0.280172,1.22573,34,2,Swansea
2017-02-25,16:00,,Sat,Home,W,1,0,Middlesbrough,0.808522,0.82885,46,3,Crystal Palace
2017-02-25,16:00,,Sat,Away,L,0,1,Crystal Palace,0.82885,0.808522,54,4,Middlesbrough
2017-02-25,16:00,,Sat,Home,W,2,0,Sunderland,1.70366,0.505952,63,8,Everton
2017-02-25,16:00,,Sat,Away,L,0,2,Everton,0.505952,1.70366,37,1,Sunderland
2017-02-25,16:00,,Sat,Home,D,1,1,Burnley,1.59037,0.473058,66,1,Hull
2017-02-25,16:00,,Sat,Away,D,1,1,Hull,0.473058,1.59037,34,3,Burnley
2017-02-25,16:00,,Sat,Home,W,2,1,Bournemouth,1.6124,1.22747,32,4,West Brom
2017-02-25,16:00,,Sat,Away,L,1,2,West Brom,1.22747,1.6124,68,4,Bournemouth
2017-02-25,18:30,,Sat,Home,D,1,1,West Ham,1.21279,1.48144,36,1,Watford
2017-02-25,18:30,,Sat,Away,D,1,1,Watford,1.48144,1.21279,64,2,West Ham
2017-02-26,14:30,,Sun,Home,W,4,0,Stoke,1.89002,0.743596,64,9,Tottenham
2017-02-26,14:30,,Sun,Away,L,0,4,Tottenham,0.743596,1.89002,36,3,Stoke
2017-02-27,21:00,,Mon,Home,W,3,1,Liverpool,1.54732,0.789939,31,7,Leicester
2017-02-27,21:00,,Mon,Away,L,1,3,Leicester,0.789939,1.54732,69,7,Liverpool
2017-03-04,13:30,,Sat,Home,D,1,1,Bournemouth,2.5377,0.816172,69,7,Manchester Utd
2017-03-04,13:30,,Sat,Away,D,1,1,Manchester Utd,0.816172,2.5377,31,1,Bournemouth
2017-03-04,16:00,,Sat,Home,W,3,1,Hull,1.81255,1.1216,50,5,Leicester
2017-03-04,16:00,,Sat,Away,L,1,3,Leicester,1.1216,1.81255,50,4,Hull
2017-03-04,16:00,,Sat,Home,W,2,0,Middlesbrough,2.97584,0.274611,55,8,Stoke
2017-03-04,16:00,,Sat,Away,L,0,2,Stoke,0.274611,2.97584,45,2,Middlesbrough
2017-03-04,16:00,,Sat,Home,W,3,2,Burnley,1.44545,0.933851,71,9,Swansea
2017-03-04,16:00,,Sat,Away,L,2,3,Swansea,0.933851,1.44545,29,4,Burnley
2017-03-04,16:00,,Sat,Home,L,3,4,Southampton,1.40104,1.33681,38,4,Watford
2017-03-04,16:00,,Sat,Away,W,4,3,Watford,1.33681,1.40104,62,11,Southampton
2017-03-04,16:00,,Sat,Home,L,0,2,Crystal Palace,0.3746,1.39171,51,1,West Brom
2017-03-04,16:00,,Sat,Away,W,2,0,West Brom,1.39171,0.3746,49,4,Crystal Palace
2017-03-04,18:30,,Sat,Home,W,3,1,Arsenal,2.70435,0.729203,52,7,Liverpool
2017-03-04,18:30,,Sat,Away,L,1,3,Liverpool,0.729203,2.70435,48,3,Arsenal
2017-03-05,14:30,,Sun,Home,W,3,2,Everton,1.70225,0.808013,51,7,Tottenham
2017-03-05,14:30,,Sun,Away,L,2,3,Tottenham,0.808013,1.70225,49,4,Everton
2017-03-05,17:00,,Sun,Home,L,0,2,Manchester City,0.737758,2.48022,29,3,Sunderland
2017-03-05,17:00,,Sun,Away,W,2,0,Sunderland,2.48022,0.737758,71,7,Manchester City
2017-03-06,21:00,,Mon,Home,L,1,2,Chelsea,0.450583,2.01134,52,2,West Ham
2017-03-06,21:00,,Mon,Away,W,2,1,West Ham,2.01134,0.450583,48,4,Chelsea
2017-03-08,21:00,,Wed,Home,D,0,0,Stoke,1.3049,0.337194,65,1,Manchester City
2017-03-08,21:00,,Wed,Away,D,0,0,Manchester City,0.337194,1.3049,35,2,Stoke
2017-03-11,16:00,,Sat,Home,W,3,2,West Ham,3.68186,1.25315,51,9,Bournemouth
2017-03-11,16:00,,Sat,Away,L,2,3,Bournemouth,1.25315,3.68186,49,7,West Ham
2017-03-11,16:00,,Sat,Home,W,3,0,West Brom,2.17521,0.127321,63,5,Everton
2017-03-11,16:00,,Sat,Away,L,0,3,Everton,0.127321,2.17521,37,2,West Brom
2017-03-11,16:00,,Sat,Home,W,2,1,Swansea,1.98818,1.44148,50,7,Hull
2017-03-11,16:00,,Sat,Away,L,1,2,Hull,1.44148,1.98818,50,3,Swansea
2017-03-12,17:00,,Sun,Home,W,2,1,Burnley,0.966335,0.83474,64,3,Liverpool
2017-03-12,17:00,,Sun,Away,L,1,2,Liverpool,0.83474,0.966335,36,1,Burnley
2017-03-18,13:30,,Sat,Home,W,3,1,Arsenal,2.11737,0.995221,23,8,West Brom
2017-03-18,13:30,,Sat,Away,L,1,3,West Brom,0.995221,2.11737,77,2,Arsenal
2017-03-18,16:00,,Sat,Home,W,1,0,Watford,0.376326,0.190648,44,0,Crystal Palace
2017-03-18,16:00,,Sat,Away,L,0,1,Crystal Palace,0.190648,0.376326,56,2,Watford
2017-03-18,16:00,,Sat,Home,W,4,0,Hull,2.63141,0.528692,51,8,Everton
2017-03-18,16:00,,Sat,Away,L,0,4,Everton,0.528692,2.63141,49,0,Hull
2017-03-18,16:00,,Sat,Home,L,1,2,Chelsea,0.952053,1.95538,36,1,Stoke
2017-03-18,16:00,,Sat,Away,W,2,1,Stoke,1.95538,0.952053,64,7,Chelsea
2017-03-18,16:00,,Sat,Home,D,0,0,Burnley,1.03287,1.18742,42,5,Sunderland
2017-03-18,16:00,,Sat,Away,D,0,0,Sunderland,1.18742,1.03287,58,3,Burnley
2017-03-18,16:00,,Sat,Home,L,2,3,Leicester,2.32174,2.17004,59,7,West Ham
2017-03-18,16:00,,Sat,Away,W,3,2,West Ham,2.17004,2.32174,41,5,Leicester
2017-03-18,18:30,,Sat,Home,W,2,0,Swansea,1.00816,0.37687,48,6,Bournemouth
2017-03-18,18:30,,Sat,Away,L,0,2,Bournemouth,0.37687,1.00816,52,1,Swansea
2017-03-19,13:00,,Sun,Home,L,1,3,Manchester Utd,1.09037,2.47484,64,3,Middlesbrough
2017-03-19,13:00,,Sun,Away,W,3,1,Middlesbrough,2.47484,1.09037,36,6,Manchester Utd
2017-03-19,15:15,,Sun,Home,W,2,1,Southampton,1.64328,0.839989,51,6,Tottenham
2017-03-19,15:15,,Sun,Away,L,1,2,Tottenham,0.839989,1.64328,49,3,Southampton
2017-03-19,17:30,,Sun,Home,D,1,1,Liverpool,2.55464,1.94116,60,3,Manchester City
2017-03-19,17:30,,Sun,Away,D,1,1,Manchester City,1.94116,2.55464,40,4,Liverpool
2017-04-01,13:30,,Sat,Home,W,3,1,Everton,0.625343,1.44152,51,6,Liverpool
2017-04-01,13:30,,Sat,Away,L,1,3,Liverpool,1.44152,0.625343,49,4,Everton
2017-04-01,16:00,,Sat,Home,L,0,2,Tottenham,0.44677,2.36346,38,2,Burnley
2017-04-01,16:00,,Sat,Away,W,2,0,Burnley,2.36346,0.44677,62,7,Tottenham
2017-04-01,16:00,,Sat,Home,L,1,2,Crystal Palace,3.16805,1.57423,73,11,Chelsea
2017-04-01,16:00,,Sat,Away,W,2,1,Chelsea,1.57423,3.16805,27,3,Crystal Palace
2017-04-01,16:00,,Sat,Home,W,2,1,West Ham,0.778704,1.24571,46,3,Hull
2017-04-01,16:00,,Sat,Away,L,1,2,Hull,1.24571,0.778704,54,4,West Ham
2017-04-01,16:00,,Sat,Home,W,2,0,Stoke,1.97444,1.36671,48,10,Leicester
2017-04-01,16:00,,Sat,Away,L,0,2,Leicester,1.36671,1.97444,52,2,Stoke
2017-04-01,16:00,,Sat,Home,D,0,0,West Brom,0.986683,0.200297,75,3,Manchester Utd
2017-04-01,16:00,,Sat,Away,D,0,0,Manchester Utd,0.200297,0.986683,25,1,West Brom
2017-04-01,16:00,,Sat,Home,W,1,0,Sunderland,1.95828,0.349699,56,10,Watford
2017-04-01,16:00,,Sat,Away,L,0,1,Watford,0.349699,1.95828,44,3,Sunderland
2017-04-01,18:30,,Sat,Home,D,0,0,Bournemouth,1.00252,2.06307,61,4,Southampton
2017-04-01,18:30,,Sat,Away,D,0,0,Southampton,2.06307,1.00252,39,3,Bournemouth
2017-04-02,14:30,,Sun,Home,D,0,0,Middlesbrough,0.64382,0.748206,55,3,Swansea
2017-04-02,14:30,,Sun,Away,D,0,0,Swansea,0.748206,0.64382,45,1,Middlesbrough
2017-04-02,17:00,,Sun,Home,D,2,2,Manchester City,0.738497,1.40021,44,3,Arsenal
2017-04-02,17:00,,Sun,Away,D,2,2,Arsenal,1.40021,0.738497,56,5,Manchester City
2017-04-04,20:45,,Tue,Home,W,1,0,Stoke,0.348885,1.17275,47,3,Burnley
2017-04-04,20:45,,Tue,Away,L,0,1,Burnley,1.17275,0.348885,53,2,Stoke
2017-04-04,20:45,,Tue,Home,W,2,0,Sunderland,0.929134,0.7012,55,8,Leicester
2017-04-04,20:45,,Tue,Away,L,0,2,Leicester,0.7012,0.929134,45,3,Sunderland
2017-04-04,20:45,,Tue,Home,W,2,0,West Brom,0.691991,1.48109,55,2,Watford
2017-04-04,20:45,,Tue,Away,L,0,2,Watford,1.48109,0.691991,45,2,West Brom
2017-04-04,21:00,,Tue,Home,D,1,1,Everton,1.67424,0.589122,62,3,Manchester Utd
2017-04-04,21:00,,Tue,Away,D,1,1,Manchester Utd,0.589122,1.67424,38,4,Everton
2017-04-05,20:45,,Wed,Home,W,3,0,West Ham,2.16023,0.303905,66,8,Arsenal
2017-04-05,20:45,,Wed,Away,L,0,3,Arsenal,0.303905,2.16023,34,2,West Ham
2017-04-05,20:45,,Wed,Home,W,4,2,Middlesbrough,2.23261,1.30673,47,5,Hull
2017-04-05,20:45,,Wed,Away,L,2,4,Hull,1.30673,2.23261,53,4,Middlesbrough
2017-04-05,20:45,,Wed,Home,W,3,1,Crystal Palace,3.34327,1.73055,61,9,Southampton
2017-04-05,20:45,,Wed,Away,L,1,3,Southampton,1.73055,3.34327,39,3,Crystal Palace
2017-04-05,20:45,,Wed,Home,L,1,3,Tottenham,0.872579,2.2242,28,1,Swansea
2017-04-05,20:45,,Wed,Away,W,3,1,Swansea,2.2242,0.872579,72,8,Tottenham
2017-04-05,21:00,,Wed,Home,W,2,1,Manchester City,1.36933,2.2614,40,4,Chelsea
2017-04-05,21:00,,Wed,Away,L,1,2,Chelsea,2.2614,1.36933,60,7,Manchester City
2017-04-05,21:00,,Wed,Home,D,2,2,Bournemouth,2.17263,1.31233,67,8,Liverpool
2017-04-05,21:00,,Wed,Away,D,2,2,Liverpool,1.31233,2.17263,33,2,Bournemouth
2017-04-08,13:30,,Sat,Home,W,4,0,Watford,1.18779,0.369968,59,6,Tottenham
2017-04-08,13:30,,Sat,Away,L,0,4,Tottenham,0.369968,1.18779,41,2,Watford
2017-04-08,16:00,,Sat,Home,W,3,1,Hull,2.33731,0.358364,68,7,Manchester City
2017-04-08,16:00,,Sat,Away,L,1,3,Manchester City,0.358364,2.33731,32,1,Hull
2017-04-08,16:00,,Sat,Home,D,0,0,Burnley,0.684683,0.809899,56,5,Middlesbrough
2017-04-08,16:00,,Sat,Away,D,0,0,Middlesbrough,0.809899,0.684683,44,2,Burnley
2017-04-08,16:00,,Sat,Home,L,1,2,Liverpool,2.13972,1.02225,44,4,Stoke
2017-04-08,16:00,,Sat,Away,W,2,1,Stoke,1.02225,2.13972,56,4,Liverpool
2017-04-08,16:00,,Sat,Home,L,0,1,Southampton,2.01721,0.910339,41,6,West Brom
2017-04-08,16:00,,Sat,Away,W,1,0,West Brom,0.910339,2.01721,59,3,Southampton
2017-04-08,16:00,,Sat,Home,W,1,0,Swansea,1.20573,0.307666,46,6,West Ham
2017-04-08,16:00,,Sat,Away,L,0,1,West Ham,0.307666,1.20573,54,1,Swansea
2017-04-08,18:30,,Sat,Home,L,1,3,Chelsea,0.384152,1.52126,51,1,Bournemouth
2017-04-08,18:30,,Sat,Away,W,3,1,Bournemouth,1.52126,0.384152,49,5,Chelsea
2017-04-09,14:30,,Sun,Home,L,0,3,Manchester Utd,0.977316,1.6943,30,4,Sunderland
2017-04-09,14:30,,Sun,Away,W,3,0,Sunderland,1.6943,0.977316,70,9,Manchester Utd
2017-04-09,17:00,,Sun,Home,W,4,2,Leicester,2.64597,0.836095,60,7,Everton
2017-04-09,17:00,,Sun,Away,L,2,4,Everton,0.836095,2.64597,40,4,Leicester
2017-04-10,21:00,,Mon,Home,W,3,0,Arsenal,2.15968,0.44226,28,6,Crystal Palace
2017-04-10,21:00,,Mon,Away,L,0,3,Crystal Palace,0.44226,2.15968,72,3,Arsenal
2017-04-15,13:30,,Sat,Home,W,4,0,Bournemouth,3.28588,0.211502,69,14,Tottenham
2017-04-15,13:30,,Sat,Away,L,0,4,Tottenham,0.211502,3.28588,31,1,Bournemouth
2017-04-15,16:00,,Sat,Home,D,2,2,Leicester,1.67894,0.467725,58,4,Crystal Palace
2017-04-15,16:00,,Sat,Away,D,2,2,Crystal Palace,0.467725,1.67894,42,2,Leicester
2017-04-15,16:00,,Sat,Home,W,3,1,Burnley,1.67352,1.1469,63,7,Everton
2017-04-15,16:00,,Sat,Away,L,1,3,Everton,1.1469,1.67352,37,6,Burnley
2017-04-15,16:00,,Sat,Home,W,3,1,Hull,2.01829,1.17696,45,4,Stoke
2017-04-15,16:00,,Sat,Away,L,1,3,Stoke,1.17696,2.01829,55,3,Hull
2017-04-15,16:00,,Sat,Home,D,2,2,West Ham,1.14121,1.42815,47,4,Sunderland
2017-04-15,16:00,,Sat,Away,D,2,2,Sunderland,1.42815,1.14121,53,3,West Ham
2017-04-15,16:00,,Sat,Home,W,1,0,Swansea,1.22039,0.641001,52,7,Watford
2017-04-15,16:00,,Sat,Away,L,0,1,Watford,0.641001,1.22039,48,4,Swansea
2017-04-15,18:30,,Sat,Home,L,0,3,Manchester City,0.616753,2.74188,41,1,Southampton
2017-04-15,18:30,,Sat,Away,W,3,0,Southampton,2.74188,0.616753,59,5,Manchester City
2017-04-16,14:30,,Sun,Home,L,0,1,Liverpool,0.590375,1.30017,36,2,West Brom
2017-04-16,14:30,,Sun,Away,W,1,0,West Brom,1.30017,0.590375,64,2,Liverpool
2017-04-16,17:00,,Sun,Home,W,2,0,Chelsea,0.807128,0.132913,46,3,Manchester Utd
2017-04-16,17:00,,Sun,Away,L,0,2,Manchester Utd,0.132913,0.807128,54,0,Chelsea
2017-04-17,21:00,,Mon,Home,L,1,2,Arsenal,1.72075,1.0689,35,5,Middlesbrough
2017-04-17,21:00,,Mon,Away,W,2,1,Middlesbrough,1.0689,1.72075,65,4,Arsenal
2017-04-22,16:00,,Sat,Home,W,4,0,Middlesbrough,3.27712,0.2072,68,10,Bournemouth
2017-04-22,16:00,,Sat,Away,L,0,4,Bournemouth,0.2072,3.27712,32,2,Middlesbrough
2017-04-22,16:00,,Sat,Home,W,2,0,Watford,1.42309,1.15869,34,3,Hull
2017-04-22,16:00,,Sat,Away,L,0,2,Hull,1.15869,1.42309,66,2,Watford
2017-04-22,16:00,,Sat,Home,W,2,0,Stoke,0.475636,1.69454,46,6,Swansea
2017-04-22,16:00,,Sat,Away,L,0,2,Swansea,1.69454,0.475636,54,3,Stoke
2017-04-22,16:00,,Sat,Home,D,0,0,Everton,0.668323,0.104476,41,3,West Ham
2017-04-22,16:00,,Sat,Away,D,0,0,West Ham,0.104476,0.668323,59,0,Everton
2017-04-23,15:15,,Sun,Home,L,0,2,Manchester Utd,0.342829,2.24747,46,0,Burnley
2017-04-23,15:15,,Sun,Away,W,2,0,Burnley,2.24747,0.342829,54,6,Manchester Utd
2017-04-23,17:30,,Sun,Home,L,1,2,Crystal Palace,0.89449,1.21741,72,1,Liverpool
2017-04-23,17:30,,Sun,Away,W,2,1,Liverpool,1.21741,0.89449,28,3,Crystal Palace
2017-04-25,20:45,,Tue,Home,W,4,2,Southampton,1.4438,1.32952,48,7,Chelsea
2017-04-25,20:45,,Tue,Away,L,2,4,Chelsea,1.32952,1.4438,52,4,Southampton
2017-04-26,20:45,,Wed,Home,W,1,0,Leicester,0.410203,0.595173,69,5,Arsenal
2017-04-26,20:45,,Wed,Away,L,0,1,Arsenal,0.595173,0.410203,31,3,Leicester
2017-04-26,20:45,,Wed,Home,W,1,0,Sunderland,0.825839,0.445766,49,2,Middlesbrough
2017-04-26,20:45,,Wed,Away,L,0,1,Middlesbrough,0.445766,0.825839,51,4,Sunderland
2017-04-26,21:00,,Wed,Home,L,0,1,Tottenham,0.321722,1.00589,32,1,Crystal Palace
2017-04-26,21:00,,Wed,Away,W,1,0,Crystal Palace,1.00589,0.321722,68,4,Tottenham
2017-04-27,21:00,,Thu,Home,D,0,0,Manchester Utd,1.41537,0.421251,69,6,Manchester City
2017-04-27,21:00,,Thu,Away,D,0,0,Manchester City,0.421251,1.41537,31,1,Manchester Utd
2017-04-29,16:00,,Sat,Home,D,0,0,Hull,1.24844,0.472435,52,2,Southampton
2017-04-29,16:00,,Sat,Away,D,0,0,Southampton,0.472435,1.24844,48,1,Hull
2017-04-29,16:00,,Sat,Home,D,0,0,West Ham,1.35509,0.65149,57,4,Stoke
2017-04-29,16:00,,Sat,Away,D,0,0,Stoke,0.65149,1.35509,43,4,West Ham
2017-04-29,16:00,,Sat,Home,L,0,1,Bournemouth,1.6667,1.53094,41,5,Sunderland
2017-04-29,16:00,,Sat,Away,W,1,0,Sunderland,1.53094,1.6667,59,7,Bournemouth
2017-04-29,16:00,,Sat,Home,L,0,1,Leicester,0.809101,0.570664,55,4,West Brom
2017-04-29,16:00,,Sat,Away,W,1,0,West Brom,0.570664,0.809101,45,1,Leicester
2017-04-29,18:30,,Sat,Home,L,0,2,Burnley,0.633469,1.38569,64,5,Crystal Palace
2017-04-29,18:30,,Sat,Away,W,2,0,Crystal Palace,1.38569,0.633469,36,3,Burnley
2017-04-30,13:00,,Sun,Home,D,1,1,Swansea,1.99224,0.775713,55,6,Manchester Utd
2017-04-30,13:00,,Sun,Away,D,1,1,Manchester Utd,0.775713,1.99224,45,4,Swansea
2017-04-30,15:05,,Sun,Home,L,0,3,Chelsea,0.684516,1.81945,50,4,Everton
2017-04-30,15:05,,Sun,Away,W,3,0,Everton,1.81945,0.684516,50,5,Chelsea
2017-04-30,15:05,,Sun,Home,D,2,2,Manchester City,1.17715,3.10725,32,6,Middlesbrough
2017-04-30,15:05,,Sun,Away,D,2,2,Middlesbrough,3.10725,1.17715,68,4,Manchester City
2017-04-30,17:30,,Sun,Home,W,2,0,Arsenal,3.46042,0.589537,51,11,Tottenham
2017-04-30,17:30,,Sun,Away,L,0,2,Tottenham,0.589537,3.46042,49,4,Arsenal
2017-05-01,21:00,,Mon,Home,L,0,1,Liverpool,0.436648,0.55669,40,2,Watford
2017-05-01,21:00,,Mon,Away,W,1,0,Watford,0.55669,0.436648,60,8,Liverpool
2017-05-05,21:00,,Fri,Home,W,1,0,Tottenham,2.21043,0.451017,32,5,West Ham
2017-05-05,21:00,,Fri,Away,L,0,1,West Ham,0.451017,2.21043,68,5,Tottenham
2017-05-06,13:30,,Sat,Home,W,5,0,Crystal Palace,2.69837,0.241571,69,12,Manchester City
2017-05-06,13:30,,Sat,Away,L,0,5,Manchester City,0.241571,2.69837,31,2,Crystal Palace
2017-05-06,16:00,,Sat,Home,D,2,2,Stoke,1.30668,2.3019,58,2,Bournemouth
2017-05-06,16:00,,Sat,Away,D,2,2,Bournemouth,2.3019,1.30668,42,3,Stoke
2017-05-06,16:00,,Sat,Home,D,2,2,West Brom,1.08649,0.82853,55,4,Burnley
2017-05-06,16:00,,Sat,Away,D,2,2,Burnley,0.82853,1.08649,45,3,West Brom
2017-05-06,16:00,,Sat,Home,L,0,2,Sunderland,1.21734,1.95502,60,6,Hull
2017-05-06,16:00,,Sat,Away,W,2,0,Hull,1.95502,1.21734,40,5,Sunderland
2017-05-06,16:00,,Sat,Home,W,3,0,Watford,1.00566,0.512433,42,5,Leicester
2017-05-06,16:00,,Sat,Away,L,0,3,Leicester,0.512433,1.00566,58,7,Watford
2017-05-06,18:30,,Sat,Home,W,1,0,Everton,2.09244,0.270186,38,4,Swansea
2017-05-06,18:30,,Sat,Away,L,0,1,Swansea,0.270186,2.09244,62,2,Everton
2017-05-07,14:30,,Sun,Home,D,0,0,Southampton,1.35967,0.182082,65,8,Liverpool
2017-05-07,14:30,,Sun,Away,D,0,0,Liverpool,0.182082,1.35967,35,0,Southampton
2017-05-07,17:00,,Sun,Home,W,2,0,Manchester Utd,1.03986,0.576173,50,4,Arsenal
2017-05-07,17:00,,Sun,Away,L,0,2,Arsenal,0.576173,1.03986,50,4,Manchester Utd
2017-05-08,21:00,,Mon,Home,W,3,0,Middlesbrough,2.28046,0.0718773,57,7,Chelsea
2017-05-08,21:00,,Mon,Away,L,0,3,Chelsea,0.0718773,2.28046,43,1,Middlesbrough
2017-05-10,20:45,,Wed,Home,L,0,2,Arsenal,1.25259,1.35954,47,3,Southampton
2017-05-10,20:45,,Wed,Away,W,2,0,Southampton,1.35954,1.25259,53,4,Arsenal
2017-05-12,20:45,,Fri,Home,W,1,0,Watford,1.12984,1.54861,63,6,Everton
2017-05-12,20:45,,Fri,Away,L,0,1,Everton,1.54861,1.12984,37,1,Watford
2017-05-12,21:00,,Fri,Home,L,0,1,Chelsea,0.529155,1.76954,32,2,West Brom
2017-05-12,21:00,,Fri,Away,W,1,0,West Brom,1.76954,0.529155,68,5,Chelsea
2017-05-13,13:30,,Sat,Home,W,2,1,Leicester,1.98776,1.62503,66,5,Manchester City
2017-05-13,13:30,,Sat,Away,L,1,2,Manchester City,1.62503,1.98776,34,4,Leicester
2017-05-13,16:00,,Sat,Home,W,2,1,Burnley,1.5499,1.1511,55,6,Bournemouth
2017-05-13,16:00,,Sat,Away,L,1,2,Bournemouth,1.1511,1.5499,45,3,Burnley
2017-05-13,16:00,,Sat,Home,L,1,2,Southampton,1.32885,1.52569,42,3,Middlesbrough
2017-05-13,16:00,,Sat,Away,W,2,1,Middlesbrough,1.52569,1.32885,58,4,Southampton
2017-05-13,16:00,,Sat,Home,L,0,2,Swansea,1.03765,0.344096,53,4,Sunderland
2017-05-13,16:00,,Sat,Away,W,2,0,Sunderland,0.344096,1.03765,47,3,Swansea
2017-05-13,18:30,,Sat,Home,L,1,4,Arsenal,1.30239,2.63639,33,4,Stoke
2017-05-13,18:30,,Sat,Away,W,4,1,Stoke,2.63639,1.30239,67,6,Arsenal
2017-05-14,13:00,,Sun,Home,W,4,0,Hull,2.73274,0.518148,30,4,Crystal Palace
2017-05-14,13:00,,Sun,Away,L,0,4,Crystal Palace,0.518148,2.73274,70,0,Hull
2017-05-14,15:15,,Sun,Home,L,0,4,Liverpool,1.03963,3.28962,33,3,West Ham
2017-05-14,15:15,,Sun,Away,W,4,0,West Ham,3.28962,1.03963,67,11,Liverpool
2017-05-14,17:30,,Sun,Home,W,2,1,Manchester Utd,2.10698,1.03696,60,7,Tottenham
2017-05-14,17:30,,Sun,Away,L,1,2,Tottenham,1.03696,2.10698,40,2,Manchester Utd
2017-05-15,21:00,,Mon,Home,W,4,3,Watford,2.65315,0.883368,47,9,Chelsea
2017-05-15,21:00,,Mon,Away,L,3,4,Chelsea,0.883368,2.65315,53,3,Watford
2017-05-16,20:45,,Tue,Home,W,2,0,Sunderland,3.83905,0.271744,63,13,Arsenal
2017-05-16,20:45,,Tue,Away,L,0,2,Arsenal,0.271744,3.83905,37,2,Sunderland
2017-05-16,21:00,,Tue,Home,W,3,1,West Brom,2.58035,0.387741,71,10,Manchester City
2017-05-16,21:00,,Tue,Away,L,1,3,Manchester City,0.387741,2.58035,29,2,West Brom
2017-05-17,20:45,,Wed,Home,D,0,0,Manchester Utd,1.66533,0.45805,53,6,Southampton
2017-05-17,20:45,,Wed,Away,D,0,0,Southampton,0.45805,1.66533,47,1,Manchester Utd
2017-05-18,20:45,,Thu,Home,L,1,6,Tottenham,0.725721,2.64912,37,5,Leicester
2017-05-18,20:45,,Thu,Away,W,6,1,Leicester,2.64912,0.725721,63,12,Tottenham
2017-05-21,16:00,,Sun,Home,W,3,1,Everton,3.35075,1.8831,50,9,Arsenal
2017-05-21,16:00,,Sun,Away,L,1,3,Arsenal,1.8831,3.35075,50,7,Everton
2017-05-21,16:00,,Sun,Home,L,1,2,West Ham,1.70802,1.67299,44,1,Burnley
2017-05-21,16:00,,Sun,Away,W,2,1,Burnley,1.67299,1.70802,56,4,West Ham
2017-05-21,16:00,,Sun,Home,W,5,1,Sunderland,2.73947,0.693994,71,8,Chelsea
2017-05-21,16:00,,Sun,Away,L,1,5,Chelsea,0.693994,2.73947,29,3,Sunderland
2017-05-21,16:00,,Sun,Home,L,1,7,Tottenham,0.812723,3.89027,35,4,Hull
2017-05-21,16:00,,Sun,Away,W,7,1,Hull,3.89027,0.812723,65,14,Tottenham
2017-05-21,16:00,,Sun,Home,D,1,1,Bournemouth,2.45308,0.87072,49,5,Leicester
2017-05-21,16:00,,Sun,Away,D,1,1,Leicester,0.87072,2.45308,51,4,Bournemouth
2017-05-21,16:00,,Sun,Home,W,3,0,Middlesbrough,2.16957,0.899691,74,10,Liverpool
2017-05-21,16:00,,Sun,Away,L,0,3,Liverpool,0.899691,2.16957,26,3,Middlesbrough
2017-05-21,16:00,,Sun,Home,W,2,0,Crystal Palace,1.0386,0.3016,59,2,Manchester Utd
2017-05-21,16:00,,Sun,Away,L,0,2,Manchester Utd,0.3016,1.0386,41,1,Crystal Palace
2017-05-21,16:00,,Sun,Home,L,0,1,Stoke,1.3554,0.983464,61,6,Southampton
2017-05-21,16:00,,Sun,Away,W,1,0,Southampton,0.983464,1.3554,39,3,Stoke
2017-05-21,16:00,,Sun,Home,W,2,1,West Brom,1.74555,1.60674,66,2,Swansea
2017-05-21,16:00,,Sun,Away,L,1,2,Swansea,1.60674,1.74555,34,5,West Brom
2017-05-21,16:00,,Sun,Home,L,0,5,Manchester City,0.826124,3.26614,33,3,Watford
2017-05-21,16:00,,Sun,Away,W,5,0,Watford,3.26614,0.826124,67,9,Manchester City
2017-08-11,20:45,,Fri,Home,W,4,3,Leicester,2.54329,1.46495,70,10,Arsenal
2017-08-11,20:45,,Fri,Away,L,3,4,Arsenal,1.46495,2.54329,30,3,Leicester
2017-08-12,13:30,,Sat,Home,D,3,3,Liverpool,2.17647,2.61549,46,4,Watford
2017-08-12,13:30,,Sat,Away,D,3,3,Watford,2.61549,2.17647,54,5,Liverpool
2017-08-12,16:00,,Sat,Home,L,2,3,Burnley,1.35651,0.564237,62,6,Chelsea
2017-08-12,16:00,,Sat,Away,W,3,2,Chelsea,0.564237,1.35651,38,5,Burnley
2017-08-12,16:00,,Sat,Home,L,0,3,Huddersfield,0.988934,1.73657,57,4,Crystal Palace
2017-08-12,16:00,,Sat,Away,W,3,0,Crystal Palace,1.73657,0.988934,43,6,Huddersfield
2017-08-12,16:00,,Sat,Home,W,1,0,Stoke,0.720574,0.27644,62,4,Everton
2017-08-12,16:00,,Sat,Away,L,0,1,Everton,0.27644,0.720574,38,1,Stoke
2017-08-12,16:00,,Sat,Home,D,0,0,Swansea,2.21748,0.406196,60,2,Southampton
2017-08-12,16:00,,Sat,Away,D,0,0,Southampton,0.406196,2.21748,40,0,Swansea
2017-08-12,16:00,,Sat,Home,W,1,0,Bournemouth,1.18399,0.378659,29,6,West Brom
2017-08-12,16:00,,Sat,Away,L,0,1,West Brom,0.378659,1.18399,71,1,Bournemouth
2017-08-12,18:30,,Sat,Home,L,0,2,Manchester City,0.276343,1.86751,22,2,Brighton
2017-08-12,18:30,,Sat,Away,W,2,0,Brighton,1.86751,0.276343,78,4,Manchester City
2017-08-13,14:30,,Sun,Home,L,0,2,Tottenham,0.634633,2.34418,27,2,Newcastle United
2017-08-13,14:30,,Sun,Away,W,2,0,Newcastle United,2.34418,0.634633,73,6,Tottenham
2017-08-13,17:00,,Sun,Home,W,4,0,West Ham,2.63853,0.62654,55,5,Manchester Utd
2017-08-13,17:00,,Sun,Away,L,0,4,Manchester Utd,0.62654,2.63853,45,1,West Ham
2017-08-19,13:30,,Sat,Home,L,0,4,Manchester Utd,0.304164,3.41021,41,1,Swansea
2017-08-19,13:30,,Sat,Away,W,4,0,Swansea,3.41021,0.304164,59,8,Manchester Utd
2017-08-19,16:00,,Sat,Home,L,0,2,Watford,0.766694,2.17717,56,2,Bournemouth
2017-08-19,16:00,,Sat,Away,W,2,0,Bournemouth,2.17717,0.766694,44,7,Watford
2017-08-19,16:00,,Sat,Home,L,0,1,West Brom,1.37242,0.653058,68,0,Burnley
2017-08-19,16:00,,Sat,Away,W,1,0,Burnley,0.653058,1.37242,32,1,West Brom
2017-08-19,16:00,,Sat,Home,W,2,0,Brighton,1.88355,0.123075,45,4,Leicester
2017-08-19,16:00,,Sat,Away,L,0,2,Leicester,0.123075,1.88355,55,2,Brighton
2017-08-19,16:00,,Sat,Home,W,1,0,Crystal Palace,2.84978,0.727364,72,11,Liverpool
2017-08-19,16:00,,Sat,Away,L,0,1,Liverpool,0.727364,2.84978,28,1,Crystal Palace
2017-08-19,16:00,,Sat,Home,W,3,2,West Ham,2.1424,1.53269,67,5,Southampton
2017-08-19,16:00,,Sat,Away,L,2,3,Southampton,1.53269,2.1424,33,8,West Ham
2017-08-19,18:30,,Sat,Home,W,1,0,Arsenal,0.692644,1.40658,22,4,Stoke
2017-08-19,18:30,,Sat,Away,L,0,1,Stoke,1.40658,0.692644,78,6,Arsenal
2017-08-20,14:30,,Sun,Home,W,1,0,Newcastle United,0.267008,0.973322,53,3,Huddersfield
2017-08-20,14:30,,Sun,Away,L,0,1,Huddersfield,0.973322,0.267008,47,5,Newcastle United
2017-08-20,17:00,,Sun,Home,L,1,2,Chelsea,0.72428,0.834423,68,6,Tottenham
2017-08-20,17:00,,Sun,Away,W,2,1,Tottenham,0.834423,0.72428,32,2,Chelsea
2017-08-21,21:00,,Mon,Home,D,1,1,Everton,1.14216,0.59971,65,6,Manchester City
2017-08-21,21:00,,Mon,Away,D,1,1,Manchester City,0.59971,1.14216,35,2,Everton
2017-08-26,13:30,,Sat,Home,L,1,2,Manchester City,0.415402,1.76626,30,3,Bournemouth
2017-08-26,13:30,,Sat,Away,W,2,1,Bournemouth,1.76626,0.415402,70,8,Manchester City
2017-08-26,16:00,,Sat,Home,L,0,2,Swansea,0.818951,0.966783,53,3,Crystal Palace
2017-08-26,16:00,,Sat,Away,W,2,0,Crystal Palace,0.966783,0.818951,47,3,Swansea
2017-08-26,16:00,,Sat,Home,D,0,0,Southampton,1.51605,0.795911,45,6,Huddersfield
2017-08-26,16:00,,Sat,Away,D,0,0,Huddersfield,0.795911,1.51605,55,3,Southampton
2017-08-26,16:00,,Sat,Home,W,3,0,West Ham,2.76107,0.558484,37,8,Newcastle United
2017-08-26,16:00,,Sat,Away,L,0,3,Newcastle United,0.558484,2.76107,63,3,West Ham
2017-08-26,16:00,,Sat,Home,D,0,0,Brighton,0.281459,0.952357,42,0,Watford
2017-08-26,16:00,,Sat,Away,D,0,0,Watford,0.952357,0.281459,58,2,Brighton
2017-08-26,18:30,,Sat,Home,W,2,0,Leicester,2.73725,0.670573,69,7,Manchester Utd
2017-08-26,18:30,,Sat,Away,L,0,2,Manchester Utd,0.670573,2.73725,31,4,Leicester
2017-08-27,14:30,,Sun,Home,W,2,0,Everton,1.16991,0.326655,57,7,Chelsea
2017-08-27,14:30,,Sun,Away,L,0,2,Chelsea,0.326655,1.16991,43,0,Everton
2017-08-27,14:30,,Sun,Home,D,1,1,Stoke,0.875132,0.980905,43,2,West Brom
2017-08-27,14:30,,Sun,Away,D,1,1,West Brom,0.980905,0.875132,57,2,Stoke
2017-08-27,17:00,,Sun,Home,W,4,0,Arsenal,3.45998,0.484816,49,10,Liverpool
2017-08-27,17:00,,Sun,Away,L,0,4,Liverpool,0.484816,3.45998,51,0,Arsenal
2017-08-27,17:00,,Sun,Home,D,1,1,Burnley,2.3497,0.670943,67,5,Tottenham
2017-08-27,17:00,,Sun,Away,D,1,1,Tottenham,0.670943,2.3497,33,3,Burnley
2017-09-09,13:30,,Sat,Home,W,5,0,Liverpool,3.14589,0.665186,66,10,Manchester City
2017-09-09,13:30,,Sat,Away,L,0,5,Manchester City,0.665186,3.14589,34,3,Liverpool
2017-09-09,16:00,,Sat,Home,W,3,0,Bournemouth,2.48732,0.577291,59,9,Arsenal
2017-09-09,16:00,,Sat,Away,L,0,3,Arsenal,0.577291,2.48732,41,2,Bournemouth
2017-09-09,16:00,,Sat,Home,W,3,1,West Brom,0.396771,0.866679,49,6,Brighton
2017-09-09,16:00,,Sat,Away,L,1,3,Brighton,0.866679,0.396771,51,2,West Brom
2017-09-09,16:00,,Sat,Home,L,0,3,Tottenham,1.15144,2.17535,51,1,Everton
2017-09-09,16:00,,Sat,Away,W,3,0,Everton,2.17535,1.15144,49,6,Tottenham
2017-09-09,16:00,,Sat,Home,L,1,2,Chelsea,1.34903,1.03943,40,2,Leicester
2017-09-09,16:00,,Sat,Away,W,2,1,Leicester,1.03943,1.34903,60,6,Chelsea
2017-09-09,16:00,,Sat,Home,L,0,2,Watford,0.331259,0.57794,52,1,Southampton
2017-09-09,16:00,,Sat,Away,W,2,0,Southampton,0.57794,0.331259,48,3,Watford
2017-09-09,18:30,,Sat,Home,D,2,2,Manchester Utd,1.49928,1.96635,37,5,Stoke
2017-09-09,18:30,,Sat,Away,D,2,2,Stoke,1.96635,1.49928,63,8,Manchester Utd
2017-09-10,14:30,,Sun,Home,W,1,0,Crystal Palace,0.429329,1.72996,35,2,Burnley
2017-09-10,14:30,,Sun,Away,L,0,1,Burnley,1.72996,0.429329,65,4,Crystal Palace
2017-09-10,17:00,,Sun,Home,L,0,1,Newcastle United,1.48574,1.03177,62,4,Swansea
2017-09-10,17:00,,Sun,Away,W,1,0,Swansea,1.03177,1.48574,38,8,Newcastle United
2017-09-11,21:00,,Mon,Home,W,2,0,Huddersfield,1.94969,0.339338,43,3,West Ham
2017-09-11,21:00,,Mon,Away,L,0,2,West Ham,0.339338,1.94969,57,2,Huddersfield
2017-09-15,21:00,,Fri,Home,W,2,1,Brighton,1.39529,0.874276,63,3,Bournemouth
2017-09-15,21:00,,Fri,Away,L,1,2,Bournemouth,0.874276,1.39529,37,2,Brighton
2017-09-16,13:30,,Sat,Home,L,0,1,Southampton,2.03243,1.11428,45,3,Crystal Palace
2017-09-16,13:30,,Sat,Away,W,1,0,Crystal Palace,1.11428,2.03243,55,4,Southampton
2017-09-16,16:00,,Sat,Home,D,1,1,Leicester,0.700349,1.24181,60,3,Huddersfield
2017-09-16,16:00,,Sat,Away,D,1,1,Huddersfield,1.24181,0.700349,40,1,Leicester
2017-09-16,16:00,,Sat,Home,D,1,1,Burnley,2.18727,0.334402,71,9,Liverpool
2017-09-16,16:00,,Sat,Away,D,1,1,Liverpool,0.334402,2.18727,29,4,Burnley
2017-09-16,16:00,,Sat,Home,W,2,1,Stoke,2.6598,0.675783,42,3,Newcastle United
2017-09-16,16:00,,Sat,Away,L,1,2,Newcastle United,0.675783,2.6598,58,4,Stoke
2017-09-16,16:00,,Sat,Home,L,0,6,Manchester City,0.803933,3.99349,33,1,Watford
2017-09-16,16:00,,Sat,Away,W,6,0,Watford,3.99349,0.803933,67,10,Manchester City
2017-09-16,16:00,,Sat,Home,D,0,0,West Ham,0.781891,0.266344,37,1,West Brom
2017-09-16,16:00,,Sat,Away,D,0,0,West Brom,0.266344,0.781891,63,1,West Ham
2017-09-16,18:30,,Sat,Home,D,0,0,Swansea,1.17894,0.154074,75,8,Tottenham
2017-09-16,18:30,,Sat,Away,D,0,0,Tottenham,0.154074,1.17894,25,0,Swansea
2017-09-17,14:30,,Sun,Home,D,0,0,Arsenal,0.762129,1.42208,51,4,Chelsea
2017-09-17,14:30,,Sun,Away,D,0,0,Chelsea,1.42208,0.762129,49,2,Arsenal
2017-09-17,17:00,,Sun,Home,W,4,0,Everton,3.28722,1.06298,49,7,Manchester Utd
2017-09-17,17:00,,Sun,Away,L,0,4,Manchester Utd,1.06298,3.28722,51,3,Everton
2017-09-23,13:30,,Sat,Home,L,2,3,Tottenham,0.67667,1.45327,49,4,West Ham
2017-09-23,13:30,,Sat,Away,W,3,2,West Ham,1.45327,0.67667,51,5,Tottenham
2017-09-23,16:00,,Sat,Home,D,0,0,Huddersfield,0.369454,0.312561,52,2,Burnley
2017-09-23,16:00,,Sat,Away,D,0,0,Burnley,0.312561,0.369454,48,2,Huddersfield
2017-09-23,16:00,,Sat,Home,W,2,1,Bournemouth,2.21092,0.384728,51,3,Everton
2017-09-23,16:00,,Sat,Away,L,1,2,Everton,0.384728,2.21092,49,4,Bournemouth
2017-09-23,16:00,,Sat,Home,W,5,0,Crystal Palace,5.72543,0.611018,72,9,Manchester City
2017-09-23,16:00,,Sat,Away,L,0,5,Manchester City,0.611018,5.72543,28,0,Crystal Palace
2017-09-23,16:00,,Sat,Home,L,0,1,Manchester Utd,0.802062,1.07247,61,4,Southampton
2017-09-23,16:00,,Sat,Away,W,1,0,Southampton,1.07247,0.802062,39,4,Manchester Utd
2017-09-23,16:00,,Sat,Home,L,0,4,Chelsea,0.600959,1.59815,44,2,Stoke
2017-09-23,16:00,,Sat,Away,W,4,0,Stoke,1.59815,0.600959,56,4,Chelsea
2017-09-23,16:00,,Sat,Home,L,1,2,Watford,1.50811,1.25817,51,3,Swansea
2017-09-23,16:00,,Sat,Away,W,2,1,Swansea,1.25817,1.50811,49,4,Watford
2017-09-23,18:30,,Sat,Home,L,2,3,Liverpool,2.88766,1.92902,43,7,Leicester
2017-09-23,18:30,,Sat,Away,W,3,2,Leicester,1.92902,2.88766,57,6,Liverpool
2017-09-24,17:00,,Sun,Home,W,1,0,Newcastle United,0.507341,1.37001,49,3,Brighton
2017-09-24,17:00,,Sun,Away,L,0,1,Brighton,1.37001,0.507341,51,5,Newcastle United
2017-09-25,21:00,,Mon,Home,W,2,0,West Brom,2.39316,0.766652,69,6,Arsenal
2017-09-25,21:00,,Mon,Away,L,0,2,Arsenal,0.766652,2.39316,31,3,West Brom
2017-09-30,13:30,,Sat,Home,L,0,4,Tottenham,0.196648,1.56089,41,1,Huddersfield
2017-09-30,13:30,,Sat,Away,W,4,0,Huddersfield,1.56089,0.196648,59,7,Tottenham
2017-09-30,16:00,,Sat,Home,D,0,0,Leicester,1.39901,0.594808,61,4,Bournemouth
2017-09-30,16:00,,Sat,Away,D,0,0,Bournemouth,0.594808,1.39901,39,1,Leicester
2017-09-30,16:00,,Sat,Home,W,4,0,Crystal Palace,3.47508,0.244321,60,7,Manchester Utd
2017-09-30,16:00,,Sat,Away,L,0,4,Manchester Utd,0.244321,3.47508,40,1,Crystal Palace
2017-09-30,16:00,,Sat,Home,W,2,1,Southampton,2.68136,1.42781,30,6,Stoke
2017-09-30,16:00,,Sat,Away,L,1,2,Stoke,1.42781,2.68136,70,3,Southampton
2017-09-30,16:00,,Sat,Home,D,2,2,Watford,1.93896,1.62462,34,4,West Brom
2017-09-30,16:00,,Sat,Away,D,2,2,West Brom,1.62462,1.93896,66,3,Watford
2017-09-30,16:00,,Sat,Home,W,1,0,Swansea,0.692185,0.178568,43,4,West Ham
2017-09-30,16:00,,Sat,Away,L,0,1,West Ham,0.178568,0.692185,57,1,Swansea
2017-09-30,18:30,,Sat,Home,L,0,1,Manchester City,0.911532,1.23068,38,2,Chelsea
2017-09-30,18:30,,Sat,Away,W,1,0,Chelsea,1.23068,0.911532,62,6,Manchester City
2017-10-01,13:00,,Sun,Home,W,2,0,Brighton,2.47818,0.386343,65,12,Arsenal
2017-10-01,13:00,,Sun,Away,L,0,2,Arsenal,0.386343,2.47818,35,1,Brighton
2017-10-01,15:15,,Sun,Home,L,0,1,Burnley,0.93376,0.383977,63,4,Everton
2017-10-01,15:15,,Sun,Away,W,1,0,Everton,0.383977,0.93376,37,2,Burnley
2017-10-01,17:30,,Sun,Home,D,1,1,Liverpool,0.280437,1.64475,32,4,Newcastle United
2017-10-01,17:30,,Sun,Away,D,1,1,Newcastle United,1.64475,0.280437,68,2,Liverpool
2017-10-14,13:30,,Sat,Home,D,0,0,Manchester Utd,1.92702,0.230358,62,5,Liverpool
2017-10-14,13:30,,Sat,Away,D,0,0,Liverpool,0.230358,1.92702,38,1,Manchester Utd
2017-10-14,16:00,,Sat,Home,D,1,1,West Ham,0.70219,0.835192,62,5,Burnley
2017-10-14,16:00,,Sat,Away,D,1,1,Burnley,0.835192,0.70219,38,6,West Ham
2017-10-14,16:00,,Sat,Home,W,2,1,Chelsea,1.51873,0.651919,43,5,Crystal Palace
2017-10-14,16:00,,Sat,Away,L,1,2,Crystal Palace,0.651919,1.51873,57,5,Chelsea
2017-10-14,16:00,,Sat,Home,W,7,2,Stoke,4.45388,0.681236,79,11,Manchester City
2017-10-14,16:00,,Sat,Away,L,2,7,Manchester City,0.681236,4.45388,21,1,Stoke
2017-10-14,16:00,,Sat,Home,W,2,0,Huddersfield,1.65446,0.596086,40,3,Swansea
2017-10-14,16:00,,Sat,Away,L,0,2,Swansea,0.596086,1.65446,60,2,Huddersfield
2017-10-14,16:00,,Sat,Home,W,1,0,Bournemouth,1.95684,0.17504,73,6,Tottenham
2017-10-14,16:00,,Sat,Away,L,0,1,Tottenham,0.17504,1.95684,27,1,Bournemouth
2017-10-14,18:30,,Sat,Home,W,2,1,Arsenal,1.63418,0.988468,46,2,Watford
2017-10-14,18:30,,Sat,Away,L,1,2,Watford,0.988468,1.63418,54,6,Arsenal
2017-10-15,14:30,,Sun,Home,D,1,1,Everton,1.05884,1.45518,47,3,Brighton
2017-10-15,14:30,,Sun,Away,D,1,1,Brighton,1.45518,1.05884,53,6,Everton
2017-10-15,17:00,,Sun,Home,D,2,2,Newcastle United,1.71445,0.950997,62,2,Southampton
2017-10-15,17:00,,Sun,Away,D,2,2,Southampton,0.950997,1.71445,38,5,Newcastle United
2017-10-16,21:00,,Mon,Home,D,1,1,West Brom,0.964277,0.155254,57,3,Leicester
2017-10-16,21:00,,Mon,Away,D,1,1,Leicester,0.155254,0.964277,43,1,West Brom
2017-10-20,21:00,,Fri,Home,L,0,3,Brighton,0.569111,1.98345,65,2,West Ham
2017-10-20,21:00,,Fri,Away,W,3,0,West Ham,1.98345,0.569111,35,5,Brighton
2017-10-21,13:30,,Sat,Home,W,4,2,Watford,1.78315,1.79693,53,8,Chelsea
2017-10-21,13:30,,Sat,Away,L,2,4,Chelsea,1.79693,1.78315,47,5,Watford
2017-10-21,16:00,,Sat,Home,W,2,1,Manchester Utd,1.26744,0.807135,22,3,Huddersfield
2017-10-21,16:00,,Sat,Away,L,1,2,Huddersfield,0.807135,1.26744,78,3,Manchester Utd
2017-10-21,16:00,,Sat,Home,W,3,0,Burnley,3.71812,0.14859,78,10,Manchester City
2017-10-21,16:00,,Sat,Away,L,0,3,Manchester City,0.14859,3.71812,22,0,Burnley
2017-10-21,16:00,,Sat,Home,W,1,0,Crystal Palace,0.270313,0.566845,55,3,Newcastle United
2017-10-21,16:00,,Sat,Away,L,0,1,Newcastle United,0.566845,0.270313,45,0,Crystal Palace
2017-10-21,16:00,,Sat,Home,L,1,2,Bournemouth,1.60117,1.11834,52,3,Stoke
2017-10-21,16:00,,Sat,Away,W,2,1,Stoke,1.11834,1.60117,48,3,Bournemouth
2017-10-21,16:00,,Sat,Home,L,1,2,Leicester,0.559618,1.80814,56,4,Swansea
2017-10-21,16:00,,Sat,Away,W,2,1,Swansea,1.80814,0.559618,44,6,Leicester
2017-10-21,18:30,,Sat,Home,W,1,0,West Brom,2.02288,0.504128,66,6,Southampton
2017-10-21,18:30,,Sat,Away,L,0,1,Southampton,0.504128,2.02288,34,2,West Brom
2017-10-22,14:30,,Sun,Home,L,2,5,Arsenal,0.810989,3.86029,32,3,Everton
2017-10-22,14:30,,Sun,Away,W,5,2,Everton,3.86029,0.810989,68,14,Arsenal
2017-10-22,17:00,,Sun,Home,W,4,1,Liverpool,2.62043,0.667771,36,6,Tottenham
2017-10-22,17:00,,Sun,Away,L,1,4,Tottenham,0.667771,2.62043,64,7,Liverpool
2017-10-28,13:30,,Sat,Home,W,1,0,Tottenham,0.943496,1.08708,45,3,Manchester Utd
2017-10-28,13:30,,Sat,Away,L,0,1,Manchester Utd,1.08708,0.943496,55,4,Tottenham
2017-10-28,16:00,,Sat,Home,W,2,1,Swansea,2.37777,0.8355,73,5,Arsenal
2017-10-28,16:00,,Sat,Away,L,1,2,Arsenal,0.8355,2.37777,27,2,Swansea
2017-10-28,16:00,,Sat,Home,D,2,2,West Ham,2.91672,0.742845,46,4,Crystal Palace
2017-10-28,16:00,,Sat,Away,D,2,2,Crystal Palace,0.742845,2.91672,54,5,West Ham
2017-10-28,16:00,,Sat,Home,W,3,0,Huddersfield,2.14257,0.0554802,73,8,Liverpool
2017-10-28,16:00,,Sat,Away,L,0,3,Liverpool,0.0554802,2.14257,27,0,Huddersfield
2017-10-28,16:00,,Sat,Home,L,0,1,Stoke,1.13448,0.778883,70,0,Watford
2017-10-28,16:00,,Sat,Away,W,1,0,Watford,0.778883,1.13448,30,2,Stoke
2017-10-28,16:00,,Sat,Home,L,2,3,Manchester City,1.11852,2.77085,22,4,West Brom
2017-10-28,16:00,,Sat,Away,W,3,2,West Brom,2.77085,1.11852,78,5,Manchester City
2017-10-28,18:30,,Sat,Home,L,0,1,Chelsea,0.455055,1.78362,42,1,Bournemouth
2017-10-28,18:30,,Sat,Away,W,1,0,Bournemouth,1.78362,0.455055,58,5,Chelsea
2017-10-29,14:30,,Sun,Home,D,1,1,Southampton,1.50533,0.54364,52,2,Brighton
2017-10-29,14:30,,Sun,Away,D,1,1,Brighton,0.54364,1.50533,48,1,Southampton
2017-10-29,17:00,,Sun,Home,W,2,0,Everton,1.36768,0.575236,40,3,Leicester
2017-10-29,17:00,,Sun,Away,L,0,2,Leicester,0.575236,1.36768,60,2,Everton
2017-10-30,21:00,,Mon,Home,W,1,0,Newcastle United,1.0271,0.516369,47,5,Burnley
2017-10-30,21:00,,Mon,Away,L,0,1,Burnley,0.516369,1.0271,53,5,Newcastle United
2017-11-04,13:30,,Sat,Home,D,2,2,Leicester,1.22988,1.39563,47,7,Stoke
2017-11-04,13:30,,Sat,Away,D,2,2,Stoke,1.39563,1.22988,53,4,Leicester
2017-11-04,16:00,,Sat,Home,W,1,0,West Brom,0.260436,0.382005,50,3,Huddersfield
2017-11-04,16:00,,Sat,Away,L,0,1,Huddersfield,0.382005,0.260436,50,3,West Brom
2017-11-04,16:00,,Sat,Home,L,0,1,Bournemouth,0.676091,1.28703,48,4,Newcastle United
2017-11-04,16:00,,Sat,Away,W,1,0,Newcastle United,1.28703,0.676091,52,6,Bournemouth
2017-11-04,16:00,,Sat,Home,L,0,1,Burnley,0.789259,0.137743,63,3,Southampton
2017-11-04,16:00,,Sat,Away,W,1,0,Southampton,0.137743,0.789259,37,1,Burnley
2017-11-04,16:00,,Sat,Home,L,0,1,Brighton,1.24557,0.874927,56,2,Swansea
2017-11-04,16:00,,Sat,Away,W,1,0,Swansea,0.874927,1.24557,44,2,Brighton
2017-11-04,18:30,,Sat,Home,L,1,4,Liverpool,1.13045,2.8773,48,1,West Ham
2017-11-04,18:30,,Sat,Away,W,4,1,West Ham,2.8773,1.13045,52,7,Liverpool
2017-11-05,13:00,,Sun,Home,W,1,0,Crystal Palace,0.991813,1.10222,68,2,Tottenham
2017-11-05,13:00,,Sun,Away,L,0,1,Tottenham,1.10222,0.991813,32,3,Crystal Palace
2017-11-05,15:15,,Sun,Home,W,3,1,Arsenal,2.15028,0.340407,58,5,Manchester City
2017-11-05,15:15,,Sun,Away,L,1,3,Manchester City,0.340407,2.15028,42,3,Arsenal
2017-11-05,17:30,,Sun,Home,W,1,0,Manchester Utd,1.8417,0.773586,54,8,Chelsea
2017-11-05,17:30,,Sun,Away,L,0,1,Chelsea,0.773586,1.8417,46,2,Manchester Utd
2017-11-05,17:30,,Sun,Home,W,3,2,Watford,2.5796,2.05534,38,5,Everton
2017-11-05,17:30,,Sun,Away,L,2,3,Everton,2.05534,2.5796,62,3,Watford
2017-11-18,13:30,,Sat,Home,W,2,0,Tottenham,2.24246,0.591192,42,5,Arsenal
2017-11-18,13:30,,Sat,Away,L,0,2,Arsenal,0.591192,2.24246,58,4,Tottenham
2017-11-18,16:00,,Sat,Home,W,4,0,Huddersfield,1.38782,1.1633,31,5,Bournemouth
2017-11-18,16:00,,Sat,Away,L,0,4,Bournemouth,1.1633,1.38782,69,3,Huddersfield
2017-11-18,16:00,,Sat,Home,W,2,0,Swansea,1.5427,0.431402,39,7,Burnley
2017-11-18,16:00,,Sat,Away,L,0,2,Burnley,0.431402,1.5427,61,1,Swansea
2017-11-18,16:00,,Sat,Home,D,2,2,Everton,2.02983,1.68728,69,7,Crystal Palace
2017-11-18,16:00,,Sat,Away,D,2,2,Crystal Palace,1.68728,2.02983,31,5,Everton
2017-11-18,16:00,,Sat,Home,L,0,2,Manchester City,0.0970457,2.40056,25,0,Leicester
2017-11-18,16:00,,Sat,Away,W,2,0,Leicester,2.40056,0.0970457,75,4,Manchester City
2017-11-18,16:00,,Sat,Home,W,3,0,Southampton,2.06277,0.563886,61,8,Liverpool
2017-11-18,16:00,,Sat,Away,L,0,3,Liverpool,0.563886,2.06277,39,0,Southampton
2017-11-18,16:00,,Sat,Home,L,0,4,Chelsea,0.590655,1.71709,39,2,West Brom
2017-11-18,16:00,,Sat,Away,W,4,0,West Brom,1.71709,0.590655,61,7,Chelsea
2017-11-18,18:30,,Sat,Home,W,4,1,Newcastle United,2.57424,1.08708,65,7,Manchester Utd
2017-11-18,18:30,,Sat,Away,L,1,4,Manchester Utd,1.08708,2.57424,35,5,Newcastle United
2017-11-19,17:00,,Sun,Home,W,2,0,West Ham,1.24547,1.43369,59,7,Watford
2017-11-19,17:00,,Sun,Away,L,0,2,Watford,1.43369,1.24547,41,6,West Ham
2017-11-20,21:00,,Mon,Home,D,2,2,Stoke,0.490058,1.20507,54,3,Brighton
2017-11-20,21:00,,Mon,Away,D,2,2,Brighton,1.20507,0.490058,46,6,Stoke
2017-11-24,21:00,,Fri,Home,D,1,1,Leicester,0.775297,0.453851,49,4,West Ham
2017-11-24,21:00,,Fri,Away,D,1,1,West Ham,0.453851,0.775297,51,2,Leicester
2017-11-25,16:00,,Sat,Home,W,2,1,Stoke,1.48339,0.628292,54,5,Crystal Palace
2017-11-25,16:00,,Sat,Away,L,1,2,Crystal Palace,0.628292,1.48339,46,3,Stoke
2017-11-25,16:00,,Sat,Home,W,1,0,Brighton,1.50148,0.565072,58,5,Manchester Utd
2017-11-25,16:00,,Sat,Away,L,0,1,Manchester Utd,0.565072,1.50148,42,2,Brighton
2017-11-25,16:00,,Sat,Home,L,0,3,Watford,0.86002,2.05844,53,2,Newcastle United
2017-11-25,16:00,,Sat,Away,W,3,0,Newcastle United,2.05844,0.86002,47,4,Watford
2017-11-25,16:00,,Sat,Home,D,0,0,Bournemouth,0.879594,0.449075,48,1,Swansea
2017-11-25,16:00,,Sat,Away,D,0,0,Swansea,0.449075,0.879594,52,5,Bournemouth
2017-11-25,16:00,,Sat,Home,D,1,1,West Brom,1.91526,0.71711,73,5,Tottenham
2017-11-25,16:00,,Sat,Away,D,1,1,Tottenham,0.71711,1.91526,27,2,West Brom
2017-11-25,18:30,,Sat,Home,D,1,1,Chelsea,1.50368,0.739983,53,4,Liverpool
2017-11-25,18:30,,Sat,Away,D,1,1,Liverpool,0.739983,1.50368,47,3,Chelsea
2017-11-26,14:30,,Sun,Home,W,4,1,Everton,1.97034,0.147724,67,5,Southampton
2017-11-26,14:30,,Sun,Away,L,1,4,Southampton,0.147724,1.97034,33,2,Everton
2017-11-26,15:00,,Sun,Home,L,0,1,Arsenal,0.402745,1.75184,36,2,Burnley
2017-11-26,15:00,,Sun,Away,W,1,0,Burnley,1.75184,0.402745,64,2,Arsenal
2017-11-26,17:00,,Sun,Home,L,1,2,Manchester City,0.537698,2.66178,21,0,Huddersfield
2017-11-26,17:00,,Sun,Away,W,2,1,Huddersfield,2.66178,0.537698,79,5,Manchester City
2017-11-28,20:45,,Tue,Home,D,0,0,Crystal Palace,0.475162,0.584296,53,4,Brighton
2017-11-28,20:45,,Tue,Away,D,0,0,Brighton,0.584296,0.475162,47,4,Crystal Palace
2017-11-28,20:45,,Tue,Home,W,2,1,Tottenham,0.924575,2.50552,37,4,Leicester
2017-11-28,20:45,,Tue,Away,L,1,2,Leicester,2.50552,0.924575,63,6,Tottenham
2017-11-28,21:00,,Tue,Home,L,2,4,Manchester Utd,1.29277,1.63491,59,3,Watford
2017-11-28,21:00,,Tue,Away,W,4,2,Watford,1.63491,1.29277,41,7,Manchester Utd
2017-11-28,21:00,,Tue,Home,D,2,2,Newcastle United,0.845327,1.1342,48,4,West Brom
2017-11-28,21:00,,Tue,Away,D,2,2,West Brom,1.1342,0.845327,52,4,Newcastle United
2017-11-29,20:45,,Wed,Home,W,5,0,Huddersfield,4.47889,0.475716,70,7,Arsenal
2017-11-29,20:45,,Wed,Away,L,0,5,Arsenal,0.475716,4.47889,30,2,Huddersfield
2017-11-29,20:45,,Wed,Home,L,1,2,Burnley,0.915088,1.08519,62,2,Bournemouth
2017-11-29,20:45,,Wed,Away,W,2,1,Bournemouth,1.08519,0.915088,38,4,Burnley
2017-11-29,20:45,,Wed,Home,W,1,0,Swansea,2.30012,0.0411427,61,10,Chelsea
2017-11-29,20:45,,Wed,Away,L,0,1,Chelsea,0.0411427,2.30012,39,0,Swansea
2017-11-29,21:00,,Wed,Home,W,4,0,West Ham,1.76497,1.03658,44,5,Everton
2017-11-29,21:00,,Wed,Away,L,0,4,Everton,1.03658,1.76497,56,3,West Ham
2017-11-29,21:00,,Wed,Home,W,2,1,Southampton,1.64952,1.7066,75,12,Manchester City
2017-11-29,21:00,,Wed,Away,L,1,2,Manchester City,1.7066,1.64952,25,2,Southampton
2017-11-29,21:00,,Wed,Home,L,0,3,Liverpool,0.846748,2.58757,39,1,Stoke
2017-11-29,21:00,,Wed,Away,W,3,0,Stoke,2.58757,0.846748,61,7,Liverpool
2017-12-02,13:30,,Sat,Home,W,3,1,Newcastle United,3.07794,0.519549,66,9,Chelsea
2017-12-02,13:30,,Sat,Away,L,1,3,Chelsea,0.519549,3.07794,34,2,Newcastle United
2017-12-02,16:00,,Sat,Home,L,1,5,Liverpool,1.65878,1.77566,43,2,Brighton
2017-12-02,16:00,,Sat,Away,W,5,1,Brighton,1.77566,1.65878,57,6,Liverpool
2017-12-02,16:00,,Sat,Home,W,2,0,Huddersfield,0.820024,0.223429,47,4,Everton
2017-12-02,16:00,,Sat,Away,L,0,2,Everton,0.223429,0.820024,53,3,Huddersfield
2017-12-02,16:00,,Sat,Home,W,1,0,Burnley,1.61269,0.789388,52,3,Leicester
2017-12-02,16:00,,Sat,Away,L,0,1,Leicester,0.789388,1.61269,48,4,Burnley
2017-12-02,16:00,,Sat,Home,W,2,1,Swansea,1.24743,0.320601,44,3,Stoke
2017-12-02,16:00,,Sat,Away,L,1,2,Stoke,0.320601,1.24743,56,3,Swansea
2017-12-02,16:00,,Sat,Home,D,1,1,Tottenham,0.352672,0.788817,50,2,Watford
2017-12-02,16:00,,Sat,Away,D,1,1,Watford,0.788817,0.352672,50,2,Tottenham
2017-12-02,16:00,,Sat,Home,D,0,0,Crystal Palace,1.65178,0.80924,51,6,West Brom
2017-12-02,16:00,,Sat,Away,D,0,0,West Brom,0.80924,1.65178,49,2,Crystal Palace
2017-12-02,18:30,,Sat,Home,L,1,3,Manchester Utd,4.24057,2.06831,75,16,Arsenal
2017-12-02,18:30,,Sat,Away,W,3,1,Arsenal,2.06831,4.24057,25,4,Manchester Utd
2017-12-03,14:30,,Sun,Home,D,1,1,Southampton,1.11195,1.00264,48,5,Bournemouth
2017-12-03,14:30,,Sun,Away,D,1,1,Bournemouth,1.00264,1.11195,52,4,Southampton
2017-12-03,17:00,,Sun,Home,W,2,1,West Ham,2.45603,0.474483,77,8,Manchester City
2017-12-03,17:00,,Sun,Away,L,1,2,Manchester City,0.474483,2.45603,23,4,West Ham
2017-12-09,13:30,,Sat,Home,W,1,0,Chelsea,0.418127,1.18891,31,2,West Ham
2017-12-09,13:30,,Sat,Away,L,0,1,West Ham,1.18891,0.418127,69,2,Chelsea
2017-12-09,16:00,,Sat,Home,W,1,0,Watford,0.485632,0.819233,49,5,Burnley
2017-12-09,16:00,,Sat,Away,L,0,1,Burnley,0.819233,0.485632,51,2,Watford
2017-12-09,16:00,,Sat,Home,D,2,2,Bournemouth,4.61208,0.962374,45,8,Crystal Palace
2017-12-09,16:00,,Sat,Away,D,2,2,Crystal Palace,0.962374,4.61208,55,5,Bournemouth
2017-12-09,16:00,,Sat,Home,W,2,0,Brighton,2.68125,0.273809,59,6,Huddersfield
2017-12-09,16:00,,Sat,Away,L,0,2,Huddersfield,0.273809,2.68125,41,2,Brighton
2017-12-09,16:00,,Sat,Home,W,1,0,West Brom,1.01101,0.25228,54,3,Swansea
2017-12-09,16:00,,Sat,Away,L,0,1,Swansea,0.25228,1.01101,46,1,West Brom
2017-12-09,16:00,,Sat,Home,W,5,1,Stoke,4.01925,0.749296,71,11,Tottenham
2017-12-09,16:00,,Sat,Away,L,1,5,Tottenham,0.749296,4.01925,29,3,Stoke
2017-12-09,18:30,,Sat,Home,L,2,3,Leicester,0.964657,0.444099,38,4,Newcastle United
2017-12-09,18:30,,Sat,Away,W,3,2,Newcastle United,0.444099,0.964657,62,5,Leicester
2017-12-10,13:00,,Sun,Home,D,1,1,Arsenal,1.21942,0.608352,33,3,Southampton
2017-12-10,13:00,,Sun,Away,D,1,1,Southampton,0.608352,1.21942,67,6,Arsenal
2017-12-10,15:15,,Sun,Home,D,1,1,Everton,1.89569,0.823217,79,3,Liverpool
2017-12-10,15:15,,Sun,Away,D,1,1,Liverpool,0.823217,1.89569,21,2,Everton
2017-12-10,17:30,,Sun,Home,L,1,2,Manchester City,1.43756,2.03041,35,5,Manchester Utd
2017-12-10,17:30,,Sun,Away,W,2,1,Manchester Utd,2.03041,1.43756,65,7,Manchester City
2017-12-12,20:45,,Tue,Home,W,1,0,Stoke,0.360081,0.916344,51,2,Burnley
2017-12-12,20:45,,Tue,Away,L,0,1,Burnley,0.916344,0.360081,49,7,Stoke
2017-12-12,21:00,,Tue,Home,W,2,1,Watford,1.10545,1.40441,53,4,Crystal Palace
2017-12-12,21:00,,Tue,Away,L,1,2,Crystal Palace,1.40441,1.10545,47,2,Watford
2017-12-12,21:00,,Tue,Home,L,1,3,Chelsea,0.476748,1.8707,36,2,Huddersfield
2017-12-12,21:00,,Tue,Away,W,3,1,Huddersfield,1.8707,0.476748,64,5,Chelsea
2017-12-13,20:45,,Wed,Home,L,0,1,Everton,0.570658,1.38719,55,4,Newcastle United
2017-12-13,20:45,,Wed,Away,W,1,0,Newcastle United,1.38719,0.570658,45,4,Everton
2017-12-13,20:45,,Wed,Home,L,1,4,Leicester,1.11749,2.24579,54,4,Southampton
2017-12-13,20:45,,Wed,Away,W,4,1,Southampton,2.24579,1.11749,46,11,Leicester
2017-12-13,20:45,,Wed,Home,L,0,4,Manchester City,0.589496,3.56828,22,3,Swansea
2017-12-13,20:45,,Wed,Away,W,4,0,Swansea,3.56828,0.589496,78,10,Manchester City
2017-12-13,21:00,,Wed,Home,D,0,0,West Brom,2.13915,0.520382,71,5,Liverpool
2017-12-13,21:00,,Wed,Away,D,0,0,Liverpool,0.520382,2.13915,29,1,West Brom
2017-12-13,21:00,,Wed,Home,W,1,0,Bournemouth,1.24043,0.815792,56,2,Manchester Utd
2017-12-13,21:00,,Wed,Away,L,0,1,Manchester Utd,0.815792,1.24043,44,7,Bournemouth
2017-12-13,21:00,,Wed,Home,W,2,0,Brighton,1.87344,0.315616,75,8,Tottenham
2017-12-13,21:00,,Wed,Away,L,0,2,Tottenham,0.315616,1.87344,25,4,Brighton
2017-12-13,21:00,,Wed,Home,D,0,0,Arsenal,0.405172,1.02186,30,0,West Ham
2017-12-13,21:00,,Wed,Away,D,0,0,West Ham,1.02186,0.405172,70,3,Arsenal
2017-12-16,13:30,,Sat,Home,L,0,3,Crystal Palace,0.758241,2.25889,56,2,Leicester
2017-12-16,13:30,,Sat,Away,W,3,0,Leicester,2.25889,0.758241,44,6,Crystal Palace
2017-12-16,16:00,,Sat,Home,W,1,0,Newcastle United,2.02472,0.286547,71,5,Arsenal
2017-12-16,16:00,,Sat,Away,L,0,1,Arsenal,0.286547,2.02472,29,2,Newcastle United
2017-12-16,16:00,,Sat,Home,D,0,0,Burnley,1.49029,1.32536,58,2,Brighton
2017-12-16,16:00,,Sat,Away,D,0,0,Brighton,1.32536,1.49029,42,6,Burnley
2017-12-16,16:00,,Sat,Home,W,1,0,Southampton,1.29018,0.587081,54,8,Chelsea
2017-12-16,16:00,,Sat,Away,L,0,1,Chelsea,0.587081,1.29018,46,2,Southampton
2017-12-16,16:00,,Sat,Home,L,1,4,Huddersfield,0.589103,3.49193,59,3,Watford
2017-12-16,16:00,,Sat,Away,W,4,1,Watford,3.49193,0.589103,41,9,Huddersfield
2017-12-16,17:00,,Sat,Home,L,0,3,West Ham,0.983293,3.08244,54,0,Stoke
2017-12-16,17:00,,Sat,Away,W,3,0,Stoke,3.08244,0.983293,46,7,West Ham
2017-12-16,18:30,,Sat,Home,W,4,1,Tottenham,4.14588,0.182456,53,11,Manchester City
2017-12-16,18:30,,Sat,Away,L,1,4,Manchester City,0.182456,4.14588,47,2,Tottenham
2017-12-17,15:15,,Sun,Home,L,1,2,Manchester Utd,1.076,0.898984,43,5,West Brom
2017-12-17,15:15,,Sun,Away,W,2,1,West Brom,0.898984,1.076,57,3,Manchester Utd
2017-12-17,17:30,,Sun,Home,L,0,4,Liverpool,0.539178,3.25041,44,2,Bournemouth
2017-12-17,17:30,,Sun,Away,W,4,0,Bournemouth,3.25041,0.539178,56,7,Liverpool
2017-12-18,21:00,,Mon,Home,W,3,1,Swansea,2.01756,0.766224,51,7,Everton
2017-12-18,21:00,,Mon,Away,L,1,3,Everton,0.766224,2.01756,49,3,Swansea
2017-12-22,20:45,,Fri,Home,D,3,3,Liverpool,1.13104,2.05947,54,4,Arsenal
2017-12-22,20:45,,Fri,Away,D,3,3,Arsenal,2.05947,1.13104,46,9,Liverpool
2017-12-23,13:30,,Sat,Home,D,0,0,Chelsea,0.342403,1.84971,32,0,Everton
2017-12-23,13:30,,Sat,Away,D,0,0,Everton,1.84971,0.342403,68,8,Chelsea
2017-12-23,16:00,,Sat,Home,W,1,0,Watford,1.40139,1.30044,52,3,Brighton
2017-12-23,16:00,,Sat,Away,L,0,1,Brighton,1.30044,1.40139,48,1,Watford
2017-12-23,16:00,,Sat,Home,W,4,0,Bournemouth,1.55724,0.334896,79,5,Manchester City
2017-12-23,16:00,,Sat,Away,L,0,4,Manchester City,0.334896,1.55724,21,1,Bournemouth
2017-12-23,16:00,,Sat,Home,D,1,1,Huddersfield,1.73805,1.09381,53,6,Southampton
2017-12-23,16:00,,Sat,Away,D,1,1,Southampton,1.09381,1.73805,47,3,Huddersfield
2017-12-23,16:00,,Sat,Home,W,3,1,West Brom,1.7986,2.0544,43,5,Stoke
2017-12-23,16:00,,Sat,Away,L,1,3,Stoke,2.0544,1.7986,57,7,West Brom
2017-12-23,16:00,,Sat,Home,D,1,1,Crystal Palace,0.546613,1.25546,64,2,Swansea
2017-12-23,16:00,,Sat,Away,D,1,1,Swansea,1.25546,0.546613,36,5,Crystal Palace
2017-12-23,16:00,,Sat,Home,L,2,3,Newcastle United,2.31898,1.90622,63,6,West Ham
2017-12-23,16:00,,Sat,Away,W,3,2,West Ham,1.90622,2.31898,37,4,Newcastle United
2017-12-23,18:30,,Sat,Home,L,0,3,Tottenham,0.159735,3.30947,40,2,Burnley
2017-12-23,18:30,,Sat,Away,W,3,0,Burnley,3.30947,0.159735,60,8,Tottenham
2017-12-23,20:45,,Sat,Home,D,2,2,Manchester Utd,1.56465,2.15281,50,3,Leicester
2017-12-23,20:45,,Sat,Away,D,2,2,Leicester,2.15281,1.56465,50,6,Manchester Utd
2017-12-26,13:30,,Tue,Home,W,5,2,Southampton,3.08413,0.591118,57,7,Tottenham
2017-12-26,13:30,,Tue,Away,L,2,5,Tottenham,0.591118,3.08413,43,6,Southampton
2017-12-26,16:00,,Tue,Home,D,3,3,West Ham,2.84928,1.87596,56,10,Bournemouth
2017-12-26,16:00,,Tue,Away,D,3,3,Bournemouth,1.87596,2.84928,44,5,West Ham
2017-12-26,16:00,,Tue,Home,W,2,0,Brighton,2.16934,0.452601,67,8,Chelsea
2017-12-26,16:00,,Tue,Away,L,0,2,Chelsea,0.452601,2.16934,33,1,Brighton
2017-12-26,16:00,,Tue,Home,D,1,1,Stoke,1.8756,1.19984,59,8,Huddersfield
2017-12-26,16:00,,Tue,Away,D,1,1,Huddersfield,1.19984,1.8756,41,7,Stoke
2017-12-26,16:00,,Tue,Home,D,2,2,Burnley,1.80763,0.786214,71,6,Manchester Utd
2017-12-26,16:00,,Tue,Away,D,2,2,Manchester Utd,0.786214,1.80763,29,2,Burnley
2017-12-26,16:00,,Tue,Home,W,2,1,Leicester,1.43009,1.54771,50,1,Watford
2017-12-26,16:00,,Tue,Away,L,1,2,Watford,1.54771,1.43009,50,5,Leicester
2017-12-26,16:00,,Tue,Home,D,0,0,Everton,1.18168,0.405775,53,3,West Brom
2017-12-26,16:00,,Tue,Away,D,0,0,West Brom,0.405775,1.18168,47,3,Everton
2017-12-26,18:30,,Tue,Home,W,5,0,Swansea,3.06422,0.2719,55,9,Liverpool
2017-12-26,18:30,,Tue,Away,L,0,5,Liverpool,0.2719,3.06422,45,4,Swansea
2017-12-27,20:45,,Wed,Home,L,0,1,Manchester City,0.174705,1.93187,22,2,Newcastle United
2017-12-27,20:45,,Wed,Away,W,1,0,Newcastle United,1.93187,0.174705,78,6,Manchester City
2017-12-28,21:00,,Thu,Home,L,2,3,Arsenal,1.14522,1.84104,35,2,Crystal Palace
2017-12-28,21:00,,Thu,Away,W,3,2,Crystal Palace,1.84104,1.14522,65,9,Arsenal
2017-12-30,16:00,,Sat,Home,W,2,1,Everton,1.39955,0.599608,47,7,Bournemouth
2017-12-30,16:00,,Sat,Away,L,1,2,Bournemouth,0.599608,1.39955,53,1,Everton
2017-12-30,16:00,,Sat,Home,W,5,0,Stoke,3.09527,0.28218,59,12,Chelsea
2017-12-30,16:00,,Sat,Away,L,0,5,Chelsea,0.28218,3.09527,41,1,Stoke
2017-12-30,16:00,,Sat,Home,D,0,0,Burnley,0.049118,1.20923,57,1,Huddersfield
2017-12-30,16:00,,Sat,Away,D,0,0,Huddersfield,1.20923,0.049118,43,4,Burnley
2017-12-30,16:00,,Sat,Home,W,2,1,Leicester,2.56607,0.789667,60,6,Liverpool
2017-12-30,16:00,,Sat,Away,L,1,2,Liverpool,0.789667,2.56607,40,1,Leicester
2017-12-30,16:00,,Sat,Home,D,0,0,Brighton,0.504379,0.630058,45,2,Newcastle United
2017-12-30,16:00,,Sat,Away,D,0,0,Newcastle United,0.630058,0.504379,55,3,Brighton
2017-12-30,16:00,,Sat,Home,L,1,2,Swansea,1.17794,1.31479,51,4,Watford
2017-12-30,16:00,,Sat,Away,W,2,1,Watford,1.31479,1.17794,49,4,Swansea
2017-12-30,18:30,,Sat,Home,D,0,0,Southampton,1.87247,0.85013,55,3,Manchester Utd
2017-12-30,18:30,,Sat,Away,D,0,0,Manchester Utd,0.85013,1.87247,45,3,Southampton
2017-12-31,13:00,,Sun,Home,D,0,0,Manchester City,1.72153,1.09586,26,1,Crystal Palace
2017-12-31,13:00,,Sun,Away,D,0,0,Crystal Palace,1.09586,1.72153,74,4,Manchester City
2017-12-31,17:30,,Sun,Home,D,1,1,Arsenal,1.39429,0.917801,35,3,West Brom
2017-12-31,17:30,,Sun,Away,D,1,1,West Brom,0.917801,1.39429,65,4,Arsenal
2018-01-01,13:30,,Mon,Home,D,2,2,Bournemouth,2.37332,1.28248,49,6,Brighton
2018-01-01,13:30,,Mon,Away,D,2,2,Brighton,1.28248,2.37332,51,9,Bournemouth
2018-01-01,16:00,,Mon,Home,L,1,2,Liverpool,0.900466,1.62514,42,4,Burnley
2018-01-01,16:00,,Mon,Away,W,2,1,Burnley,1.62514,0.900466,58,5,Liverpool
2018-01-01,16:00,,Mon,Home,W,3,0,Huddersfield,1.45074,0.226625,51,5,Leicester
2018-01-01,16:00,,Mon,Away,L,0,3,Leicester,0.226625,1.45074,49,1,Huddersfield
2018-01-01,16:00,,Mon,Home,L,0,1,Newcastle United,1.50029,2.02028,59,4,Stoke
2018-01-01,16:00,,Mon,Away,W,1,0,Stoke,2.02028,1.50029,41,6,Newcastle United
2018-01-01,18:30,,Mon,Home,L,0,2,Manchester Utd,1.23952,1.26247,40,0,Everton
2018-01-01,18:30,,Mon,Away,W,2,0,Everton,1.26247,1.23952,60,6,Manchester Utd
2018-01-02,20:45,,Tue,Home,L,1,2,Crystal Palace,0.445301,1.34294,61,3,Southampton
2018-01-02,20:45,,Tue,Away,W,2,1,Southampton,1.34294,0.445301,39,4,Crystal Palace
2018-01-02,20:45,,Tue,Home,L,0,2,Tottenham,0.397789,1.61843,33,1,Swansea
2018-01-02,20:45,,Tue,Away,W,2,0,Swansea,1.61843,0.397789,67,5,Tottenham
2018-01-02,20:45,,Tue,Home,W,2,1,West Brom,1.0594,0.63538,53,5,West Ham
2018-01-02,20:45,,Tue,Away,L,1,2,West Ham,0.63538,1.0594,47,3,West Brom
2018-01-02,21:00,,Tue,Home,W,3,1,Watford,2.77398,0.965283,77,7,Manchester City
2018-01-02,21:00,,Tue,Away,L,1,3,Manchester City,0.965283,2.77398,23,4,Watford
2018-01-03,20:45,,Wed,Home,D,2,2,Chelsea,1.23205,3.0768,58,6,Arsenal
2018-01-03,20:45,,Wed,Away,D,2,2,Arsenal,3.0768,1.23205,42,6,Chelsea
2018-01-04,21:00,,Thu,Home,D,1,1,West Ham,1.64908,0.612933,71,8,Tottenham
2018-01-04,21:00,,Thu,Away,D,1,1,Tottenham,0.612933,1.64908,29,1,West Ham
2018-01-13,16:00,,Sat,Home,D,0,0,Leicester,0.622946,1.36341,55,7,Chelsea
2018-01-13,16:00,,Sat,Away,D,0,0,Chelsea,1.36341,0.622946,45,1,Leicester
2018-01-13,16:00,,Sat,Home,W,1,0,Burnley,1.80971,0.907849,44,2,Crystal Palace
2018-01-13,16:00,,Sat,Away,L,0,1,Crystal Palace,0.907849,1.80971,56,2,Burnley
2018-01-13,16:00,,Sat,Home,L,1,4,West Ham,0.681,0.986853,65,2,Huddersfield
2018-01-13,16:00,,Sat,Away,W,4,1,Huddersfield,0.986853,0.681,35,6,West Ham
2018-01-13,16:00,,Sat,Home,D,1,1,Swansea,1.8273,0.895774,43,4,Newcastle United
2018-01-13,16:00,,Sat,Away,D,1,1,Newcastle United,0.895774,1.8273,57,5,Swansea
2018-01-13,16:00,,Sat,Home,D,2,2,Southampton,1.67369,0.857637,56,4,Watford
2018-01-13,16:00,,Sat,Away,D,2,2,Watford,0.857637,1.67369,44,4,Southampton
2018-01-13,16:00,,Sat,Home,W,2,0,Brighton,1.38478,0.530765,44,4,West Brom
2018-01-13,16:00,,Sat,Away,L,0,2,West Brom,0.530765,1.38478,56,1,Brighton
2018-01-13,18:30,,Sat,Home,W,4,0,Everton,4.21366,0.290345,61,10,Tottenham
2018-01-13,18:30,,Sat,Away,L,0,4,Tottenham,0.290345,4.21366,39,0,Everton
2018-01-14,14:30,,Sun,Home,W,2,1,Arsenal,0.822285,1.00956,41,5,Bournemouth
2018-01-14,14:30,,Sun,Away,L,1,2,Bournemouth,1.00956,0.822285,59,3,Arsenal
2018-01-14,17:00,,Sun,Home,W,4,3,Manchester City,1.01595,0.722959,36,7,Liverpool
2018-01-14,17:00,,Sun,Away,L,3,4,Liverpool,0.722959,1.01595,64,4,Manchester City
2018-01-15,21:00,,Mon,Home,W,3,0,Stoke,1.9485,1.47603,60,9,Manchester Utd
2018-01-15,21:00,,Mon,Away,L,0,3,Manchester Utd,1.47603,1.9485,40,5,Stoke
2018-01-20,13:30,,Sat,Home,L,0,4,Chelsea,0.881174,1.52008,42,3,Brighton
2018-01-20,13:30,,Sat,Away,W,4,0,Brighton,1.52008,0.881174,58,10,Chelsea
2018-01-20,16:00,,Sat,Home,W,4,1,Crystal Palace,3.56519,0.501202,64,10,Arsenal
2018-01-20,16:00,,Sat,Away,L,1,4,Arsenal,0.501202,3.56519,36,5,Crystal Palace
2018-01-20,16:00,,Sat,Home,L,0,1,Manchester Utd,0.568215,0.860828,48,2,Burnley
2018-01-20,16:00,,Sat,Away,W,1,0,Burnley,0.860828,0.568215,52,2,Manchester Utd
2018-01-20,16:00,,Sat,Home,D,1,1,West Brom,0.92355,1.34998,57,4,Everton
2018-01-20,16:00,,Sat,Away,D,1,1,Everton,1.34998,0.92355,43,5,West Brom
2018-01-20,16:00,,Sat,Home,W,2,0,Watford,1.51932,0.740795,53,5,Leicester
2018-01-20,16:00,,Sat,Away,L,0,2,Leicester,0.740795,1.51932,47,3,Watford
2018-01-20,16:00,,Sat,Home,W,2,0,Huddersfield,0.987799,0.238458,49,6,Stoke
2018-01-20,16:00,,Sat,Away,L,0,2,Stoke,0.238458,0.987799,51,3,Huddersfield
2018-01-20,16:00,,Sat,Home,D,1,1,Bournemouth,0.980241,0.501886,47,4,West Ham
2018-01-20,16:00,,Sat,Away,D,1,1,West Ham,0.501886,0.980241,53,3,Bournemouth
2018-01-20,18:30,,Sat,Home,W,3,1,Newcastle United,2.5505,0.992018,81,9,Manchester City
2018-01-20,18:30,,Sat,Away,L,1,3,Manchester City,0.992018,2.5505,19,4,Newcastle United
2018-01-21,17:00,,Sun,Home,D,1,1,Tottenham,1.15209,1.30653,41,4,Southampton
2018-01-21,17:00,,Sun,Away,D,1,1,Southampton,1.30653,1.15209,59,2,Tottenham
2018-01-22,21:00,,Mon,Home,W,1,0,Liverpool,0.498742,2.19675,28,2,Swansea
2018-01-22,21:00,,Mon,Away,L,0,1,Swansea,2.19675,0.498742,72,4,Liverpool
2018-01-30,20:45,,Tue,Home,W,3,1,Arsenal,2.37911,1.15616,26,4,Swansea
2018-01-30,20:45,,Tue,Away,L,1,3,Swansea,1.15616,2.37911,74,4,Arsenal
2018-01-30,20:45,,Tue,Home,D,1,1,Crystal Palace,1.11632,1.15809,40,3,West Ham
2018-01-30,20:45,,Tue,Away,D,1,1,West Ham,1.15809,1.11632,60,3,Crystal Palace
2018-01-30,21:00,,Tue,Home,L,0,3,Liverpool,0.288048,2.05148,25,1,Huddersfield
2018-01-30,21:00,,Tue,Away,W,3,0,Huddersfield,2.05148,0.288048,75,7,Liverpool
2018-01-31,20:45,,Wed,Home,L,0,3,Bournemouth,1.14795,1.42447,66,5,Chelsea
2018-01-31,20:45,,Wed,Away,W,3,0,Chelsea,1.42447,1.14795,34,5,Bournemouth
2018-01-31,20:45,,Wed,Home,W,2,1,Leicester,1.53072,2.65018,45,4,Everton
2018-01-31,20:45,,Wed,Away,L,1,2,Everton,2.65018,1.53072,55,1,Leicester
2018-01-31,20:45,,Wed,Home,D,1,1,Burnley,2.52275,1.22828,52,4,Newcastle United
2018-01-31,20:45,,Wed,Away,D,1,1,Newcastle United,1.22828,2.52275,48,2,Burnley
2018-01-31,20:45,,Wed,Home,D,1,1,Brighton,1.27393,1.07907,66,3,Southampton
2018-01-31,20:45,,Wed,Away,D,1,1,Southampton,1.07907,1.27393,34,2,Brighton
2018-01-31,21:00,,Wed,Home,W,3,0,West Brom,2.68955,0.118043,74,10,Manchester City
2018-01-31,21:00,,Wed,Away,L,0,3,Manchester City,0.118043,2.68955,26,1,West Brom
2018-01-31,21:00,,Wed,Home,D,0,0,Watford,0.722172,0.740773,47,4,Stoke
2018-01-31,21:00,,Wed,Away,D,0,0,Stoke,0.740773,0.722172,53,2,Watford
2018-01-31,21:00,,Wed,Home,W,2,0,Manchester Utd,2.0117,0.817997,53,6,Tottenham
2018-01-31,21:00,,Wed,Away,L,0,2,Tottenham,0.817997,2.0117,47,3,Manchester Utd
2018-02-03,13:30,,Sat,Home,D,1,1,Manchester City,0.795971,2.24914,29,3,Burnley
2018-02-03,13:30,,Sat,Away,D,1,1,Burnley,2.24914,0.795971,71,7,Manchester City
2018-02-03,16:00,,Sat,Home,W,2,1,Stoke,1.91091,0.721222,57,8,Bournemouth
2018-02-03,16:00,,Sat,Away,L,1,2,Bournemouth,0.721222,1.91091,43,4,Stoke
2018-02-03,16:00,,Sat,Home,W,3,1,West Ham,1.64227,0.443751,55,5,Brighton
2018-02-03,16:00,,Sat,Away,L,1,3,Brighton,0.443751,1.64227,45,1,West Ham
2018-02-03,16:00,,Sat,Home,D,1,1,Swansea,1.48466,0.569943,60,5,Leicester
2018-02-03,16:00,,Sat,Away,D,1,1,Leicester,0.569943,1.48466,40,1,Swansea
2018-02-03,16:00,,Sat,Home,W,2,0,Huddersfield,1.63389,0.13049,74,7,Manchester Utd
2018-02-03,16:00,,Sat,Away,L,0,2,Manchester Utd,0.13049,1.63389,26,0,Huddersfield
2018-02-03,16:00,,Sat,Home,L,2,3,Southampton,0.876603,0.99695,39,3,West Brom
2018-02-03,16:00,,Sat,Away,W,3,2,West Brom,0.99695,0.876603,61,5,Southampton
2018-02-03,18:30,,Sat,Home,W,5,1,Everton,3.19622,1.49065,58,7,Arsenal
2018-02-03,18:30,,Sat,Away,L,1,5,Arsenal,1.49065,3.19622,42,2,Everton
2018-02-04,15:15,,Sun,Home,D,1,1,Newcastle United,3.00238,1.14408,54,6,Crystal Palace
2018-02-04,15:15,,Sun,Away,D,1,1,Crystal Palace,1.14408,3.00238,46,8,Newcastle United
2018-02-04,17:30,,Sun,Home,D,2,2,Tottenham,1.28962,2.54392,34,3,Liverpool
2018-02-04,17:30,,Sun,Away,D,2,2,Liverpool,2.54392,1.28962,66,6,Tottenham
2018-02-05,21:00,,Mon,Home,W,4,1,Chelsea,2.12696,0.573557,45,8,Watford
2018-02-05,21:00,,Mon,Away,L,1,4,Watford,0.573557,2.12696,55,3,Chelsea
2018-02-10,13:30,,Sat,Home,W,1,0,Arsenal,2.63564,0.487297,50,6,Tottenham
2018-02-10,13:30,,Sat,Away,L,0,1,Tottenham,0.487297,2.63564,50,1,Arsenal
2018-02-10,16:00,,Sat,Home,W,3,1,Crystal Palace,1.48792,1.65713,53,5,Everton
2018-02-10,16:00,,Sat,Away,L,1,3,Everton,1.65713,1.48792,47,4,Crystal Palace
2018-02-10,16:00,,Sat,Home,D,1,1,Brighton,1.39547,0.897856,57,3,Stoke
2018-02-10,16:00,,Sat,Away,D,1,1,Stoke,0.897856,1.39547,43,6,Brighton
2018-02-10,16:00,,Sat,Home,W,1,0,Burnley,0.843332,0.430729,58,4,Swansea
2018-02-10,16:00,,Sat,Away,L,0,1,Swansea,0.430729,0.843332,42,1,Burnley
2018-02-10,16:00,,Sat,Home,W,2,0,Watford,1.83359,0.799928,36,4,West Ham
2018-02-10,16:00,,Sat,Away,L,0,2,West Ham,0.799928,1.83359,64,4,Watford
2018-02-10,18:30,,Sat,Home,W,5,1,Leicester,2.59121,0.109716,70,11,Manchester City
2018-02-10,18:30,,Sat,Away,L,1,5,Manchester City,0.109716,2.59121,30,2,Leicester
2018-02-11,13:00,,Sun,Home,W,4,1,Bournemouth,2.56699,0.433555,51,4,Huddersfield
2018-02-11,13:00,,Sun,Away,L,1,4,Huddersfield,0.433555,2.56699,49,2,Bournemouth
2018-02-11,15:15,,Sun,Home,W,1,0,Manchester Utd,0.676656,1.71995,36,3,Newcastle United
2018-02-11,15:15,,Sun,Away,L,0,1,Newcastle United,1.71995,0.676656,64,6,Manchester Utd
2018-02-11,17:30,,Sun,Home,L,0,2,Liverpool,0.854343,2.35575,52,4,Southampton
2018-02-11,17:30,,Sun,Away,W,2,0,Southampton,2.35575,0.854343,48,4,Liverpool
2018-02-12,21:00,,Mon,Home,W,3,0,West Brom,2.37995,0.628806,57,8,Chelsea
2018-02-12,21:00,,Mon,Away,L,0,3,Chelsea,0.628806,2.37995,43,1,West Brom
2018-02-24,13:30,,Sat,Home,D,1,1,Stoke,1.12487,0.166078,66,9,Leicester
2018-02-24,13:30,,Sat,Away,D,1,1,Leicester,0.166078,1.12487,34,2,Stoke
2018-02-24,16:00,,Sat,Home,D,2,2,Newcastle United,1.20646,4.23567,64,5,Bournemouth
2018-02-24,16:00,,Sat,Away,D,2,2,Bournemouth,4.23567,1.20646,36,4,Newcastle United
2018-02-24,16:00,,Sat,Home,W,4,1,Swansea,3.2913,0.443169,48,5,Brighton
2018-02-24,16:00,,Sat,Away,L,1,4,Brighton,0.443169,3.2913,52,1,Swansea
2018-02-24,16:00,,Sat,Home,D,1,1,Southampton,1.28178,0.65898,50,3,Burnley
2018-02-24,16:00,,Sat,Away,D,1,1,Burnley,0.65898,1.28178,50,6,Southampton
2018-02-24,16:00,,Sat,Home,W,4,1,West Ham,3.9205,0.33527,68,12,Liverpool
2018-02-24,16:00,,Sat,Away,L,1,4,Liverpool,0.33527,3.9205,32,4,West Ham
2018-02-24,16:00,,Sat,Home,L,1,2,Huddersfield,1.50162,1.18101,53,3,West Brom
2018-02-24,16:00,,Sat,Away,W,2,1,West Brom,1.18101,1.50162,47,7,Huddersfield
2018-02-24,18:30,,Sat,Home,W,1,0,Everton,0.606929,0.665127,54,5,Watford
2018-02-24,18:30,,Sat,Away,L,0,1,Watford,0.665127,0.606929,46,2,Everton
2018-02-25,13:00,,Sun,Home,L,0,1,Tottenham,0.184958,1.65074,24,3,Crystal Palace
2018-02-25,13:00,,Sun,Away,W,1,0,Crystal Palace,1.65074,0.184958,76,4,Tottenham
2018-02-25,15:05,,Sun,Home,W,2,1,Chelsea,1.30036,1.68958,44,5,Manchester Utd
2018-02-25,15:05,,Sun,Away,L,1,2,Manchester Utd,1.68958,1.30036,56,7,Chelsea
2018-03-01,20:45,,Thu,Home,L,0,3,Manchester City,1.30172,1.92605,46,5,Arsenal
2018-03-01,20:45,,Thu,Away,W,3,0,Arsenal,1.92605,1.30172,54,5,Manchester City
2018-03-03,13:30,,Sat,Home,W,2,1,Everton,2.33524,1.79993,55,8,Burnley
2018-03-03,13:30,,Sat,Away,L,1,2,Burnley,1.79993,2.33524,45,4,Everton
2018-03-03,16:00,,Sat,Home,D,1,1,Bournemouth,2.97799,1.4035,56,4,Leicester
2018-03-03,16:00,,Sat,Away,D,1,1,Leicester,1.4035,2.97799,44,3,Bournemouth
2018-03-03,16:00,,Sat,Home,D,0,0,Stoke,0.982895,0.385303,65,6,Southampton
2018-03-03,16:00,,Sat,Away,D,0,0,Southampton,0.385303,0.982895,35,3,Stoke
2018-03-03,16:00,,Sat,Home,W,4,1,West Ham,2.30838,0.497211,45,8,Swansea
2018-03-03,16:00,,Sat,Away,L,1,4,Swansea,0.497211,2.30838,55,2,West Ham
2018-03-03,16:00,,Sat,Home,W,2,0,Huddersfield,1.63794,0.138106,75,7,Tottenham
2018-03-03,16:00,,Sat,Away,L,0,2,Tottenham,0.138106,1.63794,25,3,Huddersfield
2018-03-03,16:00,,Sat,Home,W,1,0,West Brom,1.23526,1.09115,53,4,Watford
2018-03-03,16:00,,Sat,Away,L,0,1,Watford,1.09115,1.23526,47,2,West Brom
2018-03-03,18:30,,Sat,Home,W,2,0,Newcastle United,1.56935,0.255322,71,3,Liverpool
2018-03-03,18:30,,Sat,Away,L,0,2,Liverpool,0.255322,1.56935,29,2,Newcastle United
2018-03-04,14:30,,Sun,Home,W,2,1,Arsenal,1.48498,0.801513,32,6,Brighton
2018-03-04,14:30,,Sun,Away,L,1,2,Brighton,0.801513,1.48498,68,7,Arsenal
2018-03-04,17:00,,Sun,Home,W,1,0,Chelsea,0.953312,0.118301,71,3,Manchester City
2018-03-04,17:00,,Sun,Away,L,0,1,Manchester City,0.118301,0.953312,29,0,Chelsea
2018-03-05,21:00,,Mon,Home,L,2,3,Manchester Utd,0.74138,1.25439,31,4,Crystal Palace
2018-03-05,21:00,,Mon,Away,W,3,2,Crystal Palace,1.25439,0.74138,69,8,Manchester Utd
2018-03-10,13:30,,Sat,Home,W,2,1,Liverpool,0.845051,0.777089,32,2,Manchester Utd
2018-03-10,13:30,,Sat,Away,L,1,2,Manchester Utd,0.777089,0.845051,68,2,Liverpool
2018-03-10,16:00,,Sat,Home,W,2,0,Brighton,1.68868,0.321797,59,3,Everton
2018-03-10,16:00,,Sat,Away,L,0,2,Everton,0.321797,1.68868,41,4,Brighton
2018-03-10,16:00,,Sat,Home,D,0,0,Swansea,1.39381,0.0,81,4,Huddersfield
2018-03-10,16:00,,Sat,Away,D,0,0,Huddersfield,0.0,1.39381,19,0,Swansea
2018-03-10,16:00,,Sat,Home,W,3,0,Southampton,1.35847,0.496723,37,5,Newcastle United
2018-03-10,16:00,,Sat,Away,L,0,3,Newcastle United,0.496723,1.35847,63,2,Southampton
2018-03-10,16:00,,Sat,Home,L,1,4,Leicester,0.360925,1.86524,44,2,West Brom
2018-03-10,16:00,,Sat,Away,W,4,1,West Brom,1.86524,0.360925,56,6,Leicester
2018-03-10,16:00,,Sat,Home,L,0,3,Burnley,0.72673,1.41929,53,4,West Ham
2018-03-10,16:00,,Sat,Away,W,3,0,West Ham,1.41929,0.72673,47,4,Burnley
2018-03-10,18:30,,Sat,Home,W,2,1,Crystal Palace,3.87829,1.13893,62,11,Chelsea
2018-03-10,18:30,,Sat,Away,L,1,2,Chelsea,1.13893,3.87829,38,2,Crystal Palace
2018-03-11,14:30,,Sun,Home,W,3,0,Watford,2.38263,1.54676,60,7,Arsenal
2018-03-11,14:30,,Sun,Away,L,0,3,Arsenal,1.54676,2.38263,40,4,Watford
2018-03-11,17:00,,Sun,Home,L,1,4,Tottenham,1.17387,2.53124,38,3,Bournemouth
2018-03-11,17:00,,Sun,Away,W,4,1,Bournemouth,2.53124,1.17387,62,8,Tottenham
2018-03-12,21:00,,Mon,Home,L,0,2,Manchester City,0.157023,1.64562,23,0,Stoke
2018-03-12,21:00,,Mon,Away,W,2,0,Stoke,1.64562,0.157023,77,6,Manchester City
2018-03-17,16:00,,Sat,Home,W,2,1,West Brom,0.685329,1.74488,60,5,Bournemouth
2018-03-17,16:00,,Sat,Away,L,1,2,Bournemouth,1.74488,0.685329,40,6,West Brom
2018-03-17,16:00,,Sat,Home,L,0,2,Crystal Palace,0.220381,2.74705,55,2,Huddersfield
2018-03-17,16:00,,Sat,Away,W,2,0,Huddersfield,2.74705,0.220381,45,6,Crystal Palace
2018-03-17,16:00,,Sat,Home,L,1,2,Everton,0.894266,2.97881,44,4,Stoke
2018-03-17,16:00,,Sat,Away,W,2,1,Stoke,2.97881,0.894266,56,9,Everton
2018-03-17,18:30,,Sat,Home,W,5,0,Watford,1.81208,0.35476,58,10,Liverpool
2018-03-17,18:30,,Sat,Away,L,0,5,Liverpool,0.35476,1.81208,42,1,Watford
2018-03-31,13:30,,Sat,Home,L,1,2,Liverpool,1.90868,1.72037,32,3,Crystal Palace
2018-03-31,13:30,,Sat,Away,W,2,1,Crystal Palace,1.72037,1.90868,68,6,Liverpool
2018-03-31,16:00,,Sat,Home,L,0,2,Leicester,1.60322,1.26582,47,3,Brighton
2018-03-31,16:00,,Sat,Away,W,2,0,Brighton,1.26582,1.60322,53,4,Leicester
2018-03-31,16:00,,Sat,Home,W,2,0,Swansea,2.14368,0.138813,67,5,Manchester Utd
2018-03-31,16:00,,Sat,Away,L,0,2,Manchester Utd,0.138813,2.14368,33,2,Swansea
2018-03-31,16:00,,Sat,Home,W,1,0,Huddersfield,2.53617,0.280847,63,3,Newcastle United
2018-03-31,16:00,,Sat,Away,L,0,1,Newcastle United,0.280847,2.53617,37,0,Huddersfield
2018-03-31,16:00,,Sat,Home,D,2,2,Bournemouth,0.76133,2.1146,50,5,Watford
2018-03-31,16:00,,Sat,Away,D,2,2,Watford,2.1146,0.76133,50,6,Bournemouth
2018-03-31,16:00,,Sat,Home,L,1,2,Burnley,0.394723,1.41534,47,3,West Brom
2018-03-31,16:00,,Sat,Away,W,2,1,West Brom,1.41534,0.394723,53,4,Burnley
2018-03-31,16:00,,Sat,Home,W,3,0,Southampton,1.44971,0.446641,48,5,West Ham
2018-03-31,16:00,,Sat,Away,L,0,3,West Ham,0.446641,1.44971,52,0,Southampton
2018-03-31,18:30,,Sat,Home,L,1,3,Manchester City,0.859628,1.91312,18,2,Everton
2018-03-31,18:30,,Sat,Away,W,3,1,Everton,1.91312,0.859628,82,4,Manchester City
2018-04-01,14:30,,Sun,Home,W,3,0,Stoke,3.56649,0.342516,70,11,Arsenal
2018-04-01,14:30,,Sun,Away,L,0,3,Arsenal,0.342516,3.56649,30,2,Stoke
2018-04-01,17:00,,Sun,Home,L,1,3,Tottenham,1.209,1.3895,49,4,Chelsea
2018-04-01,17:00,,Sun,Away,W,3,1,Chelsea,1.3895,1.209,51,7,Tottenham
2018-04-07,13:30,,Sat,Home,D,0,0,Liverpool,0.723427,0.947321,38,1,Everton
2018-04-07,13:30,,Sat,Away,D,0,0,Everton,0.947321,0.723427,62,3,Liverpool
2018-04-07,16:00,,Sat,Home,D,2,2,Crystal Palace,2.09227,1.14558,53,5,Bournemouth
2018-04-07,16:00,,Sat,Away,D,2,2,Bournemouth,1.14558,2.09227,47,6,Crystal Palace
2018-04-07,16:00,,Sat,Home,D,1,1,Huddersfield,1.53244,1.48964,41,4,Brighton
2018-04-07,16:00,,Sat,Away,D,1,1,Brighton,1.48964,1.53244,59,5,Huddersfield
2018-04-07,16:00,,Sat,Home,L,1,2,Newcastle United,1.09224,0.285116,66,1,Leicester
2018-04-07,16:00,,Sat,Away,W,2,1,Leicester,0.285116,1.09224,34,4,Newcastle United
2018-04-07,16:00,,Sat,Home,L,1,2,Tottenham,1.40115,1.79894,33,4,Stoke
2018-04-07,16:00,,Sat,Away,W,2,1,Stoke,1.79894,1.40115,67,4,Tottenham
2018-04-07,16:00,,Sat,Home,L,1,2,Burnley,1.36685,1.38319,60,5,Watford
2018-04-07,16:00,,Sat,Away,W,2,1,Watford,1.38319,1.36685,40,4,Burnley
2018-04-07,16:00,,Sat,Home,D,1,1,Swansea,1.22912,0.655729,52,3,West Brom
2018-04-07,16:00,,Sat,Away,D,1,1,West Brom,0.655729,1.22912,48,1,Swansea
2018-04-07,18:30,,Sat,Home,L,2,3,Manchester Utd,3.42967,1.21683,65,6,Manchester City
2018-04-07,18:30,,Sat,Away,W,3,2,Manchester City,1.21683,3.42967,35,4,Manchester Utd
2018-04-08,15:15,,Sun,Home,W,3,2,Southampton,1.58895,2.16699,65,7,Arsenal
2018-04-08,15:15,,Sun,Away,L,2,3,Arsenal,2.16699,1.58895,35,8,Southampton
2018-04-08,17:30,,Sun,Home,D,1,1,West Ham,2.12073,0.302554,60,6,Chelsea
2018-04-08,17:30,,Sun,Away,D,1,1,Chelsea,0.302554,2.12073,40,2,West Ham
2018-04-14,13:30,,Sat,Home,L,2,3,Chelsea,1.2922,0.663817,42,7,Southampton
2018-04-14,13:30,,Sat,Away,W,3,2,Southampton,0.663817,1.2922,58,5,Chelsea
2018-04-14,16:00,,Sat,Home,W,2,1,Leicester,1.05951,1.99812,39,3,Burnley
2018-04-14,16:00,,Sat,Away,L,1,2,Burnley,1.99812,1.05951,61,6,Leicester
2018-04-14,16:00,,Sat,Home,W,3,2,Brighton,2.49925,1.54485,50,8,Crystal Palace
2018-04-14,16:00,,Sat,Away,L,2,3,Crystal Palace,1.54485,2.49925,50,3,Brighton
2018-04-14,16:00,,Sat,Home,W,1,0,Watford,0.929512,0.306273,48,1,Huddersfield
2018-04-14,16:00,,Sat,Away,L,0,1,Huddersfield,0.306273,0.929512,52,2,Watford
2018-04-14,16:00,,Sat,Home,D,1,1,Everton,1.19751,1.61456,51,7,Swansea
2018-04-14,16:00,,Sat,Away,D,1,1,Swansea,1.61456,1.19751,49,3,Everton
2018-04-14,18:30,,Sat,Home,W,3,0,Bournemouth,2.6402,0.540593,62,7,Liverpool
2018-04-14,18:30,,Sat,Away,L,0,3,Liverpool,0.540593,2.6402,38,1,Bournemouth
2018-04-14,20:45,,Sat,Home,L,1,3,Manchester City,0.445014,3.61987,48,3,Tottenham
2018-04-14,20:45,,Sat,Away,W,3,1,Tottenham,3.61987,0.445014,52,6,Manchester City
2018-04-15,14:30,,Sun,Home,W,2,1,Arsenal,0.888452,1.41538,28,4,Newcastle United
2018-04-15,14:30,,Sun,Away,L,1,2,Newcastle United,1.41538,0.888452,72,3,Arsenal
2018-04-15,17:00,,Sun,Home,L,0,1,West Brom,0.639748,0.824508,70,4,Manchester Utd
2018-04-15,17:00,,Sun,Away,W,1,0,Manchester Utd,0.824508,0.639748,30,4,West Brom
2018-04-16,21:00,,Mon,Home,D,1,1,Stoke,0.807456,1.41085,62,6,West Ham
2018-04-16,21:00,,Mon,Away,D,1,1,West Ham,1.41085,0.807456,38,7,Stoke
2018-04-17,20:45,,Tue,Home,D,1,1,Tottenham,0.988099,1.36248,36,5,Brighton
2018-04-17,20:45,,Tue,Away,D,1,1,Brighton,1.36248,0.988099,64,6,Tottenham
2018-04-18,20:45,,Wed,Home,L,0,2,Manchester Utd,1.18301,1.61597,44,2,Bournemouth
2018-04-18,20:45,,Wed,Away,W,2,0,Bournemouth,1.61597,1.18301,56,4,Manchester Utd
2018-04-19,20:45,,Thu,Home,L,1,2,Chelsea,0.221642,1.7717,39,2,Burnley
2018-04-19,20:45,,Thu,Away,W,2,1,Burnley,1.7717,0.221642,61,5,Chelsea
2018-04-19,20:45,,Thu,Home,D,0,0,Southampton,0.515248,0.651171,54,3,Leicester
2018-04-19,20:45,,Thu,Away,D,0,0,Leicester,0.651171,0.515248,46,2,Southampton
2018-04-21,13:30,,Sat,Home,D,2,2,Liverpool,1.39669,1.6393,38,6,West Brom
2018-04-21,13:30,,Sat,Away,D,2,2,West Brom,1.6393,1.39669,62,3,Liverpool
2018-04-21,16:00,,Sat,Home,D,0,0,Crystal Palace,0.59455,0.182325,52,4,Watford
2018-04-21,16:00,,Sat,Away,D,0,0,Watford,0.182325,0.59455,48,1,Crystal Palace
2018-04-22,14:30,,Sun,Home,W,4,1,West Ham,2.07299,0.623161,68,8,Arsenal
2018-04-22,14:30,,Sun,Away,L,1,4,Arsenal,0.623161,2.07299,32,4,West Ham
2018-04-22,14:30,,Sun,Home,D,1,1,Burnley,0.356095,1.61309,43,3,Stoke
2018-04-22,14:30,,Sun,Away,D,1,1,Stoke,1.61309,0.356095,57,7,Burnley
2018-04-22,17:30,,Sun,Home,W,5,0,Swansea,3.41675,0.297493,83,12,Manchester City
2018-04-22,17:30,,Sun,Away,L,0,5,Manchester City,0.297493,3.41675,17,1,Swansea
2018-04-23,21:00,,Mon,Home,W,1,0,Newcastle United,0.948534,0.480957,57,1,Everton
2018-04-23,21:00,,Mon,Away,L,0,1,Everton,0.480957,0.948534,43,2,Newcastle United
2018-04-28,13:30,,Sat,Home,D,0,0,Stoke,2.11658,0.777827,72,2,Liverpool
2018-04-28,13:30,,Sat,Away,D,0,0,Liverpool,0.777827,2.11658,28,1,Stoke
2018-04-28,16:00,,Sat,Home,D,0,0,Brighton,1.54596,0.378409,44,4,Burnley
2018-04-28,16:00,,Sat,Away,D,0,0,Burnley,0.378409,1.54596,56,1,Brighton
2018-04-28,16:00,,Sat,Home,W,5,0,Leicester,2.7876,0.941395,50,9,Crystal Palace
2018-04-28,16:00,,Sat,Away,L,0,5,Crystal Palace,0.941395,2.7876,50,1,Leicester
2018-04-28,16:00,,Sat,Home,L,0,2,Everton,0.56538,0.943754,54,2,Huddersfield
2018-04-28,16:00,,Sat,Away,W,2,0,Huddersfield,0.943754,0.56538,46,5,Everton
2018-04-28,16:00,,Sat,Home,L,0,1,West Brom,1.58397,0.703096,64,2,Newcastle United
2018-04-28,16:00,,Sat,Away,W,1,0,Newcastle United,0.703096,1.58397,36,2,West Brom
2018-04-28,16:00,,Sat,Home,W,2,1,Bournemouth,1.72584,1.01741,41,6,Southampton
2018-04-28,16:00,,Sat,Away,L,1,2,Southampton,1.01741,1.72584,59,7,Bournemouth
2018-04-28,18:30,,Sat,Home,L,0,1,Chelsea,0.502964,1.45426,51,3,Swansea
2018-04-28,18:30,,Sat,Away,W,1,0,Swansea,1.45426,0.502964,49,3,Chelsea
2018-04-29,15:15,,Sun,Home,L,1,4,Manchester City,0.228917,2.29076,25,1,West Ham
2018-04-29,15:15,,Sun,Away,W,4,1,West Ham,2.29076,0.228917,75,7,Manchester City
2018-04-29,17:30,,Sun,Home,W,2,1,Arsenal,1.54667,0.651541,59,3,Manchester Utd
2018-04-29,17:30,,Sun,Away,L,1,2,Manchester Utd,0.651541,1.54667,41,3,Arsenal
2018-04-30,21:00,,Mon,Home,W,2,0,Watford,1.76757,1.36928,61,3,Tottenham
2018-04-30,21:00,,Mon,Away,L,0,2,Tottenham,1.36928,1.76757,39,5,Watford
2018-05-04,21:00,,Fri,Home,W,1,0,Manchester Utd,0.922771,0.652444,32,4,Brighton
2018-05-04,21:00,,Fri,Away,L,0,1,Brighton,0.652444,0.922771,68,3,Manchester Utd
2018-05-05,13:30,,Sat,Home,L,1,2,Crystal Palace,0.750175,1.31471,41,2,Stoke
2018-05-05,13:30,,Sat,Away,W,2,1,Stoke,1.31471,0.750175,59,2,Crystal Palace
2018-05-05,16:00,,Sat,Home,W,1,0,Swansea,1.69618,1.0138,45,5,Bournemouth
2018-05-05,16:00,,Sat,Away,L,0,1,Bournemouth,1.0138,1.69618,55,3,Swansea
2018-05-05,16:00,,Sat,Home,L,0,2,West Ham,0.391738,1.43027,54,2,Leicester
2018-05-05,16:00,,Sat,Away,W,2,0,Leicester,1.43027,0.391738,46,3,West Ham
2018-05-05,16:00,,Sat,Home,W,2,1,Newcastle United,2.81246,0.613901,39,8,Watford
2018-05-05,16:00,,Sat,Away,L,1,2,Watford,0.613901,2.81246,61,1,Newcastle United
2018-05-05,16:00,,Sat,Home,W,1,0,Tottenham,1.21792,0.969481,26,1,West Brom
2018-05-05,16:00,,Sat,Away,L,0,1,West Brom,0.969481,1.21792,74,5,Tottenham
2018-05-05,18:30,,Sat,Home,D,1,1,Southampton,0.420891,0.634996,54,3,Everton
2018-05-05,18:30,,Sat,Away,D,1,1,Everton,0.634996,0.420891,46,5,Southampton
2018-05-06,14:30,,Sun,Home,D,0,0,Huddersfield,0.78641,0.54565,79,2,Manchester City
2018-05-06,14:30,,Sun,Away,D,0,0,Manchester City,0.54565,0.78641,21,3,Huddersfield
2018-05-06,17:30,,Sun,Home,W,5,0,Burnley,2.92408,0.21671,64,8,Arsenal
2018-05-06,17:30,,Sun,Away,L,0,5,Arsenal,0.21671,2.92408,36,2,Burnley
2018-05-06,17:30,,Sun,Home,W,1,0,Liverpool,0.806168,0.427002,32,4,Chelsea
2018-05-06,17:30,,Sun,Away,L,0,1,Chelsea,0.427002,0.806168,68,5,Liverpool
2018-05-08,20:45,,Tue,Home,L,0,1,Southampton,0.389621,1.48865,53,3,Swansea
2018-05-08,20:45,,Tue,Away,W,1,0,Swansea,1.48865,0.389621,47,8,Southampton
2018-05-09,20:45,,Wed,Home,D,1,1,Huddersfield,2.25256,0.631021,78,5,Chelsea
2018-05-09,20:45,,Wed,Away,D,1,1,Chelsea,0.631021,2.25256,22,2,Huddersfield
2018-05-09,20:45,,Wed,Home,W,3,1,Arsenal,2.19801,1.54443,40,10,Leicester
2018-05-09,20:45,,Wed,Away,L,1,3,Leicester,1.54443,2.19801,60,7,Arsenal
2018-05-09,21:00,,Wed,Home,W,3,1,Brighton,1.64765,1.00939,74,7,Manchester City
2018-05-09,21:00,,Wed,Away,L,1,3,Manchester City,1.00939,1.64765,26,3,Brighton
2018-05-09,21:00,,Wed,Home,W,1,0,Newcastle United,0.835241,0.829699,63,7,Tottenham
2018-05-09,21:00,,Wed,Away,L,0,1,Tottenham,0.829699,0.835241,37,3,Newcastle United
2018-05-10,20:45,,Thu,Home,D,0,0,Manchester Utd,0.783043,0.596075,44,2,West Ham
2018-05-10,20:45,,Thu,Away,D,0,0,West Ham,0.596075,0.783043,56,6,Manchester Utd
2018-05-13,16:00,,Sun,Home,L,1,2,Bournemouth,1.16179,1.38551,52,4,Burnley
2018-05-13,16:00,,Sun,Away,W,2,1,Burnley,1.38551,1.16179,48,5,Bournemouth
2018-05-13,16:00,,Sun,Home,W,2,0,West Brom,2.36491,0.216004,59,5,Crystal Palace
2018-05-13,16:00,,Sun,Away,L,0,2,Crystal Palace,0.216004,2.36491,41,1,West Brom
2018-05-13,16:00,,Sun,Home,L,0,1,Arsenal,1.31031,2.3322,44,3,Huddersfield
2018-05-13,16:00,,Sun,Away,W,1,0,Huddersfield,2.3322,1.31031,56,4,Arsenal
2018-05-13,16:00,,Sun,Home,W,4,0,Brighton,3.50981,0.0408165,72,11,Liverpool
2018-05-13,16:00,,Sun,Away,L,0,4,Liverpool,0.0408165,3.50981,28,1,Brighton
2018-05-13,16:00,,Sun,Home,W,1,0,Watford,0.45805,0.654288,51,1,Manchester Utd
2018-05-13,16:00,,Sun,Away,L,0,1,Manchester Utd,0.654288,0.45805,49,3,Watford
2018-05-13,16:00,,Sun,Home,W,3,0,Chelsea,2.24197,0.843284,42,6,Newcastle United
2018-05-13,16:00,,Sun,Away,L,0,3,Newcastle United,0.843284,2.24197,58,2,Chelsea
2018-05-13,16:00,,Sun,Home,L,0,1,Manchester City,0.506624,0.765614,30,3,Southampton
2018-05-13,16:00,,Sun,Away,W,1,0,Southampton,0.765614,0.506624,70,2,Manchester City
2018-05-13,16:00,,Sun,Home,L,1,2,Stoke,1.70936,1.75436,58,11,Swansea
2018-05-13,16:00,,Sun,Away,W,2,1,Swansea,1.75436,1.70936,42,5,Stoke
2018-05-13,16:00,,Sun,Home,W,5,4,Leicester,1.83248,1.27359,65,6,Tottenham
2018-05-13,16:00,,Sun,Away,L,4,5,Tottenham,1.27359,1.83248,35,9,Leicester
2018-05-13,16:00,,Sun,Home,W,3,1,Everton,1.18299,1.67867,57,4,West Ham
2018-05-13,16:00,,Sun,Away,L,1,3,West Ham,1.67867,1.18299,43,7,Everton
2018-08-10,21:00,,Fri,Home,W,2,1,Leicester,1.5137,1.73813,46,6,Manchester Utd
2018-08-10,21:00,,Fri,Away,L,1,2,Manchester Utd,1.73813,1.5137,54,4,Leicester
2018-08-11,13:30,,Sat,Home,L,1,2,Tottenham,0.974497,2.58097,40,2,Newcastle United
2018-08-11,13:30,,Sat,Away,W,2,1,Newcastle United,2.58097,0.974497,60,5,Tottenham
2018-08-11,16:00,,Sat,Home,W,2,0,Cardiff,2.60022,1.50693,63,4,Bournemouth
2018-08-11,16:00,,Sat,Away,L,0,2,Bournemouth,1.50693,2.60022,37,1,Cardiff
2018-08-11,16:00,,Sat,Home,L,0,2,Crystal Palace,0.638076,1.07816,66,6,Fulham
2018-08-11,16:00,,Sat,Away,W,2,0,Fulham,1.07816,0.638076,34,9,Crystal Palace
2018-08-11,16:00,,Sat,Home,L,0,3,Chelsea,0.396115,2.31427,37,1,Huddersfield
2018-08-11,16:00,,Sat,Away,W,3,0,Huddersfield,2.31427,0.396115,63,4,Chelsea
2018-08-11,16:00,,Sat,Home,W,2,0,Brighton,1.42372,0.45504,53,5,Watford
2018-08-11,16:00,,Sat,Away,L,0,2,Watford,0.45504,1.42372,47,0,Brighton
2018-08-11,18:30,,Sat,Home,D,2,2,Everton,0.891038,0.715382,57,4,Wolves
2018-08-11,18:30,,Sat,Away,D,2,2,Wolves,0.715382,0.891038,43,5,Everton
2018-08-12,14:30,,Sun,Home,W,4,0,West Ham,4.34421,0.404253,65,8,Liverpool
2018-08-12,14:30,,Sun,Away,L,0,4,Liverpool,0.404253,4.34421,35,2,West Ham
2018-08-12,14:30,,Sun,Home,D,0,0,Burnley,1.01994,1.40827,48,3,Southampton
2018-08-12,14:30,,Sun,Away,D,0,0,Southampton,1.40827,1.01994,52,6,Burnley
2018-08-12,17:00,,Sun,Home,L,0,2,Manchester City,0.445187,2.0178,42,3,Arsenal
2018-08-12,17:00,,Sun,Away,W,2,0,Arsenal,2.0178,0.445187,58,8,Manchester City
2018-08-18,13:30,,Sat,Home,D,0,0,Newcastle United,1.15521,1.55405,51,1,Cardiff
2018-08-18,13:30,,Sat,Away,D,0,0,Cardiff,1.55405,1.15521,49,6,Newcastle United
2018-08-18,16:00,,Sat,Home,W,2,1,Southampton,2.02004,1.77471,58,7,Everton
2018-08-18,16:00,,Sat,Away,L,1,2,Everton,1.77471,2.02004,42,4,Southampton
2018-08-18,16:00,,Sat,Home,W,2,0,Wolves,0.222843,1.09349,43,2,Leicester
2018-08-18,16:00,,Sat,Away,L,0,2,Leicester,1.09349,0.222843,57,3,Wolves
2018-08-18,16:00,,Sat,Home,W,3,1,Fulham,3.26713,1.44253,60,11,Tottenham
2018-08-18,16:00,,Sat,Away,L,1,3,Tottenham,1.44253,3.26713,40,3,Fulham
2018-08-18,16:00,,Sat,Home,L,1,2,Bournemouth,1.10275,1.69077,61,5,West Ham
2018-08-18,16:00,,Sat,Away,W,2,1,West Ham,1.69077,1.10275,39,5,Bournemouth
2018-08-18,18:30,,Sat,Home,W,3,2,Arsenal,1.71799,2.45798,62,11,Chelsea
2018-08-18,18:30,,Sat,Away,L,2,3,Chelsea,2.45798,1.71799,38,6,Arsenal
2018-08-19,14:30,,Sun,Home,L,1,3,Watford,0.392642,1.9171,58,3,Burnley
2018-08-19,14:30,,Sun,Away,W,3,1,Burnley,1.9171,0.392642,42,6,Watford
2018-08-19,14:30,,Sun,Home,W,6,1,Huddersfield,4.60356,0.663731,77,14,Manchester City
2018-08-19,14:30,,Sun,Away,L,1,6,Manchester City,0.663731,4.60356,23,1,Huddersfield
2018-08-19,17:00,,Sun,Home,W,3,2,Manchester Utd,1.63672,1.56579,33,3,Brighton
2018-08-19,17:00,,Sun,Away,L,2,3,Brighton,1.56579,1.63672,67,3,Manchester Utd
2018-08-20,21:00,,Mon,Home,L,0,2,Liverpool,0.368608,2.82183,37,2,Crystal Palace
2018-08-20,21:00,,Mon,Away,W,2,0,Crystal Palace,2.82183,0.368608,63,6,Liverpool
2018-08-25,13:30,,Sat,Home,D,1,1,Manchester City,1.26376,1.84293,29,2,Wolves
2018-08-25,13:30,,Sat,Away,D,1,1,Wolves,1.84293,1.26376,71,6,Manchester City
2018-08-25,16:00,,Sat,Home,W,3,1,West Ham,1.7852,1.17924,61,10,Arsenal
2018-08-25,16:00,,Sat,Away,L,1,3,Arsenal,1.17924,1.7852,39,5,West Ham
2018-08-25,16:00,,Sat,Home,D,2,2,Everton,2.5887,0.543665,50,5,Bournemouth
2018-08-25,16:00,,Sat,Away,D,2,2,Bournemouth,0.543665,2.5887,50,3,Everton
2018-08-25,16:00,,Sat,Home,D,0,0,Cardiff,0.203453,1.06351,58,1,Huddersfield
2018-08-25,16:00,,Sat,Away,D,0,0,Huddersfield,1.06351,0.203453,42,4,Cardiff
2018-08-25,16:00,,Sat,Home,L,1,2,Leicester,0.542494,0.517935,52,5,Southampton
2018-08-25,16:00,,Sat,Away,W,2,1,Southampton,0.517935,0.542494,48,5,Leicester
2018-08-25,18:30,,Sat,Home,W,1,0,Brighton,1.81412,0.535616,70,8,Liverpool
2018-08-25,18:30,,Sat,Away,L,0,1,Liverpool,0.535616,1.81412,30,2,Brighton
2018-08-26,14:30,,Sun,Home,W,2,1,Crystal Palace,1.14596,1.21905,44,5,Watford
2018-08-26,14:30,,Sun,Away,L,1,2,Watford,1.21905,1.14596,56,3,Crystal Palace
2018-08-26,17:00,,Sun,Home,W,4,2,Burnley,,,64,12,Fulham
2018-08-26,17:00,,Sun,Away,L,2,4,Fulham,,,36,2,Burnley
2018-08-26,17:00,,Sun,Home,L,1,2,Chelsea,0.209337,1.49669,19,2,Newcastle United
2018-08-26,17:00,,Sun,Away,W,2,1,Newcastle United,1.49669,0.209337,81,3,Chelsea
2018-08-27,21:00,,Mon,Home,L,0,3,Tottenham,1.40321,1.80811,57,5,Manchester Utd
2018-08-27,21:00,,Mon,Away,W,3,0,Manchester Utd,1.80811,1.40321,43,5,Tottenham
2018-09-01,13:30,,Sat,Home,L,1,2,Liverpool,0.981217,1.22722,51,5,Leicester
2018-09-01,13:30,,Sat,Away,W,2,1,Leicester,1.22722,0.981217,49,4,Liverpool
2018-09-01,16:00,,Sat,Home,D,2,2,Fulham,2.68216,1.51555,41,5,Brighton
2018-09-01,16:00,,Sat,Away,D,2,2,Brighton,1.51555,2.68216,59,5,Fulham
2018-09-01,16:00,,Sat,Home,W,2,0,Bournemouth,1.16408,0.950959,73,6,Chelsea
2018-09-01,16:00,,Sat,Away,L,0,2,Chelsea,0.950959,1.16408,27,1,Bournemouth
2018-09-01,16:00,,Sat,Home,L,0,2,Southampton,2.35193,3.13612,51,6,Crystal Palace
2018-09-01,16:00,,Sat,Away,W,2,0,Crystal Palace,3.13612,2.35193,49,6,Southampton
2018-09-01,16:00,,Sat,Home,D,1,1,Huddersfield,0.616013,0.660035,58,1,Everton
2018-09-01,16:00,,Sat,Away,D,1,1,Everton,0.660035,0.616013,42,6,Huddersfield
2018-09-01,16:00,,Sat,Home,L,0,1,Wolves,0.888887,1.22301,48,3,West Ham
2018-09-01,16:00,,Sat,Away,W,1,0,West Ham,1.22301,0.888887,52,6,Wolves
2018-09-01,18:30,,Sat,Home,W,2,1,Newcastle United,2.46904,0.554763,78,8,Manchester City
2018-09-01,18:30,,Sat,Away,L,1,2,Manchester City,0.554763,2.46904,22,2,Newcastle United
2018-09-02,14:30,,Sun,Home,L,2,3,Arsenal,0.77426,1.41005,28,3,Cardiff
2018-09-02,14:30,,Sun,Away,W,3,2,Cardiff,1.41005,0.77426,72,11,Arsenal
2018-09-02,17:00,,Sun,Home,L,0,2,Manchester Utd,1.09923,2.90359,46,2,Burnley
2018-09-02,17:00,,Sun,Away,W,2,0,Burnley,2.90359,1.09923,54,9,Manchester Utd
2018-09-02,17:00,,Sun,Home,W,2,1,Tottenham,0.454309,0.582521,35,3,Watford
2018-09-02,17:00,,Sun,Away,L,1,2,Watford,0.582521,0.454309,65,2,Tottenham
2018-09-15,13:30,,Sat,Home,L,1,2,Liverpool,0.788168,3.01015,60,3,Tottenham
2018-09-15,13:30,,Sat,Away,W,2,1,Tottenham,3.01015,0.788168,40,10,Liverpool
2018-09-15,16:00,,Sat,Home,W,4,2,Leicester,2.22726,1.82502,47,5,Bournemouth
2018-09-15,16:00,,Sat,Away,L,2,4,Bournemouth,1.82502,2.22726,53,8,Leicester
2018-09-15,16:00,,Sat,Home,W,4,1,Cardiff,2.67145,0.8276,77,7,Chelsea
2018-09-15,16:00,,Sat,Away,L,1,4,Chelsea,0.8276,2.67145,23,2,Cardiff
2018-09-15,16:00,,Sat,Home,L,0,1,Crystal Palace,0.87744,0.746631,58,2,Huddersfield
2018-09-15,16:00,,Sat,Away,W,1,0,Huddersfield,0.746631,0.87744,42,2,Crystal Palace
2018-09-15,16:00,,Sat,Home,W,3,0,Fulham,4.91621,0.342698,65,9,Manchester City
2018-09-15,16:00,,Sat,Away,L,0,3,Manchester City,0.342698,4.91621,35,3,Fulham
2018-09-15,16:00,,Sat,Home,L,1,2,Arsenal,0.412121,0.90461,36,2,Newcastle United
2018-09-15,16:00,,Sat,Away,W,2,1,Newcastle United,0.90461,0.412121,64,2,Arsenal
2018-09-15,18:30,,Sat,Home,L,1,2,Manchester Utd,1.17523,1.64902,43,5,Watford
2018-09-15,18:30,,Sat,Away,W,2,1,Watford,1.64902,1.17523,57,6,Manchester Utd
2018-09-16,14:30,,Sun,Home,W,1,0,Burnley,3.3916,0.208994,59,7,Wolves
2018-09-16,14:30,,Sun,Away,L,0,1,Wolves,0.208994,3.3916,41,2,Burnley
2018-09-16,17:00,,Sun,Home,L,1,3,West Ham,1.26774,1.52437,56,4,Everton
2018-09-16,17:00,,Sun,Away,W,3,1,Everton,1.52437,1.26774,44,4,West Ham
2018-09-17,21:00,,Mon,Home,D,2,2,Brighton,2.19521,1.97094,51,5,Southampton
2018-09-17,21:00,,Mon,Away,D,2,2,Southampton,1.97094,2.19521,49,4,Brighton
2018-09-22,13:30,,Sat,Home,D,1,1,Watford,1.77245,1.76133,61,3,Fulham
2018-09-22,13:30,,Sat,Away,D,1,1,Fulham,1.76133,1.77245,39,6,Watford
2018-09-22,16:00,,Sat,Home,W,4,0,Bournemouth,2.29417,0.976413,37,5,Burnley
2018-09-22,16:00,,Sat,Away,L,0,4,Burnley,0.976413,2.29417,63,5,Bournemouth
2018-09-22,16:00,,Sat,Home,L,0,5,Manchester City,0.0980726,3.08415,22,2,Cardiff
2018-09-22,16:00,,Sat,Away,W,5,0,Cardiff,3.08415,0.0980726,78,10,Manchester City
2018-09-22,16:00,,Sat,Home,D,0,0,Newcastle United,0.930793,0.229309,62,4,Crystal Palace
2018-09-22,16:00,,Sat,Away,D,0,0,Crystal Palace,0.229309,0.930793,38,3,Newcastle United
2018-09-22,16:00,,Sat,Home,W,3,1,Huddersfield,1.80404,0.688176,62,8,Leicester
2018-09-22,16:00,,Sat,Away,L,1,3,Leicester,0.688176,1.80404,38,2,Huddersfield
2018-09-22,16:00,,Sat,Home,W,3,0,Southampton,1.77893,0.310467,61,4,Liverpool
2018-09-22,16:00,,Sat,Away,L,0,3,Liverpool,0.310467,1.77893,39,1,Southampton
2018-09-22,16:00,,Sat,Home,D,1,1,Wolves,0.62283,1.1185,64,6,Manchester Utd
2018-09-22,16:00,,Sat,Away,D,1,1,Manchester Utd,1.1185,0.62283,36,8,Wolves
2018-09-22,18:30,,Sat,Home,L,1,2,Tottenham,0.817174,2.11655,29,4,Brighton
2018-09-22,18:30,,Sat,Away,W,2,1,Brighton,2.11655,0.817174,71,7,Tottenham
2018-09-23,14:30,,Sun,Home,D,0,0,Chelsea,1.0177,1.88344,28,1,West Ham
2018-09-23,14:30,,Sun,Away,D,0,0,West Ham,1.88344,1.0177,72,6,Chelsea
2018-09-23,17:00,,Sun,Home,W,2,0,Everton,0.930544,1.06523,62,5,Arsenal
2018-09-23,17:00,,Sun,Away,L,0,2,Arsenal,1.06523,0.930544,38,6,Everton
2018-09-29,13:30,,Sat,Home,W,3,1,Manchester Utd,1.3029,0.865739,49,3,West Ham
2018-09-29,13:30,,Sat,Away,L,1,3,West Ham,0.865739,1.3029,51,4,Manchester Utd
2018-09-29,16:00,,Sat,Home,W,2,0,Watford,1.57061,2.62141,63,2,Arsenal
2018-09-29,16:00,,Sat,Away,L,0,2,Arsenal,2.62141,1.57061,37,5,Watford
2018-09-29,16:00,,Sat,Home,W,3,0,Fulham,2.31538,0.536317,51,6,Everton
2018-09-29,16:00,,Sat,Away,L,0,3,Everton,0.536317,2.31538,49,0,Fulham
2018-09-29,16:00,,Sat,Home,L,0,2,Tottenham,0.339245,2.33733,53,5,Huddersfield
2018-09-29,16:00,,Sat,Away,W,2,0,Huddersfield,2.33733,0.339245,47,6,Tottenham
2018-09-29,16:00,,Sat,Home,W,2,0,Brighton,2.90697,0.23023,80,8,Manchester City
2018-09-29,16:00,,Sat,Away,L,0,2,Manchester City,0.23023,2.90697,20,1,Brighton
2018-09-29,16:00,,Sat,Home,L,0,2,Leicester,0.397301,1.34341,41,1,Newcastle United
2018-09-29,16:00,,Sat,Away,W,2,0,Newcastle United,1.34341,0.397301,59,5,Leicester
2018-09-29,16:00,,Sat,Home,W,2,0,Southampton,1.42507,0.679627,49,6,Wolves
2018-09-29,16:00,,Sat,Away,L,0,2,Wolves,0.679627,1.42507,51,6,Southampton
2018-09-29,18:30,,Sat,Home,D,1,1,Liverpool,1.77638,1.74071,47,4,Chelsea
2018-09-29,18:30,,Sat,Away,D,1,1,Chelsea,1.74071,1.77638,53,6,Liverpool
2018-09-30,17:00,,Sun,Home,L,1,2,Burnley,1.56707,0.111527,54,5,Cardiff
2018-09-30,17:00,,Sun,Away,W,2,1,Cardiff,0.111527,1.56707,46,2,Burnley
2018-10-01,21:00,,Mon,Home,W,2,1,Crystal Palace,1.97143,0.385841,44,5,Bournemouth
2018-10-01,21:00,,Mon,Away,L,1,2,Bournemouth,0.385841,1.97143,56,2,Crystal Palace
2018-10-05,21:00,,Fri,Home,W,1,0,West Ham,1.02566,1.43652,35,4,Brighton
2018-10-05,21:00,,Fri,Away,L,0,1,Brighton,1.43652,1.02566,65,4,West Ham
2018-10-06,16:00,,Sat,Home,D,1,1,Huddersfield,0.353128,1.02549,32,3,Burnley
2018-10-06,16:00,,Sat,Away,D,1,1,Burnley,1.02549,0.353128,68,2,Huddersfield
2018-10-06,16:00,,Sat,Home,L,0,1,Wolves,1.03714,0.755654,67,4,Crystal Palace
2018-10-06,16:00,,Sat,Away,W,1,0,Crystal Palace,0.755654,1.03714,33,2,Wolves
2018-10-06,16:00,,Sat,Home,L,1,2,Everton,1.10472,1.14952,51,2,Leicester
2018-10-06,16:00,,Sat,Away,W,2,1,Leicester,1.14952,1.10472,49,8,Everton
2018-10-06,16:00,,Sat,Home,W,1,0,Cardiff,2.6517,1.13843,76,7,Tottenham
2018-10-06,16:00,,Sat,Away,L,0,1,Tottenham,1.13843,2.6517,24,6,Cardiff
2018-10-06,16:00,,Sat,Home,L,0,4,Bournemouth,1.06613,3.28471,47,2,Watford
2018-10-06,16:00,,Sat,Away,W,4,0,Watford,3.28471,1.06613,53,7,Bournemouth
2018-10-06,18:30,,Sat,Home,W,3,2,Newcastle United,2.40631,1.55962,73,10,Manchester Utd
2018-10-06,18:30,,Sat,Away,L,2,3,Manchester Utd,1.55962,2.40631,27,8,Newcastle United
2018-10-07,13:00,,Sun,Home,L,1,5,Arsenal,1.31588,1.13706,49,4,Fulham
2018-10-07,13:00,,Sun,Away,W,5,1,Fulham,1.13706,1.31588,51,7,Arsenal
2018-10-07,15:15,,Sun,Home,L,0,3,Chelsea,1.487,3.54699,35,6,Southampton
2018-10-07,15:15,,Sun,Away,W,3,0,Southampton,3.54699,1.487,65,6,Chelsea
2018-10-07,17:30,,Sun,Home,D,0,0,Manchester City,0.433994,1.07481,49,2,Liverpool
2018-10-07,17:30,,Sun,Away,D,0,0,Liverpool,1.07481,0.433994,51,2,Manchester City
2018-10-20,13:30,,Sat,Home,D,2,2,Manchester Utd,2.21163,1.11454,62,6,Chelsea
2018-10-20,13:30,,Sat,Away,D,2,2,Chelsea,1.11454,2.21163,38,4,Manchester Utd
2018-10-20,16:00,,Sat,Home,D,0,0,Southampton,0.840403,0.589633,57,2,Bournemouth
2018-10-20,16:00,,Sat,Away,D,0,0,Bournemouth,0.589633,0.840403,43,4,Southampton
2018-10-20,16:00,,Sat,Home,W,4,2,Fulham,1.7562,0.947712,40,5,Cardiff
2018-10-20,16:00,,Sat,Away,L,2,4,Cardiff,0.947712,1.7562,60,4,Fulham
2018-10-20,16:00,,Sat,Home,W,5,0,Burnley,4.48577,0.370236,69,10,Manchester City
2018-10-20,16:00,,Sat,Away,L,0,5,Manchester City,0.370236,4.48577,31,0,Burnley
2018-10-20,16:00,,Sat,Home,L,0,1,Brighton,1.71169,0.675798,68,6,Newcastle United
2018-10-20,16:00,,Sat,Away,W,1,0,Newcastle United,0.675798,1.71169,32,2,Brighton
2018-10-20,16:00,,Sat,Home,L,0,1,Tottenham,0.544268,1.11777,44,4,West Ham
2018-10-20,16:00,,Sat,Away,W,1,0,West Ham,1.11777,0.544268,56,2,Tottenham
2018-10-20,16:00,,Sat,Home,L,0,2,Watford,0.47391,1.0684,45,1,Wolves
2018-10-20,16:00,,Sat,Away,W,2,0,Wolves,1.0684,0.47391,55,3,Watford
2018-10-20,18:30,,Sat,Home,L,0,1,Liverpool,0.638341,0.663819,48,1,Huddersfield
2018-10-20,18:30,,Sat,Away,W,1,0,Huddersfield,0.663819,0.638341,52,2,Liverpool
2018-10-21,17:00,,Sun,Home,W,2,0,Crystal Palace,1.92794,1.50174,60,4,Everton
2018-10-21,17:00,,Sun,Away,L,0,2,Everton,1.50174,1.92794,40,3,Crystal Palace
2018-10-22,21:00,,Mon,Home,W,3,1,Leicester,2.91637,0.932491,69,6,Arsenal
2018-10-22,21:00,,Mon,Away,L,1,3,Arsenal,0.932491,2.91637,31,2,Leicester
2018-10-27,16:00,,Sat,Home,W,1,0,Wolves,1.01337,1.38027,40,1,Brighton
2018-10-27,16:00,,Sat,Away,L,0,1,Brighton,1.38027,1.01337,60,7,Wolves
2018-10-27,16:00,,Sat,Home,L,0,3,Bournemouth,0.383833,2.10555,52,1,Fulham
2018-10-27,16:00,,Sat,Away,W,3,0,Fulham,2.10555,0.383833,48,5,Bournemouth
2018-10-27,16:00,,Sat,Home,W,4,1,Cardiff,2.30176,0.643117,80,7,Liverpool
2018-10-27,16:00,,Sat,Away,L,1,4,Liverpool,0.643117,2.30176,20,1,Cardiff
2018-10-27,16:00,,Sat,Home,D,0,0,Newcastle United,1.19216,0.297646,50,4,Southampton
2018-10-27,16:00,,Sat,Away,D,0,0,Southampton,0.297646,1.19216,50,0,Newcastle United
2018-10-27,16:00,,Sat,Home,W,3,0,Huddersfield,2.29622,0.479655,48,6,Watford
2018-10-27,16:00,,Sat,Away,L,0,3,Watford,0.479655,2.29622,52,7,Huddersfield
2018-10-27,18:30,,Sat,Home,D,1,1,West Ham,1.95344,1.56009,64,7,Leicester
2018-10-27,18:30,,Sat,Away,D,1,1,Leicester,1.56009,1.95344,36,3,West Ham
2018-10-28,14:30,,Sun,Home,L,0,4,Chelsea,0.269828,3.01621,30,1,Burnley
2018-10-28,14:30,,Sun,Away,W,4,0,Burnley,3.01621,0.269828,70,8,Chelsea
2018-10-28,14:30,,Sun,Home,D,2,2,Arsenal,2.38115,0.845197,42,3,Crystal Palace
2018-10-28,14:30,,Sun,Away,D,2,2,Crystal Palace,0.845197,2.38115,58,2,Arsenal
2018-10-28,17:00,,Sun,Home,W,2,1,Everton,2.51393,1.67348,54,10,Manchester Utd
2018-10-28,17:00,,Sun,Away,L,1,2,Manchester Utd,1.67348,2.51393,46,6,Everton
2018-10-29,21:00,,Mon,Home,L,0,1,Manchester City,0.442436,1.93588,48,1,Tottenham
2018-10-29,21:00,,Mon,Away,W,1,0,Tottenham,1.93588,0.442436,52,6,Manchester City
2018-11-03,13:30,,Sat,Home,L,1,2,Manchester Utd,1.928,3.29249,49,7,Bournemouth
2018-11-03,13:30,,Sat,Away,W,2,1,Bournemouth,3.29249,1.928,51,8,Manchester Utd
2018-11-03,16:00,,Sat,Home,L,0,1,Leicester,0.922262,2.18288,40,2,Cardiff
2018-11-03,16:00,,Sat,Away,W,1,0,Cardiff,2.18288,0.922262,60,5,Leicester
2018-11-03,16:00,,Sat,Home,W,3,1,Brighton,2.59305,0.676348,61,3,Everton
2018-11-03,16:00,,Sat,Away,L,1,3,Everton,0.676348,2.59305,39,3,Brighton
2018-11-03,16:00,,Sat,Home,W,1,0,Watford,0.691575,2.5452,42,2,Newcastle United
2018-11-03,16:00,,Sat,Away,L,0,1,Newcastle United,2.5452,0.691575,58,1,Watford
2018-11-03,16:00,,Sat,Home,W,4,2,Burnley,2.55739,0.882514,63,10,West Ham
2018-11-03,16:00,,Sat,Away,L,2,4,West Ham,0.882514,2.55739,37,3,Burnley
2018-11-03,18:30,,Sat,Home,D,1,1,Liverpool,1.62321,1.19558,62,4,Arsenal
2018-11-03,18:30,,Sat,Away,D,1,1,Arsenal,1.19558,1.62321,38,4,Liverpool
2018-11-03,20:45,,Sat,Home,L,2,3,Tottenham,2.40643,1.63123,49,7,Wolves
2018-11-03,20:45,,Sat,Away,W,3,2,Wolves,1.63123,2.40643,51,8,Tottenham
2018-11-04,16:00,,Sun,Home,W,6,1,Southampton,2.76272,1.81466,67,8,Manchester City
2018-11-04,16:00,,Sun,Away,L,1,6,Manchester City,1.81466,2.76272,33,6,Southampton
2018-11-04,17:00,,Sun,Home,W,3,1,Crystal Palace,1.88741,0.454547,74,6,Chelsea
2018-11-04,17:00,,Sun,Away,L,1,3,Chelsea,0.454547,1.88741,26,2,Crystal Palace
2018-11-05,21:00,,Mon,Home,W,1,0,Fulham,0.51433,0.354166,45,2,Huddersfield
2018-11-05,21:00,,Mon,Away,L,0,1,Huddersfield,0.354166,0.51433,55,1,Fulham
2018-11-10,13:30,,Sat,Home,W,2,1,Brighton,1.94297,0.767044,60,6,Cardiff
2018-11-10,13:30,,Sat,Away,L,1,2,Cardiff,0.767044,1.94297,40,3,Brighton
2018-11-10,16:00,,Sat,Home,D,1,1,West Ham,1.17524,1.44113,44,7,Huddersfield
2018-11-10,16:00,,Sat,Away,D,1,1,Huddersfield,1.44113,1.17524,56,6,West Ham
2018-11-10,16:00,,Sat,Home,D,0,0,Burnley,1.5091,0.368393,63,5,Leicester
2018-11-10,16:00,,Sat,Away,D,0,0,Leicester,0.368393,1.5091,37,1,Burnley
2018-11-10,16:00,,Sat,Home,W,2,1,Bournemouth,2.57545,1.91687,39,6,Newcastle United
2018-11-10,16:00,,Sat,Away,L,1,2,Newcastle United,1.91687,2.57545,61,4,Bournemouth
2018-11-10,16:00,,Sat,Home,D,1,1,Watford,1.20211,1.07573,42,4,Southampton
2018-11-10,16:00,,Sat,Away,D,1,1,Southampton,1.07573,1.20211,58,6,Watford
2018-11-10,18:30,,Sat,Home,L,0,1,Tottenham,0.688016,1.55381,35,4,Crystal Palace
2018-11-10,18:30,,Sat,Away,W,1,0,Crystal Palace,1.55381,0.688016,65,2,Tottenham
2018-11-11,13:00,,Sun,Home,W,2,0,Fulham,2.22417,0.571301,73,7,Liverpool
2018-11-11,13:00,,Sun,Away,L,0,2,Liverpool,0.571301,2.22417,27,3,Fulham
2018-11-11,15:15,,Sun,Home,D,0,0,Everton,1.16298,0.198027,69,4,Chelsea
2018-11-11,15:15,,Sun,Away,D,0,0,Chelsea,0.198027,1.16298,31,1,Everton
2018-11-11,17:30,,Sun,Home,D,1,1,Wolves,0.965843,1.86549,72,3,Arsenal
2018-11-11,17:30,,Sun,Away,D,1,1,Arsenal,1.86549,0.965843,28,5,Wolves
2018-11-11,17:30,,Sun,Home,W,3,1,Manchester Utd,2.02764,0.97089,65,5,Manchester City
2018-11-11,17:30,,Sun,Away,L,1,3,Manchester City,0.97089,2.02764,35,1,Manchester Utd
2018-11-24,16:00,,Sat,Home,D,1,1,Leicester,0.862315,1.12521,55,3,Brighton
2018-11-24,16:00,,Sat,Away,D,1,1,Brighton,1.12521,0.862315,45,3,Leicester
2018-11-24,16:00,,Sat,Home,W,1,0,Cardiff,2.48066,0.879108,71,8,Everton
2018-11-24,16:00,,Sat,Away,L,0,1,Everton,0.879108,2.48066,29,1,Cardiff
2018-11-24,16:00,,Sat,Home,W,3,2,Southampton,1.3875,1.67163,37,5,Fulham
2018-11-24,16:00,,Sat,Away,L,2,3,Fulham,1.67163,1.3875,63,8,Southampton
2018-11-24,16:00,,Sat,Home,D,0,0,Crystal Palace,1.34245,1.05292,60,5,Manchester Utd
2018-11-24,16:00,,Sat,Away,D,0,0,Manchester Utd,1.05292,1.34245,40,2,Crystal Palace
2018-11-24,16:00,,Sat,Home,L,0,3,Liverpool,0.673382,1.45314,36,1,Watford
2018-11-24,16:00,,Sat,Away,W,3,0,Watford,1.45314,0.673382,64,7,Liverpool
2018-11-24,16:00,,Sat,Home,L,0,4,Manchester City,0.829504,2.95852,31,1,West Ham
2018-11-24,16:00,,Sat,Away,W,4,0,West Ham,2.95852,0.829504,69,6,Manchester City
2018-11-24,18:30,,Sat,Home,W,3,1,Chelsea,3.34649,0.962804,40,9,Tottenham
2018-11-24,18:30,,Sat,Away,L,1,3,Tottenham,0.962804,3.34649,60,2,Chelsea
2018-11-25,14:30,,Sun,Home,L,1,2,Arsenal,0.650884,1.71044,41,5,Bournemouth
2018-11-25,14:30,,Sun,Away,W,2,1,Bournemouth,1.71044,0.650884,59,4,Arsenal
2018-11-25,17:00,,Sun,Home,L,0,2,Huddersfield,0.701036,0.627281,45,3,Wolves
2018-11-25,17:00,,Sun,Away,W,2,0,Wolves,0.627281,0.701036,55,6,Huddersfield
2018-11-26,21:30,,Mon,Home,L,1,2,Newcastle United,1.49487,1.67701,56,4,Burnley
2018-11-26,21:30,,Mon,Away,W,2,1,Burnley,1.67701,1.49487,44,3,Newcastle United
2018-11-30,21:00,,Fri,Home,W,2,1,Wolves,1.09264,0.987623,48,3,Cardiff
2018-11-30,21:00,,Fri,Away,L,1,2,Cardiff,0.987623,1.09264,52,4,Wolves
2018-12-01,16:00,,Sat,Home,W,2,0,Burnley,2.03785,0.302477,59,9,Crystal Palace
2018-12-01,16:00,,Sat,Away,L,0,2,Crystal Palace,0.302477,2.03785,41,0,Burnley
2018-12-01,16:00,,Sat,Home,L,1,2,Brighton,0.558083,1.67998,32,2,Huddersfield
2018-12-01,16:00,,Sat,Away,W,2,1,Huddersfield,1.67998,0.558083,68,6,Brighton
2018-12-01,16:00,,Sat,Home,W,2,0,Watford,1.41758,1.19923,38,3,Leicester
2018-12-01,16:00,,Sat,Away,L,0,2,Leicester,1.19923,1.41758,62,0,Watford
2018-12-01,16:00,,Sat,Home,W,3,1,Bournemouth,2.83557,0.715009,73,6,Manchester City
2018-12-01,16:00,,Sat,Away,L,1,3,Manchester City,0.715009,2.83557,27,1,Bournemouth
2018-12-01,16:00,,Sat,Home,L,0,3,West Ham,1.12583,2.62697,59,4,Newcastle United
2018-12-01,16:00,,Sat,Away,W,3,0,Newcastle United,2.62697,1.12583,41,4,West Ham
2018-12-01,18:30,,Sat,Home,D,2,2,Manchester Utd,0.623954,0.904803,40,6,Southampton
2018-12-01,18:30,,Sat,Away,D,2,2,Southampton,0.904803,0.623954,60,5,Manchester Utd
2018-12-02,13:00,,Sun,Home,W,2,0,Fulham,2.17105,0.285256,66,9,Chelsea
2018-12-02,13:00,,Sun,Away,L,0,2,Chelsea,0.285256,2.17105,34,4,Fulham
2018-12-02,15:05,,Sun,Home,W,4,2,Tottenham,2.71421,1.0926,59,7,Arsenal
2018-12-02,15:05,,Sun,Away,L,2,4,Arsenal,1.0926,2.71421,41,6,Tottenham
2018-12-02,17:15,,Sun,Home,W,1,0,Everton,3.07574,1.23014,58,3,Liverpool
2018-12-02,17:15,,Sun,Away,L,0,1,Liverpool,1.23014,3.07574,42,3,Everton
2018-12-04,20:45,,Tue,Home,W,2,1,Huddersfield,1.07393,1.5631,33,2,Bournemouth
2018-12-04,20:45,,Tue,Away,L,1,2,Bournemouth,1.5631,1.07393,67,6,Huddersfield
2018-12-04,20:45,,Tue,Home,W,3,1,Crystal Palace,1.2521,1.5329,31,3,Brighton
2018-12-04,20:45,,Tue,Away,L,1,3,Brighton,1.5329,1.2521,69,5,Crystal Palace
2018-12-04,20:45,,Tue,Home,W,3,1,Cardiff,1.57488,1.93448,61,11,West Ham
2018-12-04,20:45,,Tue,Away,L,1,3,West Ham,1.93448,1.57488,39,5,Cardiff
2018-12-04,21:00,,Tue,Home,L,1,2,Manchester City,1.672,2.51933,30,7,Watford
2018-12-04,21:00,,Tue,Away,W,2,1,Watford,2.51933,1.672,70,7,Manchester City
2018-12-05,20:45,,Wed,Home,L,1,3,Liverpool,1.05809,2.73897,26,6,Burnley
2018-12-05,20:45,,Wed,Away,W,3,1,Burnley,2.73897,1.05809,74,12,Liverpool
2018-12-05,20:45,,Wed,Home,D,1,1,Newcastle United,2.10943,1.52214,76,3,Everton
2018-12-05,20:45,,Wed,Away,D,1,1,Everton,1.52214,2.10943,24,5,Newcastle United
2018-12-05,20:45,,Wed,Home,D,1,1,Leicester,1.47593,1.21575,46,7,Fulham
2018-12-05,20:45,,Wed,Away,D,1,1,Fulham,1.21575,1.47593,54,5,Leicester
2018-12-05,20:45,,Wed,Home,W,2,1,Chelsea,0.682893,1.10702,30,2,Wolves
2018-12-05,20:45,,Wed,Away,L,1,2,Wolves,1.10702,0.682893,70,3,Chelsea
2018-12-05,21:00,,Wed,Home,D,2,2,Arsenal,1.33679,1.73226,45,7,Manchester Utd
2018-12-05,21:00,,Wed,Away,D,2,2,Manchester Utd,1.73226,1.33679,55,4,Arsenal
2018-12-05,21:00,,Wed,Home,W,3,1,Southampton,1.73642,1.82434,52,8,Tottenham
2018-12-05,21:00,,Wed,Away,L,1,3,Tottenham,1.82434,1.73642,48,5,Southampton
2018-12-08,13:30,,Sat,Home,L,0,4,Liverpool,0.279142,1.80619,40,2,Bournemouth
2018-12-08,13:30,,Sat,Away,W,4,0,Bournemouth,1.80619,0.279142,60,4,Liverpool
2018-12-08,16:00,,Sat,Home,W,1,0,Huddersfield,2.02156,0.308361,62,2,Arsenal
2018-12-08,16:00,,Sat,Away,L,0,1,Arsenal,0.308361,2.02156,38,0,Huddersfield
2018-12-08,16:00,,Sat,Home,W,1,0,Brighton,1.81251,0.951507,38,4,Burnley
2018-12-08,16:00,,Sat,Away,L,0,1,Burnley,0.951507,1.81251,62,1,Brighton
2018-12-08,16:00,,Sat,Home,W,1,0,Southampton,1.55832,0.501128,37,4,Cardiff
2018-12-08,16:00,,Sat,Away,L,0,1,Cardiff,0.501128,1.55832,63,1,Southampton
2018-12-08,16:00,,Sat,Home,W,4,1,Fulham,3.15444,1.23251,63,11,Manchester Utd
2018-12-08,16:00,,Sat,Away,L,1,4,Manchester Utd,1.23251,3.15444,37,4,Fulham
2018-12-08,16:00,,Sat,Home,W,3,2,Crystal Palace,1.53635,0.934613,49,6,West Ham
2018-12-08,16:00,,Sat,Away,L,2,3,West Ham,0.934613,1.53635,51,4,Crystal Palace
2018-12-08,18:30,,Sat,Home,W,2,0,Manchester City,0.526329,0.740048,39,5,Chelsea
2018-12-08,18:30,,Sat,Away,L,0,2,Chelsea,0.740048,0.526329,61,4,Manchester City
2018-12-08,20:45,,Sat,Home,L,0,2,Tottenham,0.357742,0.917968,42,3,Leicester
2018-12-08,20:45,,Sat,Away,W,2,0,Leicester,0.917968,0.357742,58,2,Tottenham
2018-12-09,17:00,,Sun,Home,L,1,2,Wolves,0.4601,1.57799,50,4,Newcastle United
2018-12-09,17:00,,Sun,Away,W,2,1,Newcastle United,1.57799,0.4601,50,6,Wolves
2018-12-10,21:00,,Mon,Home,D,2,2,Watford,1.72686,1.63043,57,5,Everton
2018-12-10,21:00,,Mon,Away,D,2,2,Everton,1.63043,1.72686,43,3,Watford
2018-12-15,13:30,,Sat,Home,W,3,1,Everton,1.79848,1.6235,67,5,Manchester City
2018-12-15,13:30,,Sat,Away,L,1,3,Manchester City,1.6235,1.79848,33,2,Everton
2018-12-15,16:00,,Sat,Home,W,1,0,Leicester,0.39698,0.895305,43,1,Crystal Palace
2018-12-15,16:00,,Sat,Away,L,0,1,Crystal Palace,0.895305,0.39698,57,2,Leicester
2018-12-15,16:00,,Sat,Home,L,0,1,Newcastle United,0.671382,0.931041,74,5,Huddersfield
2018-12-15,16:00,,Sat,Away,W,1,0,Huddersfield,0.931041,0.671382,26,5,Newcastle United
2018-12-15,16:00,,Sat,Home,W,1,0,Burnley,1.74625,0.451196,70,3,Tottenham
2018-12-15,16:00,,Sat,Away,L,0,1,Tottenham,0.451196,1.74625,30,0,Burnley
2018-12-15,16:00,,Sat,Home,W,3,2,Cardiff,1.64998,0.485768,72,8,Watford
2018-12-15,16:00,,Sat,Away,L,2,3,Watford,0.485768,1.64998,28,3,Cardiff
2018-12-15,16:00,,Sat,Home,W,2,0,Bournemouth,2.02223,0.52685,38,3,Wolves
2018-12-15,16:00,,Sat,Away,L,0,2,Wolves,0.52685,2.02223,62,3,Bournemouth
2018-12-15,18:30,,Sat,Home,L,0,2,West Ham,1.03424,0.75325,56,4,Fulham
2018-12-15,18:30,,Sat,Away,W,2,0,Fulham,0.75325,1.03424,44,3,West Ham
2018-12-16,14:30,,Sun,Home,L,1,2,Chelsea,0.26126,1.6111,42,2,Brighton
2018-12-16,14:30,,Sun,Away,W,2,1,Brighton,1.6111,0.26126,58,3,Chelsea
2018-12-16,14:30,,Sun,Home,W,3,2,Arsenal,1.21163,1.85763,34,7,Southampton
2018-12-16,14:30,,Sun,Away,L,2,3,Southampton,1.85763,1.21163,66,4,Arsenal
2018-12-16,17:00,,Sun,Home,W,3,1,Manchester Utd,2.60435,0.658049,64,11,Liverpool
2018-12-16,17:00,,Sun,Away,L,1,3,Liverpool,0.658049,2.60435,36,2,Manchester Utd
2018-12-21,21:00,,Fri,Home,L,0,2,Liverpool,0.763821,2.16356,38,5,Wolves
2018-12-21,21:00,,Fri,Away,W,2,0,Wolves,2.16356,0.763821,62,6,Liverpool
2018-12-22,13:30,,Sat,Home,W,3,1,Burnley,1.4656,1.03237,60,6,Arsenal
2018-12-22,13:30,,Sat,Away,L,1,3,Arsenal,1.03237,1.4656,40,2,Burnley
2018-12-22,16:00,,Sat,Home,W,2,0,Brighton,0.892502,0.825478,57,3,Bournemouth
2018-12-22,16:00,,Sat,Away,L,0,2,Bournemouth,0.825478,0.892502,43,5,Brighton
2018-12-22,16:00,,Sat,Home,L,0,1,Leicester,2.40458,0.456492,72,5,Chelsea
2018-12-22,16:00,,Sat,Away,W,1,0,Chelsea,0.456492,2.40458,28,3,Leicester
2018-12-22,16:00,,Sat,Home,L,1,3,Southampton,1.0038,2.60172,63,5,Huddersfield
2018-12-22,16:00,,Sat,Away,W,3,1,Huddersfield,2.60172,1.0038,37,6,Southampton
2018-12-22,16:00,,Sat,Home,L,2,3,Crystal Palace,1.27118,1.14609,78,5,Manchester City
2018-12-22,16:00,,Sat,Away,W,3,2,Manchester City,1.14609,1.27118,22,3,Crystal Palace
2018-12-22,16:00,,Sat,Home,D,0,0,Fulham,0.289508,0.245408,54,0,Newcastle United
2018-12-22,16:00,,Sat,Away,D,0,0,Newcastle United,0.245408,0.289508,46,2,Fulham
2018-12-22,16:00,,Sat,Home,L,0,2,Watford,2.06507,2.32983,51,7,West Ham
2018-12-22,16:00,,Sat,Away,W,2,0,West Ham,2.32983,2.06507,49,5,Watford
2018-12-22,18:30,,Sat,Home,L,1,5,Manchester Utd,1.27173,2.72523,26,3,Cardiff
2018-12-22,18:30,,Sat,Away,W,5,1,Cardiff,2.72523,1.27173,74,9,Manchester Utd
2018-12-23,17:00,,Sun,Home,L,2,6,Tottenham,1.00121,2.55514,42,3,Everton
2018-12-23,17:00,,Sun,Away,W,6,2,Everton,2.55514,1.00121,58,8,Tottenham
2018-12-26,13:30,,Wed,Home,D,1,1,Wolves,1.2769,1.35896,30,5,Fulham
2018-12-26,13:30,,Wed,Away,D,1,1,Fulham,1.35896,1.2769,70,5,Wolves
2018-12-26,16:00,,Wed,Home,L,1,5,Everton,1.88646,1.8875,49,4,Burnley
2018-12-26,16:00,,Wed,Away,W,5,1,Burnley,1.8875,1.88646,51,6,Everton
2018-12-26,16:00,,Wed,Home,D,0,0,Cardiff,2.43202,1.05926,63,5,Crystal Palace
2018-12-26,16:00,,Wed,Away,D,0,0,Crystal Palace,1.05926,2.43202,37,4,Cardiff
2018-12-26,16:00,,Wed,Home,W,2,1,Manchester City,1.55714,1.34781,34,5,Leicester
2018-12-26,16:00,,Wed,Away,L,1,2,Leicester,1.34781,1.55714,66,4,Manchester City
2018-12-26,16:00,,Wed,Home,W,4,0,Newcastle United,3.24988,0.456309,75,8,Liverpool
2018-12-26,16:00,,Wed,Away,L,0,4,Liverpool,0.456309,3.24988,25,2,Newcastle United
2018-12-26,16:00,,Wed,Home,W,3,1,Huddersfield,1.79848,1.40594,65,10,Manchester Utd
2018-12-26,16:00,,Wed,Away,L,1,3,Manchester Utd,1.40594,1.79848,35,2,Huddersfield
2018-12-26,16:00,,Wed,Home,W,5,0,Bournemouth,2.23457,1.21736,57,7,Tottenham
2018-12-26,16:00,,Wed,Away,L,0,5,Tottenham,1.21736,2.23457,43,4,Bournemouth
2018-12-26,18:15,,Wed,Home,D,1,1,Arsenal,1.38502,0.789138,32,3,Brighton
2018-12-26,18:15,,Wed,Away,D,1,1,Brighton,0.789138,1.38502,68,4,Arsenal
2018-12-26,20:30,,Wed,Home,L,1,2,Chelsea,1.24414,2.1956,35,2,Watford
2018-12-26,20:30,,Wed,Away,W,2,1,Watford,2.1956,1.24414,65,4,Chelsea
2018-12-27,20:45,,Thu,Home,L,1,2,West Ham,1.28665,1.26973,46,5,Southampton
2018-12-27,20:45,,Thu,Away,W,2,1,Southampton,1.26973,1.28665,54,5,West Ham
2018-12-29,16:00,,Sat,Home,W,1,0,Everton,1.60311,0.655851,45,3,Brighton
2018-12-29,16:00,,Sat,Away,L,0,1,Brighton,0.655851,1.60311,55,4,Everton
2018-12-29,16:00,,Sat,Home,W,1,0,Huddersfield,1.72386,0.276791,44,5,Fulham
2018-12-29,16:00,,Sat,Away,L,0,1,Fulham,0.276791,1.72386,56,5,Huddersfield
2018-12-29,16:00,,Sat,Home,L,0,1,Cardiff,1.51648,0.493212,62,7,Leicester
2018-12-29,16:00,,Sat,Away,W,1,0,Leicester,0.493212,1.51648,38,3,Cardiff
2018-12-29,16:00,,Sat,Home,L,1,3,Wolves,0.277704,1.20867,61,3,Tottenham
2018-12-29,16:00,,Sat,Away,W,3,1,Tottenham,1.20867,0.277704,39,4,Wolves
2018-12-29,16:00,,Sat,Home,D,1,1,Newcastle United,1.05566,0.661713,63,5,Watford
2018-12-29,16:00,,Sat,Away,D,1,1,Watford,0.661713,1.05566,37,2,Newcastle United
2018-12-29,18:30,,Sat,Home,W,5,1,Arsenal,3.7053,1.08186,48,10,Liverpool
2018-12-29,18:30,,Sat,Away,L,1,5,Liverpool,1.08186,3.7053,52,2,Arsenal
2018-12-30,13:00,,Sun,Home,L,0,1,Chelsea,0.199002,0.741471,34,0,Crystal Palace
2018-12-30,13:00,,Sun,Away,W,1,0,Crystal Palace,0.741471,0.199002,66,4,Chelsea
2018-12-30,15:15,,Sun,Home,W,2,0,West Ham,2.89884,0.656044,43,5,Burnley
2018-12-30,15:15,,Sun,Away,L,0,2,Burnley,0.656044,2.89884,57,4,West Ham
2018-12-30,15:15,,Sun,Home,L,1,3,Manchester City,0.221381,2.96802,24,4,Southampton
2018-12-30,15:15,,Sun,Away,W,3,1,Southampton,2.96802,0.221381,76,6,Manchester City
2018-12-30,17:30,,Sun,Home,W,4,1,Bournemouth,3.41874,0.705549,64,8,Manchester Utd
2018-12-30,17:30,,Sun,Away,L,1,4,Manchester Utd,0.705549,3.41874,36,3,Bournemouth
2019-01-01,13:30,,Tue,Home,L,0,1,Leicester,0.871304,0.644144,60,2,Everton
2019-01-01,13:30,,Tue,Away,W,1,0,Everton,0.644144,0.871304,40,4,Leicester
2019-01-01,16:00,,Tue,Home,W,4,1,Fulham,4.43325,1.71312,60,9,Arsenal
2019-01-01,16:00,,Tue,Away,L,1,4,Arsenal,1.71312,4.43325,40,4,Fulham
2019-01-01,18:30,,Tue,Home,L,0,3,Tottenham,1.0789,1.38282,27,3,Cardiff
2019-01-01,18:30,,Tue,Away,W,3,0,Cardiff,1.38282,1.0789,73,4,Tottenham
2019-01-02,20:45,,Wed,Home,D,3,3,Watford,2.84828,0.977046,57,12,Bournemouth
2019-01-02,20:45,,Wed,Away,D,3,3,Bournemouth,0.977046,2.84828,43,3,Watford
2019-01-02,20:45,,Wed,Home,D,0,0,Southampton,0.850791,0.158168,72,6,Chelsea
2019-01-02,20:45,,Wed,Away,D,0,0,Chelsea,0.158168,0.850791,28,2,Southampton
2019-01-02,20:45,,Wed,Home,L,1,2,Burnley,0.621818,2.66309,43,2,Huddersfield
2019-01-02,20:45,,Wed,Away,W,2,1,Huddersfield,2.66309,0.621818,57,8,Burnley
2019-01-02,20:45,,Wed,Home,D,2,2,Brighton,0.639356,0.686806,54,6,West Ham
2019-01-02,20:45,,Wed,Away,D,2,2,West Ham,0.686806,0.639356,46,6,Brighton
2019-01-02,20:45,,Wed,Home,L,0,2,Crystal Palace,0.656255,1.94658,52,1,Wolves
2019-01-02,20:45,,Wed,Away,W,2,0,Wolves,1.94658,0.656255,48,4,Crystal Palace
2019-01-02,21:00,,Wed,Home,L,0,2,Manchester Utd,0.691878,2.6754,35,3,Newcastle United
2019-01-02,21:00,,Wed,Away,W,2,0,Newcastle United,2.6754,0.691878,65,7,Manchester Utd
2019-01-03,21:00,,Thu,Home,W,2,1,Liverpool,1.00357,1.3801,50,4,Manchester City
2019-01-03,21:00,,Thu,Away,L,1,2,Manchester City,1.3801,1.00357,50,5,Liverpool
2019-01-12,13:30,,Sat,Home,W,1,0,Arsenal,0.669394,0.685895,42,3,West Ham
2019-01-12,13:30,,Sat,Away,L,0,1,West Ham,0.685895,0.669394,58,2,Arsenal
2019-01-12,16:00,,Sat,Home,L,0,1,Liverpool,0.384198,2.2665,29,0,Brighton
2019-01-12,16:00,,Sat,Away,W,1,0,Brighton,2.2665,0.384198,71,3,Liverpool
2019-01-12,16:00,,Sat,Home,W,2,1,Fulham,0.809801,0.903255,42,1,Burnley
2019-01-12,16:00,,Sat,Away,L,1,2,Burnley,0.903255,0.809801,58,4,Fulham
2019-01-12,16:00,,Sat,Home,D,0,0,Huddersfield,0.124558,0.39468,39,0,Cardiff
2019-01-12,16:00,,Sat,Away,D,0,0,Cardiff,0.39468,0.124558,61,2,Huddersfield
2019-01-12,16:00,,Sat,Home,L,1,2,Watford,1.1617,1.56262,55,7,Crystal Palace
2019-01-12,16:00,,Sat,Away,W,2,1,Crystal Palace,1.56262,1.1617,45,2,Watford
2019-01-12,16:00,,Sat,Home,L,1,2,Southampton,1.75983,1.41659,72,6,Leicester
2019-01-12,16:00,,Sat,Away,W,2,1,Leicester,1.41659,1.75983,28,3,Southampton
2019-01-12,18:30,,Sat,Home,W,2,1,Newcastle United,1.32355,0.395148,66,6,Chelsea
2019-01-12,18:30,,Sat,Away,L,1,2,Chelsea,0.395148,1.32355,34,2,Newcastle United
2019-01-13,15:15,,Sun,Home,W,2,0,Bournemouth,1.7814,1.52828,51,3,Everton
2019-01-13,15:15,,Sun,Away,L,0,2,Everton,1.52828,1.7814,49,7,Bournemouth
2019-01-13,17:30,,Sun,Home,L,0,1,Manchester Utd,1.80359,0.957777,61,11,Tottenham
2019-01-13,17:30,,Sun,Away,W,1,0,Tottenham,0.957777,1.80359,39,8,Manchester Utd
2019-01-14,21:00,,Mon,Home,W,3,0,Wolves,3.11947,0.0985446,76,9,Manchester City
2019-01-14,21:00,,Mon,Away,L,0,3,Manchester City,0.0985446,3.11947,24,0,Wolves
2019-01-19,13:30,,Sat,Home,W,4,3,Leicester,2.21719,1.33831,46,7,Wolves
2019-01-19,13:30,,Sat,Away,L,3,4,Wolves,1.33831,2.21719,54,6,Leicester
2019-01-19,16:00,,Sat,Home,W,2,0,West Ham,1.24835,0.971813,39,4,Bournemouth
2019-01-19,16:00,,Sat,Away,L,0,2,Bournemouth,0.971813,1.24835,61,1,West Ham
2019-01-19,16:00,,Sat,Home,W,4,3,Crystal Palace,2.8299,0.695213,70,9,Liverpool
2019-01-19,16:00,,Sat,Away,L,3,4,Liverpool,0.695213,2.8299,30,3,Crystal Palace
2019-01-19,16:00,,Sat,Home,W,2,1,Brighton,2.64005,0.635111,56,5,Manchester Utd
2019-01-19,16:00,,Sat,Away,L,1,2,Manchester Utd,0.635111,2.64005,44,3,Brighton
2019-01-19,16:00,,Sat,Home,W,3,0,Cardiff,2.518,0.255727,53,6,Newcastle United
2019-01-19,16:00,,Sat,Away,L,0,3,Newcastle United,0.255727,2.518,47,1,Cardiff
2019-01-19,16:00,,Sat,Home,W,2,1,Everton,1.06009,1.31169,39,4,Southampton
2019-01-19,16:00,,Sat,Away,L,1,2,Southampton,1.31169,1.06009,61,2,Everton
2019-01-19,16:00,,Sat,Home,D,0,0,Burnley,1.06981,1.97256,55,4,Watford
2019-01-19,16:00,,Sat,Away,D,0,0,Watford,1.97256,1.06981,45,3,Burnley
2019-01-19,18:30,,Sat,Home,W,2,0,Chelsea,2.09412,0.755304,36,5,Arsenal
2019-01-19,18:30,,Sat,Away,L,0,2,Arsenal,0.755304,2.09412,64,1,Chelsea
2019-01-20,14:30,,Sun,Home,L,0,3,Manchester City,0.764264,2.01376,32,2,Huddersfield
2019-01-20,14:30,,Sun,Away,W,3,0,Huddersfield,2.01376,0.764264,68,4,Manchester City
2019-01-20,17:00,,Sun,Home,L,1,2,Tottenham,0.937902,1.93316,27,4,Fulham
2019-01-20,17:00,,Sun,Away,W,2,1,Fulham,1.93316,0.937902,73,5,Tottenham
2019-01-29,20:45,,Tue,Home,W,2,1,Cardiff,2.69339,0.597893,71,4,Arsenal
2019-01-29,20:45,,Tue,Away,L,1,2,Arsenal,0.597893,2.69339,29,2,Cardiff
2019-01-29,20:45,,Tue,Home,W,4,2,Brighton,3.46113,2.36867,62,7,Fulham
2019-01-29,20:45,,Tue,Away,L,2,4,Fulham,2.36867,3.46113,38,6,Brighton
2019-01-29,20:45,,Tue,Home,L,0,1,Everton,0.73078,1.05995,58,2,Huddersfield
2019-01-29,20:45,,Tue,Away,W,1,0,Huddersfield,1.05995,0.73078,42,5,Everton
2019-01-29,20:45,,Tue,Home,W,3,0,West Ham,2.0363,0.130179,55,9,Wolves
2019-01-29,20:45,,Tue,Away,L,0,3,Wolves,0.130179,2.0363,45,0,West Ham
2019-01-29,21:00,,Tue,Home,D,2,2,Burnley,3.23417,0.934603,74,9,Manchester Utd
2019-01-29,21:00,,Tue,Away,D,2,2,Manchester Utd,0.934603,3.23417,26,4,Burnley
2019-01-29,21:00,,Tue,Home,W,2,1,Manchester City,0.992326,1.33896,24,2,Newcastle United
2019-01-29,21:00,,Tue,Away,L,1,2,Newcastle United,1.33896,0.992326,76,4,Manchester City
2019-01-30,20:45,,Wed,Home,W,4,0,Chelsea,2.15094,0.718873,32,7,Bournemouth
2019-01-30,20:45,,Wed,Away,L,0,4,Bournemouth,0.718873,2.15094,68,7,Chelsea
2019-01-30,20:45,,Wed,Home,D,1,1,Crystal Palace,1.33257,1.53294,59,4,Southampton
2019-01-30,20:45,,Wed,Away,D,1,1,Southampton,1.53294,1.33257,41,3,Crystal Palace
2019-01-30,21:00,,Wed,Home,D,1,1,Leicester,0.576336,1.1272,72,3,Liverpool
2019-01-30,21:00,,Wed,Away,D,1,1,Liverpool,1.1272,0.576336,28,2,Leicester
2019-01-30,21:00,,Wed,Home,W,2,1,Watford,1.36248,0.479838,69,3,Tottenham
2019-01-30,21:00,,Wed,Away,L,1,2,Tottenham,0.479838,1.36248,31,1,Watford
2019-02-02,13:30,,Sat,Home,W,1,0,Newcastle United,3.10409,0.400152,72,4,Tottenham
2019-02-02,13:30,,Sat,Away,L,0,1,Tottenham,0.400152,3.10409,28,2,Newcastle United
2019-02-02,16:00,,Sat,Home,D,0,0,Watford,1.83528,0.279297,55,4,Brighton
2019-02-02,16:00,,Sat,Away,D,0,0,Brighton,0.279297,1.83528,45,0,Watford
2019-02-02,16:00,,Sat,Home,D,1,1,Southampton,2.00175,0.787747,54,6,Burnley
2019-02-02,16:00,,Sat,Away,D,1,1,Burnley,0.787747,2.00175,46,4,Southampton
2019-02-02,16:00,,Sat,Home,W,5,0,Huddersfield,2.94236,0.260391,65,7,Chelsea
2019-02-02,16:00,,Sat,Away,L,0,5,Chelsea,0.260391,2.94236,35,2,Huddersfield
2019-02-02,16:00,,Sat,Home,W,2,0,Fulham,2.19582,0.560836,37,6,Crystal Palace
2019-02-02,16:00,,Sat,Away,L,0,2,Crystal Palace,0.560836,2.19582,63,0,Fulham
2019-02-02,16:00,,Sat,Home,L,1,3,Wolves,1.36252,1.85729,64,4,Everton
2019-02-02,16:00,,Sat,Away,W,3,1,Everton,1.85729,1.36252,36,4,Wolves
2019-02-02,18:30,,Sat,Home,W,2,0,Bournemouth,2.53093,0.35199,27,5,Cardiff
2019-02-02,18:30,,Sat,Away,L,0,2,Cardiff,0.35199,2.53093,73,2,Bournemouth
2019-02-03,15:05,,Sun,Home,L,0,1,Manchester Utd,1.40067,1.49717,45,6,Leicester
2019-02-03,15:05,,Sun,Away,W,1,0,Leicester,1.49717,1.40067,55,6,Manchester Utd
2019-02-03,17:30,,Sun,Home,W,3,1,Arsenal,3.03102,0.703542,59,12,Manchester City
2019-02-03,17:30,,Sun,Away,L,1,3,Manchester City,0.703542,3.03102,41,2,Arsenal
2019-02-04,21:00,,Mon,Home,D,1,1,Liverpool,0.791319,1.12475,27,2,West Ham
2019-02-04,21:00,,Mon,Away,D,1,1,West Ham,1.12475,0.791319,73,6,Liverpool
2019-02-06,20:45,,Wed,Home,L,0,2,Manchester City,0.111559,2.60922,39,1,Everton
2019-02-06,20:45,,Wed,Away,W,2,0,Everton,2.60922,0.111559,61,4,Manchester City
2019-02-09,13:30,,Sat,Home,L,0,3,Manchester Utd,2.18741,2.13209,51,3,Fulham
2019-02-09,13:30,,Sat,Away,W,3,0,Fulham,2.13209,2.18741,49,7,Manchester Utd
2019-02-09,16:00,,Sat,Home,D,1,1,West Ham,2.68412,1.74711,57,5,Crystal Palace
2019-02-09,16:00,,Sat,Away,D,1,1,Crystal Palace,1.74711,2.68412,43,4,West Ham
2019-02-09,16:00,,Sat,Home,L,1,2,Arsenal,1.96816,1.46751,55,6,Huddersfield
2019-02-09,16:00,,Sat,Away,W,2,1,Huddersfield,1.46751,1.96816,45,4,Arsenal
2019-02-09,16:00,,Sat,Home,W,3,0,Bournemouth,2.53003,0.390995,66,9,Liverpool
2019-02-09,16:00,,Sat,Away,L,0,3,Liverpool,0.390995,2.53003,34,2,Bournemouth
2019-02-09,16:00,,Sat,Home,L,1,2,Cardiff,1.70666,0.980673,67,7,Southampton
2019-02-09,16:00,,Sat,Away,W,2,1,Southampton,0.980673,1.70666,33,3,Cardiff
2019-02-09,16:00,,Sat,Home,W,1,0,Everton,1.53311,0.641094,44,2,Watford
2019-02-09,16:00,,Sat,Away,L,0,1,Watford,0.641094,1.53311,56,4,Everton
2019-02-09,18:30,,Sat,Home,L,1,3,Burnley,1.31614,1.83041,68,6,Brighton
2019-02-09,18:30,,Sat,Away,W,3,1,Brighton,1.83041,1.31614,32,5,Burnley
2019-02-10,14:30,,Sun,Home,W,3,1,Leicester,1.21144,3.02164,53,5,Tottenham
2019-02-10,14:30,,Sun,Away,L,1,3,Tottenham,3.02164,1.21144,47,9,Leicester
2019-02-10,17:00,,Sun,Home,W,6,0,Chelsea,4.04218,0.901867,56,9,Manchester City
2019-02-10,17:00,,Sun,Away,L,0,6,Manchester City,0.901867,4.04218,44,4,Chelsea
2019-02-11,21:00,,Mon,Home,D,1,1,Newcastle United,2.30998,0.435263,59,6,Wolves
2019-02-11,21:00,,Mon,Away,D,1,1,Wolves,0.435263,2.30998,41,3,Newcastle United
2019-02-22,20:45,,Fri,Home,L,1,5,Watford,1.90045,2.75798,35,6,Cardiff
2019-02-22,20:45,,Fri,Away,W,5,1,Cardiff,2.75798,1.90045,65,7,Watford
2019-02-22,20:45,,Fri,Home,W,3,1,Fulham,2.72871,1.23555,55,7,West Ham
2019-02-22,20:45,,Fri,Away,L,1,3,West Ham,1.23555,2.72871,45,5,Fulham
2019-02-23,13:30,,Sat,Home,W,2,1,Tottenham,1.08514,0.845211,31,4,Burnley
2019-02-23,13:30,,Sat,Away,L,1,2,Burnley,0.845211,1.08514,69,6,Tottenham
2019-02-23,16:00,,Sat,Home,D,1,1,Wolves,2.13291,1.20286,45,3,Bournemouth
2019-02-23,16:00,,Sat,Away,D,1,1,Bournemouth,1.20286,2.13291,55,2,Wolves
2019-02-23,16:00,,Sat,Home,W,2,0,Huddersfield,3.03313,0.133934,54,12,Newcastle United
2019-02-23,16:00,,Sat,Away,L,0,2,Newcastle United,0.133934,3.03313,46,4,Huddersfield
2019-02-23,18:30,,Sat,Home,L,1,4,Crystal Palace,0.946697,1.57739,65,5,Leicester
2019-02-23,18:30,,Sat,Away,W,4,1,Leicester,1.57739,0.946697,35,5,Crystal Palace
2019-02-24,15:05,,Sun,Home,W,2,0,Southampton,2.35088,0.613167,62,4,Arsenal
2019-02-24,15:05,,Sun,Away,L,0,2,Arsenal,0.613167,2.35088,38,4,Southampton
2019-02-24,15:05,,Sun,Home,D,0,0,Liverpool,0.474869,0.380519,35,3,Manchester Utd
2019-02-24,15:05,,Sun,Away,D,0,0,Manchester Utd,0.380519,0.474869,65,1,Liverpool
2019-02-26,20:45,,Tue,Home,L,0,3,Everton,0.219359,1.14212,33,0,Cardiff
2019-02-26,20:45,,Tue,Away,W,3,0,Cardiff,1.14212,0.219359,67,4,Everton
2019-02-26,20:45,,Tue,Home,W,1,0,Wolves,1.46224,0.573166,50,3,Huddersfield
2019-02-26,20:45,,Tue,Away,L,0,1,Huddersfield,0.573166,1.46224,50,0,Wolves
2019-02-26,20:45,,Tue,Home,W,2,1,Brighton,1.92171,1.20566,49,3,Leicester
2019-02-26,20:45,,Tue,Away,L,1,2,Leicester,1.20566,1.92171,51,3,Brighton
2019-02-26,21:00,,Tue,Home,W,2,0,Burnley,1.70312,1.74201,54,3,Newcastle United
2019-02-26,21:00,,Tue,Away,L,0,2,Newcastle United,1.74201,1.70312,46,2,Burnley
2019-02-27,20:45,,Wed,Home,W,5,1,Bournemouth,3.18716,0.88618,65,6,Arsenal
2019-02-27,20:45,,Wed,Away,L,1,5,Arsenal,0.88618,3.18716,35,5,Bournemouth
2019-02-27,20:45,,Wed,Home,W,2,0,Fulham,1.15823,0.798715,41,4,Southampton
2019-02-27,20:45,,Wed,Away,L,0,2,Southampton,0.798715,1.15823,59,4,Fulham
2019-02-27,21:00,,Wed,Home,W,2,0,Tottenham,0.625978,0.722229,47,1,Chelsea
2019-02-27,21:00,,Wed,Away,L,0,2,Chelsea,0.722229,0.625978,53,0,Tottenham
2019-02-27,21:00,,Wed,Home,L,1,3,Manchester Utd,1.69334,1.54089,45,2,Crystal Palace
2019-02-27,21:00,,Wed,Away,W,3,1,Crystal Palace,1.54089,1.69334,55,4,Manchester Utd
2019-02-27,21:00,,Wed,Home,W,5,0,Watford,2.74266,0.630423,62,10,Liverpool
2019-02-27,21:00,,Wed,Away,L,0,5,Liverpool,0.630423,2.74266,38,3,Watford
2019-02-27,21:00,,Wed,Home,W,1,0,West Ham,3.67741,0.400125,75,7,Manchester City
2019-02-27,21:00,,Wed,Away,L,0,1,Manchester City,0.400125,3.67741,25,1,West Ham
2019-03-02,13:30,,Sat,Home,D,1,1,Arsenal,1.76818,3.45713,60,3,Tottenham
2019-03-02,13:30,,Sat,Away,D,1,1,Tottenham,3.45713,1.76818,40,4,Arsenal
2019-03-02,16:00,,Sat,Home,L,0,1,Manchester City,0.0,1.59515,18,0,Bournemouth
2019-03-02,16:00,,Sat,Away,W,1,0,Bournemouth,1.59515,0.0,82,7,Manchester City
2019-03-02,16:00,,Sat,Home,W,1,0,Huddersfield,1.39896,0.2014,53,4,Brighton
2019-03-02,16:00,,Sat,Away,L,0,1,Brighton,0.2014,1.39896,47,4,Huddersfield
2019-03-02,16:00,,Sat,Home,L,1,3,Crystal Palace,1.90872,0.706284,57,4,Burnley
2019-03-02,16:00,,Sat,Away,W,3,1,Burnley,0.706284,1.90872,43,4,Crystal Palace
2019-03-02,16:00,,Sat,Home,W,3,2,Southampton,2.54216,0.578485,64,6,Manchester Utd
2019-03-02,16:00,,Sat,Away,L,2,3,Manchester Utd,0.578485,2.54216,36,3,Southampton
2019-03-02,16:00,,Sat,Home,W,2,0,Cardiff,3.2075,0.702261,56,6,Wolves
2019-03-02,16:00,,Sat,Away,L,0,2,Wolves,0.702261,3.2075,44,4,Cardiff
2019-03-02,18:30,,Sat,Home,W,2,0,Newcastle United,1.88895,1.18549,56,4,West Ham
2019-03-02,18:30,,Sat,Away,L,0,2,West Ham,1.18549,1.88895,44,2,Newcastle United
2019-03-03,13:00,,Sun,Home,W,2,1,Leicester,1.36515,0.794683,39,5,Watford
2019-03-03,13:00,,Sun,Away,L,1,2,Watford,0.794683,1.36515,61,2,Leicester
2019-03-03,15:05,,Sun,Home,L,1,2,Chelsea,0.898469,1.53632,36,5,Fulham
2019-03-03,15:05,,Sun,Away,W,2,1,Fulham,1.53632,0.898469,64,7,Chelsea
2019-03-03,17:15,,Sun,Home,D,0,0,Liverpool,0.241879,0.811272,42,3,Everton
2019-03-03,17:15,,Sun,Away,D,0,0,Everton,0.811272,0.241879,58,3,Liverpool
2019-03-09,13:30,,Sat,Home,L,1,2,Brighton,1.44291,0.129312,63,3,Crystal Palace
2019-03-09,13:30,,Sat,Away,W,2,1,Crystal Palace,0.129312,1.44291,37,3,Brighton
2019-03-09,16:00,,Sat,Home,W,2,0,West Ham,3.49275,0.295869,29,7,Cardiff
2019-03-09,16:00,,Sat,Away,L,0,2,Cardiff,0.295869,3.49275,71,2,West Ham
2019-03-09,16:00,,Sat,Home,L,0,2,Bournemouth,0.339087,2.16389,56,1,Huddersfield
2019-03-09,16:00,,Sat,Away,W,2,0,Huddersfield,2.16389,0.339087,44,4,Bournemouth
2019-03-09,16:00,,Sat,Home,W,3,1,Fulham,2.13494,0.15103,53,8,Leicester
2019-03-09,16:00,,Sat,Away,L,1,3,Leicester,0.15103,2.13494,47,3,Fulham
2019-03-09,16:00,,Sat,Home,W,3,2,Everton,2.37896,1.15114,46,7,Newcastle United
2019-03-09,16:00,,Sat,Away,L,2,3,Newcastle United,1.15114,2.37896,54,3,Everton
2019-03-09,16:00,,Sat,Home,W,2,1,Tottenham,2.07772,1.26876,37,4,Southampton
2019-03-09,16:00,,Sat,Away,L,1,2,Southampton,1.26876,2.07772,63,5,Tottenham
2019-03-09,18:30,,Sat,Home,W,3,1,Watford,3.75714,0.407168,71,9,Manchester City
2019-03-09,18:30,,Sat,Away,L,1,3,Manchester City,0.407168,3.75714,29,1,Watford
2019-03-10,13:00,,Sun,Home,W,4,2,Burnley,4.12341,0.471571,69,5,Liverpool
2019-03-10,13:00,,Sun,Away,L,2,4,Liverpool,0.471571,4.12341,31,2,Burnley
2019-03-10,15:05,,Sun,Home,D,1,1,Wolves,1.0471,0.609079,76,6,Chelsea
2019-03-10,15:05,,Sun,Away,D,1,1,Chelsea,0.609079,1.0471,24,1,Wolves
2019-03-10,17:30,,Sun,Home,W,2,0,Manchester Utd,1.52723,2.3703,46,3,Arsenal
2019-03-10,17:30,,Sun,Away,L,0,2,Arsenal,2.3703,1.52723,54,4,Manchester Utd
2019-03-16,16:00,,Sat,Home,D,2,2,Newcastle United,1.61666,1.02847,49,3,Bournemouth
2019-03-16,16:00,,Sat,Away,D,2,2,Bournemouth,1.02847,1.61666,51,4,Newcastle United
2019-03-16,16:00,,Sat,Home,L,1,2,Leicester,1.17008,0.608954,62,2,Burnley
2019-03-16,16:00,,Sat,Away,W,2,1,Burnley,0.608954,1.17008,38,4,Leicester
2019-03-16,16:00,,Sat,Home,W,4,3,Huddersfield,1.88114,1.66909,64,5,West Ham
2019-03-16,16:00,,Sat,Away,L,3,4,West Ham,1.66909,1.88114,36,5,Huddersfield
2019-03-17,15:15,,Sun,Home,L,1,2,Liverpool,0.915765,2.73437,37,2,Fulham
2019-03-17,15:15,,Sun,Away,W,2,1,Fulham,2.73437,0.915765,63,6,Liverpool
2019-03-17,17:30,,Sun,Home,W,2,0,Chelsea,2.24031,1.24394,33,8,Everton
2019-03-17,17:30,,Sun,Away,L,0,2,Everton,1.24394,2.24031,67,5,Chelsea
2019-03-30,13:30,,Sat,Home,L,0,2,Manchester City,0.661491,2.31513,34,0,Fulham
2019-03-30,13:30,,Sat,Away,W,2,0,Fulham,2.31513,0.661491,66,7,Manchester City
2019-03-30,16:00,,Sat,Home,L,0,1,Southampton,0.560521,0.857436,60,1,Brighton
2019-03-30,16:00,,Sat,Away,W,1,0,Brighton,0.857436,0.560521,40,2,Southampton
2019-03-30,16:00,,Sat,Home,W,2,0,Wolves,0.572695,0.397928,37,1,Burnley
2019-03-30,16:00,,Sat,Away,L,0,2,Burnley,0.397928,0.572695,63,1,Wolves
2019-03-30,16:00,,Sat,Home,W,2,0,Huddersfield,2.84701,0.926991,48,5,Crystal Palace
2019-03-30,16:00,,Sat,Away,L,0,2,Crystal Palace,0.926991,2.84701,52,5,Huddersfield
2019-03-30,16:00,,Sat,Home,W,2,0,Bournemouth,1.8935,0.790333,59,4,Leicester
2019-03-30,16:00,,Sat,Away,L,0,2,Leicester,0.790333,1.8935,41,2,Bournemouth
2019-03-30,16:00,,Sat,Home,W,2,1,Watford,1.98052,1.35208,51,5,Manchester Utd
2019-03-30,16:00,,Sat,Away,L,1,2,Manchester Utd,1.35208,1.98052,49,8,Watford
2019-03-30,18:30,,Sat,Home,L,0,2,Everton,0.0891639,2.65983,49,1,West Ham
2019-03-30,18:30,,Sat,Away,W,2,0,West Ham,2.65983,0.0891639,51,9,Everton
2019-03-31,15:05,,Sun,Home,L,1,2,Chelsea,0.446122,2.07834,29,3,Cardiff
2019-03-31,15:05,,Sun,Away,W,2,1,Cardiff,2.07834,0.446122,71,3,Chelsea
2019-03-31,17:30,,Sun,Home,W,2,1,Tottenham,1.0931,1.04822,49,3,Liverpool
2019-03-31,17:30,,Sun,Away,L,1,2,Liverpool,1.04822,1.0931,51,2,Tottenham
2019-04-01,21:00,,Mon,Home,W,2,0,Newcastle United,1.04458,0.0441445,71,4,Arsenal
2019-04-01,21:00,,Mon,Away,L,0,2,Arsenal,0.0441445,1.04458,29,1,Newcastle United
2019-04-02,20:45,,Tue,Home,W,4,1,Fulham,1.59338,1.90917,46,7,Watford
2019-04-02,20:45,,Tue,Away,L,1,4,Watford,1.90917,1.59338,54,7,Fulham
2019-04-02,20:45,,Tue,Home,W,2,1,Manchester Utd,1.65044,2.03847,49,2,Wolves
2019-04-02,20:45,,Tue,Away,L,1,2,Wolves,2.03847,1.65044,51,4,Manchester Utd
2019-04-03,20:45,,Wed,Home,W,3,0,Brighton,3.12416,0.440898,68,4,Chelsea
2019-04-03,20:45,,Wed,Away,L,0,3,Chelsea,0.440898,3.12416,32,1,Brighton
2019-04-03,20:45,,Wed,Home,W,2,0,Cardiff,3.53913,0.135788,79,11,Manchester City
2019-04-03,20:45,,Wed,Away,L,0,2,Manchester City,0.135788,3.53913,21,1,Cardiff
2019-04-03,20:45,,Wed,Home,W,2,0,Crystal Palace,2.57376,0.564317,65,10,Tottenham
2019-04-03,20:45,,Wed,Away,L,0,2,Tottenham,0.564317,2.57376,35,1,Crystal Palace
2019-04-05,21:00,,Fri,Home,L,1,3,Liverpool,0.718394,2.00654,33,1,Southampton
2019-04-05,21:00,,Fri,Away,W,3,1,Southampton,2.00654,0.718394,67,5,Liverpool
2019-04-06,16:00,,Sat,Home,L,1,3,Burnley,1.20888,1.38919,60,2,Bournemouth
2019-04-06,16:00,,Sat,Away,W,3,1,Bournemouth,1.38919,1.20888,40,3,Burnley
2019-04-06,16:00,,Sat,Home,L,1,4,Leicester,1.62301,3.61876,45,4,Huddersfield
2019-04-06,16:00,,Sat,Away,W,4,1,Huddersfield,3.61876,1.62301,55,9,Leicester
2019-04-06,16:00,,Sat,Home,L,0,1,Crystal Palace,0.943175,0.907988,54,5,Newcastle United
2019-04-06,16:00,,Sat,Away,W,1,0,Newcastle United,0.907988,0.943175,46,1,Crystal Palace
2019-04-07,15:05,,Sun,Home,W,1,0,Arsenal,2.69396,0.201885,43,6,Everton
2019-04-07,15:05,,Sun,Away,L,0,1,Everton,0.201885,2.69396,57,2,Arsenal
2019-04-08,21:00,,Mon,Home,W,2,0,West Ham,2.23287,0.471195,54,7,Chelsea
2019-04-08,21:00,,Mon,Away,L,0,2,Chelsea,0.471195,2.23287,46,2,West Ham
2019-04-12,21:00,,Fri,Home,L,0,1,Newcastle United,0.877377,0.945804,71,5,Leicester
2019-04-12,21:00,,Fri,Away,W,1,0,Leicester,0.945804,0.877377,29,5,Newcastle United
2019-04-13,13:30,,Sat,Home,W,4,0,Huddersfield,2.78596,0.983527,70,5,Tottenham
2019-04-13,13:30,,Sat,Away,L,0,4,Tottenham,0.983527,2.78596,30,1,Huddersfield
2019-04-13,16:00,,Sat,Home,L,0,5,Bournemouth,0.206731,2.76885,50,1,Brighton
2019-04-13,16:00,,Sat,Away,W,5,0,Brighton,2.76885,0.206731,50,7,Bournemouth
2019-04-13,16:00,,Sat,Home,W,2,0,Cardiff,2.84358,0.872224,46,7,Burnley
2019-04-13,16:00,,Sat,Away,L,0,2,Burnley,0.872224,2.84358,54,2,Cardiff
2019-04-13,16:00,,Sat,Home,W,2,0,Everton,1.66303,1.29107,41,5,Fulham
2019-04-13,16:00,,Sat,Away,L,0,2,Fulham,1.29107,1.66303,59,1,Everton
2019-04-13,16:00,,Sat,Home,W,3,1,Wolves,3.80842,0.642825,30,6,Southampton
2019-04-13,16:00,,Sat,Away,L,1,3,Southampton,0.642825,3.80842,70,2,Wolves
2019-04-13,18:30,,Sat,Home,W,2,1,West Ham,2.65125,1.42817,42,4,Manchester Utd
2019-04-13,18:30,,Sat,Away,L,1,2,Manchester Utd,1.42817,2.65125,58,4,West Ham
2019-04-14,15:05,,Sun,Home,L,1,3,Manchester City,0.318169,2.86236,27,3,Crystal Palace
2019-04-14,15:05,,Sun,Away,W,3,1,Crystal Palace,2.86236,0.318169,73,6,Manchester City
2019-04-14,17:30,,Sun,Home,W,2,0,Chelsea,1.30839,0.873177,62,7,Liverpool
2019-04-14,17:30,,Sun,Away,L,0,2,Liverpool,0.873177,1.30839,38,3,Chelsea
2019-04-15,21:00,,Mon,Home,L,0,1,Arsenal,1.12595,2.2668,34,3,Watford
2019-04-15,21:00,,Mon,Away,W,1,0,Watford,2.2668,1.12595,66,6,Arsenal
2019-04-16,20:45,,Tue,Home,L,0,2,Cardiff,0.588539,0.819472,64,2,Brighton
2019-04-16,20:45,,Tue,Away,W,2,0,Brighton,0.819472,0.588539,36,3,Cardiff
2019-04-20,13:30,,Sat,Home,W,1,0,Tottenham,2.06185,1.19894,61,4,Manchester City
2019-04-20,13:30,,Sat,Away,L,0,1,Manchester City,1.19894,2.06185,39,4,Tottenham
2019-04-20,16:00,,Sat,Home,L,0,1,Fulham,2.83739,2.61689,49,5,Bournemouth
2019-04-20,16:00,,Sat,Away,W,1,0,Bournemouth,2.61689,2.83739,51,5,Fulham
2019-04-20,16:00,,Sat,Home,L,1,2,Watford,1.09072,1.08462,46,3,Huddersfield
2019-04-20,16:00,,Sat,Away,W,2,1,Huddersfield,1.08462,1.09072,54,6,Watford
2019-04-20,16:00,,Sat,Home,D,2,2,Leicester,1.36558,0.8065,49,3,West Ham
2019-04-20,16:00,,Sat,Away,D,2,2,West Ham,0.8065,1.36558,51,5,Leicester
2019-04-20,16:00,,Sat,Home,D,0,0,Brighton,2.60447,0.115051,68,5,Wolves
2019-04-20,16:00,,Sat,Away,D,0,0,Wolves,0.115051,2.60447,32,0,Brighton
2019-04-20,18:30,,Sat,Home,W,3,1,Southampton,1.23033,1.27102,43,6,Newcastle United
2019-04-20,18:30,,Sat,Away,L,1,3,Newcastle United,1.27102,1.23033,57,3,Southampton
2019-04-21,14:30,,Sun,Home,W,4,0,Manchester Utd,1.5204,0.305982,48,8,Everton
2019-04-21,14:30,,Sun,Away,L,0,4,Everton,0.305982,1.5204,52,1,Manchester Utd
2019-04-21,17:00,,Sun,Home,L,2,3,Crystal Palace,1.54245,2.56216,73,5,Arsenal
2019-04-21,17:00,,Sun,Away,W,3,2,Arsenal,2.56216,1.54245,27,7,Crystal Palace
2019-04-21,17:00,,Sun,Home,L,0,2,Liverpool,1.1187,2.42404,24,2,Cardiff
2019-04-21,17:00,,Sun,Away,W,2,0,Cardiff,2.42404,1.1187,76,6,Liverpool
2019-04-22,21:00,,Mon,Home,D,2,2,Burnley,1.28197,0.788788,76,9,Chelsea
2019-04-22,21:00,,Mon,Away,D,2,2,Chelsea,0.788788,1.28197,24,3,Burnley
2019-04-23,20:45,,Tue,Home,W,1,0,Brighton,1.0032,0.143138,78,5,Tottenham
2019-04-23,20:45,,Tue,Away,L,0,1,Tottenham,0.143138,1.0032,22,1,Brighton
2019-04-23,20:45,,Tue,Home,D,1,1,Southampton,1.27253,2.11999,62,4,Watford
2019-04-23,20:45,,Tue,Away,D,1,1,Watford,2.11999,1.27253,38,4,Southampton
2019-04-24,20:45,,Wed,Home,W,3,1,Arsenal,0.982018,0.939754,29,3,Wolves
2019-04-24,20:45,,Wed,Away,L,1,3,Wolves,0.939754,0.982018,71,1,Arsenal
2019-04-24,21:00,,Wed,Home,L,0,2,Manchester City,0.514509,0.530481,37,1,Manchester Utd
2019-04-24,21:00,,Wed,Away,W,2,0,Manchester Utd,0.530481,0.514509,63,5,Manchester City
2019-04-26,21:00,,Fri,Home,W,5,0,Huddersfield,3.58922,0.1624,70,7,Liverpool
2019-04-26,21:00,,Fri,Away,L,0,5,Liverpool,0.1624,3.58922,30,1,Huddersfield
2019-04-27,13:30,,Sat,Home,L,0,1,West Ham,1.35378,0.991558,63,4,Tottenham
2019-04-27,13:30,,Sat,Away,W,1,0,Tottenham,0.991558,1.35378,37,7,West Ham
2019-04-27,16:00,,Sat,Home,D,0,0,Everton,0.261344,1.15217,36,0,Crystal Palace
2019-04-27,16:00,,Sat,Away,D,0,0,Crystal Palace,1.15217,0.261344,64,3,Everton
2019-04-27,16:00,,Sat,Home,W,1,0,Cardiff,0.519072,1.11322,73,2,Fulham
2019-04-27,16:00,,Sat,Away,L,0,1,Fulham,1.11322,0.519072,27,8,Cardiff
2019-04-27,16:00,,Sat,Home,D,3,3,Bournemouth,2.73537,2.62214,44,7,Southampton
2019-04-27,16:00,,Sat,Away,D,3,3,Southampton,2.62214,2.73537,56,5,Bournemouth
2019-04-27,16:00,,Sat,Home,L,1,2,Wolves,0.896093,2.44357,56,1,Watford
2019-04-27,16:00,,Sat,Away,W,2,1,Watford,2.44357,0.896093,44,4,Wolves
2019-04-27,18:30,,Sat,Home,D,1,1,Newcastle United,1.20482,0.43797,50,2,Brighton
2019-04-27,18:30,,Sat,Away,D,1,1,Brighton,0.43797,1.20482,50,1,Newcastle United
2019-04-28,13:00,,Sun,Home,W,3,0,Arsenal,3.6797,0.600697,67,12,Leicester
2019-04-28,13:00,,Sun,Away,L,0,3,Leicester,0.600697,3.6797,33,1,Arsenal
2019-04-28,15:05,,Sun,Home,L,0,1,Manchester City,0.0899809,2.34878,30,0,Burnley
2019-04-28,15:05,,Sun,Away,W,1,0,Burnley,2.34878,0.0899809,70,7,Manchester City
2019-04-28,17:30,,Sun,Home,D,1,1,Chelsea,1.12483,1.6298,52,5,Manchester Utd
2019-04-28,17:30,,Sun,Away,D,1,1,Manchester Utd,1.6298,1.12483,48,3,Chelsea
2019-05-03,21:00,,Fri,Home,W,2,0,Burnley,1.76461,0.473292,60,6,Everton
2019-05-03,21:00,,Fri,Away,L,0,2,Everton,0.473292,1.76461,40,1,Burnley
2019-05-04,13:30,,Sat,Home,W,1,0,Tottenham,2.22622,0.713362,53,6,Bournemouth
2019-05-04,13:30,,Sat,Away,L,0,1,Bournemouth,0.713362,2.22622,47,5,Tottenham
2019-05-04,16:00,,Sat,Home,W,3,0,Southampton,1.99866,0.443686,56,6,West Ham
2019-05-04,16:00,,Sat,Away,L,0,3,West Ham,0.443686,1.99866,44,1,Southampton
2019-05-04,16:00,,Sat,Home,W,1,0,Fulham,2.09397,0.512477,39,6,Wolves
2019-05-04,16:00,,Sat,Away,L,0,1,Wolves,0.512477,2.09397,61,2,Fulham
2019-05-04,18:30,,Sat,Home,L,2,3,Crystal Palace,1.4996,1.80991,39,8,Cardiff
2019-05-04,18:30,,Sat,Away,W,3,2,Cardiff,1.80991,1.4996,61,7,Crystal Palace
2019-05-04,20:45,,Sat,Home,L,2,3,Liverpool,1.29707,1.48081,31,7,Newcastle United
2019-05-04,20:45,,Sat,Away,W,3,2,Newcastle United,1.48081,1.29707,69,4,Liverpool
2019-05-05,15:00,,Sun,Home,W,3,0,Watford,2.96478,1.2712,59,9,Chelsea
2019-05-05,15:00,,Sun,Away,L,0,3,Chelsea,1.2712,2.96478,41,3,Watford
2019-05-05,15:00,,Sun,Home,D,1,1,Manchester Utd,0.73663,1.88049,36,3,Huddersfield
2019-05-05,15:00,,Sun,Away,D,1,1,Huddersfield,1.88049,0.73663,64,7,Manchester Utd
2019-05-05,17:30,,Sun,Home,D,1,1,Brighton,2.36178,1.90585,71,8,Arsenal
2019-05-05,17:30,,Sun,Away,D,1,1,Arsenal,1.90585,2.36178,29,5,Brighton
2019-05-06,21:00,,Mon,Home,W,1,0,Leicester,1.08617,0.537307,61,5,Manchester City
2019-05-06,21:00,,Mon,Away,L,0,1,Manchester City,0.537307,1.08617,39,2,Leicester
2019-05-12,16:00,,Sun,Home,L,1,4,Manchester City,0.595313,2.22234,23,2,Brighton
2019-05-12,16:00,,Sun,Away,W,4,1,Brighton,2.22234,0.595313,77,9,Manchester City
2019-05-12,16:00,,Sun,Home,L,1,3,Arsenal,1.72939,2.87276,40,5,Burnley
2019-05-12,16:00,,Sun,Away,W,3,1,Burnley,2.87276,1.72939,60,6,Arsenal
2019-05-12,16:00,,Sun,Home,W,5,3,Bournemouth,2.85899,1.8981,45,8,Crystal Palace
2019-05-12,16:00,,Sun,Away,L,3,5,Crystal Palace,1.8981,2.85899,55,8,Bournemouth
2019-05-12,16:00,,Sun,Home,L,0,4,Newcastle United,0.569845,1.95921,68,2,Fulham
2019-05-12,16:00,,Sun,Away,W,4,0,Fulham,1.95921,0.569845,32,6,Newcastle United
2019-05-12,16:00,,Sun,Home,D,0,0,Chelsea,0.345306,1.26735,47,3,Leicester
2019-05-12,16:00,,Sun,Away,D,0,0,Leicester,1.26735,0.345306,53,4,Chelsea
2019-05-12,16:00,,Sun,Home,W,2,0,Wolves,1.70197,0.883861,59,5,Liverpool
2019-05-12,16:00,,Sun,Away,L,0,2,Liverpool,0.883861,1.70197,41,2,Wolves
2019-05-12,16:00,,Sun,Home,L,0,2,Cardiff,1.89555,1.71095,73,10,Manchester Utd
2019-05-12,16:00,,Sun,Away,W,2,0,Manchester Utd,1.71095,1.89555,27,4,Cardiff
2019-05-12,16:00,,Sun,Home,D,1,1,Huddersfield,0.941018,0.857152,54,3,Southampton
2019-05-12,16:00,,Sun,Away,D,1,1,Southampton,0.857152,0.941018,46,3,Huddersfield
2019-05-12,16:00,,Sun,Home,D,2,2,Everton,0.882608,2.06851,55,3,Tottenham
2019-05-12,16:00,,Sun,Away,D,2,2,Tottenham,2.06851,0.882608,45,9,Everton
2019-05-12,16:00,,Sun,Home,L,1,4,West Ham,2.06986,3.20094,48,8,Watford
2019-05-12,16:00,,Sun,Away,W,4,1,Watford,3.20094,2.06986,52,9,West Ham
