h_a,xG,xGA,result,date,team_name,year
h,0.80527,0.849709,w,2020-09-21,Aston Villa,2020
a,2.03222,0.534675,w,2020-09-28,Aston Villa,2020
h,3.07626,1.65705,w,2020-10-04,Aston Villa,2020
a,0.873776,0.671595,w,2020-10-18,Aston Villa,2020
h,1.50125,2.37695,l,2020-10-23,Aston Villa,2020
h,2.44855,1.00333,l,2020-11-01,Aston Villa,2020
a,1.98553,1.39037,w,2020-11-08,Aston Villa,2020
h,1.76514,1.50038,l,2020-11-21,Aston Villa,2020
a,2.39051,0.571633,l,2020-11-30,Aston Villa,2020
a,1.26872,1.1356,w,2020-12-12,Aston Villa,2020
h,1.81142,0.316737,d,2020-12-17,Aston Villa,2020
a,2.61964,0.0388442,w,2020-12-20,Aston Villa,2020
h,4.58214,0.849086,w,2020-12-26,Aston Villa,2020
a,0.730859,1.53701,d,2020-12-28,Aston Villa,2020
a,1.56434,2.46473,l,2021-01-01,Aston Villa,2020
a,0.601768,3.34385,l,2021-01-20,Aston Villa,2020
h,2.6026,0.400364,w,2021-01-23,Aston Villa,2020
a,2.70718,0.717681,l,2021-01-27,Aston Villa,2020
a,0.795508,2.22557,w,2021-01-30,Aston Villa,2020
h,0.741154,1.79064,l,2021-02-03,Aston Villa,2020
h,1.19792,0.679649,w,2021-02-06,Aston Villa,2020
a,0.144036,2.33232,d,2021-02-13,Aston Villa,2020
h,1.7084,1.23852,l,2021-02-21,Aston Villa,2020
a,0.876255,1.00106,w,2021-02-27,Aston Villa,2020
a,1.44176,0.716254,l,2021-03-03,Aston Villa,2020
h,0.956392,2.15087,d,2021-03-06,Aston Villa,2020
a,0.748665,0.873171,d,2021-03-12,Aston Villa,2020
h,0.439681,1.72011,l,2021-03-21,Aston Villa,2020
h,1.52229,1.52172,w,2021-04-04,Aston Villa,2020
a,0.760621,2.14592,l,2021-04-10,Aston Villa,2020
h,0.801733,1.5634,l,2021-04-21,Aston Villa,2020
h,2.65394,1.56764,d,2021-04-25,Aston Villa,2020
a,1.58811,1.223,w,2021-05-01,Aston Villa,2020
h,0.565472,1.88793,l,2021-05-09,Aston Villa,2020
h,0.558976,0.975408,d,2021-05-13,Aston Villa,2020
a,1.2303,1.95285,l,2021-05-16,Aston Villa,2020
a,1.63669,0.89279,w,2021-05-19,Aston Villa,2020
h,0.980413,3.43414,w,2021-05-23,Aston Villa,2020
a,1.26793,0.822944,w,2020-09-13,Everton,2020
h,4.16254,0.315347,w,2020-09-19,Everton,2020
a,2.27189,0.443115,w,2020-09-26,Everton,2020
h,2.34034,1.16568,w,2020-10-03,Everton,2020
h,1.35998,2.49492,d,2020-10-17,Everton,2020
a,0.287054,0.74151,l,2020-10-25,Everton,2020
a,1.21805,2.6311,l,2020-11-01,Everton,2020
h,0.376464,1.59642,l,2020-11-07,Everton,2020
a,2.2508,1.87028,w,2020-11-22,Everton,2020
h,1.29229,3.11324,l,2020-11-28,Everton,2020
a,2.28139,0.730434,d,2020-12-05,Everton,2020
h,1.2216,1.00627,w,2020-12-12,Everton,2020
a,1.51486,0.83883,w,2020-12-16,Everton,2020
h,0.661744,1.25206,w,2020-12-19,Everton,2020
a,0.568803,1.25106,w,2020-12-26,Everton,2020
h,0.371045,1.19713,l,2021-01-01,Everton,2020
a,0.323445,0.852495,w,2021-01-12,Everton,2020
h,0.474981,0.792045,d,2021-01-27,Everton,2020
h,0.966012,2.08832,l,2021-01-30,Everton,2020
a,1.91539,1.14303,w,2021-02-03,Everton,2020
a,1.5571,1.71769,d,2021-02-06,Everton,2020
h,0.314075,2.55085,l,2021-02-14,Everton,2020
h,1.04664,1.23218,l,2021-02-17,Everton,2020
a,2.01468,1.54046,w,2021-02-20,Everton,2020
h,1.42054,0.665743,w,2021-03-01,Everton,2020
a,1.40789,1.02038,w,2021-03-04,Everton,2020
a,0.270757,2.57224,l,2021-03-08,Everton,2020
h,1.69849,0.74852,l,2021-03-13,Everton,2020
h,2.53386,0.603749,d,2021-04-05,Everton,2020
a,0.306287,1.16465,d,2021-04-12,Everton,2020
h,2.26022,1.4815,d,2021-04-16,Everton,2020
a,0.529676,0.735767,w,2021-04-23,Everton,2020
h,1.223,1.58811,l,2021-05-01,Everton,2020
a,1.56222,1.09704,w,2021-05-09,Everton,2020
a,0.975408,0.558976,d,2021-05-13,Everton,2020
h,1.24609,1.391,l,2021-05-16,Everton,2020
h,0.670997,0.265526,w,2021-05-19,Everton,2020
a,1.07258,2.88355,l,2021-05-23,Everton,2020
a,1.26267,1.39569,l,2020-09-12,Southampton,2020
h,2.27708,2.28004,l,2020-09-20,Southampton,2020
a,0.706632,0.347136,w,2020-09-26,Southampton,2020
h,0.949079,0.161283,w,2020-10-04,Southampton,2020
a,1.42348,1.98708,d,2020-10-17,Southampton,2020
h,0.74151,0.287054,w,2020-10-25,Southampton,2020
a,1.00333,2.44855,w,2020-11-01,Southampton,2020
h,0.985828,0.175633,w,2020-11-06,Southampton,2020
a,1.0785,1.57479,d,2020-11-23,Southampton,2020
h,0.498783,2.47547,l,2020-11-29,Southampton,2020
a,1.34801,2.03376,w,2020-12-07,Southampton,2020
h,2.27973,0.219115,w,2020-12-13,Southampton,2020
a,1.11296,0.661135,d,2020-12-16,Southampton,2020
h,0.586972,1.15599,l,2020-12-19,Southampton,2020
a,0.119709,0.781855,d,2020-12-26,Southampton,2020
h,0.670996,1.07246,d,2020-12-29,Southampton,2020
h,0.500436,1.37204,w,2021-01-04,Southampton,2020
a,0.378147,2.12019,l,2021-01-16,Southampton,2020
h,0.99504,2.4339,l,2021-01-26,Southampton,2020
h,2.22557,0.795508,l,2021-01-30,Southampton,2020
a,0.507893,5.0325,l,2021-02-02,Southampton,2020
a,1.43445,0.910553,l,2021-02-06,Southampton,2020
h,0.8536,1.09361,l,2021-02-14,Southampton,2020
h,0.496603,1.44849,d,2021-02-20,Southampton,2020
a,1.47981,1.84753,l,2021-02-23,Southampton,2020
a,0.665743,1.42054,l,2021-03-01,Southampton,2020
a,2.37386,0.908155,w,2021-03-06,Southampton,2020
a,1.60561,3.10503,l,2021-03-10,Southampton,2020
h,1.03495,0.895967,l,2021-03-14,Southampton,2020
h,2.40272,1.50285,w,2021-04-04,Southampton,2020
a,1.5002,2.77089,l,2021-04-12,Southampton,2020
a,1.06134,1.28824,l,2021-04-21,Southampton,2020
h,0.954057,2.51518,d,2021-04-30,Southampton,2020
a,1.2289,2.26367,l,2021-05-08,Southampton,2020
h,1.58872,1.32586,w,2021-05-11,Southampton,2020
h,2.29146,0.875957,w,2021-05-15,Southampton,2020
h,1.3084,1.58132,l,2021-05-18,Southampton,2020
a,1.35179,1.98344,l,2021-05-23,Southampton,2020
a,2.95581,0.352997,w,2020-09-13,Leicester,2020
h,0.987365,1.52404,w,2020-09-20,Leicester,2020
a,2.86721,1.44633,w,2020-09-27,Leicester,2020
h,0.456022,2.03227,l,2020-10-04,Leicester,2020
h,0.671595,0.873776,l,2020-10-18,Leicester,2020
a,0.736172,0.73944,w,2020-10-25,Leicester,2020
a,3.07657,1.74822,w,2020-11-02,Leicester,2020
h,2.0545,0.57936,w,2020-11-08,Leicester,2020
a,1.98397,3.77245,l,2020-11-22,Leicester,2020
h,1.27814,2.03719,l,2020-11-30,Leicester,2020
a,1.3904,0.290743,w,2020-12-06,Leicester,2020
h,1.64351,0.791673,w,2020-12-13,Leicester,2020
h,0.83883,1.51486,l,2020-12-16,Leicester,2020
a,1.74772,0.945932,w,2020-12-20,Leicester,2020
h,1.0396,2.08423,d,2020-12-26,Leicester,2020
a,1.72132,0.321348,d,2020-12-28,Leicester,2020
a,0.702081,0.264584,w,2021-01-03,Leicester,2020
h,2.12019,0.378147,w,2021-01-16,Leicester,2020
h,1.1449,0.615727,w,2021-01-19,Leicester,2020
a,0.792045,0.474981,d,2021-01-27,Leicester,2020
h,1.73432,1.8141,l,2021-01-31,Leicester,2020
a,1.71299,0.731288,w,2021-02-03,Leicester,2020
a,0.632232,1.35506,d,2021-02-07,Leicester,2020
h,2.07383,1.68325,w,2021-02-13,Leicester,2020
a,1.23852,1.7084,w,2021-02-21,Leicester,2020
h,0.533575,2.1065,l,2021-02-28,Leicester,2020
a,1.24109,1.26793,d,2021-03-03,Leicester,2020
a,1.03801,0.75471,w,2021-03-06,Leicester,2020
h,4.54571,0.0934777,w,2021-03-14,Leicester,2020
h,0.284781,1.98438,l,2021-04-03,Leicester,2020
a,1.17188,1.02408,l,2021-04-11,Leicester,2020
h,2.6712,0.277126,w,2021-04-22,Leicester,2020
h,1.23419,0.723112,w,2021-04-26,Leicester,2020
a,2.51518,0.954057,d,2021-04-30,Leicester,2020
h,2.315,2.87261,l,2021-05-07,Leicester,2020
a,0.991522,0.212874,w,2021-05-11,Leicester,2020
a,0.832596,2.86149,l,2021-05-18,Leicester,2020
h,1.82554,1.85229,l,2021-05-23,Leicester,2020
h,0.352997,2.95581,l,2020-09-13,West Bromwich Albion,2020
a,0.315347,4.16254,l,2020-09-19,West Bromwich Albion,2020
h,0.911185,2.36046,d,2020-09-26,West Bromwich Albion,2020
a,0.161283,0.949079,l,2020-10-04,West Bromwich Albion,2020
h,0.731692,1.08532,d,2020-10-19,West Bromwich Albion,2020
a,0.295654,0.546807,d,2020-10-26,West Bromwich Albion,2020
a,0.482685,1.62247,l,2020-11-02,West Bromwich Albion,2020
h,0.799352,1.87063,l,2020-11-08,West Bromwich Albion,2020
a,0.438646,2.42994,l,2020-11-21,West Bromwich Albion,2020
h,1.71644,3.36544,w,2020-11-28,West Bromwich Albion,2020
h,0.567234,1.68656,l,2020-12-06,West Bromwich Albion,2020
a,0.57319,0.904163,l,2020-12-12,West Bromwich Albion,2020
a,0.210243,2.58593,d,2020-12-15,West Bromwich Albion,2020
h,0.0388442,2.61964,l,2020-12-20,West Bromwich Albion,2020
a,0.739845,1.45485,d,2020-12-27,West Bromwich Albion,2020
h,0.43551,1.54225,l,2020-12-29,West Bromwich Albion,2020
h,0.869874,4.03429,l,2021-01-02,West Bromwich Albion,2020
a,2.46332,1.94358,w,2021-01-16,West Bromwich Albion,2020
a,0.464091,2.17512,l,2021-01-19,West Bromwich Albion,2020
h,0.568258,2.24838,l,2021-01-26,West Bromwich Albion,2020
h,0.994664,1.52044,d,2021-01-30,West Bromwich Albion,2020
a,1.61871,1.35804,l,2021-02-02,West Bromwich Albion,2020
a,0.698686,1.92997,l,2021-02-07,West Bromwich Albion,2020
h,0.945964,0.423885,d,2021-02-14,West Bromwich Albion,2020
a,1.71922,0.535153,d,2021-02-20,West Bromwich Albion,2020
h,0.687091,3.12111,w,2021-02-27,West Bromwich Albion,2020
h,1.02038,1.40789,l,2021-03-04,West Bromwich Albion,2020
h,1.46503,0.454577,d,2021-03-07,West Bromwich Albion,2020
a,0.513439,1.30694,l,2021-03-13,West Bromwich Albion,2020
a,1.38315,2.55917,w,2021-04-03,West Bromwich Albion,2020
h,2.77089,1.5002,w,2021-04-12,West Bromwich Albion,2020
a,0.277126,2.6712,l,2021-04-22,West Bromwich Albion,2020
a,1.56764,2.65394,d,2021-04-25,West Bromwich Albion,2020
h,1.07133,0.844138,d,2021-05-03,West Bromwich Albion,2020
a,1.83076,1.07042,l,2021-05-09,West Bromwich Albion,2020
h,1.14202,2.07854,l,2021-05-16,West Bromwich Albion,2020
h,1.10741,3.56991,l,2021-05-19,West Bromwich Albion,2020
a,1.02209,2.49009,l,2021-05-23,West Bromwich Albion,2020
h,1.39569,1.26267,w,2020-09-12,Crystal Palace,2020
a,1.91456,1.09737,w,2020-09-19,Crystal Palace,2020
h,0.443115,2.27189,l,2020-09-26,Crystal Palace,2020
a,0.103249,2.51433,l,2020-10-03,Crystal Palace,2020
h,0.761169,1.0935,d,2020-10-18,Crystal Palace,2020
a,2.81049,1.05258,w,2020-10-24,Crystal Palace,2020
a,0.802767,1.34895,l,2020-10-30,Crystal Palace,2020
h,1.30169,0.847913,w,2020-11-07,Crystal Palace,2020
a,1.28331,1.75343,l,2020-11-23,Crystal Palace,2020
h,0.534893,1.27929,l,2020-11-27,Crystal Palace,2020
a,1.68656,0.567234,w,2020-12-06,Crystal Palace,2020
h,1.84443,1.40792,d,2020-12-13,Crystal Palace,2020
a,1.09108,0.449469,d,2020-12-16,Crystal Palace,2020
h,0.489318,2.86902,l,2020-12-19,Crystal Palace,2020
a,0.849086,4.58214,l,2020-12-26,Crystal Palace,2020
h,0.321348,1.72132,d,2020-12-28,Crystal Palace,2020
h,0.598888,0.323158,w,2021-01-02,Crystal Palace,2020
a,0.709634,0.368554,d,2021-01-14,Crystal Palace,2020
a,0.0515836,0.961088,l,2021-01-17,Crystal Palace,2020
h,0.629033,3.30321,l,2021-01-26,Crystal Palace,2020
h,1.36877,0.450907,w,2021-01-30,Crystal Palace,2020
a,0.809312,1.90755,w,2021-02-02,Crystal Palace,2020
a,0.370278,2.64769,l,2021-02-08,Crystal Palace,2020
h,0.645616,1.95502,l,2021-02-13,Crystal Palace,2020
a,0.179886,2.59204,w,2021-02-22,Crystal Palace,2020
h,0.0880148,0.813134,d,2021-02-28,Crystal Palace,2020
h,0.742397,0.584016,d,2021-03-03,Crystal Palace,2020
a,0.559383,2.24159,l,2021-03-07,Crystal Palace,2020
h,1.30694,0.513439,w,2021-03-13,Crystal Palace,2020
a,0.603749,2.53386,d,2021-04-05,Crystal Palace,2020
h,0.602167,3.85472,l,2021-04-10,Crystal Palace,2020
a,0.723112,1.23419,l,2021-04-26,Crystal Palace,2020
h,0.361866,2.04443,l,2021-05-01,Crystal Palace,2020
a,2.25382,0.639325,w,2021-05-08,Crystal Palace,2020
a,1.32586,1.58872,l,2021-05-11,Crystal Palace,2020
h,1.95285,1.2303,w,2021-05-16,Crystal Palace,2020
h,0.998377,1.7945,l,2021-05-19,Crystal Palace,2020
a,0.772317,2.20348,l,2021-05-23,Crystal Palace,2020
a,1.27062,1.44281,w,2020-09-14,Chelsea,2020
h,0.904183,2.25211,l,2020-09-20,Chelsea,2020
a,2.36046,0.911185,d,2020-09-26,Chelsea,2020
h,2.51433,0.103249,w,2020-10-03,Chelsea,2020
h,1.98708,1.42348,d,2020-10-17,Chelsea,2020
a,0.219906,0.648427,d,2020-10-24,Chelsea,2020
a,1.23077,0.407341,w,2020-10-31,Chelsea,2020
h,2.87622,0.743967,w,2020-11-07,Chelsea,2020
a,1.81923,0.368286,w,2020-11-21,Chelsea,2020
h,0.974755,0.22689,d,2020-11-29,Chelsea,2020
h,4.89472,1.0277,w,2020-12-05,Chelsea,2020
a,1.00627,1.2216,l,2020-12-12,Chelsea,2020
a,1.56772,0.683783,l,2020-12-15,Chelsea,2020
h,2.41157,0.277737,w,2020-12-21,Chelsea,2020
a,2.25414,1.94485,l,2020-12-26,Chelsea,2020
h,1.53701,0.730859,d,2020-12-28,Chelsea,2020
h,0.691013,3.18063,l,2021-01-03,Chelsea,2020
a,1.37939,0.46126,w,2021-01-16,Chelsea,2020
a,0.615727,1.1449,l,2021-01-19,Chelsea,2020
h,0.663324,0.63192,d,2021-01-27,Chelsea,2020
h,1.4405,0.390714,w,2021-01-31,Chelsea,2020
a,2.393,0.569446,w,2021-02-04,Chelsea,2020
a,1.64144,0.623045,w,2021-02-07,Chelsea,2020
h,2.5428,0.432603,w,2021-02-15,Chelsea,2020
a,1.44849,0.496603,d,2021-02-20,Chelsea,2020
h,1.17294,0.35954,d,2021-02-28,Chelsea,2020
a,1.22635,0.247034,w,2021-03-04,Chelsea,2020
h,2.57224,0.270757,w,2021-03-08,Chelsea,2020
a,0.971054,0.382957,d,2021-03-13,Chelsea,2020
h,2.55917,1.38315,l,2021-04-03,Chelsea,2020
a,3.85472,0.602167,w,2021-04-10,Chelsea,2020
h,0.807348,0.459568,d,2021-04-20,Chelsea,2020
a,2.52059,0.267123,w,2021-04-24,Chelsea,2020
h,1.8433,0.290042,w,2021-05-01,Chelsea,2020
a,0.619724,1.79168,w,2021-05-08,Chelsea,2020
h,1.56786,0.692043,l,2021-05-12,Chelsea,2020
h,2.86149,0.832596,w,2021-05-18,Chelsea,2020
a,3.43414,0.980413,l,2021-05-23,Chelsea,2020
h,0.861445,1.65911,l,2020-09-12,West Ham,2020
a,2.06377,1.32902,l,2020-09-19,West Ham,2020
h,3.05703,0.385152,w,2020-09-27,West Ham,2020
a,2.03227,0.456022,w,2020-10-04,West Ham,2020
a,1.49992,1.77602,d,2020-10-18,West Ham,2020
h,0.263739,0.892456,d,2020-10-24,West Ham,2020
a,0.269048,1.56302,l,2020-10-31,West Ham,2020
h,1.42614,1.84922,w,2020-11-07,West Ham,2020
a,2.1142,0.692374,w,2020-11-22,West Ham,2020
h,0.571633,2.39051,w,2020-11-30,West Ham,2020
h,2.53006,1.78708,l,2020-12-05,West Ham,2020
a,1.7851,1.56644,w,2020-12-11,West Ham,2020
h,0.449469,1.09108,d,2020-12-16,West Ham,2020
a,0.277737,2.41157,l,2020-12-21,West Ham,2020
h,1.38877,1.50551,d,2020-12-27,West Ham,2020
a,1.07246,0.670996,d,2020-12-29,West Ham,2020
a,1.19713,0.371045,w,2021-01-01,West Ham,2020
h,1.73397,0.395668,w,2021-01-16,West Ham,2020
h,2.17512,0.464091,w,2021-01-19,West Ham,2020
a,3.30321,0.629033,w,2021-01-26,West Ham,2020
h,0.883061,2.05809,l,2021-01-31,West Ham,2020
a,1.79064,0.741154,w,2021-02-03,West Ham,2020
a,0.943539,1.60884,d,2021-02-06,West Ham,2020
h,2.32735,0.926652,w,2021-02-15,West Ham,2020
h,1.09246,0.770706,w,2021-02-21,West Ham,2020
a,1.92892,0.760574,l,2021-02-27,West Ham,2020
h,2.37556,1.34971,w,2021-03-08,West Ham,2020
a,0.463737,1.70128,l,2021-03-14,West Ham,2020
h,2.50629,1.35217,d,2021-03-21,West Ham,2020
a,1.59694,1.95649,w,2021-04-05,West Ham,2020
h,1.02408,1.17188,w,2021-04-11,West Ham,2020
a,2.06741,2.4314,l,2021-04-17,West Ham,2020
h,0.267123,2.52059,l,2021-04-24,West Ham,2020
a,2.42477,1.68312,w,2021-05-03,West Ham,2020
h,1.09704,1.56222,l,2021-05-09,West Ham,2020
a,1.92378,0.922587,d,2021-05-15,West Ham,2020
a,3.56991,1.10741,w,2021-05-19,West Ham,2020
h,1.98344,1.35179,w,2021-05-23,West Ham,2020
h,0.822944,1.26793,l,2020-09-13,Tottenham,2020
a,2.28004,2.27708,w,2020-09-20,Tottenham,2020
h,3.18765,0.942726,d,2020-09-27,Tottenham,2020
a,3.3017,0.873435,w,2020-10-04,Tottenham,2020
h,1.77602,1.49992,d,2020-10-18,Tottenham,2020
a,0.797344,0.95045,w,2020-10-26,Tottenham,2020
h,1.97236,0.324457,w,2020-11-01,Tottenham,2020
a,1.87063,0.799352,w,2020-11-08,Tottenham,2020
h,0.761142,1.66325,w,2020-11-21,Tottenham,2020
a,0.22689,0.974755,d,2020-11-29,Tottenham,2020
h,0.390629,0.595216,w,2020-12-06,Tottenham,2020
a,1.40792,1.84443,d,2020-12-13,Tottenham,2020
a,1.5161,1.21783,l,2020-12-16,Tottenham,2020
h,0.945932,1.74772,l,2020-12-20,Tottenham,2020
a,0.408109,0.742598,d,2020-12-27,Tottenham,2020
h,2.5286,1.15626,w,2021-01-02,Tottenham,2020
h,3.14372,1.05329,d,2021-01-13,Tottenham,2020
a,1.28385,0.978133,w,2021-01-17,Tottenham,2020
h,0.104586,2.58798,l,2021-01-28,Tottenham,2020
a,0.372524,1.77386,l,2021-01-31,Tottenham,2020
h,0.569446,2.393,l,2021-02-04,Tottenham,2020
h,1.92997,0.698686,w,2021-02-07,Tottenham,2020
a,0.4235,2.46219,l,2021-02-13,Tottenham,2020
a,0.770706,1.09246,l,2021-02-21,Tottenham,2020
h,2.35788,0.603212,w,2021-02-28,Tottenham,2020
a,1.5519,1.1715,w,2021-03-04,Tottenham,2020
h,2.24159,0.559383,w,2021-03-07,Tottenham,2020
a,0.705566,1.56529,l,2021-03-14,Tottenham,2020
a,1.72011,0.439681,w,2021-03-21,Tottenham,2020
a,2.43683,3.30098,d,2021-04-04,Tottenham,2020
h,0.921801,2.09737,l,2021-04-11,Tottenham,2020
a,1.4815,2.26022,d,2021-04-16,Tottenham,2020
h,1.28824,1.06134,w,2021-04-21,Tottenham,2020
h,2.26016,0.469026,w,2021-05-02,Tottenham,2020
a,1.03384,2.55216,l,2021-05-08,Tottenham,2020
h,3.13947,1.09206,w,2021-05-16,Tottenham,2020
h,0.89279,1.63669,l,2021-05-19,Tottenham,2020
a,1.85229,1.82554,w,2021-05-23,Tottenham,2020
a,2.16287,0.126327,w,2020-09-12,Arsenal,2020
h,1.32902,2.06377,w,2020-09-19,Arsenal,2020
a,1.17817,2.73834,l,2020-09-28,Arsenal,2020
h,0.667131,0.144994,w,2020-10-04,Arsenal,2020
a,0.838322,1.43023,l,2020-10-17,Arsenal,2020
h,0.73944,0.736172,l,2020-10-25,Arsenal,2020
a,0.998072,0.394113,w,2020-11-01,Arsenal,2020
h,1.39037,1.98553,l,2020-11-08,Arsenal,2020
a,0.710778,1.9617,d,2020-11-22,Arsenal,2020
h,1.1185,2.0069,l,2020-11-29,Arsenal,2020
a,0.595216,0.390629,l,2020-12-06,Arsenal,2020
h,1.85362,0.815375,l,2020-12-13,Arsenal,2020
h,0.661135,1.11296,d,2020-12-16,Arsenal,2020
a,1.25206,0.661744,l,2020-12-19,Arsenal,2020
h,1.94485,2.25414,w,2020-12-26,Arsenal,2020
a,1.31394,0.799368,w,2020-12-29,Arsenal,2020
a,4.03429,0.869874,w,2021-01-02,Arsenal,2020
h,0.368554,0.709634,d,2021-01-14,Arsenal,2020
h,2.30744,0.168796,w,2021-01-18,Arsenal,2020
a,2.4339,0.99504,w,2021-01-26,Arsenal,2020
h,0.747166,1.51332,d,2021-01-30,Arsenal,2020
a,0.716265,1.56162,l,2021-02-02,Arsenal,2020
a,0.679649,1.19792,l,2021-02-06,Arsenal,2020
h,2.50614,0.77074,w,2021-02-14,Arsenal,2020
h,0.331188,2.08868,l,2021-02-21,Arsenal,2020
a,2.1065,0.533575,w,2021-02-28,Arsenal,2020
a,2.53692,1.10374,d,2021-03-06,Arsenal,2020
h,1.56529,0.705566,w,2021-03-14,Arsenal,2020
a,1.35217,2.50629,d,2021-03-21,Arsenal,2020
h,0.161161,2.43732,l,2021-04-03,Arsenal,2020
a,1.93838,0.315121,w,2021-04-11,Arsenal,2020
h,2.85573,0.839128,d,2021-04-18,Arsenal,2020
h,0.735767,0.529676,l,2021-04-23,Arsenal,2020
a,1.78751,0.172988,w,2021-05-02,Arsenal,2020
h,1.07042,1.83076,w,2021-05-09,Arsenal,2020
a,0.692043,1.56786,w,2021-05-12,Arsenal,2020
a,1.7945,0.998377,w,2021-05-19,Arsenal,2020
h,0.772904,0.193968,w,2021-05-23,Arsenal,2020
a,1.65911,0.861445,w,2020-09-12,Newcastle United,2020
h,0.520678,1.8766,l,2020-09-20,Newcastle United,2020
a,0.942726,3.18765,d,2020-09-27,Newcastle United,2020
h,1.95629,0.438849,w,2020-10-03,Newcastle United,2020
h,0.867496,2.21729,l,2020-10-17,Newcastle United,2020
a,0.253685,0.758626,d,2020-10-25,Newcastle United,2020
h,2.6311,1.21805,w,2020-11-01,Newcastle United,2020
a,0.175633,0.985828,l,2020-11-06,Newcastle United,2020
h,0.368286,1.81923,l,2020-11-21,Newcastle United,2020
a,1.27929,0.534893,w,2020-11-27,Newcastle United,2020
h,0.904163,0.57319,w,2020-12-12,Newcastle United,2020
a,1.44437,2.95137,l,2020-12-16,Newcastle United,2020
h,1.26725,1.10645,d,2020-12-19,Newcastle United,2020
a,0.200953,3.19575,l,2020-12-26,Newcastle United,2020
h,0.817935,1.32047,d,2020-12-30,Newcastle United,2020
h,0.264584,0.702081,l,2021-01-03,Newcastle United,2020
a,1.04745,2.01315,l,2021-01-12,Newcastle United,2020
a,0.168796,2.30744,l,2021-01-18,Newcastle United,2020
a,0.400364,2.6026,l,2021-01-23,Newcastle United,2020
h,1.1364,0.785914,l,2021-01-26,Newcastle United,2020
a,2.08832,0.966012,w,2021-01-30,Newcastle United,2020
h,1.90755,0.809312,l,2021-02-02,Newcastle United,2020
h,0.910553,1.43445,w,2021-02-06,Newcastle United,2020
a,0.432603,2.5428,l,2021-02-15,Newcastle United,2020
a,0.341778,1.7256,l,2021-02-21,Newcastle United,2020
h,1.9519,1.27827,d,2021-02-27,Newcastle United,2020
a,0.454577,1.46503,d,2021-03-07,Newcastle United,2020
h,0.873171,0.748665,d,2021-03-12,Newcastle United,2020
a,0.10094499999999999,0.951921,l,2021-03-20,Newcastle United,2020
h,3.30098,2.43683,d,2021-04-04,Newcastle United,2020
a,1.34279,1.84262,w,2021-04-11,Newcastle United,2020
h,2.4314,2.06741,w,2021-04-17,Newcastle United,2020
a,0.860694,2.84708,d,2021-04-24,Newcastle United,2020
h,0.172988,1.78751,l,2021-05-02,Newcastle United,2020
a,2.87261,2.315,w,2021-05-07,Newcastle United,2020
h,2.18312,1.477,l,2021-05-14,Newcastle United,2020
h,1.82508,0.882242,w,2021-05-19,Newcastle United,2020
a,1.60157,0.98902,w,2021-05-23,Newcastle United,2020
h,3.15412,0.269813,w,2020-09-12,Liverpool,2020
a,2.25211,0.904183,w,2020-09-20,Liverpool,2020
h,2.73834,1.17817,w,2020-09-28,Liverpool,2020
a,1.65705,3.07626,l,2020-10-04,Liverpool,2020
a,2.49492,1.35998,d,2020-10-17,Liverpool,2020
h,2.40286,1.39788,w,2020-10-24,Liverpool,2020
h,1.56302,0.269048,w,2020-10-31,Liverpool,2020
a,1.18789,1.58487,d,2020-11-08,Liverpool,2020
h,3.77245,1.98397,w,2020-11-22,Liverpool,2020
a,0.28109,2.30722,d,2020-11-28,Liverpool,2020
h,1.59454,0.357753,w,2020-12-06,Liverpool,2020
a,1.82445,1.72509,d,2020-12-13,Liverpool,2020
h,1.21783,1.5161,w,2020-12-16,Liverpool,2020
a,2.86902,0.489318,w,2020-12-19,Liverpool,2020
h,1.45485,0.739845,d,2020-12-27,Liverpool,2020
a,1.32047,0.817935,d,2020-12-30,Liverpool,2020
a,1.37204,0.500436,l,2021-01-04,Liverpool,2020
h,1.20205,1.18929,d,2021-01-17,Liverpool,2020
h,1.64907,1.08059,l,2021-01-21,Liverpool,2020
a,2.58798,0.104586,w,2021-01-28,Liverpool,2020
a,2.05809,0.883061,w,2021-01-31,Liverpool,2020
h,1.09518,1.18977,l,2021-02-03,Liverpool,2020
h,1.17728,3.55196,l,2021-02-07,Liverpool,2020
a,1.68325,2.07383,l,2021-02-13,Liverpool,2020
h,1.54046,2.01468,l,2021-02-20,Liverpool,2020
a,2.80551,0.777149,w,2021-02-28,Liverpool,2020
h,0.247034,1.22635,l,2021-03-04,Liverpool,2020
h,0.701764,1.37047,l,2021-03-07,Liverpool,2020
a,1.0552,1.29175,w,2021-03-15,Liverpool,2020
a,2.43732,0.161161,w,2021-04-03,Liverpool,2020
h,2.14592,0.760621,w,2021-04-10,Liverpool,2020
a,1.60043,2.59719,d,2021-04-19,Liverpool,2020
h,2.84708,0.860694,d,2021-04-24,Liverpool,2020
h,2.26367,1.2289,w,2021-05-08,Liverpool,2020
a,2.938,1.71328,w,2021-05-13,Liverpool,2020
a,2.07854,1.14202,w,2021-05-16,Liverpool,2020
a,2.73316,0.837048,w,2021-05-19,Liverpool,2020
h,2.20348,0.772317,w,2021-05-23,Liverpool,2020
a,2.07651,0.727677,w,2020-09-21,Manchester City,2020
h,1.44633,2.86721,l,2020-09-27,Manchester City,2020
a,1.41533,2.56662,d,2020-10-03,Manchester City,2020
h,1.43023,0.838322,w,2020-10-17,Manchester City,2020
a,0.892456,0.263739,d,2020-10-24,Manchester City,2020
a,1.89643,0.687544,w,2020-10-31,Manchester City,2020
h,1.58487,1.18789,d,2020-11-08,Manchester City,2020
a,1.66325,0.761142,l,2020-11-21,Manchester City,2020
h,2.26129,0.419877,w,2020-11-28,Manchester City,2020
h,3.26328,0.287444,w,2020-12-05,Manchester City,2020
a,1.28434,0.591617,d,2020-12-12,Manchester City,2020
h,2.58593,0.210243,d,2020-12-15,Manchester City,2020
a,1.15599,0.586972,w,2020-12-19,Manchester City,2020
h,3.19575,0.200953,w,2020-12-26,Manchester City,2020
a,3.18063,0.691013,w,2021-01-03,Manchester City,2020
h,2.90855,0.177084,w,2021-01-13,Manchester City,2020
h,0.961088,0.0515836,w,2021-01-17,Manchester City,2020
h,3.34385,0.601768,w,2021-01-20,Manchester City,2020
a,2.24838,0.568258,w,2021-01-26,Manchester City,2020
h,1.53116,0.154537,w,2021-01-30,Manchester City,2020
a,2.12153,0.0489155,w,2021-02-03,Manchester City,2020
a,3.55196,1.17728,w,2021-02-07,Manchester City,2020
h,2.46219,0.4235,w,2021-02-13,Manchester City,2020
a,1.23218,1.04664,w,2021-02-17,Manchester City,2020
a,2.08868,0.331188,w,2021-02-21,Manchester City,2020
h,0.760574,1.92892,w,2021-02-27,Manchester City,2020
h,3.26196,0.318824,w,2021-03-02,Manchester City,2020
h,1.27561,2.11411,l,2021-03-07,Manchester City,2020
h,3.10503,1.60561,w,2021-03-10,Manchester City,2020
a,2.72578,0.449499,w,2021-03-13,Manchester City,2020
a,1.98438,0.284781,w,2021-04-03,Manchester City,2020
h,1.98825,0.17525,l,2021-04-10,Manchester City,2020
a,1.5634,0.801733,w,2021-04-21,Manchester City,2020
a,2.04443,0.361866,w,2021-05-01,Manchester City,2020
h,1.79168,0.619724,l,2021-05-08,Manchester City,2020
a,1.477,2.18312,w,2021-05-14,Manchester City,2020
a,1.07139,1.22824,l,2021-05-18,Manchester City,2020
h,2.88355,1.07258,w,2021-05-23,Manchester City,2020
h,1.09737,1.91456,l,2020-09-19,Manchester United,2020
a,1.57583,2.97659,w,2020-09-26,Manchester United,2020
h,0.873435,3.3017,l,2020-10-04,Manchester United,2020
a,2.21729,0.867496,w,2020-10-17,Manchester United,2020
h,0.648427,0.219906,d,2020-10-24,Manchester United,2020
h,0.394113,0.998072,l,2020-11-01,Manchester United,2020
a,1.59642,0.376464,w,2020-11-07,Manchester United,2020
h,2.42994,0.438646,w,2020-11-21,Manchester United,2020
a,2.47547,0.498783,w,2020-11-29,Manchester United,2020
a,1.78708,2.53006,w,2020-12-05,Manchester United,2020
h,0.591617,1.28434,d,2020-12-12,Manchester United,2020
a,1.78667,1.23525,w,2020-12-17,Manchester United,2020
h,4.77743,1.63467,w,2020-12-20,Manchester United,2020
a,2.08423,1.0396,d,2020-12-26,Manchester United,2020
h,1.48207,0.411046,w,2020-12-29,Manchester United,2020
h,2.46473,1.56434,w,2021-01-01,Manchester United,2020
a,1.23996,0.648582,w,2021-01-12,Manchester United,2020
a,1.18929,1.20205,d,2021-01-17,Manchester United,2020
a,1.68401,0.753669,w,2021-01-20,Manchester United,2020
h,0.9931,0.689548,l,2021-01-27,Manchester United,2020
a,1.51332,0.747166,d,2021-01-30,Manchester United,2020
h,5.0325,0.507893,w,2021-02-02,Manchester United,2020
h,1.71769,1.5571,d,2021-02-06,Manchester United,2020
a,0.423885,0.945964,d,2021-02-14,Manchester United,2020
h,1.7256,0.341778,w,2021-02-21,Manchester United,2020
a,0.35954,1.17294,d,2021-02-28,Manchester United,2020
a,0.584016,0.742397,d,2021-03-03,Manchester United,2020
a,2.11411,1.27561,w,2021-03-07,Manchester United,2020
h,1.70128,0.463737,w,2021-03-14,Manchester United,2020
h,1.73474,1.41071,w,2021-04-04,Manchester United,2020
a,2.09737,0.921801,w,2021-04-11,Manchester United,2020
h,2.87455,0.959804,w,2021-04-18,Manchester United,2020
a,1.11635,0.216834,d,2021-04-25,Manchester United,2020
a,1.88793,0.565472,w,2021-05-09,Manchester United,2020
h,0.212874,0.991522,l,2021-05-11,Manchester United,2020
h,1.71328,2.938,l,2021-05-13,Manchester United,2020
h,0.92243,0.872643,d,2021-05-18,Manchester United,2020
a,2.05229,0.701256,w,2021-05-23,Manchester United,2020
a,1.52404,0.987365,l,2020-09-20,Burnley,2020
h,0.347136,0.706632,l,2020-09-26,Burnley,2020
a,0.438849,1.95629,l,2020-10-03,Burnley,2020
a,1.08532,0.731692,d,2020-10-19,Burnley,2020
h,0.95045,0.797344,l,2020-10-26,Burnley,2020
h,0.407341,1.23077,l,2020-10-31,Burnley,2020
a,0.326933,1.59022,d,2020-11-06,Burnley,2020
h,1.75343,1.28331,w,2020-11-23,Burnley,2020
a,0.419877,2.26129,l,2020-11-28,Burnley,2020
h,0.730434,2.28139,d,2020-12-05,Burnley,2020
a,0.815375,1.85362,w,2020-12-13,Burnley,2020
a,0.316737,1.81142,d,2020-12-17,Burnley,2020
h,1.20465,1.45722,w,2020-12-21,Burnley,2020
a,1.54591,2.13271,l,2020-12-27,Burnley,2020
h,0.973831,0.492578,w,2020-12-29,Burnley,2020
h,0.648582,1.23996,l,2021-01-12,Burnley,2020
a,0.395668,1.73397,l,2021-01-16,Burnley,2020
a,1.08059,1.64907,w,2021-01-21,Burnley,2020
h,0.717681,2.70718,w,2021-01-27,Burnley,2020
a,0.390714,1.4405,l,2021-01-31,Burnley,2020
h,0.0489155,2.12153,l,2021-02-03,Burnley,2020
h,1.88934,0.612682,d,2021-02-06,Burnley,2020
a,1.95502,0.645616,w,2021-02-13,Burnley,2020
h,1.20642,0.594471,d,2021-02-17,Burnley,2020
h,0.535153,1.71922,d,2021-02-20,Burnley,2020
a,0.603212,2.35788,l,2021-02-28,Burnley,2020
h,1.26793,1.24109,d,2021-03-03,Burnley,2020
h,1.10374,2.53692,d,2021-03-06,Burnley,2020
a,0.74852,1.69849,w,2021-03-13,Burnley,2020
a,1.50285,2.40272,l,2021-04-04,Burnley,2020
h,1.84262,1.34279,l,2021-04-11,Burnley,2020
a,0.959804,2.87455,l,2021-04-18,Burnley,2020
a,2.24049,0.351673,w,2021-04-25,Burnley,2020
h,1.68312,2.42477,l,2021-05-03,Burnley,2020
a,1.65831,0.778074,w,2021-05-10,Burnley,2020
h,1.41338,1.85654,l,2021-05-15,Burnley,2020
h,0.837048,2.73316,l,2021-05-19,Burnley,2020
a,0.558508,0.420006,l,2021-05-23,Burnley,2020
h,1.44281,1.27062,l,2020-09-14,Brighton,2020
a,1.8766,0.520678,w,2020-09-20,Brighton,2020
h,2.97659,1.57583,l,2020-09-26,Brighton,2020
a,1.16568,2.34034,l,2020-10-03,Brighton,2020
a,1.0935,0.761169,d,2020-10-18,Brighton,2020
h,0.546807,0.295654,d,2020-10-26,Brighton,2020
a,0.324457,1.97236,l,2020-11-01,Brighton,2020
h,1.59022,0.326933,d,2020-11-06,Brighton,2020
a,1.50038,1.76514,w,2020-11-21,Brighton,2020
h,2.30722,0.28109,d,2020-11-28,Brighton,2020
h,2.03376,1.34801,l,2020-12-07,Brighton,2020
a,0.791673,1.64351,l,2020-12-13,Brighton,2020
a,0.462456,1.00448,d,2020-12-16,Brighton,2020
h,2.90097,1.03713,d,2020-12-20,Brighton,2020
a,1.50551,1.38877,d,2020-12-27,Brighton,2020
h,0.799368,1.31394,l,2020-12-29,Brighton,2020
h,2.4228,1.81856,d,2021-01-02,Brighton,2020
a,0.177084,2.90855,l,2021-01-13,Brighton,2020
a,1.14424,0.245193,w,2021-01-16,Brighton,2020
h,2.29129,0.513226,d,2021-01-27,Brighton,2020
h,1.77386,0.372524,w,2021-01-31,Brighton,2020
a,1.18977,1.09518,w,2021-02-03,Brighton,2020
a,0.612682,1.88934,d,2021-02-06,Brighton,2020
h,2.33232,0.144036,d,2021-02-13,Brighton,2020
h,2.59204,0.179886,l,2021-02-22,Brighton,2020
a,3.12111,0.687091,l,2021-02-27,Brighton,2020
h,0.75471,1.03801,l,2021-03-06,Brighton,2020
a,0.895967,1.03495,w,2021-03-14,Brighton,2020
h,0.951921,0.10094499999999999,w,2021-03-20,Brighton,2020
a,1.41071,1.73474,l,2021-04-04,Brighton,2020
h,1.16465,0.306287,d,2021-04-12,Brighton,2020
a,0.459568,0.807348,d,2021-04-20,Brighton,2020
a,2.06038,0.786324,l,2021-04-24,Brighton,2020
h,2.52542,0.510874,w,2021-05-01,Brighton,2020
a,0.27571,1.1199,l,2021-05-09,Brighton,2020
h,0.922587,1.92378,d,2021-05-15,Brighton,2020
h,1.22824,1.07139,w,2021-05-18,Brighton,2020
a,0.193968,0.772904,l,2021-05-23,Brighton,2020
h,0.126327,2.16287,l,2020-09-12,Fulham,2020
a,1.55503,1.45254,l,2020-09-19,Fulham,2020
h,0.534675,2.03222,l,2020-09-28,Fulham,2020
a,0.969393,0.89359,l,2020-10-04,Fulham,2020
a,1.35611,1.66363,d,2020-10-18,Fulham,2020
h,1.05258,2.81049,l,2020-10-24,Fulham,2020
h,1.62247,0.482685,w,2020-11-02,Fulham,2020
a,1.84922,1.42614,l,2020-11-07,Fulham,2020
h,1.87028,2.2508,l,2020-11-22,Fulham,2020
a,2.03719,1.27814,w,2020-11-30,Fulham,2020
a,0.287444,3.26328,l,2020-12-05,Fulham,2020
h,1.72509,1.82445,d,2020-12-13,Fulham,2020
h,1.00448,0.462456,d,2020-12-16,Fulham,2020
a,1.10645,1.26725,d,2020-12-19,Fulham,2020
h,0.781855,0.119709,d,2020-12-26,Fulham,2020
a,1.05329,3.14372,d,2021-01-13,Fulham,2020
h,0.46126,1.37939,l,2021-01-16,Fulham,2020
h,0.753669,1.68401,l,2021-01-20,Fulham,2020
a,0.513226,2.29129,d,2021-01-27,Fulham,2020
a,1.52044,0.994664,d,2021-01-30,Fulham,2020
h,0.731288,1.71299,l,2021-02-03,Fulham,2020
h,1.60884,0.943539,d,2021-02-06,Fulham,2020
a,2.55085,0.314075,w,2021-02-14,Fulham,2020
a,0.594471,1.20642,d,2021-02-17,Fulham,2020
h,1.21006,0.977747,w,2021-02-20,Fulham,2020
a,0.813134,0.0880148,d,2021-02-28,Fulham,2020
h,1.1715,1.5519,l,2021-03-04,Fulham,2020
a,1.37047,0.701764,w,2021-03-07,Fulham,2020
h,0.449499,2.72578,l,2021-03-13,Fulham,2020
h,1.47498,1.40706,l,2021-03-19,Fulham,2020
a,1.52172,1.52229,l,2021-04-04,Fulham,2020
h,0.733154,0.428134,l,2021-04-09,Fulham,2020
a,0.839128,2.85573,d,2021-04-18,Fulham,2020
a,0.290042,1.8433,l,2021-05-01,Fulham,2020
h,0.778074,1.65831,l,2021-05-10,Fulham,2020
a,0.875957,2.29146,l,2021-05-15,Fulham,2020
a,0.872643,0.92243,d,2021-05-18,Fulham,2020
h,0.98902,1.60157,l,2021-05-23,Fulham,2020
a,1.61307,0.949316,w,2020-09-14,Wolverhampton Wanderers,2020
h,0.727677,2.07651,l,2020-09-21,Wolverhampton Wanderers,2020
a,0.385152,3.05703,l,2020-09-27,Wolverhampton Wanderers,2020
h,0.89359,0.969393,w,2020-10-04,Wolverhampton Wanderers,2020
a,0.618191,1.08332,w,2020-10-19,Wolverhampton Wanderers,2020
h,0.758626,0.253685,d,2020-10-25,Wolverhampton Wanderers,2020
h,1.34895,0.802767,w,2020-10-30,Wolverhampton Wanderers,2020
a,0.57936,2.0545,l,2020-11-08,Wolverhampton Wanderers,2020
h,1.57479,1.0785,d,2020-11-23,Wolverhampton Wanderers,2020
a,2.0069,1.1185,w,2020-11-29,Wolverhampton Wanderers,2020
a,0.357753,1.59454,l,2020-12-06,Wolverhampton Wanderers,2020
h,1.1356,1.26872,l,2020-12-12,Wolverhampton Wanderers,2020
h,0.683783,1.56772,w,2020-12-15,Wolverhampton Wanderers,2020
a,1.45722,1.20465,l,2020-12-21,Wolverhampton Wanderers,2020
h,0.742598,0.408109,d,2020-12-27,Wolverhampton Wanderers,2020
a,0.411046,1.48207,l,2020-12-29,Wolverhampton Wanderers,2020
a,1.81856,2.4228,d,2021-01-02,Wolverhampton Wanderers,2020
h,0.852495,0.323445,l,2021-01-12,Wolverhampton Wanderers,2020
h,1.94358,2.46332,l,2021-01-16,Wolverhampton Wanderers,2020
a,0.63192,0.663324,d,2021-01-27,Wolverhampton Wanderers,2020
a,0.450907,1.36877,l,2021-01-30,Wolverhampton Wanderers,2020
h,1.56162,0.716265,w,2021-02-02,Wolverhampton Wanderers,2020
h,1.35506,0.632232,d,2021-02-07,Wolverhampton Wanderers,2020
a,1.09361,0.8536,w,2021-02-14,Wolverhampton Wanderers,2020
h,0.592049,2.4793,w,2021-02-19,Wolverhampton Wanderers,2020
a,1.27827,1.9519,d,2021-02-27,Wolverhampton Wanderers,2020
a,0.318824,3.26196,l,2021-03-02,Wolverhampton Wanderers,2020
a,2.15087,0.956392,d,2021-03-06,Wolverhampton Wanderers,2020
h,1.29175,1.0552,l,2021-03-15,Wolverhampton Wanderers,2020
h,1.95649,1.59694,l,2021-04-05,Wolverhampton Wanderers,2020
a,0.428134,0.733154,w,2021-04-09,Wolverhampton Wanderers,2020
h,1.22604,0.295925,w,2021-04-17,Wolverhampton Wanderers,2020
h,0.351673,2.24049,l,2021-04-25,Wolverhampton Wanderers,2020
a,0.844138,1.07133,d,2021-05-03,Wolverhampton Wanderers,2020
h,1.1199,0.27571,w,2021-05-09,Wolverhampton Wanderers,2020
a,1.09206,3.13947,l,2021-05-16,Wolverhampton Wanderers,2020
a,0.265526,0.670997,l,2021-05-19,Wolverhampton Wanderers,2020
h,0.701256,2.05229,l,2021-05-23,Wolverhampton Wanderers,2020
h,0.949316,1.61307,l,2020-09-14,Sheffield United,2020
a,0.849709,0.80527,l,2020-09-21,Sheffield United,2020
h,1.53278,1.46641,l,2020-09-27,Sheffield United,2020
a,0.144994,0.667131,l,2020-10-04,Sheffield United,2020
h,1.66363,1.35611,d,2020-10-18,Sheffield United,2020
a,1.39788,2.40286,l,2020-10-24,Sheffield United,2020
h,0.687544,1.89643,l,2020-10-31,Sheffield United,2020
a,0.743967,2.87622,l,2020-11-07,Sheffield United,2020
h,0.692374,2.1142,l,2020-11-22,Sheffield United,2020
a,3.36544,1.71644,l,2020-11-28,Sheffield United,2020
h,0.290743,1.3904,l,2020-12-06,Sheffield United,2020
a,0.219115,2.27973,l,2020-12-13,Sheffield United,2020
h,1.23525,1.78667,l,2020-12-17,Sheffield United,2020
a,1.03713,2.90097,d,2020-12-20,Sheffield United,2020
h,1.25106,0.568803,l,2020-12-26,Sheffield United,2020
a,0.492578,0.973831,l,2020-12-29,Sheffield United,2020
a,0.323158,0.598888,l,2021-01-02,Sheffield United,2020
h,2.01315,1.04745,w,2021-01-12,Sheffield United,2020
h,0.978133,1.28385,l,2021-01-17,Sheffield United,2020
a,0.689548,0.9931,w,2021-01-27,Sheffield United,2020
a,0.154537,1.53116,l,2021-01-30,Sheffield United,2020
h,1.35804,1.61871,w,2021-02-02,Sheffield United,2020
h,0.623045,1.64144,l,2021-02-07,Sheffield United,2020
a,0.926652,2.32735,l,2021-02-15,Sheffield United,2020
a,0.977747,1.21006,l,2021-02-20,Sheffield United,2020
h,0.777149,2.80551,l,2021-02-28,Sheffield United,2020
h,0.716254,1.44176,w,2021-03-03,Sheffield United,2020
h,0.908155,2.37386,l,2021-03-06,Sheffield United,2020
a,0.0934777,4.54571,l,2021-03-14,Sheffield United,2020
a,0.867652,2.50597,l,2021-04-03,Sheffield United,2020
h,0.315121,1.93838,l,2021-04-11,Sheffield United,2020
a,0.295925,1.22604,l,2021-04-17,Sheffield United,2020
h,0.786324,2.06038,w,2021-04-24,Sheffield United,2020
a,0.469026,2.26016,l,2021-05-02,Sheffield United,2020
h,0.639325,2.25382,l,2021-05-08,Sheffield United,2020
a,1.391,1.24609,w,2021-05-16,Sheffield United,2020
a,0.882242,1.82508,l,2021-05-19,Sheffield United,2020
h,0.420006,0.558508,w,2021-05-23,Sheffield United,2020
a,0.269813,3.15412,l,2020-09-12,Leeds,2020
h,1.45254,1.55503,w,2020-09-19,Leeds,2020
a,1.46641,1.53278,w,2020-09-27,Leeds,2020
h,2.56662,1.41533,d,2020-10-03,Leeds,2020
h,1.08332,0.618191,l,2020-10-19,Leeds,2020
a,2.37695,1.50125,w,2020-10-23,Leeds,2020
h,1.74822,3.07657,l,2020-11-02,Leeds,2020
a,0.847913,1.30169,l,2020-11-07,Leeds,2020
h,1.9617,0.710778,d,2020-11-22,Leeds,2020
a,3.11324,1.29229,w,2020-11-28,Leeds,2020
a,1.0277,4.89472,l,2020-12-05,Leeds,2020
h,1.56644,1.7851,l,2020-12-11,Leeds,2020
h,2.95137,1.44437,w,2020-12-16,Leeds,2020
a,1.63467,4.77743,l,2020-12-20,Leeds,2020
h,2.13271,1.54591,w,2020-12-27,Leeds,2020
a,1.54225,0.43551,w,2020-12-29,Leeds,2020
a,1.15626,2.5286,l,2021-01-02,Leeds,2020
h,0.245193,1.14424,l,2021-01-16,Leeds,2020
a,0.785914,1.1364,w,2021-01-26,Leeds,2020
a,1.8141,1.73432,w,2021-01-31,Leeds,2020
h,1.14303,1.91539,l,2021-02-03,Leeds,2020
h,2.64769,0.370278,w,2021-02-08,Leeds,2020
a,0.77074,2.50614,l,2021-02-14,Leeds,2020
a,2.4793,0.592049,l,2021-02-19,Leeds,2020
h,1.84753,1.47981,w,2021-02-23,Leeds,2020
h,1.00106,0.876255,l,2021-02-27,Leeds,2020
a,1.34971,2.37556,l,2021-03-08,Leeds,2020
h,0.382957,0.971054,d,2021-03-13,Leeds,2020
a,1.40706,1.47498,w,2021-03-19,Leeds,2020
h,2.50597,0.867652,w,2021-04-03,Leeds,2020
a,0.17525,1.98825,w,2021-04-10,Leeds,2020
h,2.59719,1.60043,d,2021-04-19,Leeds,2020
h,0.216834,1.11635,d,2021-04-25,Leeds,2020
a,0.510874,2.52542,l,2021-05-01,Leeds,2020
h,2.55216,1.03384,w,2021-05-08,Leeds,2020
a,1.85654,1.41338,w,2021-05-15,Leeds,2020
a,1.58132,1.3084,w,2021-05-18,Leeds,2020
h,2.49009,1.02209,w,2021-05-23,Leeds,2020
a,0.639599,2.57262,l,2019-08-10,Aston Villa,2019
h,1.65069,1.62777,l,2019-08-17,Aston Villa,2019
h,0.855926,1.25668,w,2019-08-23,Aston Villa,2019
a,0.30354,1.41394,l,2019-08-31,Aston Villa,2019
h,1.40502,0.535279,d,2019-09-16,Aston Villa,2019
a,1.71546,2.53209,l,2019-09-22,Aston Villa,2019
h,0.914266,1.66919,d,2019-09-28,Aston Villa,2019
a,3.67827,1.84838,w,2019-10-05,Aston Villa,2019
h,2.96692,1.32184,w,2019-10-19,Aston Villa,2019
a,0.980145,3.19004,l,2019-10-26,Aston Villa,2019
h,0.741615,2.38824,l,2019-11-02,Aston Villa,2019
a,0.473225,2.09891,l,2019-11-10,Aston Villa,2019
h,2.6985,0.69784,w,2019-11-25,Aston Villa,2019
a,1.29701,1.84804,d,2019-12-01,Aston Villa,2019
a,0.86086,1.9774,l,2019-12-04,Aston Villa,2019
h,1.24141,4.03286,l,2019-12-08,Aston Villa,2019
a,0.97258,1.888,l,2019-12-14,Aston Villa,2019
h,0.921054,2.63444,l,2019-12-21,Aston Villa,2019
h,0.654194,1.45005,w,2019-12-26,Aston Villa,2019
a,0.610997,3.25314,l,2019-12-28,Aston Villa,2019
a,1.74824,2.34418,w,2020-01-01,Aston Villa,2019
h,1.12565,3.75131,l,2020-01-12,Aston Villa,2019
a,1.02045,1.30028,d,2020-01-18,Aston Villa,2019
h,1.06739,1.81101,w,2020-01-21,Aston Villa,2019
a,1.40955,2.72236,l,2020-02-01,Aston Villa,2019
h,1.71313,3.86024,l,2020-02-16,Aston Villa,2019
a,0.47235,3.02926,l,2020-02-22,Aston Villa,2019
a,0.672448,2.41239,l,2020-03-09,Aston Villa,2019
h,1.00877,0.235909,d,2020-06-17,Aston Villa,2019
h,1.57223,1.14011,l,2020-06-21,Aston Villa,2019
a,1.22985,0.661808,d,2020-06-24,Aston Villa,2019
h,0.403418,0.703549,l,2020-06-27,Aston Villa,2019
a,0.689775,1.0837,l,2020-07-05,Aston Villa,2019
h,0.598873,2.86531,l,2020-07-09,Aston Villa,2019
h,1.6977,0.974181,w,2020-07-12,Aston Villa,2019
a,1.52021,0.944434,d,2020-07-16,Aston Villa,2019
h,0.57408,0.737137,w,2020-07-21,Aston Villa,2019
a,0.983594,0.781465,d,2020-07-26,Aston Villa,2019
a,1.2246,0.87159,d,2019-08-10,Everton,2019
h,0.832913,1.17279,w,2019-08-17,Everton,2019
a,1.25668,0.855926,l,2019-08-23,Everton,2019
h,1.48842,2.00172,w,2019-09-01,Everton,2019
a,1.50641,1.41542,l,2019-09-15,Everton,2019
h,1.26041,0.508011,l,2019-09-21,Everton,2019
h,2.35854,3.1082,l,2019-09-28,Everton,2019
a,1.30723,0.558912,l,2019-10-05,Everton,2019
h,2.23324,0.459112,w,2019-10-19,Everton,2019
a,1.04723,1.15279,l,2019-10-26,Everton,2019
h,1.15532,0.243393,d,2019-11-03,Everton,2019
a,2.08883,0.742281,w,2019-11-09,Everton,2019
h,0.812693,1.80849,l,2019-11-23,Everton,2019
a,1.24986,2.24348,l,2019-12-01,Everton,2019
a,1.76453,2.41397,l,2019-12-04,Everton,2019
h,2.03892,1.25734,w,2019-12-07,Everton,2019
a,0.276759,1.48327,d,2019-12-15,Everton,2019
h,0.486523,0.881818,d,2019-12-21,Everton,2019
h,1.47521,0.565252,w,2019-12-26,Everton,2019
a,2.82576,1.63211,w,2019-12-28,Everton,2019
a,0.848942,1.79757,l,2020-01-01,Everton,2019
h,2.02533,1.53324,w,2020-01-11,Everton,2019
a,1.95473,1.68436,d,2020-01-18,Everton,2019
h,2.05254,0.570931,d,2020-01-21,Everton,2019
a,2.70178,0.919248,w,2020-02-01,Everton,2019
h,2.79103,0.865323,w,2020-02-08,Everton,2019
a,2.65691,1.33567,l,2020-02-23,Everton,2019
h,2.41259,1.12561,d,2020-03-01,Everton,2019
a,0.445922,2.02883,l,2020-03-08,Everton,2019
h,0.621456,0.659123,d,2020-06-21,Everton,2019
a,0.654912,0.382813,w,2020-06-24,Everton,2019
h,1.17592,1.80384,w,2020-07-01,Everton,2019
a,0.403762,0.511828,l,2020-07-06,Everton,2019
h,0.671442,2.29684,d,2020-07-09,Everton,2019
a,0.286561,2.86724,l,2020-07-12,Everton,2019
h,0.944434,1.52021,d,2020-07-16,Everton,2019
a,0.624814,0.468461,w,2020-07-20,Everton,2019
h,1.74699,1.46461,l,2020-07-26,Everton,2019
h,1.34099,1.59864,d,2019-08-10,Bournemouth,2019
a,1.62777,1.65069,w,2019-08-17,Bournemouth,2019
h,1.89345,3.12856,l,2019-08-25,Bournemouth,2019
a,0.554726,2.23766,l,2019-08-31,Bournemouth,2019
h,1.41542,1.50641,w,2019-09-15,Bournemouth,2019
a,1.29773,2.18021,w,2019-09-20,Bournemouth,2019
h,2.31957,1.29546,d,2019-09-28,Bournemouth,2019
a,0.683967,1.24109,l,2019-10-06,Bournemouth,2019
h,0.675554,0.402873,d,2019-10-19,Bournemouth,2019
a,0.899526,0.674903,d,2019-10-26,Bournemouth,2019
h,1.86862,0.641129,w,2019-11-02,Bournemouth,2019
a,1.9213,2.3306,l,2019-11-09,Bournemouth,2019
h,0.849789,1.2765,l,2019-11-23,Bournemouth,2019
a,1.02949,2.93189,l,2019-11-30,Bournemouth,2019
a,0.342799,0.383763,l,2019-12-03,Bournemouth,2019
h,0.154608,3.04446,l,2019-12-07,Bournemouth,2019
a,1.20777,2.02119,w,2019-12-14,Bournemouth,2019
h,0.138532,0.144318,l,2019-12-21,Bournemouth,2019
h,1.55463,1.42464,d,2019-12-26,Bournemouth,2019
a,0.500726,1.05876,l,2019-12-28,Bournemouth,2019
a,0.720709,2.32825,l,2020-01-01,Bournemouth,2019
h,0.320447,2.29827,l,2020-01-12,Bournemouth,2019
a,0.558298,1.76046,l,2020-01-18,Bournemouth,2019
h,1.92315,1.97227,w,2020-01-21,Bournemouth,2019
h,2.72236,1.40955,w,2020-02-01,Bournemouth,2019
a,1.07183,2.04467,l,2020-02-09,Bournemouth,2019
a,1.75718,3.09935,l,2020-02-22,Bournemouth,2019
h,1.58495,1.98271,d,2020-02-29,Bournemouth,2019
a,1.29544,1.89453,l,2020-03-07,Bournemouth,2019
h,0.363637,0.788453,l,2020-06-20,Bournemouth,2019
a,0.0619009,0.715002,l,2020-06-24,Bournemouth,2019
h,1.27503,2.23457,l,2020-07-01,Bournemouth,2019
a,1.52161,2.63259,l,2020-07-04,Bournemouth,2019
h,0.960349,0.479274,d,2020-07-09,Bournemouth,2019
h,2.54311,1.66084,w,2020-07-12,Bournemouth,2019
a,1.66635,0.82755,l,2020-07-15,Bournemouth,2019
h,0.583117,2.24527,l,2020-07-19,Bournemouth,2019
a,1.46461,1.74699,w,2020-07-26,Bournemouth,2019
a,1.08752,0.909241,l,2019-08-10,Southampton,2019
h,2.14047,1.52022,l,2019-08-17,Southampton,2019
a,2.07795,0.997711,w,2019-08-24,Southampton,2019
h,0.769616,1.90356,d,2019-08-31,Southampton,2019
a,1.57659,1.88034,w,2019-09-14,Southampton,2019
h,2.18021,1.29773,l,2019-09-20,Southampton,2019
a,1.16256,1.19008,l,2019-09-28,Southampton,2019
h,1.27044,2.15201,l,2019-10-06,Southampton,2019
a,1.37695,0.887495,d,2019-10-19,Southampton,2019
h,0.457334,4.38046,l,2019-10-25,Southampton,2019
a,0.893889,3.36132,l,2019-11-02,Southampton,2019
h,0.742281,2.08883,l,2019-11-09,Southampton,2019
a,2.60312,1.60823,d,2019-11-23,Southampton,2019
h,1.9671,0.504005,w,2019-11-30,Southampton,2019
h,2.00232,0.896647,w,2019-12-04,Southampton,2019
a,1.89255,1.10449,l,2019-12-08,Southampton,2019
h,0.805884,0.90324,l,2019-12-14,Southampton,2019
a,2.63444,0.921054,w,2019-12-21,Southampton,2019
a,0.981321,0.859973,w,2019-12-26,Southampton,2019
h,1.47937,0.137837,d,2019-12-28,Southampton,2019
h,1.51192,1.078,w,2020-01-01,Southampton,2019
a,2.40601,0.780114,w,2020-01-11,Southampton,2019
h,0.786974,2.1772,l,2020-01-18,Southampton,2019
a,1.1306,0.674589,w,2020-01-21,Southampton,2019
a,0.716298,3.7195,l,2020-02-01,Southampton,2019
h,0.694025,0.892699,l,2020-02-15,Southampton,2019
h,3.02926,0.47235,w,2020-02-22,Southampton,2019
a,0.868573,2.78682,l,2020-02-29,Southampton,2019
h,0.348871,3.06384,l,2020-03-07,Southampton,2019
a,1.87099,0.654932,w,2020-06-19,Southampton,2019
h,0.738305,2.18595,l,2020-06-25,Southampton,2019
a,1.3364,0.365347,w,2020-06-28,Southampton,2019
h,0.628765,3.39575,w,2020-07-05,Southampton,2019
a,2.29684,0.671442,d,2020-07-09,Southampton,2019
a,1.8051,1.5033,d,2020-07-13,Southampton,2019
h,2.33745,0.67264,d,2020-07-16,Southampton,2019
a,2.24527,0.583117,w,2020-07-19,Southampton,2019
h,1.64306,1.41051,w,2020-07-26,Southampton,2019
h,0.543759,0.812949,d,2019-08-11,Leicester,2019
a,0.947941,1.22629,d,2019-08-18,Leicester,2019
a,0.704879,0.654318,w,2019-08-24,Leicester,2019
h,2.23766,0.554726,w,2019-08-31,Leicester,2019
a,0.459141,1.10019,l,2019-09-14,Leicester,2019
h,1.28752,1.33735,w,2019-09-21,Leicester,2019
h,1.82438,0.054134,w,2019-09-29,Leicester,2019
a,0.0982107,3.74867,l,2019-10-05,Leicester,2019
h,0.8291,1.79569,w,2019-10-19,Leicester,2019
a,4.38046,0.457334,w,2019-10-25,Leicester,2019
a,0.981167,0.44291,w,2019-11-03,Leicester,2019
h,1.37055,0.961339,w,2019-11-09,Leicester,2019
a,3.50917,0.784706,w,2019-11-23,Leicester,2019
h,2.24348,1.24986,w,2019-12-01,Leicester,2019
h,2.28735,0.199733,w,2019-12-04,Leicester,2019
a,4.03286,1.24141,w,2019-12-08,Leicester,2019
h,1.06421,1.16408,d,2019-12-14,Leicester,2019
a,1.01388,3.59139,l,2019-12-21,Leicester,2019
h,0.120994,3.76973,l,2019-12-26,Leicester,2019
a,2.62349,0.782104,w,2019-12-28,Leicester,2019
a,2.43642,0.780118,w,2020-01-01,Leicester,2019
h,0.780114,2.40601,l,2020-01-11,Leicester,2019
a,2.33415,1.50886,l,2020-01-19,Leicester,2019
h,2.91302,1.16254,w,2020-01-22,Leicester,2019
h,1.65956,0.806995,d,2020-02-01,Leicester,2019
a,0.527366,1.14491,d,2020-02-14,Leicester,2019
h,0.723269,2.42749,l,2020-02-22,Leicester,2019
a,1.42581,0.591716,l,2020-02-28,Leicester,2019
h,2.41239,0.672448,w,2020-03-09,Leicester,2019
a,1.05245,1.00765,d,2020-06-20,Leicester,2019
h,0.505486,1.10227,d,2020-06-23,Leicester,2019
a,1.80384,1.17592,l,2020-07-01,Leicester,2019
h,2.20683,0.507537,w,2020-07-04,Leicester,2019
a,1.00238,1.29023,d,2020-07-07,Leicester,2019
a,1.66084,2.54311,l,2020-07-12,Leicester,2019
h,3.05752,0.660214,w,2020-07-16,Leicester,2019
a,1.20085,0.766922,l,2020-07-19,Leicester,2019
h,0.754668,1.41019,l,2020-07-26,Leicester,2019
h,0.87159,1.2246,d,2019-08-10,Crystal Palace,2019
a,0.241912,1.84778,l,2019-08-18,Crystal Palace,2019
a,0.676993,2.23561,w,2019-08-24,Crystal Palace,2019
h,1.41394,0.30354,w,2019-08-31,Crystal Palace,2019
a,0.577323,1.04944,l,2019-09-14,Crystal Palace,2019
h,0.984777,1.75572,d,2019-09-22,Crystal Palace,2019
h,1.80497,0.712129,w,2019-09-28,Crystal Palace,2019
a,2.0682,1.23577,w,2019-10-05,Crystal Palace,2019
h,0.616864,4.02104,l,2019-10-19,Crystal Palace,2019
a,1.77892,1.54014,d,2019-10-27,Crystal Palace,2019
h,0.44291,0.981167,l,2019-11-03,Crystal Palace,2019
a,0.479488,3.28903,l,2019-11-09,Crystal Palace,2019
h,1.02306,1.64291,l,2019-11-23,Crystal Palace,2019
a,0.936732,1.8509,w,2019-11-30,Crystal Palace,2019
h,0.383763,0.342799,w,2019-12-03,Crystal Palace,2019
a,0.210746,1.57132,d,2019-12-07,Crystal Palace,2019
h,0.484859,2.48355,d,2019-12-16,Crystal Palace,2019
a,0.985368,0.714368,l,2019-12-21,Crystal Palace,2019
h,2.14195,0.796338,w,2019-12-26,Crystal Palace,2019
a,0.137837,1.47937,d,2019-12-28,Crystal Palace,2019
a,1.29896,1.66454,d,2020-01-01,Crystal Palace,2019
h,0.317862,1.43924,d,2020-01-11,Crystal Palace,2019
a,0.586716,2.47314,d,2020-01-18,Crystal Palace,2019
h,0.674589,1.1306,l,2020-01-21,Crystal Palace,2019
h,0.970063,0.860755,l,2020-02-01,Crystal Palace,2019
a,0.865323,2.79103,l,2020-02-08,Crystal Palace,2019
h,1.75552,0.164495,w,2020-02-22,Crystal Palace,2019
a,2.17159,1.78712,w,2020-02-29,Crystal Palace,2019
h,0.856107,0.449161,w,2020-03-07,Crystal Palace,2019
a,0.788453,0.363637,w,2020-06-20,Crystal Palace,2019
a,0.0645285,2.56729,l,2020-06-24,Crystal Palace,2019
h,1.06533,0.359906,l,2020-06-29,Crystal Palace,2019
a,0.507537,2.20683,l,2020-07-04,Crystal Palace,2019
h,1.2882,2.65753,l,2020-07-07,Crystal Palace,2019
a,0.974181,1.6977,l,2020-07-12,Crystal Palace,2019
h,0.572141,1.90448,l,2020-07-16,Crystal Palace,2019
a,0.440119,1.48696,l,2020-07-20,Crystal Palace,2019
h,0.988534,0.310302,d,2020-07-26,Crystal Palace,2019
a,0.842407,2.23456,l,2019-08-09,Norwich,2019
h,2.09572,0.920429,w,2019-08-17,Norwich,2019
h,1.07904,1.89428,l,2019-08-24,Norwich,2019
a,1.1674,2.20657,l,2019-08-31,Norwich,2019
h,1.7413,2.34436,w,2019-09-14,Norwich,2019
a,0.801428,2.39312,l,2019-09-21,Norwich,2019
a,0.712129,1.80497,l,2019-09-28,Norwich,2019
h,1.84838,3.67827,l,2019-10-05,Norwich,2019
a,0.402873,0.675554,d,2019-10-19,Norwich,2019
h,0.8924,4.51232,l,2019-10-27,Norwich,2019
a,0.455082,2.65496,l,2019-11-02,Norwich,2019
h,0.62104,1.36017,l,2019-11-08,Norwich,2019
a,1.80849,0.812693,w,2019-11-23,Norwich,2019
h,0.810596,1.96157,d,2019-12-01,Norwich,2019
a,0.896647,2.00232,l,2019-12-04,Norwich,2019
h,0.585805,0.712899,l,2019-12-08,Norwich,2019
a,1.16408,1.06421,d,2019-12-14,Norwich,2019
h,1.26536,1.65224,l,2019-12-21,Norwich,2019
a,1.45005,0.654194,l,2019-12-26,Norwich,2019
h,0.268052,1.82189,d,2019-12-28,Norwich,2019
h,1.66454,1.29896,d,2020-01-01,Norwich,2019
a,0.275987,3.13456,l,2020-01-11,Norwich,2019
h,1.76046,0.558298,w,2020-01-18,Norwich,2019
a,1.42472,2.22282,l,2020-01-22,Norwich,2019
a,2.39985,0.937293,d,2020-02-01,Norwich,2019
h,0.383495,2.07331,l,2020-02-15,Norwich,2019
a,0.360646,3.25033,l,2020-02-23,Norwich,2019
h,0.591716,1.42581,w,2020-02-28,Norwich,2019
a,2.55449,1.17263,l,2020-03-07,Norwich,2019
h,0.654932,1.87099,l,2020-06-19,Norwich,2019
h,0.382813,0.654912,l,2020-06-24,Norwich,2019
a,0.153871,1.76496,l,2020-07-01,Norwich,2019
h,0.545069,0.903046,l,2020-07-04,Norwich,2019
a,1.13378,0.725199,l,2020-07-07,Norwich,2019
h,0.613251,3.81088,l,2020-07-11,Norwich,2019
a,0.0631109,3.05119,l,2020-07-14,Norwich,2019
h,0.576602,1.8233,l,2020-07-18,Norwich,2019
a,0.786563,3.56749,l,2020-07-26,Norwich,2019
a,1.09534,2.37442,l,2019-08-11,Chelsea,2019
h,1.22629,0.947941,d,2019-08-18,Chelsea,2019
a,1.89428,1.07904,w,2019-08-24,Chelsea,2019
h,2.30579,1.04649,d,2019-08-31,Chelsea,2019
a,3.06799,1.49359,w,2019-09-14,Chelsea,2019
h,1.23321,1.03003,l,2019-09-22,Chelsea,2019
h,4.26443,0.616263,w,2019-09-28,Chelsea,2019
a,2.15201,1.27044,w,2019-10-06,Chelsea,2019
h,2.30068,0.197082,w,2019-10-19,Chelsea,2019
a,0.988321,2.23494,w,2019-10-26,Chelsea,2019
a,2.18313,1.4744,w,2019-11-02,Chelsea,2019
h,3.28903,0.479488,w,2019-11-09,Chelsea,2019
a,0.820474,1.23596,l,2019-11-23,Chelsea,2019
h,2.73185,1.12034,l,2019-11-30,Chelsea,2019
h,1.9774,0.86086,w,2019-12-04,Chelsea,2019
a,1.25734,2.03892,l,2019-12-07,Chelsea,2019
h,2.02119,1.20777,l,2019-12-14,Chelsea,2019
a,1.49374,0.276667,w,2019-12-22,Chelsea,2019
h,0.859973,0.981321,l,2019-12-26,Chelsea,2019
a,1.49666,0.785214,w,2019-12-29,Chelsea,2019
a,1.57497,1.56978,d,2020-01-01,Chelsea,2019
h,2.87633,0.717407,w,2020-01-11,Chelsea,2019
a,2.05436,0.892988,l,2020-01-18,Chelsea,2019
h,3.38612,0.568077,d,2020-01-21,Chelsea,2019
a,0.806995,1.65956,d,2020-02-01,Chelsea,2019
h,0.940204,0.681814,l,2020-02-17,Chelsea,2019
h,1.78193,0.265879,w,2020-02-22,Chelsea,2019
a,1.98271,1.58495,d,2020-02-29,Chelsea,2019
h,2.02883,0.445922,w,2020-03-08,Chelsea,2019
a,1.14011,1.57223,w,2020-06-21,Chelsea,2019
h,4.206,0.690594,w,2020-06-25,Chelsea,2019
a,1.57609,2.10497,l,2020-07-01,Chelsea,2019
h,2.78877,0.608971,w,2020-07-04,Chelsea,2019
a,2.65753,1.2882,w,2020-07-07,Chelsea,2019
a,1.17509,2.00632,l,2020-07-11,Chelsea,2019
h,3.05119,0.0631109,w,2020-07-14,Chelsea,2019
a,2.38205,1.45179,l,2020-07-22,Chelsea,2019
h,1.15938,0.164561,w,2020-07-26,Chelsea,2019
h,1.2003,3.18377,l,2019-08-10,West Ham,2019
a,1.00856,2.40461,d,2019-08-17,West Ham,2019
a,3.45768,2.29348,w,2019-08-24,West Ham,2019
h,2.20657,1.1674,w,2019-08-31,West Ham,2019
a,0.535279,1.40502,d,2019-09-16,West Ham,2019
h,0.51376,1.27826,w,2019-09-22,West Ham,2019
a,1.29546,2.31957,d,2019-09-28,West Ham,2019
h,1.23577,2.0682,l,2019-10-05,West Ham,2019
a,0.459112,2.23324,l,2019-10-19,West Ham,2019
h,2.33891,1.16171,d,2019-10-26,West Ham,2019
h,1.53597,1.93192,l,2019-11-02,West Ham,2019
a,0.474281,2.4158,l,2019-11-09,West Ham,2019
h,0.661449,2.20681,l,2019-11-23,West Ham,2019
a,1.12034,2.73185,w,2019-11-30,West Ham,2019
a,0.501977,1.82237,l,2019-12-04,West Ham,2019
h,0.521847,1.79181,l,2019-12-09,West Ham,2019
a,0.90324,0.805884,w,2019-12-14,West Ham,2019
a,0.796338,2.14195,l,2019-12-26,West Ham,2019
h,0.782104,2.62349,l,2019-12-28,West Ham,2019
h,2.32825,0.720709,w,2020-01-01,West Ham,2019
a,0.90477,2.02768,l,2020-01-10,West Ham,2019
h,1.68436,1.95473,d,2020-01-18,West Ham,2019
a,1.16254,2.91302,l,2020-01-22,West Ham,2019
h,0.878341,2.59926,l,2020-01-29,West Ham,2019
h,1.30774,2.03179,d,2020-02-01,West Ham,2019
a,0.0895892,2.13777,l,2020-02-19,West Ham,2019
a,0.638236,2.48209,l,2020-02-24,West Ham,2019
h,2.78682,0.868573,w,2020-02-29,West Ham,2019
a,1.61615,1.55974,l,2020-03-07,West Ham,2019
h,0.44207,1.06433,l,2020-06-20,West Ham,2019
a,0.83104,2.24125,l,2020-06-23,West Ham,2019
h,2.10497,1.57609,w,2020-07-01,West Ham,2019
a,2.03065,1.49121,d,2020-07-05,West Ham,2019
h,1.99821,1.05291,l,2020-07-08,West Ham,2019
a,3.81088,0.613251,w,2020-07-11,West Ham,2019
h,0.833995,1.03402,w,2020-07-17,West Ham,2019
a,1.29009,0.984161,d,2020-07-22,West Ham,2019
h,0.781465,0.983594,d,2020-07-26,West Ham,2019
h,2.57262,0.639599,w,2019-08-10,Tottenham,2019
a,0.074542,3.20076,d,2019-08-17,Tottenham,2019
h,1.25927,0.51428,l,2019-08-25,Tottenham,2019
a,1.95514,1.92509,d,2019-09-01,Tottenham,2019
h,1.04944,0.577323,w,2019-09-14,Tottenham,2019
a,1.33735,1.28752,l,2019-09-21,Tottenham,2019
h,1.19008,1.16256,w,2019-09-28,Tottenham,2019
a,0.478504,2.60017,l,2019-10-05,Tottenham,2019
h,0.891617,0.846851,d,2019-10-19,Tottenham,2019
a,1.35143,2.18851,l,2019-10-27,Tottenham,2019
a,0.243393,1.15532,d,2019-11-03,Tottenham,2019
h,1.5104,0.923443,d,2019-11-09,Tottenham,2019
a,2.20681,0.661449,w,2019-11-23,Tottenham,2019
h,2.93189,1.02949,w,2019-11-30,Tottenham,2019
a,0.542315,1.47683,l,2019-12-04,Tottenham,2019
h,2.39684,1.08645,w,2019-12-07,Tottenham,2019
a,0.989205,0.718669,w,2019-12-15,Tottenham,2019
h,0.276667,1.49374,l,2019-12-22,Tottenham,2019
h,1.02645,1.09007,w,2019-12-26,Tottenham,2019
a,1.82189,0.268052,d,2019-12-28,Tottenham,2019
a,1.078,1.51192,l,2020-01-01,Tottenham,2019
h,1.10584,1.74564,l,2020-01-11,Tottenham,2019
a,1.76697,2.39174,d,2020-01-18,Tottenham,2019
h,2.22282,1.42472,w,2020-01-22,Tottenham,2019
h,0.42029300000000003,3.25139,w,2020-02-02,Tottenham,2019
a,3.86024,1.71313,w,2020-02-16,Tottenham,2019
a,0.265879,1.78193,l,2020-02-22,Tottenham,2019
h,1.63079,2.62251,l,2020-03-01,Tottenham,2019
a,1.13669,3.33302,d,2020-03-07,Tottenham,2019
h,0.534852,1.77307,d,2020-06-19,Tottenham,2019
h,2.24125,0.83104,w,2020-06-23,Tottenham,2019
a,1.01524,1.59994,l,2020-07-02,Tottenham,2019
h,0.511828,0.403762,w,2020-07-06,Tottenham,2019
a,0.479274,0.960349,d,2020-07-09,Tottenham,2019
h,1.81846,0.68991,w,2020-07-12,Tottenham,2019
a,1.7498,1.05748,w,2020-07-15,Tottenham,2019
h,0.766922,1.20085,w,2020-07-19,Tottenham,2019
a,0.310302,0.988534,d,2020-07-26,Tottenham,2019
a,1.13309,0.380551,w,2019-08-11,Arsenal,2019
h,1.1644,1.39172,w,2019-08-17,Arsenal,2019
a,0.985542,2.78821,l,2019-08-24,Arsenal,2019
h,1.92509,1.95514,d,2019-09-01,Arsenal,2019
a,1.00616,2.83209,d,2019-09-15,Arsenal,2019
h,2.53209,1.71546,w,2019-09-22,Arsenal,2019
a,1.70399,1.1335,d,2019-09-30,Arsenal,2019
h,1.24109,0.683967,w,2019-10-06,Arsenal,2019
a,0.949735,0.895722,l,2019-10-21,Arsenal,2019
h,1.54014,1.77892,d,2019-10-27,Arsenal,2019
h,1.02552,1.5103,d,2019-11-02,Arsenal,2019
a,0.961339,1.37055,l,2019-11-09,Arsenal,2019
h,1.60823,2.60312,d,2019-11-23,Arsenal,2019
a,1.96157,0.810596,d,2019-12-01,Arsenal,2019
h,0.965377,1.53446,l,2019-12-05,Arsenal,2019
a,1.79181,0.521847,w,2019-12-09,Arsenal,2019
h,0.28161,1.69553,l,2019-12-15,Arsenal,2019
a,0.881818,0.486523,d,2019-12-21,Arsenal,2019
a,1.42464,1.55463,d,2019-12-26,Arsenal,2019
h,0.785214,1.49666,l,2019-12-29,Arsenal,2019
h,1.90747,0.715563,w,2020-01-01,Arsenal,2019
a,1.43924,0.317862,d,2020-01-11,Arsenal,2019
h,1.22882,1.18444,d,2020-01-18,Arsenal,2019
a,0.568077,3.38612,d,2020-01-21,Arsenal,2019
a,1.48025,2.24562,d,2020-02-02,Arsenal,2019
h,3.02257,1.16662,w,2020-02-16,Arsenal,2019
h,1.33567,2.65691,w,2020-02-23,Arsenal,2019
h,1.55974,1.61615,w,2020-03-07,Arsenal,2019
a,0.496759,2.73725,l,2020-06-17,Arsenal,2019
a,0.69626999999999994,0.670973,l,2020-06-20,Arsenal,2019
a,2.18595,0.738305,w,2020-06-25,Arsenal,2019
h,1.76496,0.153871,w,2020-07-01,Arsenal,2019
a,1.28273,0.985166,w,2020-07-04,Arsenal,2019
h,1.29023,1.00238,d,2020-07-07,Arsenal,2019
a,0.68991,1.81846,l,2020-07-12,Arsenal,2019
h,1.31516,2.2233,w,2020-07-15,Arsenal,2019
a,0.737137,0.57408,l,2020-07-21,Arsenal,2019
h,1.95282,3.9197,w,2020-07-26,Arsenal,2019
h,0.380551,1.13309,l,2019-08-11,Newcastle United,2019
a,0.920429,2.09572,l,2019-08-17,Newcastle United,2019
a,0.51428,1.25927,w,2019-08-25,Newcastle United,2019
h,1.04131,1.1068,d,2019-08-31,Newcastle United,2019
a,0.291073,2.93281,l,2019-09-14,Newcastle United,2019
h,1.09807,1.21592,d,2019-09-21,Newcastle United,2019
a,0.054134,1.82438,l,2019-09-29,Newcastle United,2019
h,0.650296,0.969204,w,2019-10-06,Newcastle United,2019
a,0.197082,2.30068,l,2019-10-19,Newcastle United,2019
h,0.603104,1.93255,d,2019-10-27,Newcastle United,2019
a,1.93192,1.53597,w,2019-11-02,Newcastle United,2019
h,2.3306,1.9213,w,2019-11-09,Newcastle United,2019
a,0.69784,2.6985,l,2019-11-25,Newcastle United,2019
h,0.208252,2.44389,d,2019-11-30,Newcastle United,2019
a,0.533775,1.09175,w,2019-12-05,Newcastle United,2019
h,1.10449,1.89255,w,2019-12-08,Newcastle United,2019
a,1.08726,1.43602,l,2019-12-14,Newcastle United,2019
h,0.714368,0.985368,w,2019-12-21,Newcastle United,2019
a,1.05018,1.99638,l,2019-12-26,Newcastle United,2019
h,1.63211,2.82576,l,2019-12-28,Newcastle United,2019
h,0.780118,2.43642,l,2020-01-01,Newcastle United,2019
a,0.184495,2.04805,d,2020-01-11,Newcastle United,2019
h,0.892988,2.05436,w,2020-01-18,Newcastle United,2019
a,0.570931,2.05254,d,2020-01-21,Newcastle United,2019
h,0.937293,2.39985,d,2020-02-01,Newcastle United,2019
a,1.16662,3.02257,l,2020-02-16,Newcastle United,2019
a,0.164495,1.75552,l,2020-02-22,Newcastle United,2019
h,1.11713,0.617612,d,2020-02-29,Newcastle United,2019
a,3.06384,0.348871,w,2020-03-07,Newcastle United,2019
h,2.15148,0.57107,w,2020-06-21,Newcastle United,2019
h,0.661808,1.22985,d,2020-06-24,Newcastle United,2019
a,2.23457,1.27503,w,2020-07-01,Newcastle United,2019
h,1.49121,2.03065,d,2020-07-05,Newcastle United,2019
a,0.21643,3.28662,l,2020-07-08,Newcastle United,2019
a,1.49134,3.12855,l,2020-07-11,Newcastle United,2019
h,1.05748,1.7498,l,2020-07-15,Newcastle United,2019
a,0.929091,0.855896,d,2020-07-20,Newcastle United,2019
h,0.339294,0.56818,l,2020-07-26,Newcastle United,2019
h,2.23456,0.842407,w,2019-08-09,Liverpool,2019
a,1.52022,2.14047,w,2019-08-17,Liverpool,2019
h,2.78821,0.985542,w,2019-08-24,Liverpool,2019
a,1.20057,0.61739,w,2019-08-31,Liverpool,2019
h,2.93281,0.291073,w,2019-09-14,Liverpool,2019
a,1.03003,1.23321,w,2019-09-22,Liverpool,2019
a,1.97079,1.17022,w,2019-09-28,Liverpool,2019
h,3.74867,0.0982107,w,2019-10-05,Liverpool,2019
a,1.03212,0.791862,d,2019-10-20,Liverpool,2019
h,2.18851,1.35143,w,2019-10-27,Liverpool,2019
a,2.38824,0.741615,w,2019-11-02,Liverpool,2019
h,1.3319,1.48104,w,2019-11-10,Liverpool,2019
a,1.64291,1.02306,w,2019-11-23,Liverpool,2019
h,1.36832,0.867601,w,2019-11-30,Liverpool,2019
h,2.41397,1.76453,w,2019-12-04,Liverpool,2019
a,3.04446,0.154608,w,2019-12-07,Liverpool,2019
h,1.56674,1.01166,w,2019-12-14,Liverpool,2019
a,3.76973,0.120994,w,2019-12-26,Liverpool,2019
h,1.49124,0.363764,w,2019-12-29,Liverpool,2019
h,3.0465,0.634607,w,2020-01-02,Liverpool,2019
a,1.74564,1.10584,w,2020-01-11,Liverpool,2019
h,2.00655,1.4185,w,2020-01-19,Liverpool,2019
a,1.59024,1.85442,w,2020-01-23,Liverpool,2019
a,2.59926,0.878341,w,2020-01-29,Liverpool,2019
h,3.7195,0.716298,w,2020-02-01,Liverpool,2019
a,2.07331,0.383495,w,2020-02-15,Liverpool,2019
h,2.48209,0.638236,w,2020-02-24,Liverpool,2019
a,0.206031,2.71351,l,2020-02-29,Liverpool,2019
h,1.89453,1.29544,w,2020-03-07,Liverpool,2019
a,0.659123,0.621456,d,2020-06-21,Liverpool,2019
h,2.56729,0.0645285,w,2020-06-24,Liverpool,2019
a,0.819606,2.65433,l,2020-07-02,Liverpool,2019
h,1.0837,0.689775,w,2020-07-05,Liverpool,2019
a,2.61624,2.3646,w,2020-07-08,Liverpool,2019
h,2.17649,0.452331,d,2020-07-11,Liverpool,2019
a,2.2233,1.31516,l,2020-07-15,Liverpool,2019
h,1.45179,2.38205,w,2020-07-22,Liverpool,2019
a,0.56818,0.339294,w,2020-07-26,Liverpool,2019
a,3.18377,1.2003,w,2019-08-10,Manchester City,2019
h,3.20076,0.074542,d,2019-08-17,Manchester City,2019
a,3.12856,1.89345,w,2019-08-25,Manchester City,2019
h,2.30818,0.861035,w,2019-08-31,Manchester City,2019
a,2.34436,1.7413,l,2019-09-14,Manchester City,2019
h,6.63049,0.344718,w,2019-09-21,Manchester City,2019
a,3.1082,2.35854,w,2019-09-28,Manchester City,2019
h,1.61884,1.18825,l,2019-10-06,Manchester City,2019
a,4.02104,0.616864,w,2019-10-19,Manchester City,2019
h,3.19004,0.980145,w,2019-10-26,Manchester City,2019
h,3.36132,0.893889,w,2019-11-02,Manchester City,2019
a,1.48104,1.3319,l,2019-11-10,Manchester City,2019
h,1.23596,0.820474,w,2019-11-23,Manchester City,2019
a,2.44389,0.208252,d,2019-11-30,Manchester City,2019
a,2.56057,0.486548,w,2019-12-03,Manchester City,2019
h,2.07108,1.63385,l,2019-12-07,Manchester City,2019
a,1.69553,0.28161,w,2019-12-15,Manchester City,2019
h,3.59139,1.01388,w,2019-12-21,Manchester City,2019
a,1.52044,2.39405,l,2019-12-27,Manchester City,2019
h,1.08628,1.23346,w,2019-12-29,Manchester City,2019
h,1.79757,0.848942,w,2020-01-01,Manchester City,2019
a,3.75131,1.12565,w,2020-01-12,Manchester City,2019
h,2.47314,0.586716,d,2020-01-18,Manchester City,2019
a,2.873,0.774943,w,2020-01-21,Manchester City,2019
a,3.25139,0.42029300000000003,l,2020-02-02,Manchester City,2019
h,2.13777,0.0895892,w,2020-02-19,Manchester City,2019
a,2.42749,0.723269,w,2020-02-22,Manchester City,2019
a,0.585469,1.7389,l,2020-03-08,Manchester City,2019
h,2.73725,0.496759,w,2020-06-17,Manchester City,2019
h,2.71096,0.0303408,w,2020-06-22,Manchester City,2019
a,0.690594,4.206,l,2020-06-25,Manchester City,2019
h,2.65433,0.819606,w,2020-07-02,Manchester City,2019
a,3.39575,0.628765,l,2020-07-05,Manchester City,2019
h,3.28662,0.21643,w,2020-07-08,Manchester City,2019
a,5.51767,0.149588,w,2020-07-11,Manchester City,2019
h,0.82755,1.66635,w,2020-07-15,Manchester City,2019
a,3.73814,0.131868,w,2020-07-21,Manchester City,2019
h,3.56749,0.786563,w,2020-07-26,Manchester City,2019
h,2.37442,1.09534,w,2019-08-11,Manchester United,2019
a,1.14332,0.307356,d,2019-08-19,Manchester United,2019
h,2.23561,0.676993,l,2019-08-24,Manchester United,2019
a,1.90356,0.769616,d,2019-08-31,Manchester United,2019
h,1.10019,0.459141,w,2019-09-14,Manchester United,2019
a,1.27826,0.51376,l,2019-09-22,Manchester United,2019
h,1.1335,1.70399,d,2019-09-30,Manchester United,2019
a,0.969204,0.650296,l,2019-10-06,Manchester United,2019
h,0.791862,1.03212,d,2019-10-20,Manchester United,2019
a,4.51232,0.8924,w,2019-10-27,Manchester United,2019
a,0.641129,1.86862,l,2019-11-02,Manchester United,2019
h,3.65299,1.1342,w,2019-11-10,Manchester United,2019
a,1.33065,1.56025,d,2019-11-24,Manchester United,2019
h,1.84804,1.29701,d,2019-12-01,Manchester United,2019
h,1.47683,0.542315,w,2019-12-04,Manchester United,2019
a,1.63385,2.07108,w,2019-12-07,Manchester United,2019
h,1.48327,0.276759,d,2019-12-15,Manchester United,2019
a,1.5309,1.59291,l,2019-12-22,Manchester United,2019
h,1.99638,1.05018,w,2019-12-26,Manchester United,2019
a,2.10542,0.386662,w,2019-12-28,Manchester United,2019
a,0.715563,1.90747,l,2020-01-01,Manchester United,2019
h,3.13456,0.275987,w,2020-01-11,Manchester United,2019
a,1.4185,2.00655,l,2020-01-19,Manchester United,2019
h,1.416,0.717284,l,2020-01-22,Manchester United,2019
h,1.18608,1.54211,d,2020-02-01,Manchester United,2019
a,0.681814,0.940204,w,2020-02-17,Manchester United,2019
h,2.5042,0.294956,w,2020-02-23,Manchester United,2019
a,1.12561,2.41259,d,2020-03-01,Manchester United,2019
h,1.7389,0.585469,w,2020-03-08,Manchester United,2019
a,1.77307,0.534852,d,2020-06-19,Manchester United,2019
h,2.8416,0.108082,w,2020-06-24,Manchester United,2019
a,1.20903,0.31013,w,2020-06-30,Manchester United,2019
h,2.63259,1.52161,w,2020-07-04,Manchester United,2019
a,2.86531,0.598873,w,2020-07-09,Manchester United,2019
h,1.5033,1.8051,d,2020-07-13,Manchester United,2019
a,1.90448,0.572141,w,2020-07-16,Manchester United,2019
h,0.984161,1.29009,d,2020-07-22,Manchester United,2019
a,1.41019,0.754668,w,2020-07-26,Manchester United,2019
h,0.670022,0.855516,l,2019-08-10,Watford,2019
a,1.17279,0.832913,l,2019-08-17,Watford,2019
h,2.29348,3.45768,l,2019-08-24,Watford,2019
a,1.1068,1.04131,d,2019-08-31,Watford,2019
h,2.83209,1.00616,d,2019-09-15,Watford,2019
a,0.344718,6.63049,l,2019-09-21,Watford,2019
a,1.06615,1.16363,l,2019-09-28,Watford,2019
h,1.44318,0.353724,d,2019-10-05,Watford,2019
a,0.846851,0.891617,d,2019-10-19,Watford,2019
h,0.674903,0.899526,d,2019-10-26,Watford,2019
h,1.4744,2.18313,l,2019-11-02,Watford,2019
a,1.36017,0.62104,w,2019-11-08,Watford,2019
h,0.902384,2.66281,l,2019-11-23,Watford,2019
a,0.504005,1.9671,l,2019-11-30,Watford,2019
a,0.199733,2.28735,l,2019-12-04,Watford,2019
h,1.57132,0.210746,d,2019-12-07,Watford,2019
a,1.01166,1.56674,l,2019-12-14,Watford,2019
h,1.59291,1.5309,w,2019-12-22,Watford,2019
a,0.596611,2.04481,d,2019-12-26,Watford,2019
h,3.25314,0.610997,w,2019-12-28,Watford,2019
h,1.07053,1.23252,w,2020-01-01,Watford,2019
a,2.29827,0.320447,w,2020-01-12,Watford,2019
h,2.39174,1.76697,d,2020-01-18,Watford,2019
a,1.81101,1.06739,l,2020-01-21,Watford,2019
h,0.919248,2.70178,l,2020-02-01,Watford,2019
a,0.280048,0.76201,d,2020-02-08,Watford,2019
a,0.294956,2.5042,l,2020-02-23,Watford,2019
h,2.71351,0.206031,w,2020-02-29,Watford,2019
a,0.449161,0.856107,l,2020-03-07,Watford,2019
h,1.00765,1.05245,d,2020-06-20,Watford,2019
a,0.495542,0.964774,l,2020-06-25,Watford,2019
h,0.365347,1.3364,l,2020-06-28,Watford,2019
a,0.608971,2.78877,l,2020-07-04,Watford,2019
h,0.725199,1.13378,w,2020-07-07,Watford,2019
h,3.12855,1.49134,w,2020-07-11,Watford,2019
a,1.03402,0.833995,l,2020-07-17,Watford,2019
h,0.131868,3.73814,l,2020-07-21,Watford,2019
a,3.9197,1.95282,l,2020-07-26,Watford,2019
h,0.909241,1.08752,w,2019-08-10,Burnley,2019
a,1.39172,1.1644,l,2019-08-17,Burnley,2019
a,1.22762,1.32793,d,2019-08-25,Burnley,2019
h,0.61739,1.20057,l,2019-08-31,Burnley,2019
a,0.341654,1.68545,d,2019-09-14,Burnley,2019
h,2.39312,0.801428,w,2019-09-21,Burnley,2019
a,1.66919,0.914266,d,2019-09-28,Burnley,2019
h,0.558912,1.30723,w,2019-10-05,Burnley,2019
a,1.79569,0.8291,l,2019-10-19,Burnley,2019
h,2.23494,0.988321,l,2019-10-26,Burnley,2019
a,0.71661300000000006,2.58392,l,2019-11-02,Burnley,2019
h,2.4158,0.474281,w,2019-11-09,Burnley,2019
a,2.66281,0.902384,w,2019-11-23,Burnley,2019
h,1.8509,0.936732,l,2019-11-30,Burnley,2019
h,0.486548,2.56057,l,2019-12-03,Burnley,2019
a,1.08645,2.39684,l,2019-12-07,Burnley,2019
h,1.43602,1.08726,w,2019-12-14,Burnley,2019
a,0.144318,0.138532,w,2019-12-21,Burnley,2019
a,0.565252,1.47521,l,2019-12-26,Burnley,2019
h,0.386662,2.10542,l,2019-12-28,Burnley,2019
h,2.34418,1.74824,l,2020-01-01,Burnley,2019
a,0.717407,2.87633,l,2020-01-11,Burnley,2019
h,1.50886,2.33415,w,2020-01-19,Burnley,2019
a,0.717284,1.416,w,2020-01-22,Burnley,2019
h,2.24562,1.48025,d,2020-02-02,Burnley,2019
a,0.892699,0.694025,w,2020-02-15,Burnley,2019
h,3.09935,1.75718,w,2020-02-22,Burnley,2019
a,0.617612,1.11713,d,2020-02-29,Burnley,2019
h,3.33302,1.13669,d,2020-03-07,Burnley,2019
a,0.0303408,2.71096,l,2020-06-22,Burnley,2019
h,0.964774,0.495542,w,2020-06-25,Burnley,2019
a,0.359906,1.06533,w,2020-06-29,Burnley,2019
h,1.31966,1.63343,d,2020-07-05,Burnley,2019
a,1.05291,1.99821,w,2020-07-08,Burnley,2019
a,0.452331,2.17649,d,2020-07-11,Burnley,2019
h,1.53435,1.2857,d,2020-07-15,Burnley,2019
a,1.8233,0.576602,w,2020-07-18,Burnley,2019
h,1.44244,1.3696,l,2020-07-26,Burnley,2019
a,0.855516,0.670022,w,2019-08-10,Brighton,2019
h,2.40461,1.00856,d,2019-08-17,Brighton,2019
h,0.997711,2.07795,l,2019-08-24,Brighton,2019
a,0.861035,2.30818,l,2019-08-31,Brighton,2019
h,1.68545,0.341654,d,2019-09-14,Brighton,2019
a,1.21592,1.09807,d,2019-09-21,Brighton,2019
a,0.616263,4.26443,l,2019-09-28,Brighton,2019
h,2.60017,0.478504,w,2019-10-05,Brighton,2019
a,1.32184,2.96692,l,2019-10-19,Brighton,2019
h,1.15279,1.04723,w,2019-10-26,Brighton,2019
h,2.65496,0.455082,w,2019-11-02,Brighton,2019
a,1.1342,3.65299,l,2019-11-10,Brighton,2019
h,0.784706,3.50917,l,2019-11-23,Brighton,2019
a,0.867601,1.36832,l,2019-11-30,Brighton,2019
a,1.53446,0.965377,w,2019-12-05,Brighton,2019
h,0.951621,1.87208,d,2019-12-08,Brighton,2019
a,2.48355,0.484859,d,2019-12-16,Brighton,2019
h,0.428371,1.65933,l,2019-12-21,Brighton,2019
a,1.09007,1.02645,l,2019-12-26,Brighton,2019
h,1.05876,0.500726,w,2019-12-28,Brighton,2019
h,1.56978,1.57497,d,2020-01-01,Brighton,2019
a,1.53324,2.02533,l,2020-01-11,Brighton,2019
h,1.30028,1.02045,d,2020-01-18,Brighton,2019
a,1.97227,1.92315,l,2020-01-21,Brighton,2019
a,2.03179,1.30774,d,2020-02-01,Brighton,2019
h,0.76201,0.280048,d,2020-02-08,Brighton,2019
a,1.06035,1.6597,d,2020-02-22,Brighton,2019
h,1.78712,2.17159,l,2020-02-29,Brighton,2019
a,0.308874,0.898221,d,2020-03-07,Brighton,2019
h,0.670973,0.69626999999999994,w,2020-06-20,Brighton,2019
a,1.10227,0.505486,d,2020-06-23,Brighton,2019
h,0.31013,1.20903,l,2020-06-30,Brighton,2019
a,0.903046,0.545069,w,2020-07-04,Brighton,2019
h,2.3646,2.61624,l,2020-07-08,Brighton,2019
h,0.149588,5.51767,l,2020-07-11,Brighton,2019
a,0.67264,2.33745,d,2020-07-16,Brighton,2019
h,0.855896,0.929091,d,2020-07-20,Brighton,2019
a,1.3696,1.44244,w,2020-07-26,Brighton,2019
a,0.812949,0.543759,d,2019-08-11,Wolverhampton Wanderers,2019
h,0.307356,1.14332,d,2019-08-19,Wolverhampton Wanderers,2019
h,1.32793,1.22762,d,2019-08-25,Wolverhampton Wanderers,2019
a,2.00172,1.48842,l,2019-09-01,Wolverhampton Wanderers,2019
h,1.49359,3.06799,l,2019-09-14,Wolverhampton Wanderers,2019
a,1.75572,0.984777,d,2019-09-22,Wolverhampton Wanderers,2019
h,1.16363,1.06615,w,2019-09-28,Wolverhampton Wanderers,2019
a,1.18825,1.61884,w,2019-10-06,Wolverhampton Wanderers,2019
h,0.887495,1.37695,d,2019-10-19,Wolverhampton Wanderers,2019
a,1.93255,0.603104,d,2019-10-27,Wolverhampton Wanderers,2019
a,1.5103,1.02552,d,2019-11-02,Wolverhampton Wanderers,2019
h,2.09891,0.473225,w,2019-11-10,Wolverhampton Wanderers,2019
a,1.2765,0.849789,w,2019-11-23,Wolverhampton Wanderers,2019
h,1.27422,1.47296,d,2019-12-01,Wolverhampton Wanderers,2019
h,1.82237,0.501977,w,2019-12-04,Wolverhampton Wanderers,2019
a,1.87208,0.951621,d,2019-12-08,Wolverhampton Wanderers,2019
h,0.718669,0.989205,l,2019-12-15,Wolverhampton Wanderers,2019
a,1.65224,1.26536,w,2019-12-21,Wolverhampton Wanderers,2019
h,2.39405,1.52044,w,2019-12-27,Wolverhampton Wanderers,2019
a,0.363764,1.49124,l,2019-12-29,Wolverhampton Wanderers,2019
a,1.23252,1.07053,l,2020-01-01,Wolverhampton Wanderers,2019
h,2.04805,0.184495,d,2020-01-11,Wolverhampton Wanderers,2019
a,2.1772,0.786974,w,2020-01-18,Wolverhampton Wanderers,2019
h,1.85442,1.59024,l,2020-01-23,Wolverhampton Wanderers,2019
a,1.54211,1.18608,d,2020-02-01,Wolverhampton Wanderers,2019
h,1.14491,0.527366,d,2020-02-14,Wolverhampton Wanderers,2019
h,3.25033,0.360646,w,2020-02-23,Wolverhampton Wanderers,2019
a,2.62251,1.63079,w,2020-03-01,Wolverhampton Wanderers,2019
h,0.898221,0.308874,d,2020-03-07,Wolverhampton Wanderers,2019
a,1.06433,0.44207,w,2020-06-20,Wolverhampton Wanderers,2019
h,0.715002,0.0619009,w,2020-06-24,Wolverhampton Wanderers,2019
a,0.703549,0.403418,w,2020-06-27,Wolverhampton Wanderers,2019
h,0.985166,1.28273,l,2020-07-04,Wolverhampton Wanderers,2019
a,0.326909,0.470483,l,2020-07-08,Wolverhampton Wanderers,2019
h,2.86724,0.286561,w,2020-07-12,Wolverhampton Wanderers,2019
a,1.2857,1.53435,d,2020-07-15,Wolverhampton Wanderers,2019
h,1.48696,0.440119,w,2020-07-20,Wolverhampton Wanderers,2019
a,0.164561,1.15938,l,2020-07-26,Wolverhampton Wanderers,2019
a,1.59864,1.34099,d,2019-08-10,Sheffield United,2019
h,1.84778,0.241912,w,2019-08-18,Sheffield United,2019
h,0.654318,0.704879,l,2019-08-24,Sheffield United,2019
a,1.04649,2.30579,d,2019-08-31,Sheffield United,2019
h,1.88034,1.57659,l,2019-09-14,Sheffield United,2019
a,0.508011,1.26041,w,2019-09-21,Sheffield United,2019
h,1.17022,1.97079,l,2019-09-28,Sheffield United,2019
a,0.353724,1.44318,d,2019-10-05,Sheffield United,2019
h,0.895722,0.949735,w,2019-10-21,Sheffield United,2019
a,1.16171,2.33891,d,2019-10-26,Sheffield United,2019
h,2.58392,0.71661300000000006,w,2019-11-02,Sheffield United,2019
a,0.923443,1.5104,d,2019-11-09,Sheffield United,2019
h,1.56025,1.33065,d,2019-11-24,Sheffield United,2019
a,1.47296,1.27422,d,2019-12-01,Sheffield United,2019
h,1.09175,0.533775,l,2019-12-05,Sheffield United,2019
a,0.712899,0.585805,w,2019-12-08,Sheffield United,2019
h,1.888,0.97258,w,2019-12-14,Sheffield United,2019
a,1.65933,0.428371,w,2019-12-21,Sheffield United,2019
h,2.04481,0.596611,d,2019-12-26,Sheffield United,2019
a,1.23346,1.08628,l,2019-12-29,Sheffield United,2019
a,0.634607,3.0465,l,2020-01-02,Sheffield United,2019
h,2.02768,0.90477,w,2020-01-10,Sheffield United,2019
a,1.18444,1.22882,d,2020-01-18,Sheffield United,2019
h,0.774943,2.873,l,2020-01-21,Sheffield United,2019
a,0.860755,0.970063,w,2020-02-01,Sheffield United,2019
h,2.04467,1.07183,w,2020-02-09,Sheffield United,2019
h,1.6597,1.06035,d,2020-02-22,Sheffield United,2019
h,1.17263,2.55449,w,2020-03-07,Sheffield United,2019
a,0.235909,1.00877,d,2020-06-17,Sheffield United,2019
a,0.57107,2.15148,l,2020-06-21,Sheffield United,2019
a,0.108082,2.8416,l,2020-06-24,Sheffield United,2019
h,1.59994,1.01524,w,2020-07-02,Sheffield United,2019
a,1.63343,1.31966,d,2020-07-05,Sheffield United,2019
h,0.470483,0.326909,w,2020-07-08,Sheffield United,2019
h,2.00632,1.17509,w,2020-07-11,Sheffield United,2019
a,0.660214,3.05752,l,2020-07-16,Sheffield United,2019
h,0.468461,0.624814,l,2020-07-20,Sheffield United,2019
a,1.41051,1.64306,l,2020-07-26,Sheffield United,2019
a,0.715382,0.891038,d,2018-08-11,Everton,2018
h,2.02004,1.77471,w,2018-08-18,Everton,2018
a,0.543665,2.5887,d,2018-08-25,Everton,2018
h,0.616013,0.660035,d,2018-09-01,Everton,2018
h,1.26774,1.52437,l,2018-09-16,Everton,2018
a,1.06523,0.930544,l,2018-09-23,Everton,2018
h,2.31538,0.536317,w,2018-09-29,Everton,2018
a,1.14952,1.10472,w,2018-10-06,Everton,2018
h,1.92794,1.50174,w,2018-10-21,Everton,2018
a,1.67348,2.51393,l,2018-10-28,Everton,2018
h,2.59305,0.676348,w,2018-11-03,Everton,2018
a,0.198027,1.16298,d,2018-11-11,Everton,2018
h,2.48066,0.879108,w,2018-11-24,Everton,2018
a,1.23014,3.07574,l,2018-12-02,Everton,2018
h,2.10943,1.52214,d,2018-12-05,Everton,2018
h,1.72686,1.63043,d,2018-12-10,Everton,2018
a,1.6235,1.79848,l,2018-12-15,Everton,2018
h,1.00121,2.55514,l,2018-12-23,Everton,2018
a,1.8875,1.88646,w,2018-12-26,Everton,2018
a,0.655851,1.60311,l,2018-12-29,Everton,2018
h,0.871304,0.644144,l,2019-01-01,Everton,2018
h,1.7814,1.52828,w,2019-01-13,Everton,2018
a,1.31169,1.06009,l,2019-01-19,Everton,2018
a,1.05995,0.73078,w,2019-01-29,Everton,2018
h,1.36252,1.85729,l,2019-02-02,Everton,2018
h,0.111559,2.60922,l,2019-02-06,Everton,2018
a,0.641094,1.53311,l,2019-02-09,Everton,2018
a,1.14212,0.219359,w,2019-02-26,Everton,2018
h,0.241879,0.811272,d,2019-03-03,Everton,2018
a,1.15114,2.37896,l,2019-03-09,Everton,2018
h,2.24031,1.24394,w,2019-03-17,Everton,2018
a,2.65983,0.0891639,w,2019-03-30,Everton,2018
h,2.69396,0.201885,w,2019-04-07,Everton,2018
a,1.29107,1.66303,l,2019-04-13,Everton,2018
h,1.5204,0.305982,w,2019-04-21,Everton,2018
a,1.15217,0.261344,d,2019-04-27,Everton,2018
h,1.76461,0.473292,w,2019-05-03,Everton,2018
a,2.06851,0.882608,d,2019-05-12,Everton,2018
h,2.60022,1.50693,w,2018-08-11,Bournemouth,2018
a,1.69077,1.10275,w,2018-08-18,Bournemouth,2018
h,2.5887,0.543665,d,2018-08-25,Bournemouth,2018
a,0.950959,1.16408,l,2018-09-01,Bournemouth,2018
h,2.22726,1.82502,w,2018-09-15,Bournemouth,2018
a,0.976413,2.29417,l,2018-09-22,Bournemouth,2018
h,1.97143,0.385841,w,2018-10-01,Bournemouth,2018
a,3.28471,1.06613,w,2018-10-06,Bournemouth,2018
h,0.840403,0.589633,d,2018-10-20,Bournemouth,2018
a,2.10555,0.383833,w,2018-10-27,Bournemouth,2018
h,1.928,3.29249,l,2018-11-03,Bournemouth,2018
a,1.91687,2.57545,l,2018-11-10,Bournemouth,2018
h,0.650884,1.71044,l,2018-11-25,Bournemouth,2018
a,0.715009,2.83557,l,2018-12-01,Bournemouth,2018
h,1.07393,1.5631,w,2018-12-04,Bournemouth,2018
h,0.279142,1.80619,l,2018-12-08,Bournemouth,2018
a,0.52685,2.02223,l,2018-12-15,Bournemouth,2018
h,0.892502,0.825478,w,2018-12-22,Bournemouth,2018
a,1.21736,2.23457,l,2018-12-26,Bournemouth,2018
a,0.705549,3.41874,l,2018-12-30,Bournemouth,2018
h,2.84828,0.977046,d,2019-01-02,Bournemouth,2018
a,1.52828,1.7814,l,2019-01-13,Bournemouth,2018
h,1.24835,0.971813,w,2019-01-19,Bournemouth,2018
h,2.15094,0.718873,w,2019-01-30,Bournemouth,2018
a,0.35199,2.53093,l,2019-02-02,Bournemouth,2018
a,0.390995,2.53003,l,2019-02-09,Bournemouth,2018
h,2.13291,1.20286,d,2019-02-23,Bournemouth,2018
a,0.88618,3.18716,l,2019-02-27,Bournemouth,2018
h,0,1.59515,l,2019-03-02,Bournemouth,2018
a,2.16389,0.339087,w,2019-03-09,Bournemouth,2018
h,1.61666,1.02847,d,2019-03-16,Bournemouth,2018
a,0.790333,1.8935,l,2019-03-30,Bournemouth,2018
h,1.20888,1.38919,l,2019-04-06,Bournemouth,2018
a,2.76885,0.206731,w,2019-04-13,Bournemouth,2018
h,2.83739,2.61689,l,2019-04-20,Bournemouth,2018
a,2.62214,2.73537,d,2019-04-27,Bournemouth,2018
h,2.22622,0.713362,w,2019-05-04,Bournemouth,2018
a,1.8981,2.85899,l,2019-05-12,Bournemouth,2018
h,1.01994,1.40827,d,2018-08-12,Southampton,2018
a,1.77471,2.02004,l,2018-08-18,Southampton,2018
h,0.542494,0.517935,l,2018-08-25,Southampton,2018
a,3.13612,2.35193,w,2018-09-01,Southampton,2018
h,2.19521,1.97094,d,2018-09-17,Southampton,2018
a,0.310467,1.77893,l,2018-09-22,Southampton,2018
a,0.679627,1.42507,l,2018-09-29,Southampton,2018
h,1.487,3.54699,l,2018-10-07,Southampton,2018
a,0.589633,0.840403,d,2018-10-20,Southampton,2018
h,1.19216,0.297646,d,2018-10-27,Southampton,2018
a,1.81466,2.76272,l,2018-11-04,Southampton,2018
h,1.20211,1.07573,d,2018-11-10,Southampton,2018
a,1.67163,1.3875,l,2018-11-24,Southampton,2018
h,0.623954,0.904803,d,2018-12-01,Southampton,2018
a,1.82434,1.73642,l,2018-12-05,Southampton,2018
a,0.501128,1.55832,l,2018-12-08,Southampton,2018
h,1.21163,1.85763,w,2018-12-16,Southampton,2018
a,2.60172,1.0038,w,2018-12-22,Southampton,2018
h,1.28665,1.26973,l,2018-12-27,Southampton,2018
h,0.221381,2.96802,l,2018-12-30,Southampton,2018
a,0.158168,0.850791,d,2019-01-02,Southampton,2018
a,1.41659,1.75983,w,2019-01-12,Southampton,2018
h,1.06009,1.31169,w,2019-01-19,Southampton,2018
h,1.33257,1.53294,d,2019-01-30,Southampton,2018
a,0.787747,2.00175,d,2019-02-02,Southampton,2018
h,1.70666,0.980673,l,2019-02-09,Southampton,2018
a,0.613167,2.35088,l,2019-02-24,Southampton,2018
h,1.15823,0.798715,w,2019-02-27,Southampton,2018
a,0.578485,2.54216,l,2019-03-02,Southampton,2018
h,2.07772,1.26876,w,2019-03-09,Southampton,2018
a,0.857436,0.560521,w,2019-03-30,Southampton,2018
h,0.718394,2.00654,l,2019-04-05,Southampton,2018
h,3.80842,0.642825,w,2019-04-13,Southampton,2018
a,1.27102,1.23033,l,2019-04-20,Southampton,2018
a,2.11999,1.27253,d,2019-04-23,Southampton,2018
h,2.73537,2.62214,d,2019-04-27,Southampton,2018
a,0.443686,1.99866,l,2019-05-04,Southampton,2018
h,0.941018,0.857152,d,2019-05-12,Southampton,2018
a,1.73813,1.5137,l,2018-08-10,Leicester,2018
h,0.222843,1.09349,w,2018-08-18,Leicester,2018
a,0.517935,0.542494,w,2018-08-25,Leicester,2018
h,0.981217,1.22722,l,2018-09-01,Leicester,2018
a,1.82502,2.22726,l,2018-09-15,Leicester,2018
h,1.80404,0.688176,w,2018-09-22,Leicester,2018
a,1.34341,0.397301,w,2018-09-29,Leicester,2018
h,1.10472,1.14952,l,2018-10-06,Leicester,2018
a,0.932491,2.91637,l,2018-10-22,Leicester,2018
h,1.95344,1.56009,d,2018-10-27,Leicester,2018
a,2.18288,0.922262,w,2018-11-03,Leicester,2018
h,1.5091,0.368393,d,2018-11-10,Leicester,2018
a,1.12521,0.862315,d,2018-11-24,Leicester,2018
h,1.41758,1.19923,w,2018-12-01,Leicester,2018
a,1.21575,1.47593,d,2018-12-05,Leicester,2018
h,0.357742,0.917968,l,2018-12-08,Leicester,2018
a,0.895305,0.39698,l,2018-12-15,Leicester,2018
a,0.456492,2.40458,w,2018-12-22,Leicester,2018
h,1.55714,1.34781,w,2018-12-26,Leicester,2018
h,1.51648,0.493212,l,2018-12-29,Leicester,2018
a,0.644144,0.871304,w,2019-01-01,Leicester,2018
h,1.75983,1.41659,l,2019-01-12,Leicester,2018
a,1.3383100000000001,2.21719,l,2019-01-19,Leicester,2018
a,1.1272,0.576336,d,2019-01-30,Leicester,2018
h,1.40067,1.49717,l,2019-02-03,Leicester,2018
a,3.02164,1.21144,l,2019-02-10,Leicester,2018
h,0.946697,1.57739,l,2019-02-23,Leicester,2018
h,1.92171,1.20566,w,2019-02-26,Leicester,2018
a,0.794683,1.36515,l,2019-03-03,Leicester,2018
h,2.13494,0.15103,w,2019-03-09,Leicester,2018
a,0.608954,1.17008,w,2019-03-16,Leicester,2018
h,1.8935,0.790333,w,2019-03-30,Leicester,2018
a,3.61876,1.62301,w,2019-04-06,Leicester,2018
h,0.877377,0.945804,l,2019-04-12,Leicester,2018
a,0.8065,1.36558,d,2019-04-20,Leicester,2018
h,3.6797,0.600697,w,2019-04-28,Leicester,2018
a,0.537307,1.08617,l,2019-05-06,Leicester,2018
h,0.345306,1.26735,d,2019-05-12,Leicester,2018
a,1.07816,0.638076,w,2018-08-11,Crystal Palace,2018
h,0.368608,2.82183,l,2018-08-20,Crystal Palace,2018
a,1.21905,1.14596,l,2018-08-26,Crystal Palace,2018
h,2.35193,3.13612,l,2018-09-01,Crystal Palace,2018
a,0.746631,0.87744,w,2018-09-15,Crystal Palace,2018
h,0.930793,0.229309,d,2018-09-22,Crystal Palace,2018
a,0.385841,1.97143,l,2018-10-01,Crystal Palace,2018
h,1.03714,0.755654,l,2018-10-06,Crystal Palace,2018
a,1.50174,1.92794,l,2018-10-21,Crystal Palace,2018
h,2.38115,0.845197,d,2018-10-28,Crystal Palace,2018
a,0.454547,1.88741,l,2018-11-04,Crystal Palace,2018
h,0.688016,1.55381,l,2018-11-10,Crystal Palace,2018
a,1.05292,1.34245,d,2018-11-24,Crystal Palace,2018
h,2.03785,0.302477,w,2018-12-01,Crystal Palace,2018
a,1.5329,1.2521,l,2018-12-04,Crystal Palace,2018
a,0.934613,1.53635,l,2018-12-08,Crystal Palace,2018
h,0.39698,0.895305,w,2018-12-15,Crystal Palace,2018
a,1.14609,1.27118,w,2018-12-22,Crystal Palace,2018
h,2.43202,1.05926,d,2018-12-26,Crystal Palace,2018
h,0.199002,0.741471,l,2018-12-30,Crystal Palace,2018
a,1.94658,0.656255,w,2019-01-02,Crystal Palace,2018
h,1.1617,1.56262,l,2019-01-12,Crystal Palace,2018
a,0.695213,2.8299,l,2019-01-19,Crystal Palace,2018
a,1.53294,1.33257,d,2019-01-30,Crystal Palace,2018
h,2.19582,0.560836,w,2019-02-02,Crystal Palace,2018
h,2.68412,1.74711,d,2019-02-09,Crystal Palace,2018
a,1.57739,0.946697,w,2019-02-23,Crystal Palace,2018
h,1.69334,1.54089,l,2019-02-27,Crystal Palace,2018
a,0.706284,1.90872,w,2019-03-02,Crystal Palace,2018
h,1.44291,0.129312,l,2019-03-09,Crystal Palace,2018
h,2.84701,0.926991,w,2019-03-30,Crystal Palace,2018
a,0.564317,2.57376,l,2019-04-03,Crystal Palace,2018
a,0.907988,0.943175,w,2019-04-06,Crystal Palace,2018
h,0.318169,2.86236,l,2019-04-14,Crystal Palace,2018
a,2.56216,1.54245,w,2019-04-21,Crystal Palace,2018
h,0.261344,1.15217,d,2019-04-27,Crystal Palace,2018
a,1.80991,1.4996,w,2019-05-04,Crystal Palace,2018
h,2.85899,1.8981,w,2019-05-12,Crystal Palace,2018
a,2.31427,0.396115,w,2018-08-11,Chelsea,2018
h,1.71799,2.45798,w,2018-08-18,Chelsea,2018
a,1.49669,0.209337,w,2018-08-26,Chelsea,2018
h,1.16408,0.950959,w,2018-09-01,Chelsea,2018
h,2.67145,0.8276,w,2018-09-15,Chelsea,2018
a,1.88344,1.0177,d,2018-09-23,Chelsea,2018
h,1.77638,1.74071,d,2018-09-29,Chelsea,2018
a,3.54699,1.487,w,2018-10-07,Chelsea,2018
h,2.21163,1.11454,d,2018-10-20,Chelsea,2018
a,3.01621,0.269828,w,2018-10-28,Chelsea,2018
h,1.88741,0.454547,w,2018-11-04,Chelsea,2018
h,1.16298,0.198027,d,2018-11-11,Chelsea,2018
a,0.962804,3.34649,l,2018-11-24,Chelsea,2018
h,2.17105,0.285256,w,2018-12-02,Chelsea,2018
a,1.10702,0.682893,l,2018-12-05,Chelsea,2018
h,0.526329,0.740048,w,2018-12-08,Chelsea,2018
a,1.6111,0.26126,w,2018-12-16,Chelsea,2018
h,2.40458,0.456492,l,2018-12-22,Chelsea,2018
a,2.1956,1.24414,w,2018-12-26,Chelsea,2018
a,0.741471,0.199002,w,2018-12-30,Chelsea,2018
h,0.850791,0.158168,d,2019-01-02,Chelsea,2018
h,1.32355,0.395148,w,2019-01-12,Chelsea,2018
a,0.755304,2.09412,l,2019-01-19,Chelsea,2018
a,0.718873,2.15094,l,2019-01-30,Chelsea,2018
h,2.94236,0.260391,w,2019-02-02,Chelsea,2018
a,0.901867,4.04218,l,2019-02-10,Chelsea,2018
h,0.625978,0.722229,w,2019-02-27,Chelsea,2018
a,1.53632,0.898469,w,2019-03-03,Chelsea,2018
h,1.0471,0.609079,d,2019-03-10,Chelsea,2018
a,1.24394,2.24031,l,2019-03-17,Chelsea,2018
a,2.07834,0.446122,w,2019-03-31,Chelsea,2018
h,3.12416,0.440898,w,2019-04-03,Chelsea,2018
h,2.23287,0.471195,w,2019-04-08,Chelsea,2018
a,0.873177,1.30839,l,2019-04-14,Chelsea,2018
h,1.28197,0.788788,d,2019-04-22,Chelsea,2018
a,1.6298,1.12483,d,2019-04-28,Chelsea,2018
h,2.96478,1.2712,w,2019-05-05,Chelsea,2018
a,1.26735,0.345306,d,2019-05-12,Chelsea,2018
a,0.404253,4.34421,l,2018-08-12,West Ham,2018
h,1.10275,1.69077,l,2018-08-18,West Ham,2018
a,1.17924,1.7852,l,2018-08-25,West Ham,2018
h,0.888887,1.22301,l,2018-09-01,West Ham,2018
a,1.52437,1.26774,w,2018-09-16,West Ham,2018
h,1.0177,1.88344,d,2018-09-23,West Ham,2018
h,1.3029,0.865739,w,2018-09-29,West Ham,2018
a,1.43652,1.02566,l,2018-10-05,West Ham,2018
h,0.544268,1.11777,l,2018-10-20,West Ham,2018
a,1.56009,1.95344,d,2018-10-27,West Ham,2018
h,2.55739,0.882514,w,2018-11-03,West Ham,2018
a,1.44113,1.17524,d,2018-11-10,West Ham,2018
h,0.829504,2.95852,l,2018-11-24,West Ham,2018
a,2.62697,1.12583,w,2018-12-01,West Ham,2018
h,1.57488,1.93448,w,2018-12-04,West Ham,2018
h,1.53635,0.934613,w,2018-12-08,West Ham,2018
a,0.75325,1.03424,w,2018-12-15,West Ham,2018
h,2.06507,2.32983,l,2018-12-22,West Ham,2018
a,1.26973,1.28665,w,2018-12-27,West Ham,2018
a,0.656044,2.89884,l,2018-12-30,West Ham,2018
h,0.639356,0.686806,d,2019-01-02,West Ham,2018
h,0.669394,0.685895,w,2019-01-12,West Ham,2018
a,0.971813,1.24835,l,2019-01-19,West Ham,2018
a,0.130179,2.0363,l,2019-01-29,West Ham,2018
h,0.791319,1.12475,d,2019-02-04,West Ham,2018
a,1.74711,2.68412,d,2019-02-09,West Ham,2018
h,2.72871,1.23555,w,2019-02-22,West Ham,2018
a,0.400125,3.67741,l,2019-02-27,West Ham,2018
h,1.88895,1.18549,w,2019-03-02,West Ham,2018
a,0.295869,3.49275,l,2019-03-09,West Ham,2018
h,1.88114,1.66909,w,2019-03-16,West Ham,2018
h,0.0891639,2.65983,l,2019-03-30,West Ham,2018
a,0.471195,2.23287,l,2019-04-08,West Ham,2018
a,1.42817,2.65125,l,2019-04-13,West Ham,2018
h,1.36558,0.8065,d,2019-04-20,West Ham,2018
a,0.991558,1.35378,w,2019-04-27,West Ham,2018
h,1.99866,0.443686,w,2019-05-04,West Ham,2018
a,3.20094,2.06986,w,2019-05-12,West Ham,2018
a,2.58097,0.974497,w,2018-08-11,Tottenham,2018
h,3.26713,1.44253,w,2018-08-18,Tottenham,2018
a,1.80811,1.40321,w,2018-08-27,Tottenham,2018
a,0.582521,0.454309,l,2018-09-02,Tottenham,2018
h,0.788168,3.01015,l,2018-09-15,Tottenham,2018
a,2.11655,0.817174,w,2018-09-22,Tottenham,2018
a,2.33733,0.339245,w,2018-09-29,Tottenham,2018
h,2.6517,1.13843,w,2018-10-06,Tottenham,2018
a,1.11777,0.544268,w,2018-10-20,Tottenham,2018
h,0.442436,1.93588,l,2018-10-29,Tottenham,2018
a,1.63123,2.40643,w,2018-11-03,Tottenham,2018
a,1.55381,0.688016,w,2018-11-10,Tottenham,2018
h,3.34649,0.962804,w,2018-11-24,Tottenham,2018
a,1.0926,2.71421,l,2018-12-02,Tottenham,2018
h,1.73642,1.82434,w,2018-12-05,Tottenham,2018
a,0.917968,0.357742,w,2018-12-08,Tottenham,2018
h,1.74625,0.451196,w,2018-12-15,Tottenham,2018
a,2.55514,1.00121,w,2018-12-23,Tottenham,2018
h,2.23457,1.21736,w,2018-12-26,Tottenham,2018
h,0.277704,1.20867,l,2018-12-29,Tottenham,2018
a,1.38282,1.0789,w,2019-01-01,Tottenham,2018
h,1.80359,0.957777,l,2019-01-13,Tottenham,2018
a,1.93316,0.937902,w,2019-01-20,Tottenham,2018
h,1.36248,0.479838,w,2019-01-30,Tottenham,2018
h,3.10409,0.400152,w,2019-02-02,Tottenham,2018
h,1.21144,3.02164,w,2019-02-10,Tottenham,2018
a,0.845211,1.08514,l,2019-02-23,Tottenham,2018
a,0.722229,0.625978,l,2019-02-27,Tottenham,2018
h,1.76818,3.45713,d,2019-03-02,Tottenham,2018
a,1.26876,2.07772,l,2019-03-09,Tottenham,2018
a,1.04822,1.0931,l,2019-03-31,Tottenham,2018
h,2.57376,0.564317,w,2019-04-03,Tottenham,2018
h,2.78596,0.983527,w,2019-04-13,Tottenham,2018
a,1.19894,2.06185,l,2019-04-20,Tottenham,2018
h,1.0032,0.143138,w,2019-04-23,Tottenham,2018
h,1.35378,0.991558,l,2019-04-27,Tottenham,2018
a,0.713362,2.22622,l,2019-05-04,Tottenham,2018
h,0.882608,2.06851,d,2019-05-12,Tottenham,2018
h,0.445187,2.0178,l,2018-08-12,Arsenal,2018
a,2.45798,1.71799,l,2018-08-18,Arsenal,2018
h,1.7852,1.17924,w,2018-08-25,Arsenal,2018
a,1.41005,0.77426,w,2018-09-02,Arsenal,2018
a,0.90461,0.412121,w,2018-09-15,Arsenal,2018
h,0.930544,1.06523,w,2018-09-23,Arsenal,2018
h,1.57061,2.62141,w,2018-09-29,Arsenal,2018
a,1.13706,1.31588,w,2018-10-07,Arsenal,2018
h,2.91637,0.932491,w,2018-10-22,Arsenal,2018
a,0.845197,2.38115,d,2018-10-28,Arsenal,2018
h,1.62321,1.19558,d,2018-11-03,Arsenal,2018
h,0.965843,1.86549,d,2018-11-11,Arsenal,2018
a,1.71044,0.650884,w,2018-11-25,Arsenal,2018
h,2.71421,1.0926,w,2018-12-02,Arsenal,2018
a,1.73226,1.33679,d,2018-12-05,Arsenal,2018
h,2.02156,0.308361,w,2018-12-08,Arsenal,2018
a,1.85763,1.21163,l,2018-12-16,Arsenal,2018
h,1.4656,1.03237,w,2018-12-22,Arsenal,2018
a,0.789138,1.38502,d,2018-12-26,Arsenal,2018
a,1.08186,3.7053,l,2018-12-29,Arsenal,2018
h,4.43325,1.71312,w,2019-01-01,Arsenal,2018
a,0.685895,0.669394,l,2019-01-12,Arsenal,2018
h,2.09412,0.755304,w,2019-01-19,Arsenal,2018
h,2.69339,0.597893,w,2019-01-29,Arsenal,2018
a,0.703542,3.03102,l,2019-02-03,Arsenal,2018
a,1.46751,1.96816,w,2019-02-09,Arsenal,2018
h,2.35088,0.613167,w,2019-02-24,Arsenal,2018
h,3.18716,0.88618,w,2019-02-27,Arsenal,2018
a,3.45713,1.76818,d,2019-03-02,Arsenal,2018
h,1.52723,2.3703,w,2019-03-10,Arsenal,2018
h,1.04458,0.0441445,w,2019-04-01,Arsenal,2018
a,0.201885,2.69396,l,2019-04-07,Arsenal,2018
a,2.2668,1.12595,w,2019-04-15,Arsenal,2018
h,1.54245,2.56216,l,2019-04-21,Arsenal,2018
a,0.939754,0.982018,l,2019-04-24,Arsenal,2018
a,0.600697,3.6797,l,2019-04-28,Arsenal,2018
h,2.36178,1.90585,d,2019-05-05,Arsenal,2018
a,2.87276,1.72939,w,2019-05-12,Arsenal,2018
h,0.974497,2.58097,l,2018-08-11,Newcastle United,2018
a,1.55405,1.15521,d,2018-08-18,Newcastle United,2018
h,0.209337,1.49669,l,2018-08-26,Newcastle United,2018
a,0.554763,2.46904,l,2018-09-01,Newcastle United,2018
h,0.412121,0.90461,l,2018-09-15,Newcastle United,2018
a,0.229309,0.930793,d,2018-09-22,Newcastle United,2018
h,0.397301,1.34341,l,2018-09-29,Newcastle United,2018
a,1.55962,2.40631,l,2018-10-06,Newcastle United,2018
h,1.71169,0.675798,l,2018-10-20,Newcastle United,2018
a,0.297646,1.19216,d,2018-10-27,Newcastle United,2018
h,0.691575,2.5452,w,2018-11-03,Newcastle United,2018
h,2.57545,1.91687,w,2018-11-10,Newcastle United,2018
a,1.67701,1.49487,w,2018-11-26,Newcastle United,2018
h,1.12583,2.62697,l,2018-12-01,Newcastle United,2018
a,1.52214,2.10943,d,2018-12-05,Newcastle United,2018
h,0.4601,1.57799,l,2018-12-09,Newcastle United,2018
a,0.931041,0.671382,w,2018-12-15,Newcastle United,2018
h,0.289508,0.245408,d,2018-12-22,Newcastle United,2018
a,0.456309,3.24988,l,2018-12-26,Newcastle United,2018
a,0.661713,1.05566,d,2018-12-29,Newcastle United,2018
h,0.691878,2.6754,l,2019-01-02,Newcastle United,2018
a,0.395148,1.32355,l,2019-01-12,Newcastle United,2018
h,2.518,0.255727,w,2019-01-19,Newcastle United,2018
h,0.992326,1.33896,w,2019-01-29,Newcastle United,2018
a,0.400152,3.10409,l,2019-02-02,Newcastle United,2018
a,0.435263,2.30998,d,2019-02-11,Newcastle United,2018
h,3.03313,0.133934,w,2019-02-23,Newcastle United,2018
h,1.70312,1.74201,w,2019-02-26,Newcastle United,2018
a,1.18549,1.88895,l,2019-03-02,Newcastle United,2018
h,2.37896,1.15114,w,2019-03-09,Newcastle United,2018
a,1.02847,1.61666,d,2019-03-16,Newcastle United,2018
a,0.0441445,1.04458,l,2019-04-01,Newcastle United,2018
h,0.943175,0.907988,l,2019-04-06,Newcastle United,2018
a,0.945804,0.877377,w,2019-04-12,Newcastle United,2018
h,1.23033,1.27102,w,2019-04-20,Newcastle United,2018
a,0.43797,1.20482,d,2019-04-27,Newcastle United,2018
h,1.29707,1.48081,l,2019-05-04,Newcastle United,2018
a,1.95921,0.569845,w,2019-05-12,Newcastle United,2018
h,4.34421,0.404253,w,2018-08-12,Liverpool,2018
a,2.82183,0.368608,w,2018-08-20,Liverpool,2018
h,1.81412,0.535616,w,2018-08-25,Liverpool,2018
a,1.22722,0.981217,w,2018-09-01,Liverpool,2018
a,3.01015,0.788168,w,2018-09-15,Liverpool,2018
h,1.77893,0.310467,w,2018-09-22,Liverpool,2018
a,1.74071,1.77638,d,2018-09-29,Liverpool,2018
h,0.433994,1.07481,d,2018-10-07,Liverpool,2018
a,0.663819,0.638341,w,2018-10-20,Liverpool,2018
h,2.30176,0.643117,w,2018-10-27,Liverpool,2018
a,1.19558,1.62321,d,2018-11-03,Liverpool,2018
h,2.22417,0.571301,w,2018-11-11,Liverpool,2018
a,1.45314,0.673382,w,2018-11-24,Liverpool,2018
h,3.07574,1.23014,w,2018-12-02,Liverpool,2018
a,2.73897,1.05809,w,2018-12-05,Liverpool,2018
a,1.80619,0.279142,w,2018-12-08,Liverpool,2018
h,2.60435,0.658049,w,2018-12-16,Liverpool,2018
a,2.16356,0.763821,w,2018-12-21,Liverpool,2018
h,3.24988,0.456309,w,2018-12-26,Liverpool,2018
h,3.7053,1.08186,w,2018-12-29,Liverpool,2018
a,1.3801,1.00357,l,2019-01-03,Liverpool,2018
a,2.2665,0.384198,w,2019-01-12,Liverpool,2018
h,2.8299,0.695213,w,2019-01-19,Liverpool,2018
h,0.576336,1.1272,d,2019-01-30,Liverpool,2018
a,1.12475,0.791319,d,2019-02-04,Liverpool,2018
h,2.53003,0.390995,w,2019-02-09,Liverpool,2018
a,0.380519,0.474869,d,2019-02-24,Liverpool,2018
h,2.74266,0.630423,w,2019-02-27,Liverpool,2018
a,0.811272,0.241879,d,2019-03-03,Liverpool,2018
h,4.12341,0.471571,w,2019-03-10,Liverpool,2018
a,2.73437,0.915765,w,2019-03-17,Liverpool,2018
h,1.0931,1.04822,w,2019-03-31,Liverpool,2018
a,2.00654,0.718394,w,2019-04-05,Liverpool,2018
h,1.30839,0.873177,w,2019-04-14,Liverpool,2018
a,2.42404,1.1187,w,2019-04-21,Liverpool,2018
h,3.58922,0.1624,w,2019-04-26,Liverpool,2018
a,1.48081,1.29707,w,2019-05-04,Liverpool,2018
h,1.70197,0.883861,w,2019-05-12,Liverpool,2018
a,2.0178,0.445187,w,2018-08-12,Manchester City,2018
h,4.60356,0.663731,w,2018-08-19,Manchester City,2018
a,1.84293,1.26376,d,2018-08-25,Manchester City,2018
h,2.46904,0.554763,w,2018-09-01,Manchester City,2018
h,4.91621,0.342698,w,2018-09-15,Manchester City,2018
a,3.08415,0.0980726,w,2018-09-22,Manchester City,2018
h,2.90697,0.23023,w,2018-09-29,Manchester City,2018
a,1.07481,0.433994,d,2018-10-07,Manchester City,2018
h,4.48577,0.370236,w,2018-10-20,Manchester City,2018
a,1.93588,0.442436,w,2018-10-29,Manchester City,2018
h,2.76272,1.81466,w,2018-11-04,Manchester City,2018
h,2.02764,0.97089,w,2018-11-11,Manchester City,2018
a,2.95852,0.829504,w,2018-11-24,Manchester City,2018
h,2.83557,0.715009,w,2018-12-01,Manchester City,2018
a,2.51933,1.672,w,2018-12-04,Manchester City,2018
a,0.740048,0.526329,l,2018-12-08,Manchester City,2018
h,1.79848,1.6235,w,2018-12-15,Manchester City,2018
h,1.27118,1.14609,l,2018-12-22,Manchester City,2018
a,1.34781,1.55714,l,2018-12-26,Manchester City,2018
a,2.96802,0.221381,w,2018-12-30,Manchester City,2018
h,1.00357,1.3801,w,2019-01-03,Manchester City,2018
h,3.11947,0.0985446,w,2019-01-14,Manchester City,2018
a,2.01376,0.764264,w,2019-01-20,Manchester City,2018
a,1.33896,0.992326,l,2019-01-29,Manchester City,2018
h,3.03102,0.703542,w,2019-02-03,Manchester City,2018
a,2.60922,0.111559,w,2019-02-06,Manchester City,2018
h,4.04218,0.901867,w,2019-02-10,Manchester City,2018
h,3.67741,0.400125,w,2019-02-27,Manchester City,2018
a,1.59515,0,w,2019-03-02,Manchester City,2018
h,3.75714,0.407168,w,2019-03-09,Manchester City,2018
a,2.31513,0.661491,w,2019-03-30,Manchester City,2018
h,3.53913,0.135788,w,2019-04-03,Manchester City,2018
a,2.86236,0.318169,w,2019-04-14,Manchester City,2018
h,2.06185,1.19894,w,2019-04-20,Manchester City,2018
a,0.530481,0.514509,w,2019-04-24,Manchester City,2018
a,2.34878,0.0899809,w,2019-04-28,Manchester City,2018
h,1.08617,0.537307,w,2019-05-06,Manchester City,2018
a,2.22234,0.595313,w,2019-05-12,Manchester City,2018
h,1.5137,1.73813,w,2018-08-10,Manchester United,2018
a,1.56579,1.63672,l,2018-08-19,Manchester United,2018
h,1.40321,1.80811,l,2018-08-27,Manchester United,2018
a,2.90359,1.09923,w,2018-09-02,Manchester United,2018
a,1.64902,1.17523,w,2018-09-15,Manchester United,2018
h,0.62283,1.1185,d,2018-09-22,Manchester United,2018
a,0.865739,1.3029,l,2018-09-29,Manchester United,2018
h,2.40631,1.55962,w,2018-10-06,Manchester United,2018
a,1.11454,2.21163,d,2018-10-20,Manchester United,2018
h,2.51393,1.67348,w,2018-10-28,Manchester United,2018
a,3.29249,1.928,w,2018-11-03,Manchester United,2018
a,0.97089,2.02764,l,2018-11-11,Manchester United,2018
h,1.34245,1.05292,d,2018-11-24,Manchester United,2018
a,0.904803,0.623954,d,2018-12-01,Manchester United,2018
h,1.33679,1.73226,d,2018-12-05,Manchester United,2018
h,3.15444,1.23251,w,2018-12-08,Manchester United,2018
a,0.658049,2.60435,l,2018-12-16,Manchester United,2018
a,2.72523,1.27173,w,2018-12-22,Manchester United,2018
h,1.79848,1.40594,w,2018-12-26,Manchester United,2018
h,3.41874,0.705549,w,2018-12-30,Manchester United,2018
a,2.6754,0.691878,w,2019-01-02,Manchester United,2018
a,0.957777,1.80359,w,2019-01-13,Manchester United,2018
h,2.64005,0.635111,w,2019-01-19,Manchester United,2018
h,3.23417,0.934603,d,2019-01-29,Manchester United,2018
a,1.49717,1.40067,w,2019-02-03,Manchester United,2018
a,2.13209,2.18741,w,2019-02-09,Manchester United,2018
h,0.474869,0.380519,d,2019-02-24,Manchester United,2018
a,1.54089,1.69334,w,2019-02-27,Manchester United,2018
h,2.54216,0.578485,w,2019-03-02,Manchester United,2018
a,2.3703,1.52723,l,2019-03-10,Manchester United,2018
h,1.98052,1.35208,w,2019-03-30,Manchester United,2018
a,2.03847,1.65044,l,2019-04-02,Manchester United,2018
h,2.65125,1.42817,w,2019-04-13,Manchester United,2018
a,0.305982,1.5204,l,2019-04-21,Manchester United,2018
h,0.514509,0.530481,l,2019-04-24,Manchester United,2018
h,1.12483,1.6298,d,2019-04-28,Manchester United,2018
a,1.88049,0.73663,d,2019-05-05,Manchester United,2018
h,1.89555,1.71095,l,2019-05-12,Manchester United,2018
h,1.42372,0.45504,w,2018-08-11,Watford,2018
a,1.9171,0.392642,w,2018-08-19,Watford,2018
h,1.14596,1.21905,w,2018-08-26,Watford,2018
h,0.454309,0.582521,w,2018-09-02,Watford,2018
h,1.17523,1.64902,l,2018-09-15,Watford,2018
a,1.76133,1.77245,d,2018-09-22,Watford,2018
a,2.62141,1.57061,l,2018-09-29,Watford,2018
h,1.06613,3.28471,l,2018-10-06,Watford,2018
a,1.0684,0.47391,w,2018-10-20,Watford,2018
h,2.29622,0.479655,w,2018-10-27,Watford,2018
a,2.5452,0.691575,l,2018-11-03,Watford,2018
a,1.07573,1.20211,d,2018-11-10,Watford,2018
h,0.673382,1.45314,l,2018-11-24,Watford,2018
a,1.19923,1.41758,l,2018-12-01,Watford,2018
h,1.672,2.51933,l,2018-12-04,Watford,2018
a,1.63043,1.72686,d,2018-12-10,Watford,2018
h,1.64998,0.485768,w,2018-12-15,Watford,2018
a,2.32983,2.06507,w,2018-12-22,Watford,2018
h,1.24414,2.1956,l,2018-12-26,Watford,2018
h,1.05566,0.661713,d,2018-12-29,Watford,2018
a,0.977046,2.84828,d,2019-01-02,Watford,2018
a,1.56262,1.1617,w,2019-01-12,Watford,2018
h,1.06981,1.97256,d,2019-01-19,Watford,2018
a,0.479838,1.36248,l,2019-01-30,Watford,2018
a,0.279297,1.83528,d,2019-02-02,Watford,2018
h,1.53311,0.641094,w,2019-02-09,Watford,2018
a,2.75798,1.90045,w,2019-02-22,Watford,2018
a,0.630423,2.74266,l,2019-02-27,Watford,2018
h,1.36515,0.794683,w,2019-03-03,Watford,2018
a,0.407168,3.75714,l,2019-03-09,Watford,2018
a,1.35208,1.98052,l,2019-03-30,Watford,2018
h,1.59338,1.90917,w,2019-04-02,Watford,2018
h,1.12595,2.2668,l,2019-04-15,Watford,2018
a,1.08462,1.09072,w,2019-04-20,Watford,2018
h,1.27253,2.11999,d,2019-04-23,Watford,2018
h,0.896093,2.44357,l,2019-04-27,Watford,2018
a,1.2712,2.96478,l,2019-05-05,Watford,2018
h,2.06986,3.20094,l,2019-05-12,Watford,2018
a,1.40827,1.01994,d,2018-08-12,Burnley,2018
h,0.392642,1.9171,l,2018-08-19,Burnley,2018
a,1.56882,1.92459,l,2018-08-25,Burnley,2018
h,1.09923,2.90359,l,2018-09-02,Burnley,2018
a,0.208994,3.3916,l,2018-09-16,Burnley,2018
h,2.29417,0.976413,w,2018-09-22,Burnley,2018
a,0.111527,1.56707,w,2018-09-30,Burnley,2018
h,0.353128,1.02549,d,2018-10-06,Burnley,2018
a,0.370236,4.48577,l,2018-10-20,Burnley,2018
h,0.269828,3.01621,l,2018-10-28,Burnley,2018
a,0.882514,2.55739,l,2018-11-03,Burnley,2018
a,0.368393,1.5091,d,2018-11-10,Burnley,2018
h,1.49487,1.67701,l,2018-11-26,Burnley,2018
a,0.302477,2.03785,l,2018-12-01,Burnley,2018
h,1.05809,2.73897,l,2018-12-05,Burnley,2018
h,1.81251,0.951507,w,2018-12-08,Burnley,2018
a,0.451196,1.74625,l,2018-12-15,Burnley,2018
a,1.03237,1.4656,l,2018-12-22,Burnley,2018
h,1.88646,1.8875,l,2018-12-26,Burnley,2018
h,2.89884,0.656044,w,2018-12-30,Burnley,2018
a,2.66309,0.621818,w,2019-01-02,Burnley,2018
h,0.809801,0.903255,w,2019-01-12,Burnley,2018
a,1.97256,1.06981,d,2019-01-19,Burnley,2018
a,0.934603,3.23417,d,2019-01-29,Burnley,2018
h,2.00175,0.787747,d,2019-02-02,Burnley,2018
a,1.83041,1.31614,w,2019-02-09,Burnley,2018
h,1.08514,0.845211,w,2019-02-23,Burnley,2018
a,1.74201,1.70312,l,2019-02-26,Burnley,2018
h,1.90872,0.706284,l,2019-03-02,Burnley,2018
a,0.471571,4.12341,l,2019-03-10,Burnley,2018
h,1.17008,0.608954,l,2019-03-16,Burnley,2018
h,0.572695,0.397928,w,2019-03-30,Burnley,2018
a,1.38919,1.20888,w,2019-04-06,Burnley,2018
h,2.84358,0.872224,w,2019-04-13,Burnley,2018
a,0.788788,1.28197,d,2019-04-22,Burnley,2018
h,0.0899809,2.34878,l,2019-04-28,Burnley,2018
a,0.473292,1.76461,l,2019-05-03,Burnley,2018
h,1.72939,2.87276,l,2019-05-12,Burnley,2018
h,0.396115,2.31427,l,2018-08-11,Huddersfield,2018
a,0.663731,4.60356,l,2018-08-19,Huddersfield,2018
h,0.203453,1.06351,d,2018-08-25,Huddersfield,2018
a,0.660035,0.616013,d,2018-09-01,Huddersfield,2018
h,0.87744,0.746631,l,2018-09-15,Huddersfield,2018
a,0.688176,1.80404,l,2018-09-22,Huddersfield,2018
h,0.339245,2.33733,l,2018-09-29,Huddersfield,2018
a,1.02549,0.353128,d,2018-10-06,Huddersfield,2018
h,0.638341,0.663819,l,2018-10-20,Huddersfield,2018
a,0.479655,2.29622,l,2018-10-27,Huddersfield,2018
h,0.51433,0.354166,w,2018-11-05,Huddersfield,2018
h,1.17524,1.44113,d,2018-11-10,Huddersfield,2018
a,0.627281,0.701036,w,2018-11-25,Huddersfield,2018
h,0.558083,1.67998,l,2018-12-01,Huddersfield,2018
a,1.5631,1.07393,l,2018-12-04,Huddersfield,2018
a,0.308361,2.02156,l,2018-12-08,Huddersfield,2018
h,0.671382,0.931041,l,2018-12-15,Huddersfield,2018
h,1.0038,2.60172,l,2018-12-22,Huddersfield,2018
a,1.40594,1.79848,l,2018-12-26,Huddersfield,2018
a,0.276791,1.72386,l,2018-12-29,Huddersfield,2018
h,0.621818,2.66309,l,2019-01-02,Huddersfield,2018
a,0.39468,0.124558,d,2019-01-12,Huddersfield,2018
h,0.764264,2.01376,l,2019-01-20,Huddersfield,2018
h,0.73078,1.05995,l,2019-01-29,Huddersfield,2018
a,0.260391,2.94236,l,2019-02-02,Huddersfield,2018
h,1.96816,1.46751,l,2019-02-09,Huddersfield,2018
a,0.133934,3.03313,l,2019-02-23,Huddersfield,2018
h,1.46224,0.573166,w,2019-02-26,Huddersfield,2018
a,0.2014,1.39896,l,2019-03-02,Huddersfield,2018
h,0.339087,2.16389,l,2019-03-09,Huddersfield,2018
a,1.66909,1.88114,l,2019-03-16,Huddersfield,2018
a,0.926991,2.84701,l,2019-03-30,Huddersfield,2018
h,1.62301,3.61876,l,2019-04-06,Huddersfield,2018
a,0.983527,2.78596,l,2019-04-13,Huddersfield,2018
h,1.09072,1.08462,l,2019-04-20,Huddersfield,2018
a,0.1624,3.58922,l,2019-04-26,Huddersfield,2018
h,0.73663,1.88049,d,2019-05-05,Huddersfield,2018
a,0.857152,0.941018,d,2019-05-12,Huddersfield,2018
a,0.45504,1.42372,l,2018-08-11,Brighton,2018
h,1.63672,1.56579,w,2018-08-19,Brighton,2018
a,0.535616,1.81412,l,2018-08-25,Brighton,2018
h,2.68216,1.51555,d,2018-09-01,Brighton,2018
a,1.97094,2.19521,d,2018-09-17,Brighton,2018
h,0.817174,2.11655,l,2018-09-22,Brighton,2018
a,0.23023,2.90697,l,2018-09-29,Brighton,2018
h,1.02566,1.43652,w,2018-10-05,Brighton,2018
a,0.675798,1.71169,w,2018-10-20,Brighton,2018
h,1.01337,1.38027,w,2018-10-27,Brighton,2018
a,0.676348,2.59305,l,2018-11-03,Brighton,2018
a,0.767044,1.94297,l,2018-11-10,Brighton,2018
h,0.862315,1.12521,d,2018-11-24,Brighton,2018
a,1.67998,0.558083,w,2018-12-01,Brighton,2018
h,1.2521,1.5329,w,2018-12-04,Brighton,2018
a,0.951507,1.81251,l,2018-12-08,Brighton,2018
h,0.26126,1.6111,l,2018-12-16,Brighton,2018
a,0.825478,0.892502,l,2018-12-22,Brighton,2018
h,1.38502,0.789138,d,2018-12-26,Brighton,2018
h,1.60311,0.655851,w,2018-12-29,Brighton,2018
a,0.686806,0.639356,d,2019-01-02,Brighton,2018
h,0.384198,2.2665,l,2019-01-12,Brighton,2018
a,0.635111,2.64005,l,2019-01-19,Brighton,2018
a,2.36867,3.46113,l,2019-01-29,Brighton,2018
h,1.83528,0.279297,d,2019-02-02,Brighton,2018
h,1.31614,1.83041,l,2019-02-09,Brighton,2018
a,1.20566,1.92171,l,2019-02-26,Brighton,2018
h,1.39896,0.2014,w,2019-03-02,Brighton,2018
a,0.129312,1.44291,w,2019-03-09,Brighton,2018
h,0.560521,0.857436,l,2019-03-30,Brighton,2018
a,0.440898,3.12416,l,2019-04-03,Brighton,2018
h,0.206731,2.76885,l,2019-04-13,Brighton,2018
h,0.588539,0.819472,l,2019-04-16,Brighton,2018
a,0.115051,2.60447,d,2019-04-20,Brighton,2018
a,0.143138,1.0032,l,2019-04-23,Brighton,2018
h,1.20482,0.43797,d,2019-04-27,Brighton,2018
a,1.90585,2.36178,d,2019-05-05,Brighton,2018
h,0.595313,2.22234,l,2019-05-12,Brighton,2018
a,1.50693,2.60022,l,2018-08-11,Cardiff,2018
h,1.15521,1.55405,d,2018-08-18,Cardiff,2018
a,1.06351,0.203453,d,2018-08-25,Cardiff,2018
h,0.77426,1.41005,l,2018-09-02,Cardiff,2018
a,0.8276,2.67145,l,2018-09-15,Cardiff,2018
h,0.0980726,3.08415,l,2018-09-22,Cardiff,2018
h,1.56707,0.111527,l,2018-09-30,Cardiff,2018
a,1.13843,2.6517,l,2018-10-06,Cardiff,2018
h,1.7562,0.947712,w,2018-10-20,Cardiff,2018
a,0.643117,2.30176,l,2018-10-27,Cardiff,2018
h,0.922262,2.18288,l,2018-11-03,Cardiff,2018
h,1.94297,0.767044,w,2018-11-10,Cardiff,2018
a,0.879108,2.48066,l,2018-11-24,Cardiff,2018
h,1.09264,0.987623,w,2018-11-30,Cardiff,2018
a,1.93448,1.57488,l,2018-12-04,Cardiff,2018
h,1.55832,0.501128,w,2018-12-08,Cardiff,2018
a,0.485768,1.64998,l,2018-12-15,Cardiff,2018
h,1.27173,2.72523,l,2018-12-22,Cardiff,2018
a,1.05926,2.43202,d,2018-12-26,Cardiff,2018
a,0.493212,1.51648,w,2018-12-29,Cardiff,2018
h,1.0789,1.38282,l,2019-01-01,Cardiff,2018
h,0.124558,0.39468,d,2019-01-12,Cardiff,2018
a,0.255727,2.518,l,2019-01-19,Cardiff,2018
a,0.597893,2.69339,l,2019-01-29,Cardiff,2018
h,2.53093,0.35199,w,2019-02-02,Cardiff,2018
a,0.980673,1.70666,w,2019-02-09,Cardiff,2018
h,1.90045,2.75798,l,2019-02-22,Cardiff,2018
h,0.219359,1.14212,l,2019-02-26,Cardiff,2018
a,0.702261,3.2075,l,2019-03-02,Cardiff,2018
h,3.49275,0.295869,w,2019-03-09,Cardiff,2018
h,0.446122,2.07834,l,2019-03-31,Cardiff,2018
a,0.135788,3.53913,l,2019-04-03,Cardiff,2018
a,0.872224,2.84358,l,2019-04-13,Cardiff,2018
a,0.819472,0.588539,w,2019-04-16,Cardiff,2018
h,1.1187,2.42404,l,2019-04-21,Cardiff,2018
a,1.11322,0.519072,l,2019-04-27,Cardiff,2018
h,1.4996,1.80991,l,2019-05-04,Cardiff,2018
a,1.71095,1.89555,w,2019-05-12,Cardiff,2018
h,0.638076,1.07816,l,2018-08-11,Fulham,2018
a,1.44253,3.26713,l,2018-08-18,Fulham,2018
h,1.92459,1.56882,w,2018-08-25,Fulham,2018
a,1.51555,2.68216,d,2018-09-01,Fulham,2018
a,0.342698,4.91621,l,2018-09-15,Fulham,2018
h,1.77245,1.76133,d,2018-09-22,Fulham,2018
a,0.536317,2.31538,l,2018-09-29,Fulham,2018
h,1.31588,1.13706,l,2018-10-07,Fulham,2018
a,0.947712,1.7562,l,2018-10-20,Fulham,2018
h,0.383833,2.10555,l,2018-10-27,Fulham,2018
a,0.354166,0.51433,l,2018-11-05,Fulham,2018
a,0.571301,2.22417,l,2018-11-11,Fulham,2018
h,1.3875,1.67163,w,2018-11-24,Fulham,2018
a,0.285256,2.17105,l,2018-12-02,Fulham,2018
h,1.47593,1.21575,d,2018-12-05,Fulham,2018
a,1.23251,3.15444,l,2018-12-08,Fulham,2018
h,1.03424,0.75325,l,2018-12-15,Fulham,2018
a,0.245408,0.289508,d,2018-12-22,Fulham,2018
h,1.2769,1.35896,d,2018-12-26,Fulham,2018
h,1.72386,0.276791,w,2018-12-29,Fulham,2018
a,1.71312,4.43325,l,2019-01-01,Fulham,2018
a,0.903255,0.809801,l,2019-01-12,Fulham,2018
h,0.937902,1.93316,l,2019-01-20,Fulham,2018
h,3.46113,2.36867,w,2019-01-29,Fulham,2018
a,0.560836,2.19582,l,2019-02-02,Fulham,2018
h,2.18741,2.13209,l,2019-02-09,Fulham,2018
a,1.23555,2.72871,l,2019-02-22,Fulham,2018
a,0.798715,1.15823,l,2019-02-27,Fulham,2018
h,0.898469,1.53632,l,2019-03-03,Fulham,2018
a,0.15103,2.13494,l,2019-03-09,Fulham,2018
h,0.915765,2.73437,l,2019-03-17,Fulham,2018
h,0.661491,2.31513,l,2019-03-30,Fulham,2018
a,1.90917,1.59338,l,2019-04-02,Fulham,2018
h,1.66303,1.29107,w,2019-04-13,Fulham,2018
a,2.61689,2.83739,w,2019-04-20,Fulham,2018
h,0.519072,1.11322,w,2019-04-27,Fulham,2018
a,0.512477,2.09397,l,2019-05-04,Fulham,2018
h,0.569845,1.95921,l,2019-05-12,Fulham,2018
h,0.891038,0.715382,d,2018-08-11,Wolverhampton Wanderers,2018
a,1.09349,0.222843,l,2018-08-18,Wolverhampton Wanderers,2018
h,1.26376,1.84293,d,2018-08-25,Wolverhampton Wanderers,2018
a,1.22301,0.888887,w,2018-09-01,Wolverhampton Wanderers,2018
h,3.3916,0.208994,w,2018-09-16,Wolverhampton Wanderers,2018
a,1.1185,0.62283,d,2018-09-22,Wolverhampton Wanderers,2018
h,1.42507,0.679627,w,2018-09-29,Wolverhampton Wanderers,2018
a,0.755654,1.03714,w,2018-10-06,Wolverhampton Wanderers,2018
h,0.47391,1.0684,l,2018-10-20,Wolverhampton Wanderers,2018
a,1.38027,1.01337,l,2018-10-27,Wolverhampton Wanderers,2018
h,2.40643,1.63123,l,2018-11-03,Wolverhampton Wanderers,2018
a,1.86549,0.965843,d,2018-11-11,Wolverhampton Wanderers,2018
h,0.701036,0.627281,l,2018-11-25,Wolverhampton Wanderers,2018
a,0.987623,1.09264,l,2018-11-30,Wolverhampton Wanderers,2018
h,0.682893,1.10702,w,2018-12-05,Wolverhampton Wanderers,2018
a,1.57799,0.4601,w,2018-12-09,Wolverhampton Wanderers,2018
h,2.02223,0.52685,w,2018-12-15,Wolverhampton Wanderers,2018
h,0.763821,2.16356,l,2018-12-21,Wolverhampton Wanderers,2018
a,1.35896,1.2769,d,2018-12-26,Wolverhampton Wanderers,2018
a,1.20867,0.277704,w,2018-12-29,Wolverhampton Wanderers,2018
h,0.656255,1.94658,l,2019-01-02,Wolverhampton Wanderers,2018
a,0.0985446,3.11947,l,2019-01-14,Wolverhampton Wanderers,2018
h,2.21719,1.3383100000000001,w,2019-01-19,Wolverhampton Wanderers,2018
h,2.0363,0.130179,w,2019-01-29,Wolverhampton Wanderers,2018
a,1.85729,1.36252,w,2019-02-02,Wolverhampton Wanderers,2018
h,2.30998,0.435263,d,2019-02-11,Wolverhampton Wanderers,2018
a,1.20286,2.13291,d,2019-02-23,Wolverhampton Wanderers,2018
a,0.573166,1.46224,l,2019-02-26,Wolverhampton Wanderers,2018
h,3.2075,0.702261,w,2019-03-02,Wolverhampton Wanderers,2018
a,0.609079,1.0471,d,2019-03-10,Wolverhampton Wanderers,2018
a,0.397928,0.572695,l,2019-03-30,Wolverhampton Wanderers,2018
h,1.65044,2.03847,w,2019-04-02,Wolverhampton Wanderers,2018
a,0.642825,3.80842,l,2019-04-13,Wolverhampton Wanderers,2018
h,2.60447,0.115051,d,2019-04-20,Wolverhampton Wanderers,2018
h,0.982018,0.939754,w,2019-04-24,Wolverhampton Wanderers,2018
a,2.44357,0.896093,w,2019-04-27,Wolverhampton Wanderers,2018
h,2.09397,0.512477,w,2019-05-04,Wolverhampton Wanderers,2018
a,0.883861,1.70197,l,2019-05-12,Wolverhampton Wanderers,2018
h,0.720574,0.27644,w,2017-08-12,Everton,2017
a,0.59971,1.14216,d,2017-08-21,Everton,2017
a,0.326655,1.16991,l,2017-08-27,Everton,2017
h,1.15144,2.17535,l,2017-09-09,Everton,2017
a,1.06298,3.28722,l,2017-09-17,Everton,2017
h,2.21092,0.384728,w,2017-09-23,Everton,2017
h,0.93376,0.383977,l,2017-10-01,Everton,2017
a,1.45518,1.05884,d,2017-10-15,Everton,2017
h,0.810989,3.86029,l,2017-10-22,Everton,2017
a,0.575236,1.36768,l,2017-10-29,Everton,2017
h,2.5796,2.05534,w,2017-11-05,Everton,2017
a,1.68728,2.02983,d,2017-11-18,Everton,2017
a,0.147724,1.97034,l,2017-11-26,Everton,2017
h,1.76497,1.03658,w,2017-11-29,Everton,2017
h,0.820024,0.223429,w,2017-12-02,Everton,2017
a,0.823217,1.89569,d,2017-12-10,Everton,2017
a,1.38719,0.570658,w,2017-12-13,Everton,2017
h,2.01756,0.766224,w,2017-12-18,Everton,2017
h,0.342403,1.84971,d,2017-12-23,Everton,2017
a,0.405775,1.18168,d,2017-12-26,Everton,2017
a,0.599608,1.39955,l,2017-12-30,Everton,2017
h,1.23952,1.26247,l,2018-01-01,Everton,2017
a,0.290345,4.21366,l,2018-01-13,Everton,2017
h,0.92355,1.34998,d,2018-01-20,Everton,2017
h,1.53072,2.65018,w,2018-01-31,Everton,2017
a,1.49065,3.19622,l,2018-02-03,Everton,2017
h,1.48792,1.65713,w,2018-02-10,Everton,2017
a,0.665127,0.606929,l,2018-02-24,Everton,2017
a,1.79993,2.33524,l,2018-03-03,Everton,2017
h,1.68868,0.321797,w,2018-03-10,Everton,2017
a,2.97881,0.894266,w,2018-03-17,Everton,2017
h,0.859628,1.91312,l,2018-03-31,Everton,2017
h,0.723427,0.947321,d,2018-04-07,Everton,2017
a,1.61456,1.19751,d,2018-04-14,Everton,2017
h,0.948534,0.480957,w,2018-04-23,Everton,2017
a,0.943754,0.56538,w,2018-04-28,Everton,2017
h,0.420891,0.634996,d,2018-05-05,Everton,2017
a,1.67867,1.18299,l,2018-05-13,Everton,2017
a,0.378659,1.18399,l,2017-08-12,Bournemouth,2017
h,0.766694,2.17717,l,2017-08-19,Bournemouth,2017
h,0.415402,1.76626,l,2017-08-26,Bournemouth,2017
a,0.577291,2.48732,l,2017-09-09,Bournemouth,2017
h,1.39529,0.874276,w,2017-09-15,Bournemouth,2017
a,0.384728,2.21092,l,2017-09-23,Bournemouth,2017
h,1.39901,0.594808,d,2017-09-30,Bournemouth,2017
a,0.17504,1.95684,l,2017-10-14,Bournemouth,2017
a,1.11834,1.60117,w,2017-10-21,Bournemouth,2017
h,0.455055,1.78362,l,2017-10-28,Bournemouth,2017
a,1.28703,0.676091,w,2017-11-04,Bournemouth,2017
h,1.38782,1.1633,w,2017-11-18,Bournemouth,2017
a,0.449075,0.879594,d,2017-11-25,Bournemouth,2017
h,0.915088,1.08519,l,2017-11-29,Bournemouth,2017
h,1.11195,1.00264,d,2017-12-03,Bournemouth,2017
a,0.962374,4.61208,d,2017-12-09,Bournemouth,2017
a,0.815792,1.24043,l,2017-12-13,Bournemouth,2017
h,0.539178,3.25041,l,2017-12-17,Bournemouth,2017
a,0.334896,1.55724,l,2017-12-23,Bournemouth,2017
h,2.84928,1.87596,d,2017-12-26,Bournemouth,2017
h,1.39955,0.599608,w,2017-12-30,Bournemouth,2017
a,1.28248,2.37332,d,2018-01-01,Bournemouth,2017
h,0.822285,1.00956,w,2018-01-14,Bournemouth,2017
a,0.501886,0.980241,d,2018-01-20,Bournemouth,2017
a,1.42447,1.14795,w,2018-01-31,Bournemouth,2017
h,1.91091,0.721222,w,2018-02-03,Bournemouth,2017
a,0.433555,2.56699,l,2018-02-11,Bournemouth,2017
h,1.20646,4.23567,d,2018-02-24,Bournemouth,2017
a,1.4035,2.97799,d,2018-03-03,Bournemouth,2017
h,1.17387,2.53124,l,2018-03-11,Bournemouth,2017
h,0.685329,1.74488,w,2018-03-17,Bournemouth,2017
a,2.1146,0.76133,d,2018-03-31,Bournemouth,2017
h,2.09227,1.14558,d,2018-04-07,Bournemouth,2017
a,0.540593,2.6402,l,2018-04-14,Bournemouth,2017
h,1.18301,1.61597,l,2018-04-18,Bournemouth,2017
a,1.01741,1.72584,l,2018-04-28,Bournemouth,2017
h,1.69618,1.0138,w,2018-05-05,Bournemouth,2017
a,1.38551,1.16179,w,2018-05-13,Bournemouth,2017
h,2.21748,0.406196,d,2017-08-12,Southampton,2017
h,2.1424,1.53269,w,2017-08-19,Southampton,2017
a,0.795911,1.51605,d,2017-08-26,Southampton,2017
h,0.331259,0.57794,l,2017-09-09,Southampton,2017
a,1.11428,2.03243,w,2017-09-16,Southampton,2017
h,0.802062,1.07247,l,2017-09-23,Southampton,2017
a,1.42781,2.68136,l,2017-09-30,Southampton,2017
h,1.71445,0.950997,d,2017-10-15,Southampton,2017
h,2.02288,0.504128,w,2017-10-21,Southampton,2017
a,0.54364,1.50533,d,2017-10-29,Southampton,2017
h,0.789259,0.137743,l,2017-11-04,Southampton,2017
a,0.563886,2.06277,l,2017-11-18,Southampton,2017
h,1.97034,0.147724,w,2017-11-26,Southampton,2017
a,1.7066,1.64952,l,2017-11-29,Southampton,2017
a,1.00264,1.11195,d,2017-12-03,Southampton,2017
h,1.21942,0.608352,d,2017-12-10,Southampton,2017
h,1.11749,2.24579,l,2017-12-13,Southampton,2017
a,0.587081,1.29018,l,2017-12-16,Southampton,2017
h,1.73805,1.09381,d,2017-12-23,Southampton,2017
a,0.591118,3.08413,l,2017-12-26,Southampton,2017
a,0.85013,1.87247,d,2017-12-30,Southampton,2017
h,0.445301,1.34294,l,2018-01-02,Southampton,2017
a,0.857637,1.67369,d,2018-01-13,Southampton,2017
h,1.15209,1.30653,d,2018-01-21,Southampton,2017
h,1.27393,1.07907,d,2018-01-31,Southampton,2017
a,0.99695,0.876603,w,2018-02-03,Southampton,2017
h,0.854343,2.35575,l,2018-02-11,Southampton,2017
a,0.65898,1.28178,d,2018-02-24,Southampton,2017
h,0.982895,0.385303,d,2018-03-03,Southampton,2017
a,0.496723,1.35847,l,2018-03-10,Southampton,2017
a,0.446641,1.44971,l,2018-03-31,Southampton,2017
a,2.16699,1.58895,l,2018-04-08,Southampton,2017
h,1.2922,0.663817,l,2018-04-14,Southampton,2017
a,0.65117100000000006,0.515248,d,2018-04-19,Southampton,2017
h,1.72584,1.01741,w,2018-04-28,Southampton,2017
a,0.634996,0.420891,d,2018-05-05,Southampton,2017
a,1.48865,0.389621,w,2018-05-08,Southampton,2017
h,0.506624,0.765614,l,2018-05-13,Southampton,2017
a,1.46495,2.54329,l,2017-08-11,Leicester,2017
h,1.88355,0.123075,w,2017-08-19,Leicester,2017
a,0.670573,2.73725,l,2017-08-26,Leicester,2017
h,1.34903,1.03943,l,2017-09-09,Leicester,2017
a,1.24181,0.700349,d,2017-09-16,Leicester,2017
h,2.88766,1.92902,l,2017-09-23,Leicester,2017
a,0.594808,1.39901,d,2017-09-30,Leicester,2017
h,0.964277,0.155254,d,2017-10-16,Leicester,2017
a,1.80814,0.559618,w,2017-10-21,Leicester,2017
h,1.36768,0.575236,w,2017-10-29,Leicester,2017
a,1.39563,1.22988,d,2017-11-04,Leicester,2017
h,0.0970457,2.40056,l,2017-11-18,Leicester,2017
a,0.453851,0.775297,d,2017-11-24,Leicester,2017
h,0.924575,2.50552,w,2017-11-28,Leicester,2017
h,1.61269,0.789388,w,2017-12-02,Leicester,2017
a,0.444099,0.964657,w,2017-12-09,Leicester,2017
a,2.24579,1.11749,w,2017-12-13,Leicester,2017
h,0.758241,2.25889,l,2017-12-16,Leicester,2017
h,1.56465,2.15281,d,2017-12-23,Leicester,2017
a,1.54771,1.43009,l,2017-12-26,Leicester,2017
a,0.789667,2.56607,l,2017-12-30,Leicester,2017
h,1.45074,0.226625,w,2018-01-01,Leicester,2017
a,1.36341,0.622946,d,2018-01-13,Leicester,2017
h,1.51932,0.740795,w,2018-01-20,Leicester,2017
a,2.65018,1.53072,l,2018-01-31,Leicester,2017
h,1.48466,0.569943,d,2018-02-03,Leicester,2017
a,0.109716,2.59121,l,2018-02-10,Leicester,2017
h,1.12487,0.166078,d,2018-02-24,Leicester,2017
h,2.97799,1.4035,d,2018-03-03,Leicester,2017
a,1.86524,0.360925,w,2018-03-10,Leicester,2017
a,1.26582,1.60322,w,2018-03-31,Leicester,2017
h,1.09224,0.285116,l,2018-04-07,Leicester,2017
a,1.99812,1.05951,l,2018-04-14,Leicester,2017
h,0.515248,0.65117100000000006,d,2018-04-19,Leicester,2017
a,0.941395,2.7876,l,2018-04-28,Leicester,2017
h,0.391738,1.43027,l,2018-05-05,Leicester,2017
h,2.19801,1.54443,w,2018-05-09,Leicester,2017
a,1.27359,1.83248,l,2018-05-13,Leicester,2017
h,1.18399,0.378659,w,2017-08-12,West Bromwich Albion,2017
a,0.653058,1.37242,w,2017-08-19,West Bromwich Albion,2017
h,0.875132,0.980905,d,2017-08-27,West Bromwich Albion,2017
a,0.866679,0.396771,l,2017-09-09,West Bromwich Albion,2017
h,0.781891,0.266344,d,2017-09-16,West Bromwich Albion,2017
a,0.766652,2.39316,l,2017-09-25,West Bromwich Albion,2017
h,1.93896,1.62462,d,2017-09-30,West Bromwich Albion,2017
a,0.155254,0.964277,d,2017-10-16,West Bromwich Albion,2017
a,0.504128,2.02288,l,2017-10-21,West Bromwich Albion,2017
h,1.11852,2.77085,l,2017-10-28,West Bromwich Albion,2017
a,0.382005,0.260436,l,2017-11-04,West Bromwich Albion,2017
h,0.590655,1.71709,l,2017-11-18,West Bromwich Albion,2017
a,0.71711,1.91526,d,2017-11-25,West Bromwich Albion,2017
h,0.845327,1.1342,d,2017-11-28,West Bromwich Albion,2017
h,1.65178,0.80924,d,2017-12-02,West Bromwich Albion,2017
a,0.25228,1.01101,l,2017-12-09,West Bromwich Albion,2017
a,0.520382,2.13915,d,2017-12-13,West Bromwich Albion,2017
h,1.076,0.898984,l,2017-12-17,West Bromwich Albion,2017
a,2.0544,1.7986,l,2017-12-23,West Bromwich Albion,2017
h,1.18168,0.405775,d,2017-12-26,West Bromwich Albion,2017
h,1.39429,0.917801,d,2017-12-31,West Bromwich Albion,2017
a,0.63538,1.0594,l,2018-01-02,West Bromwich Albion,2017
h,1.38478,0.530765,w,2018-01-13,West Bromwich Albion,2017
a,1.34998,0.92355,d,2018-01-20,West Bromwich Albion,2017
a,0.118043,2.68955,l,2018-01-31,West Bromwich Albion,2017
h,0.876603,0.99695,l,2018-02-03,West Bromwich Albion,2017
a,0.628806,2.37995,l,2018-02-12,West Bromwich Albion,2017
h,1.50162,1.18101,l,2018-02-24,West Bromwich Albion,2017
a,1.09115,1.23526,l,2018-03-03,West Bromwich Albion,2017
h,0.360925,1.86524,l,2018-03-10,West Bromwich Albion,2017
a,1.74488,0.685329,l,2018-03-17,West Bromwich Albion,2017
h,0.394723,1.41534,l,2018-03-31,West Bromwich Albion,2017
h,1.22912,0.655729,d,2018-04-07,West Bromwich Albion,2017
a,0.824508,0.639748,w,2018-04-15,West Bromwich Albion,2017
h,1.39669,1.6393,d,2018-04-21,West Bromwich Albion,2017
a,0.703096,1.58397,w,2018-04-28,West Bromwich Albion,2017
h,1.21792,0.969481,w,2018-05-05,West Bromwich Albion,2017
a,0.216004,2.36491,l,2018-05-13,West Bromwich Albion,2017
h,0.988934,1.73657,l,2017-08-12,Crystal Palace,2017
a,0.727364,2.84978,l,2017-08-19,Crystal Palace,2017
h,0.818951,0.966783,l,2017-08-26,Crystal Palace,2017
a,1.72996,0.429329,l,2017-09-10,Crystal Palace,2017
h,2.03243,1.11428,l,2017-09-16,Crystal Palace,2017
a,0.611018,5.72543,l,2017-09-23,Crystal Palace,2017
a,0.244321,3.47508,l,2017-09-30,Crystal Palace,2017
h,1.51873,0.651919,w,2017-10-14,Crystal Palace,2017
a,0.566845,0.270313,l,2017-10-21,Crystal Palace,2017
h,2.91672,0.742845,d,2017-10-28,Crystal Palace,2017
a,1.10222,0.991813,l,2017-11-05,Crystal Palace,2017
h,2.02983,1.68728,d,2017-11-18,Crystal Palace,2017
h,1.48339,0.628292,w,2017-11-25,Crystal Palace,2017
a,0.584296,0.475162,d,2017-11-28,Crystal Palace,2017
a,0.80924,1.65178,d,2017-12-02,Crystal Palace,2017
h,4.61208,0.962374,d,2017-12-09,Crystal Palace,2017
h,1.10545,1.40441,w,2017-12-12,Crystal Palace,2017
a,2.25889,0.758241,w,2017-12-16,Crystal Palace,2017
a,1.25546,0.546613,d,2017-12-23,Crystal Palace,2017
h,1.14522,1.84104,l,2017-12-28,Crystal Palace,2017
h,1.72153,1.09586,d,2017-12-31,Crystal Palace,2017
a,1.34294,0.445301,w,2018-01-02,Crystal Palace,2017
h,1.80971,0.907849,w,2018-01-13,Crystal Palace,2017
a,0.501202,3.56519,l,2018-01-20,Crystal Palace,2017
a,1.15809,1.11632,d,2018-01-30,Crystal Palace,2017
h,3.00238,1.14408,d,2018-02-04,Crystal Palace,2017
a,1.65713,1.48792,l,2018-02-10,Crystal Palace,2017
h,0.184958,1.65074,l,2018-02-25,Crystal Palace,2017
h,0.74138,1.25439,l,2018-03-05,Crystal Palace,2017
a,1.13893,3.87829,l,2018-03-10,Crystal Palace,2017
a,2.74705,0.220381,w,2018-03-17,Crystal Palace,2017
h,1.90868,1.72037,l,2018-03-31,Crystal Palace,2017
a,1.14558,2.09227,d,2018-04-07,Crystal Palace,2017
h,2.49925,1.54485,w,2018-04-14,Crystal Palace,2017
a,0.182325,0.59455,d,2018-04-21,Crystal Palace,2017
h,2.7876,0.941395,w,2018-04-28,Crystal Palace,2017
a,1.31471,0.750175,w,2018-05-05,Crystal Palace,2017
h,2.36491,0.216004,w,2018-05-13,Crystal Palace,2017
h,1.35651,0.564237,l,2017-08-12,Chelsea,2017
a,0.834423,0.72428,w,2017-08-20,Chelsea,2017
h,1.16991,0.326655,w,2017-08-27,Chelsea,2017
a,1.03943,1.34903,w,2017-09-09,Chelsea,2017
h,0.762129,1.42208,d,2017-09-17,Chelsea,2017
a,1.59815,0.600959,w,2017-09-23,Chelsea,2017
h,0.911532,1.23068,l,2017-09-30,Chelsea,2017
a,0.651919,1.51873,l,2017-10-14,Chelsea,2017
h,1.78315,1.79693,w,2017-10-21,Chelsea,2017
a,1.78362,0.455055,w,2017-10-28,Chelsea,2017
h,1.8417,0.773586,w,2017-11-05,Chelsea,2017
a,1.71709,0.590655,w,2017-11-18,Chelsea,2017
a,0.739983,1.50368,d,2017-11-25,Chelsea,2017
h,2.30012,0.0411427,w,2017-11-29,Chelsea,2017
h,3.07794,0.519549,w,2017-12-02,Chelsea,2017
a,1.18891,0.418127,l,2017-12-09,Chelsea,2017
a,1.8707,0.476748,w,2017-12-12,Chelsea,2017
h,1.29018,0.587081,w,2017-12-16,Chelsea,2017
a,1.84971,0.342403,d,2017-12-23,Chelsea,2017
h,2.16934,0.452601,w,2017-12-26,Chelsea,2017
h,3.09527,0.28218,w,2017-12-30,Chelsea,2017
a,3.0768,1.23205,d,2018-01-03,Chelsea,2017
h,0.622946,1.36341,d,2018-01-13,Chelsea,2017
a,1.52008,0.881174,w,2018-01-20,Chelsea,2017
h,1.14795,1.42447,l,2018-01-31,Chelsea,2017
a,0.573557,2.12696,l,2018-02-05,Chelsea,2017
h,2.37995,0.628806,w,2018-02-12,Chelsea,2017
a,1.68958,1.30036,l,2018-02-25,Chelsea,2017
a,0.118301,0.953312,l,2018-03-04,Chelsea,2017
h,3.87829,1.13893,w,2018-03-10,Chelsea,2017
h,1.209,1.3895,l,2018-04-01,Chelsea,2017
h,2.12073,0.302554,d,2018-04-08,Chelsea,2017
a,0.663817,1.2922,w,2018-04-14,Chelsea,2017
a,1.7717,0.221642,w,2018-04-19,Chelsea,2017
a,1.45426,0.502964,w,2018-04-28,Chelsea,2017
h,0.806168,0.427002,w,2018-05-06,Chelsea,2017
h,2.25256,0.631021,d,2018-05-09,Chelsea,2017
a,0.843284,2.24197,l,2018-05-13,Chelsea,2017
a,0.62654,2.63853,l,2017-08-13,West Ham,2017
a,1.53269,2.1424,l,2017-08-19,West Ham,2017
a,0.558484,2.76107,l,2017-08-26,West Ham,2017
h,1.94969,0.339338,w,2017-09-11,West Ham,2017
a,0.266344,0.781891,d,2017-09-16,West Ham,2017
h,0.67667,1.45327,l,2017-09-23,West Ham,2017
h,0.692185,0.178568,w,2017-09-30,West Ham,2017
a,0.835192,0.70219,d,2017-10-14,West Ham,2017
h,0.569111,1.98345,l,2017-10-20,West Ham,2017
a,0.742845,2.91672,d,2017-10-28,West Ham,2017
h,1.13045,2.8773,l,2017-11-04,West Ham,2017
a,1.43369,1.24547,l,2017-11-19,West Ham,2017
h,0.775297,0.453851,d,2017-11-24,West Ham,2017
a,1.03658,1.76497,l,2017-11-29,West Ham,2017
a,0.474483,2.45603,l,2017-12-03,West Ham,2017
h,0.418127,1.18891,w,2017-12-09,West Ham,2017
h,0.405172,1.02186,d,2017-12-13,West Ham,2017
a,3.08244,0.983293,w,2017-12-16,West Ham,2017
h,2.31898,1.90622,l,2017-12-23,West Ham,2017
a,1.87596,2.84928,d,2017-12-26,West Ham,2017
h,1.0594,0.63538,w,2018-01-02,West Ham,2017
a,0.612933,1.64908,d,2018-01-04,West Ham,2017
a,0.986853,0.681,w,2018-01-13,West Ham,2017
h,0.980241,0.501886,d,2018-01-20,West Ham,2017
h,1.11632,1.15809,d,2018-01-30,West Ham,2017
a,0.443751,1.64227,l,2018-02-03,West Ham,2017
h,1.83359,0.799928,w,2018-02-10,West Ham,2017
a,0.33527,3.9205,l,2018-02-24,West Ham,2017
a,0.497211,2.30838,l,2018-03-03,West Ham,2017
h,0.72673,1.41929,l,2018-03-10,West Ham,2017
h,1.44971,0.446641,w,2018-03-31,West Ham,2017
a,0.302554,2.12073,d,2018-04-08,West Ham,2017
h,0.807456,1.41085,d,2018-04-16,West Ham,2017
a,0.623161,2.07299,l,2018-04-22,West Ham,2017
h,0.228917,2.29076,l,2018-04-29,West Ham,2017
a,1.43027,0.391738,w,2018-05-05,West Ham,2017
h,0.783043,0.596075,d,2018-05-10,West Ham,2017
h,1.18299,1.67867,w,2018-05-13,West Ham,2017
a,2.34418,0.634633,w,2017-08-13,Tottenham,2017
h,0.72428,0.834423,l,2017-08-20,Tottenham,2017
h,2.3497,0.670943,d,2017-08-27,Tottenham,2017
a,2.17535,1.15144,w,2017-09-09,Tottenham,2017
h,1.17894,0.154074,d,2017-09-16,Tottenham,2017
a,1.45327,0.67667,w,2017-09-23,Tottenham,2017
a,1.5608900000000001,0.196648,w,2017-09-30,Tottenham,2017
h,1.95684,0.17504,w,2017-10-14,Tottenham,2017
h,2.62043,0.667771,w,2017-10-22,Tottenham,2017
a,1.08708,0.943496,l,2017-10-28,Tottenham,2017
h,0.991813,1.10222,w,2017-11-05,Tottenham,2017
a,0.591192,2.24246,l,2017-11-18,Tottenham,2017
h,1.91526,0.71711,d,2017-11-25,Tottenham,2017
a,2.50552,0.924575,l,2017-11-28,Tottenham,2017
a,0.788817,0.352672,d,2017-12-02,Tottenham,2017
h,4.01925,0.749296,w,2017-12-09,Tottenham,2017
h,1.87344,0.315616,w,2017-12-13,Tottenham,2017
a,0.182456,4.14588,l,2017-12-16,Tottenham,2017
a,3.30947,0.159735,w,2017-12-23,Tottenham,2017
h,3.08413,0.591118,w,2017-12-26,Tottenham,2017
a,1.61843,0.397789,w,2018-01-02,Tottenham,2017
h,1.64908,0.612933,d,2018-01-04,Tottenham,2017
h,4.21366,0.290345,w,2018-01-13,Tottenham,2017
a,1.30653,1.15209,d,2018-01-21,Tottenham,2017
h,2.0117,0.817997,w,2018-01-31,Tottenham,2017
a,2.54392,1.28962,d,2018-02-04,Tottenham,2017
h,2.63564,0.487297,w,2018-02-10,Tottenham,2017
a,1.65074,0.184958,w,2018-02-25,Tottenham,2017
h,1.63794,0.138106,w,2018-03-03,Tottenham,2017
a,2.53124,1.17387,w,2018-03-11,Tottenham,2017
a,1.3895,1.209,w,2018-04-01,Tottenham,2017
a,1.79894,1.40115,w,2018-04-07,Tottenham,2017
h,0.445014,3.61987,l,2018-04-14,Tottenham,2017
a,1.36248,0.988099,d,2018-04-17,Tottenham,2017
h,1.76757,1.36928,w,2018-04-30,Tottenham,2017
a,0.969481,1.21792,l,2018-05-05,Tottenham,2017
h,0.835241,0.829699,w,2018-05-09,Tottenham,2017
h,1.83248,1.27359,w,2018-05-13,Tottenham,2017
h,2.54329,1.46495,w,2017-08-11,Arsenal,2017
a,1.40658,0.692644,l,2017-08-19,Arsenal,2017
a,0.484816,3.45998,l,2017-08-27,Arsenal,2017
h,2.48732,0.577291,w,2017-09-09,Arsenal,2017
a,1.42208,0.762129,d,2017-09-17,Arsenal,2017
h,2.39316,0.766652,w,2017-09-25,Arsenal,2017
h,2.47818,0.386343,w,2017-10-01,Arsenal,2017
a,0.988468,1.63418,l,2017-10-14,Arsenal,2017
a,3.86029,0.810989,w,2017-10-22,Arsenal,2017
h,2.37777,0.8355,w,2017-10-28,Arsenal,2017
a,0.340407,2.15028,l,2017-11-05,Arsenal,2017
h,2.24246,0.591192,w,2017-11-18,Arsenal,2017
a,1.75184,0.402745,w,2017-11-26,Arsenal,2017
h,4.47889,0.47571600000000003,w,2017-11-29,Arsenal,2017
h,4.24057,2.06831,l,2017-12-02,Arsenal,2017
a,0.608352,1.21942,d,2017-12-10,Arsenal,2017
a,1.02186,0.405172,d,2017-12-13,Arsenal,2017
h,2.02472,0.286547,w,2017-12-16,Arsenal,2017
h,1.13104,2.05947,d,2017-12-22,Arsenal,2017
a,1.84104,1.14522,w,2017-12-28,Arsenal,2017
a,0.917801,1.39429,d,2017-12-31,Arsenal,2017
h,1.23205,3.0768,d,2018-01-03,Arsenal,2017
a,1.00956,0.822285,l,2018-01-14,Arsenal,2017
h,3.56519,0.501202,w,2018-01-20,Arsenal,2017
a,1.15616,2.37911,l,2018-01-30,Arsenal,2017
h,3.19622,1.49065,w,2018-02-03,Arsenal,2017
a,0.487297,2.63564,l,2018-02-10,Arsenal,2017
h,1.30172,1.92605,l,2018-03-01,Arsenal,2017
a,0.801513,1.48498,l,2018-03-04,Arsenal,2017
h,2.38263,1.54676,w,2018-03-11,Arsenal,2017
h,3.56649,0.342516,w,2018-04-01,Arsenal,2017
h,1.58895,2.16699,w,2018-04-08,Arsenal,2017
a,1.41538,0.888452,l,2018-04-15,Arsenal,2017
h,2.07299,0.623161,w,2018-04-22,Arsenal,2017
a,0.651541,1.54667,l,2018-04-29,Arsenal,2017
h,2.92408,0.21671,w,2018-05-06,Arsenal,2017
a,1.54443,2.19801,l,2018-05-09,Arsenal,2017
a,2.3322,1.31031,w,2018-05-13,Arsenal,2017
a,0.406196,2.21748,d,2017-08-12,Swansea,2017
h,0.304164,3.41021,l,2017-08-19,Swansea,2017
a,0.966783,0.818951,w,2017-08-26,Swansea,2017
h,1.48574,1.03177,l,2017-09-10,Swansea,2017
a,0.154074,1.17894,d,2017-09-16,Swansea,2017
h,1.50811,1.25817,l,2017-09-23,Swansea,2017
a,0.178568,0.692185,l,2017-09-30,Swansea,2017
h,1.65446,0.596086,w,2017-10-14,Swansea,2017
h,0.559618,1.80814,l,2017-10-21,Swansea,2017
a,0.8355,2.37777,l,2017-10-28,Swansea,2017
h,1.24557,0.874927,l,2017-11-04,Swansea,2017
a,0.431402,1.5427,l,2017-11-18,Swansea,2017
h,0.879594,0.449075,d,2017-11-25,Swansea,2017
a,0.0411427,2.30012,l,2017-11-29,Swansea,2017
a,0.320601,1.24743,l,2017-12-02,Swansea,2017
h,1.01101,0.25228,w,2017-12-09,Swansea,2017
h,0.589496,3.56828,l,2017-12-13,Swansea,2017
a,0.766224,2.01756,l,2017-12-18,Swansea,2017
h,0.546613,1.25546,d,2017-12-23,Swansea,2017
a,0.2719,3.06422,l,2017-12-26,Swansea,2017
a,1.31479,1.17794,w,2017-12-30,Swansea,2017
h,0.397789,1.61843,l,2018-01-02,Swansea,2017
a,0.895774,1.8273,d,2018-01-13,Swansea,2017
h,0.498742,2.19675,w,2018-01-22,Swansea,2017
h,2.37911,1.15616,w,2018-01-30,Swansea,2017
a,0.569943,1.48466,d,2018-02-03,Swansea,2017
h,0.843332,0.430729,w,2018-02-10,Swansea,2017
a,0.443169,3.2913,l,2018-02-24,Swansea,2017
h,2.30838,0.497211,w,2018-03-03,Swansea,2017
a,0,1.39381,d,2018-03-10,Swansea,2017
a,0.138813,2.14368,l,2018-03-31,Swansea,2017
a,0.655729,1.22912,d,2018-04-07,Swansea,2017
h,1.19751,1.61456,d,2018-04-14,Swansea,2017
a,0.297493,3.41675,l,2018-04-22,Swansea,2017
h,0.502964,1.45426,l,2018-04-28,Swansea,2017
a,1.0138,1.69618,l,2018-05-05,Swansea,2017
h,0.389621,1.48865,l,2018-05-08,Swansea,2017
h,1.70936,1.75436,l,2018-05-13,Swansea,2017
a,0.27644,0.720574,l,2017-08-12,Stoke,2017
h,0.692644,1.40658,w,2017-08-19,Stoke,2017
a,0.980905,0.875132,d,2017-08-27,Stoke,2017
h,1.49928,1.96635,d,2017-09-09,Stoke,2017
a,0.675783,2.6598,l,2017-09-16,Stoke,2017
h,0.600959,1.59815,l,2017-09-23,Stoke,2017
h,2.68136,1.42781,w,2017-09-30,Stoke,2017
a,0.681236,4.45388,l,2017-10-14,Stoke,2017
h,1.60117,1.11834,l,2017-10-21,Stoke,2017
a,0.778883,1.13448,w,2017-10-28,Stoke,2017
h,1.22988,1.39563,d,2017-11-04,Stoke,2017
a,1.20507,0.490058,d,2017-11-20,Stoke,2017
a,0.628292,1.48339,l,2017-11-25,Stoke,2017
h,0.846748,2.58757,l,2017-11-29,Stoke,2017
h,1.24743,0.320601,w,2017-12-02,Stoke,2017
a,0.749296,4.01925,l,2017-12-09,Stoke,2017
a,0.916344,0.360081,l,2017-12-12,Stoke,2017
h,0.983293,3.08244,l,2017-12-16,Stoke,2017
h,1.7986,2.0544,w,2017-12-23,Stoke,2017
a,1.19984,1.8756,d,2017-12-26,Stoke,2017
a,0.28218,3.09527,l,2017-12-30,Stoke,2017
h,1.50029,2.02028,l,2018-01-01,Stoke,2017
a,1.47603,1.9485,l,2018-01-15,Stoke,2017
h,0.987799,0.238458,w,2018-01-20,Stoke,2017
h,0.722172,0.740773,d,2018-01-31,Stoke,2017
a,0.721222,1.91091,l,2018-02-03,Stoke,2017
h,1.39547,0.897856,d,2018-02-10,Stoke,2017
a,0.166078,1.12487,d,2018-02-24,Stoke,2017
a,0.385303,0.982895,d,2018-03-03,Stoke,2017
h,0.157023,1.64562,l,2018-03-12,Stoke,2017
h,0.894266,2.97881,l,2018-03-17,Stoke,2017
a,0.342516,3.56649,l,2018-04-01,Stoke,2017
h,1.40115,1.79894,l,2018-04-07,Stoke,2017
a,1.41085,0.807456,d,2018-04-16,Stoke,2017
h,0.356095,1.61309,d,2018-04-22,Stoke,2017
a,0.777827,2.11658,d,2018-04-28,Stoke,2017
h,0.750175,1.31471,l,2018-05-05,Stoke,2017
a,1.75436,1.70936,w,2018-05-13,Stoke,2017
h,0.634633,2.34418,l,2017-08-13,Newcastle United,2017
a,0.973322,0.267008,l,2017-08-20,Newcastle United,2017
h,2.76107,0.558484,w,2017-08-26,Newcastle United,2017
a,1.03177,1.48574,w,2017-09-10,Newcastle United,2017
h,2.6598,0.675783,w,2017-09-16,Newcastle United,2017
a,1.37001,0.507341,l,2017-09-24,Newcastle United,2017
h,0.280437,1.64475,d,2017-10-01,Newcastle United,2017
a,0.950997,1.71445,d,2017-10-15,Newcastle United,2017
h,0.270313,0.566845,w,2017-10-21,Newcastle United,2017
a,0.516369,1.0271,l,2017-10-30,Newcastle United,2017
h,0.676091,1.28703,l,2017-11-04,Newcastle United,2017
a,1.08708,2.57424,l,2017-11-18,Newcastle United,2017
h,0.86002,2.05844,l,2017-11-25,Newcastle United,2017
a,1.1342,0.845327,d,2017-11-28,Newcastle United,2017
a,0.519549,3.07794,l,2017-12-02,Newcastle United,2017
h,0.964657,0.444099,l,2017-12-09,Newcastle United,2017
h,0.570658,1.38719,l,2017-12-13,Newcastle United,2017
a,0.286547,2.02472,l,2017-12-16,Newcastle United,2017
a,1.90622,2.31898,w,2017-12-23,Newcastle United,2017
h,0.174705,1.93187,l,2017-12-27,Newcastle United,2017
h,0.504379,0.630058,d,2017-12-30,Newcastle United,2017
a,2.02028,1.50029,w,2018-01-01,Newcastle United,2017
h,1.8273,0.895774,d,2018-01-13,Newcastle United,2017
a,0.992018,2.5505,l,2018-01-20,Newcastle United,2017
h,2.52275,1.22828,d,2018-01-31,Newcastle United,2017
a,1.14408,3.00238,d,2018-02-04,Newcastle United,2017
h,0.676656,1.71995,w,2018-02-11,Newcastle United,2017
a,4.23567,1.20646,d,2018-02-24,Newcastle United,2017
a,0.255322,1.56935,l,2018-03-03,Newcastle United,2017
h,1.35847,0.496723,w,2018-03-10,Newcastle United,2017
h,2.53617,0.280847,w,2018-03-31,Newcastle United,2017
a,0.285116,1.09224,w,2018-04-07,Newcastle United,2017
h,0.888452,1.41538,w,2018-04-15,Newcastle United,2017
a,0.480957,0.948534,l,2018-04-23,Newcastle United,2017
h,1.58397,0.703096,l,2018-04-28,Newcastle United,2017
a,0.613901,2.81246,l,2018-05-05,Newcastle United,2017
a,0.829699,0.835241,l,2018-05-09,Newcastle United,2017
h,2.24197,0.843284,w,2018-05-13,Newcastle United,2017
a,2.61549,2.17647,d,2017-08-12,Liverpool,2017
h,2.84978,0.727364,w,2017-08-19,Liverpool,2017
h,3.45998,0.484816,w,2017-08-27,Liverpool,2017
a,0.665186,3.14589,l,2017-09-09,Liverpool,2017
h,2.18727,0.334402,d,2017-09-16,Liverpool,2017
a,1.92902,2.88766,w,2017-09-23,Liverpool,2017
a,1.64475,0.280437,d,2017-10-01,Liverpool,2017
h,1.92702,0.230358,d,2017-10-14,Liverpool,2017
a,0.667771,2.62043,l,2017-10-22,Liverpool,2017
h,2.14257,0.0554802,w,2017-10-28,Liverpool,2017
a,2.8773,1.13045,w,2017-11-04,Liverpool,2017
h,2.06277,0.563886,w,2017-11-18,Liverpool,2017
h,1.50368,0.739983,d,2017-11-25,Liverpool,2017
a,2.58757,0.846748,w,2017-11-29,Liverpool,2017
a,1.77566,1.65878,w,2017-12-02,Liverpool,2017
h,1.89569,0.823217,d,2017-12-10,Liverpool,2017
h,2.13915,0.520382,d,2017-12-13,Liverpool,2017
a,3.25041,0.539178,w,2017-12-17,Liverpool,2017
a,2.05947,1.13104,d,2017-12-22,Liverpool,2017
h,3.06422,0.2719,w,2017-12-26,Liverpool,2017
h,2.56607,0.789667,w,2017-12-30,Liverpool,2017
a,1.62514,0.900466,w,2018-01-01,Liverpool,2017
h,1.01595,0.722959,w,2018-01-14,Liverpool,2017
a,2.19675,0.498742,l,2018-01-22,Liverpool,2017
a,2.05148,0.288048,w,2018-01-30,Liverpool,2017
h,1.28962,2.54392,d,2018-02-04,Liverpool,2017
a,2.35575,0.854343,w,2018-02-11,Liverpool,2017
h,3.9205,0.33527,w,2018-02-24,Liverpool,2017
h,1.56935,0.255322,w,2018-03-03,Liverpool,2017
a,0.777089,0.845051,l,2018-03-10,Liverpool,2017
h,1.81208,0.35476,w,2018-03-17,Liverpool,2017
a,1.72037,1.90868,w,2018-03-31,Liverpool,2017
a,0.947321,0.723427,d,2018-04-07,Liverpool,2017
h,2.6402,0.540593,w,2018-04-14,Liverpool,2017
a,1.6393,1.39669,d,2018-04-21,Liverpool,2017
h,2.11658,0.777827,d,2018-04-28,Liverpool,2017
a,0.427002,0.806168,l,2018-05-06,Liverpool,2017
h,3.50981,0.0408165,w,2018-05-13,Liverpool,2017
a,1.86751,0.276343,w,2017-08-12,Manchester City,2017
h,1.14216,0.59971,d,2017-08-21,Manchester City,2017
a,1.76626,0.415402,w,2017-08-26,Manchester City,2017
h,3.14589,0.665186,w,2017-09-09,Manchester City,2017
a,3.99349,0.803933,w,2017-09-16,Manchester City,2017
h,5.72543,0.611018,w,2017-09-23,Manchester City,2017
a,1.23068,0.911532,w,2017-09-30,Manchester City,2017
h,4.45388,0.681236,w,2017-10-14,Manchester City,2017
h,3.71812,0.14859,w,2017-10-21,Manchester City,2017
a,2.77085,1.11852,w,2017-10-28,Manchester City,2017
h,2.15028,0.340407,w,2017-11-05,Manchester City,2017
a,2.40056,0.0970457,w,2017-11-18,Manchester City,2017
a,2.66178,0.537698,w,2017-11-26,Manchester City,2017
h,1.64952,1.7066,w,2017-11-29,Manchester City,2017
h,2.45603,0.474483,w,2017-12-03,Manchester City,2017
a,2.03041,1.43756,w,2017-12-10,Manchester City,2017
a,3.56828,0.589496,w,2017-12-13,Manchester City,2017
h,4.14588,0.182456,w,2017-12-16,Manchester City,2017
h,1.55724,0.334896,w,2017-12-23,Manchester City,2017
a,1.93187,0.174705,w,2017-12-27,Manchester City,2017
a,1.09586,1.72153,d,2017-12-31,Manchester City,2017
h,2.77398,0.965283,w,2018-01-02,Manchester City,2017
a,0.722959,1.01595,l,2018-01-14,Manchester City,2017
h,2.5505,0.992018,w,2018-01-20,Manchester City,2017
h,2.68955,0.118043,w,2018-01-31,Manchester City,2017
a,2.24914,0.795971,d,2018-02-03,Manchester City,2017
h,2.59121,0.109716,w,2018-02-10,Manchester City,2017
a,1.92605,1.30172,w,2018-03-01,Manchester City,2017
h,0.953312,0.118301,w,2018-03-04,Manchester City,2017
a,1.64562,0.157023,w,2018-03-12,Manchester City,2017
a,1.91312,0.859628,w,2018-03-31,Manchester City,2017
h,3.42967,1.21683,l,2018-04-07,Manchester City,2017
a,3.61987,0.445014,w,2018-04-14,Manchester City,2017
h,3.41675,0.297493,w,2018-04-22,Manchester City,2017
a,2.29076,0.228917,w,2018-04-29,Manchester City,2017
h,0.78641,0.54565,d,2018-05-06,Manchester City,2017
h,1.64765,1.00939,w,2018-05-09,Manchester City,2017
a,0.765614,0.506624,w,2018-05-13,Manchester City,2017
h,2.63853,0.62654,w,2017-08-13,Manchester United,2017
a,3.41021,0.304164,w,2017-08-19,Manchester United,2017
h,2.73725,0.670573,w,2017-08-26,Manchester United,2017
a,1.96635,1.49928,d,2017-09-09,Manchester United,2017
h,3.28722,1.06298,w,2017-09-17,Manchester United,2017
a,1.07247,0.802062,w,2017-09-23,Manchester United,2017
h,3.47508,0.244321,w,2017-09-30,Manchester United,2017
a,0.230358,1.92702,d,2017-10-14,Manchester United,2017
a,0.807135,1.26744,l,2017-10-21,Manchester United,2017
h,0.943496,1.08708,w,2017-10-28,Manchester United,2017
a,0.773586,1.8417,l,2017-11-05,Manchester United,2017
h,2.57424,1.08708,w,2017-11-18,Manchester United,2017
h,1.50148,0.565072,w,2017-11-25,Manchester United,2017
a,1.63491,1.29277,w,2017-11-28,Manchester United,2017
a,2.06831,4.24057,w,2017-12-02,Manchester United,2017
h,1.43756,2.03041,l,2017-12-10,Manchester United,2017
h,1.24043,0.815792,w,2017-12-13,Manchester United,2017
a,0.898984,1.076,w,2017-12-17,Manchester United,2017
a,2.15281,1.56465,d,2017-12-23,Manchester United,2017
h,1.80763,0.786214,d,2017-12-26,Manchester United,2017
h,1.87247,0.85013,d,2017-12-30,Manchester United,2017
a,1.26247,1.23952,w,2018-01-01,Manchester United,2017
h,1.9485,1.47603,w,2018-01-15,Manchester United,2017
a,0.860828,0.568215,w,2018-01-20,Manchester United,2017
a,0.817997,2.0117,l,2018-01-31,Manchester United,2017
h,1.63389,0.13049,w,2018-02-03,Manchester United,2017
a,1.71995,0.676656,l,2018-02-11,Manchester United,2017
h,1.30036,1.68958,w,2018-02-25,Manchester United,2017
a,1.25439,0.74138,w,2018-03-05,Manchester United,2017
h,0.845051,0.777089,w,2018-03-10,Manchester United,2017
h,2.14368,0.138813,w,2018-03-31,Manchester United,2017
a,1.21683,3.42967,w,2018-04-07,Manchester United,2017
h,0.639748,0.824508,l,2018-04-15,Manchester United,2017
a,1.61597,1.18301,w,2018-04-18,Manchester United,2017
h,1.54667,0.651541,w,2018-04-29,Manchester United,2017
a,0.652444,0.922771,l,2018-05-04,Manchester United,2017
a,0.596075,0.783043,d,2018-05-10,Manchester United,2017
h,0.45805,0.654288,w,2018-05-13,Manchester United,2017
h,2.17647,2.61549,d,2017-08-12,Watford,2017
a,2.17717,0.766694,w,2017-08-19,Watford,2017
h,0.281459,0.952357,d,2017-08-26,Watford,2017
a,0.57794,0.331259,w,2017-09-09,Watford,2017
h,0.803933,3.99349,l,2017-09-16,Watford,2017
a,1.25817,1.50811,w,2017-09-23,Watford,2017
a,1.62462,1.93896,d,2017-09-30,Watford,2017
h,1.63418,0.988468,w,2017-10-14,Watford,2017
a,1.79693,1.78315,l,2017-10-21,Watford,2017
h,1.13448,0.778883,l,2017-10-28,Watford,2017
a,2.05534,2.5796,l,2017-11-05,Watford,2017
h,1.24547,1.43369,w,2017-11-19,Watford,2017
a,2.05844,0.86002,w,2017-11-25,Watford,2017
h,1.29277,1.63491,l,2017-11-28,Watford,2017
h,0.352672,0.788817,d,2017-12-02,Watford,2017
a,0.819233,0.485632,l,2017-12-09,Watford,2017
a,1.40441,1.10545,l,2017-12-12,Watford,2017
h,0.589103,3.49193,l,2017-12-16,Watford,2017
a,1.30044,1.40139,l,2017-12-23,Watford,2017
h,1.43009,1.54771,w,2017-12-26,Watford,2017
h,1.17794,1.31479,l,2017-12-30,Watford,2017
a,0.965283,2.77398,l,2018-01-02,Watford,2017
h,1.67369,0.857637,d,2018-01-13,Watford,2017
a,0.740795,1.51932,l,2018-01-20,Watford,2017
a,0.740773,0.722172,d,2018-01-31,Watford,2017
h,2.12696,0.573557,w,2018-02-05,Watford,2017
a,0.799928,1.83359,l,2018-02-10,Watford,2017
h,0.606929,0.665127,w,2018-02-24,Watford,2017
h,1.23526,1.09115,w,2018-03-03,Watford,2017
a,1.54676,2.38263,l,2018-03-11,Watford,2017
a,0.35476,1.81208,l,2018-03-17,Watford,2017
h,0.76133,2.1146,d,2018-03-31,Watford,2017
h,1.36685,1.38319,l,2018-04-07,Watford,2017
a,0.306273,0.929512,l,2018-04-14,Watford,2017
h,0.59455,0.182325,d,2018-04-21,Watford,2017
a,1.36928,1.76757,l,2018-04-30,Watford,2017
h,2.81246,0.613901,w,2018-05-05,Watford,2017
a,0.654288,0.45805,l,2018-05-13,Watford,2017
a,0.564237,1.35651,w,2017-08-12,Burnley,2017
h,1.37242,0.653058,l,2017-08-19,Burnley,2017
a,0.670943,2.3497,d,2017-08-27,Burnley,2017
h,0.429329,1.72996,w,2017-09-10,Burnley,2017
a,0.334402,2.18727,d,2017-09-16,Burnley,2017
h,0.369454,0.312561,d,2017-09-23,Burnley,2017
a,0.383977,0.93376,w,2017-10-01,Burnley,2017
h,0.70219,0.835192,d,2017-10-14,Burnley,2017
a,0.14859,3.71812,l,2017-10-21,Burnley,2017
h,1.0271,0.516369,w,2017-10-30,Burnley,2017
a,0.137743,0.789259,w,2017-11-04,Burnley,2017
h,1.5427,0.431402,w,2017-11-18,Burnley,2017
h,0.402745,1.75184,l,2017-11-26,Burnley,2017
a,1.08519,0.915088,w,2017-11-29,Burnley,2017
a,0.789388,1.61269,l,2017-12-02,Burnley,2017
h,0.485632,0.819233,w,2017-12-09,Burnley,2017
h,0.360081,0.916344,w,2017-12-12,Burnley,2017
a,1.32536,1.49029,d,2017-12-16,Burnley,2017
h,0.159735,3.30947,l,2017-12-23,Burnley,2017
a,0.786214,1.80763,d,2017-12-26,Burnley,2017
a,1.20923,0.049118,d,2017-12-30,Burnley,2017
h,0.900466,1.62514,l,2018-01-01,Burnley,2017
a,0.907849,1.80971,l,2018-01-13,Burnley,2017
h,0.568215,0.860828,l,2018-01-20,Burnley,2017
a,1.22828,2.52275,d,2018-01-31,Burnley,2017
h,0.795971,2.24914,d,2018-02-03,Burnley,2017
a,0.430729,0.843332,l,2018-02-10,Burnley,2017
h,1.28178,0.65898,d,2018-02-24,Burnley,2017
h,2.33524,1.79993,w,2018-03-03,Burnley,2017
a,1.41929,0.72673,w,2018-03-10,Burnley,2017
a,1.41534,0.394723,w,2018-03-31,Burnley,2017
a,1.38319,1.36685,w,2018-04-07,Burnley,2017
h,1.05951,1.99812,w,2018-04-14,Burnley,2017
h,0.221642,1.7717,l,2018-04-19,Burnley,2017
a,1.61309,0.356095,d,2018-04-22,Burnley,2017
h,1.54596,0.378409,d,2018-04-28,Burnley,2017
a,0.21671,2.92408,l,2018-05-06,Burnley,2017
h,1.16179,1.38551,l,2018-05-13,Burnley,2017
a,1.73657,0.988934,w,2017-08-12,Huddersfield,2017
h,0.267008,0.973322,w,2017-08-20,Huddersfield,2017
h,1.51605,0.795911,d,2017-08-26,Huddersfield,2017
a,0.339338,1.94969,l,2017-09-11,Huddersfield,2017
h,0.700349,1.24181,d,2017-09-16,Huddersfield,2017
a,0.312561,0.369454,d,2017-09-23,Huddersfield,2017
h,0.196648,1.5608900000000001,l,2017-09-30,Huddersfield,2017
a,0.596086,1.65446,l,2017-10-14,Huddersfield,2017
h,1.26744,0.807135,w,2017-10-21,Huddersfield,2017
a,0.0554802,2.14257,l,2017-10-28,Huddersfield,2017
h,0.260436,0.382005,w,2017-11-04,Huddersfield,2017
a,1.1633,1.38782,l,2017-11-18,Huddersfield,2017
h,0.537698,2.66178,l,2017-11-26,Huddersfield,2017
a,0.47571600000000003,4.47889,l,2017-11-29,Huddersfield,2017
a,0.223429,0.820024,l,2017-12-02,Huddersfield,2017
h,2.68125,0.273809,w,2017-12-09,Huddersfield,2017
h,0.476748,1.8707,l,2017-12-12,Huddersfield,2017
a,3.49193,0.589103,w,2017-12-16,Huddersfield,2017
a,1.09381,1.73805,d,2017-12-23,Huddersfield,2017
h,1.8756,1.19984,d,2017-12-26,Huddersfield,2017
h,0.049118,1.20923,d,2017-12-30,Huddersfield,2017
a,0.226625,1.45074,l,2018-01-01,Huddersfield,2017
h,0.681,0.986853,l,2018-01-13,Huddersfield,2017
a,0.238458,0.987799,l,2018-01-20,Huddersfield,2017
h,0.288048,2.05148,l,2018-01-30,Huddersfield,2017
a,0.13049,1.63389,l,2018-02-03,Huddersfield,2017
h,2.56699,0.433555,w,2018-02-11,Huddersfield,2017
a,1.18101,1.50162,w,2018-02-24,Huddersfield,2017
a,0.138106,1.63794,l,2018-03-03,Huddersfield,2017
h,1.39381,0,d,2018-03-10,Huddersfield,2017
h,0.220381,2.74705,l,2018-03-17,Huddersfield,2017
a,0.280847,2.53617,l,2018-03-31,Huddersfield,2017
a,1.48964,1.53244,d,2018-04-07,Huddersfield,2017
h,0.929512,0.306273,w,2018-04-14,Huddersfield,2017
h,0.56538,0.943754,l,2018-04-28,Huddersfield,2017
a,0.54565,0.78641,d,2018-05-06,Huddersfield,2017
a,0.631021,2.25256,d,2018-05-09,Huddersfield,2017
h,1.31031,2.3322,l,2018-05-13,Huddersfield,2017
h,0.276343,1.86751,l,2017-08-12,Brighton,2017
a,0.123075,1.88355,l,2017-08-19,Brighton,2017
a,0.952357,0.281459,d,2017-08-26,Brighton,2017
h,0.396771,0.866679,w,2017-09-09,Brighton,2017
a,0.874276,1.39529,l,2017-09-15,Brighton,2017
h,0.507341,1.37001,w,2017-09-24,Brighton,2017
a,0.386343,2.47818,l,2017-10-01,Brighton,2017
h,1.05884,1.45518,d,2017-10-15,Brighton,2017
a,1.98345,0.569111,w,2017-10-20,Brighton,2017
h,1.50533,0.54364,d,2017-10-29,Brighton,2017
a,0.874927,1.24557,w,2017-11-04,Brighton,2017
h,0.490058,1.20507,d,2017-11-20,Brighton,2017
a,0.565072,1.50148,l,2017-11-25,Brighton,2017
h,0.475162,0.584296,d,2017-11-28,Brighton,2017
h,1.65878,1.77566,l,2017-12-02,Brighton,2017
a,0.273809,2.68125,l,2017-12-09,Brighton,2017
a,0.315616,1.87344,l,2017-12-13,Brighton,2017
h,1.49029,1.32536,d,2017-12-16,Brighton,2017
h,1.40139,1.30044,w,2017-12-23,Brighton,2017
a,0.452601,2.16934,l,2017-12-26,Brighton,2017
a,0.630058,0.504379,d,2017-12-30,Brighton,2017
h,2.37332,1.28248,d,2018-01-01,Brighton,2017
a,0.530765,1.38478,l,2018-01-13,Brighton,2017
h,0.881174,1.52008,l,2018-01-20,Brighton,2017
a,1.07907,1.27393,d,2018-01-31,Brighton,2017
h,1.64227,0.443751,w,2018-02-03,Brighton,2017
a,0.897856,1.39547,d,2018-02-10,Brighton,2017
h,3.2913,0.443169,w,2018-02-24,Brighton,2017
h,1.48498,0.801513,w,2018-03-04,Brighton,2017
a,0.321797,1.68868,l,2018-03-10,Brighton,2017
h,1.60322,1.26582,l,2018-03-31,Brighton,2017
h,1.53244,1.48964,d,2018-04-07,Brighton,2017
a,1.54485,2.49925,l,2018-04-14,Brighton,2017
h,0.988099,1.36248,d,2018-04-17,Brighton,2017
a,0.378409,1.54596,d,2018-04-28,Brighton,2017
h,0.922771,0.652444,w,2018-05-04,Brighton,2017
a,1.00939,1.64765,l,2018-05-09,Brighton,2017
a,0.0408165,3.50981,l,2018-05-13,Brighton,2017
h,0.790063,1.12348,d,2016-08-13,Everton,2016
a,1.83897,2.01885,w,2016-08-20,Everton,2016
h,2.31835,0.187415,w,2016-08-27,Everton,2016
a,2.84526,1.0404,w,2016-09-12,Everton,2016
h,1.17467,0.178081,w,2016-09-17,Everton,2016
a,1.15724,0.693594,l,2016-09-24,Everton,2016
h,1.1542,0.47692,d,2016-09-30,Everton,2016
a,0.144498,2.69208,d,2016-10-15,Everton,2016
a,0.752795,0.905579,l,2016-10-22,Everton,2016
h,2.0087,0.944816,w,2016-10-30,Everton,2016
a,0.0131321,1.94078,l,2016-11-05,Everton,2016
h,1.54877,1.07471,d,2016-11-19,Everton,2016
a,0.615174,2.80562,l,2016-11-27,Everton,2016
h,1.64985,0.541299,d,2016-12-04,Everton,2016
a,1.09675,1.49271,l,2016-12-10,Everton,2016
h,1.46034,1.3508,w,2016-12-13,Everton,2016
h,0.456788,1.87823,l,2016-12-20,Everton,2016
a,1.25512,0.377464,w,2016-12-26,Everton,2016
a,1.27757,0.852585,d,2016-12-31,Everton,2016
h,2.34997,1.01083,w,2017-01-02,Everton,2016
h,0.572528,0.569286,w,2017-01-15,Everton,2016
a,0.949561,0.463733,w,2017-01-21,Everton,2016
a,0.870158,1.7362,d,2017-02-01,Everton,2016
h,2.75981,2.1501,w,2017-02-04,Everton,2016
a,0.831644,0.651056,d,2017-02-11,Everton,2016
h,1.70366,0.505952,w,2017-02-25,Everton,2016
a,0.808013,1.70225,l,2017-03-05,Everton,2016
h,2.17521,0.127321,w,2017-03-11,Everton,2016
h,2.63141,0.528692,w,2017-03-18,Everton,2016
a,1.44152,0.625343,l,2017-04-01,Everton,2016
a,0.589122,1.67424,d,2017-04-04,Everton,2016
h,2.64597,0.836095,w,2017-04-09,Everton,2016
h,1.67352,1.1469,w,2017-04-15,Everton,2016
a,0.104476,0.668323,d,2017-04-22,Everton,2016
h,0.684516,1.81945,l,2017-04-30,Everton,2016
a,0.270186,2.09244,l,2017-05-06,Everton,2016
h,1.12984,1.54861,w,2017-05-12,Everton,2016
a,1.8831,3.35075,l,2017-05-21,Everton,2016
h,0.522847,1.91105,l,2016-08-14,Bournemouth,2016
a,0.39341,1.69288,l,2016-08-21,Bournemouth,2016
a,0.974014,2.659,d,2016-08-27,Bournemouth,2016
h,0.986511,1.48347,w,2016-09-10,Bournemouth,2016
a,0.389672,3.38733,l,2016-09-17,Bournemouth,2016
h,0.693594,1.15724,w,2016-09-24,Bournemouth,2016
a,1.35487,1.23419,d,2016-10-01,Bournemouth,2016
h,2.92532,0.388589,w,2016-10-15,Bournemouth,2016
h,0.523371,0.74529,d,2016-10-22,Bournemouth,2016
a,1.54599,1.44317,l,2016-10-29,Bournemouth,2016
h,2.6457,1.13672,l,2016-11-05,Bournemouth,2016
a,1.2401199999999999,1.60429,w,2016-11-19,Bournemouth,2016
a,2.0491,2.8697,l,2016-11-27,Bournemouth,2016
h,2.5439600000000002,1.26532,w,2016-12-04,Bournemouth,2016
a,1.00194,2.15178,l,2016-12-10,Bournemouth,2016
h,0.64118,1.6751,w,2016-12-13,Bournemouth,2016
h,0.492912,1.69451,l,2016-12-18,Bournemouth,2016
a,0.650942,1.71303,l,2016-12-26,Bournemouth,2016
a,2.43608,0.515218,w,2016-12-31,Bournemouth,2016
h,1.55859,1.12629,d,2017-01-03,Bournemouth,2016
a,1.43455,1.18904,l,2017-01-14,Bournemouth,2016
h,1.14791,1.08731,d,2017-01-21,Bournemouth,2016
h,0.32099,1.60667,l,2017-01-31,Bournemouth,2016
a,2.1501,2.75981,l,2017-02-04,Bournemouth,2016
h,0.152385,2.953,l,2017-02-13,Bournemouth,2016
a,1.22747,1.6124,l,2017-02-25,Bournemouth,2016
a,0.816172,2.5377,d,2017-03-04,Bournemouth,2016
h,3.68186,1.25315,w,2017-03-11,Bournemouth,2016
h,1.00816,0.37687,w,2017-03-18,Bournemouth,2016
a,2.06307,1.00252,d,2017-04-01,Bournemouth,2016
a,1.31233,2.17263,d,2017-04-05,Bournemouth,2016
h,0.384152,1.52126,l,2017-04-08,Bournemouth,2016
a,0.211502,3.28588,l,2017-04-15,Bournemouth,2016
h,3.27712,0.2072,w,2017-04-22,Bournemouth,2016
a,1.53094,1.6667,w,2017-04-29,Bournemouth,2016
h,1.30668,2.3019,d,2017-05-06,Bournemouth,2016
h,1.5499,1.1511,w,2017-05-13,Bournemouth,2016
a,0.87072,2.45308,d,2017-05-21,Bournemouth,2016
h,0.937328,0.180046,d,2016-08-13,Southampton,2016
a,0.613233,1.36553,l,2016-08-19,Southampton,2016
h,0.613743,1.39142,d,2016-08-27,Southampton,2016
a,1.17522,1.89219,l,2016-09-10,Southampton,2016
h,2.15218,0.490661,w,2016-09-18,Southampton,2016
a,2.97877,0.693818,w,2016-09-25,Southampton,2016
a,0.920963,0.446309,d,2016-10-02,Southampton,2016
h,4.21181,1.03126,w,2016-10-16,Southampton,2016
a,0.563752,1.15321,d,2016-10-23,Southampton,2016
h,0.422364,1.14759,l,2016-10-30,Southampton,2016
a,2.03046,0.561215,l,2016-11-06,Southampton,2016
h,0.0942055,1.68802,d,2016-11-19,Southampton,2016
h,2.80562,0.615174,w,2016-11-27,Southampton,2016
a,0.764357,2.20073,l,2016-12-03,Southampton,2016
h,1.72919,0.493941,w,2016-12-11,Southampton,2016
a,0.723114,0.333754,d,2016-12-15,Southampton,2016
a,1.69451,0.492912,w,2016-12-18,Southampton,2016
h,0.403743,1.61035,l,2016-12-28,Southampton,2016
h,0.371668,0.6675,l,2016-12-31,Southampton,2016
a,1.01083,2.34997,l,2017-01-02,Southampton,2016
a,0.962065,0.464555,l,2017-01-14,Southampton,2016
h,2.49923,0.935866,w,2017-01-22,Southampton,2016
a,0.907103,0.760046,l,2017-01-31,Southampton,2016
h,1.06276,0.91785,l,2017-02-04,Southampton,2016
a,1.72717,0.197925,w,2017-02-11,Southampton,2016
a,1.33681,1.40104,w,2017-03-04,Southampton,2016
a,0.839989,1.64328,l,2017-03-19,Southampton,2016
h,1.00252,2.06307,d,2017-04-01,Southampton,2016
h,3.34327,1.73055,w,2017-04-05,Southampton,2016
a,0.910339,2.01721,w,2017-04-08,Southampton,2016
h,0.616753,2.74188,l,2017-04-15,Southampton,2016
a,1.32952,1.4438,l,2017-04-25,Southampton,2016
h,1.24844,0.472435,d,2017-04-29,Southampton,2016
a,0.182082,1.35967,d,2017-05-07,Southampton,2016
h,1.25259,1.35954,l,2017-05-10,Southampton,2016
a,1.52569,1.32885,w,2017-05-13,Southampton,2016
h,1.66533,0.45805,d,2017-05-17,Southampton,2016
h,1.3554,0.983464,l,2017-05-21,Southampton,2016
a,2.45631,0.740018,l,2016-08-13,Leicester,2016
h,0.553693,0.521509,d,2016-08-20,Leicester,2016
h,2.47977,0.32818,w,2016-08-27,Leicester,2016
a,1.22508,2.76916,l,2016-09-10,Leicester,2016
h,1.98503,0.464523,w,2016-09-17,Leicester,2016
a,0.286966,2.45604,l,2016-09-24,Leicester,2016
h,0.446309,0.920963,d,2016-10-02,Leicester,2016
a,0.182549,3.11573,l,2016-10-15,Leicester,2016
h,1.7041,1.656,w,2016-10-22,Leicester,2016
a,0.740987,1.69833,d,2016-10-29,Leicester,2016
h,0.629678,0.78196,l,2016-11-06,Leicester,2016
a,1.19686,0.7197,l,2016-11-19,Leicester,2016
h,2.0478,0.425252,d,2016-11-26,Leicester,2016
a,1.13791,1.4282,l,2016-12-03,Leicester,2016
h,2.60583,0.970372,w,2016-12-10,Leicester,2016
a,1.6751,0.64118,l,2016-12-13,Leicester,2016
a,1.25572,2.518,d,2016-12-17,Leicester,2016
h,0.377464,1.25512,l,2016-12-26,Leicester,2016
h,1.10842,1.58333,w,2016-12-31,Leicester,2016
a,0.477078,0.697108,d,2017-01-02,Leicester,2016
h,0.179144,0.738826,l,2017-01-14,Leicester,2016
a,0.935866,2.49923,l,2017-01-22,Leicester,2016
a,0.775645,1.82995,l,2017-01-31,Leicester,2016
h,0.492009,1.98688,l,2017-02-05,Leicester,2016
a,0.672883,0.693376,l,2017-02-12,Leicester,2016
h,1.54732,0.789939,w,2017-02-27,Leicester,2016
h,1.81255,1.1216,w,2017-03-04,Leicester,2016
a,2.17004,2.32174,w,2017-03-18,Leicester,2016
h,1.97444,1.36671,w,2017-04-01,Leicester,2016
h,0.929134,0.7012,w,2017-04-04,Leicester,2016
a,0.836095,2.64597,l,2017-04-09,Leicester,2016
a,0.467725,1.67894,d,2017-04-15,Leicester,2016
a,0.595173,0.410203,l,2017-04-26,Leicester,2016
a,0.570664,0.809101,w,2017-04-29,Leicester,2016
h,1.00566,0.512433,w,2017-05-06,Leicester,2016
a,1.62503,1.98776,l,2017-05-13,Leicester,2016
h,0.725721,2.64912,l,2017-05-18,Leicester,2016
h,2.45308,0.87072,d,2017-05-21,Leicester,2016
a,0.684593,0.990062,w,2016-08-13,West Bromwich Albion,2016
h,2.01885,1.83897,l,2016-08-20,West Bromwich Albion,2016
h,0.696845,0.396816,d,2016-08-28,West Bromwich Albion,2016
a,1.48347,0.986511,l,2016-09-10,West Bromwich Albion,2016
h,1.94229,2.37422,w,2016-09-17,West Bromwich Albion,2016
a,0.270862,0.979673,d,2016-09-24,West Bromwich Albion,2016
a,0.88211,1.19268,d,2016-10-01,West Bromwich Albion,2016
h,1.30365,1.32318,d,2016-10-15,West Bromwich Albion,2016
a,0.685982,2.2952,l,2016-10-22,West Bromwich Albion,2016
h,0.596605,2.48018,l,2016-10-29,West Bromwich Albion,2016
a,0.78196,0.629678,w,2016-11-06,West Bromwich Albion,2016
h,1.40512,0.571005,w,2016-11-22,West Bromwich Albion,2016
a,1.40213,0.424457,d,2016-11-26,West Bromwich Albion,2016
h,1.17737,1.476,w,2016-12-03,West Bromwich Albion,2016
a,0.212574,0.551109,l,2016-12-11,West Bromwich Albion,2016
h,1.78268,1.07221,w,2016-12-15,West Bromwich Albion,2016
h,0.600426,0.983306,l,2016-12-17,West Bromwich Albion,2016
a,0.687502,1.97881,l,2016-12-26,West Bromwich Albion,2016
a,0.6675,0.371668,w,2016-12-31,West Bromwich Albion,2016
h,0.883566,0.992341,w,2017-01-02,West Bromwich Albion,2016
a,0.165019,2.65474,l,2017-01-14,West Bromwich Albion,2016
h,1.3279,0.440887,w,2017-01-21,West Bromwich Albion,2016
a,1.25288,1.18135,d,2017-01-31,West Bromwich Albion,2016
h,1.84983,1.10818,w,2017-02-04,West Bromwich Albion,2016
a,0.769974,1.17553,d,2017-02-11,West Bromwich Albion,2016
h,1.6124,1.22747,w,2017-02-25,West Bromwich Albion,2016
h,0.3746,1.39171,l,2017-03-04,West Bromwich Albion,2016
a,0.127321,2.17521,l,2017-03-11,West Bromwich Albion,2016
h,2.11737,0.995221,w,2017-03-18,West Bromwich Albion,2016
a,0.200297,0.986683,d,2017-04-01,West Bromwich Albion,2016
a,1.48109,0.691991,l,2017-04-04,West Bromwich Albion,2016
h,2.01721,0.910339,l,2017-04-08,West Bromwich Albion,2016
h,0.590375,1.30017,l,2017-04-16,West Bromwich Albion,2016
h,0.809101,0.570664,l,2017-04-29,West Bromwich Albion,2016
a,0.82853,1.08649,d,2017-05-06,West Bromwich Albion,2016
h,0.529155,1.76954,l,2017-05-12,West Bromwich Albion,2016
a,0.387741,2.58035,l,2017-05-16,West Bromwich Albion,2016
a,1.60674,1.74555,l,2017-05-21,West Bromwich Albion,2016
a,1.09877,1.95479,l,2016-08-13,Sunderland,2016
h,1.4645,0.854908,l,2016-08-21,Sunderland,2016
a,1.39142,0.613743,d,2016-08-27,Sunderland,2016
h,1.0404,2.84526,l,2016-09-12,Sunderland,2016
a,0.960821,2.52591,l,2016-09-18,Sunderland,2016
h,1.51457,1.7887,l,2016-09-24,Sunderland,2016
h,1.19268,0.88211,d,2016-10-01,Sunderland,2016
a,0.587572,2.29543,l,2016-10-15,Sunderland,2016
a,0.808339,1.19585,l,2016-10-22,Sunderland,2016
h,0.853434,2.48348,l,2016-10-29,Sunderland,2016
a,1.13672,2.6457,w,2016-11-05,Sunderland,2016
h,0.951511,1.25065,w,2016-11-19,Sunderland,2016
a,0.291073,2.02461,l,2016-11-26,Sunderland,2016
h,1.4282,1.13791,w,2016-12-03,Sunderland,2016
a,0.672058,2.18185,l,2016-12-10,Sunderland,2016
h,0.473979,1.22459,l,2016-12-14,Sunderland,2016
h,1.13526,1.07552,w,2016-12-17,Sunderland,2016
a,0.488541,2.32117,l,2016-12-26,Sunderland,2016
a,0.465701,2.72471,l,2016-12-31,Sunderland,2016
h,1.91057,2.332,d,2017-01-02,Sunderland,2016
h,1.1365,1.22897,l,2017-01-14,Sunderland,2016
a,0.440887,1.3279,l,2017-01-21,Sunderland,2016
h,0.228009,0.682758,d,2017-01-31,Sunderland,2016
a,0.837361,2.45994,w,2017-02-04,Sunderland,2016
h,0.197925,1.72717,l,2017-02-11,Sunderland,2016
a,0.505952,1.70366,l,2017-02-25,Sunderland,2016
h,0.737758,2.48022,l,2017-03-05,Sunderland,2016
h,1.03287,1.18742,d,2017-03-18,Sunderland,2016
a,0.349699,1.95828,l,2017-04-01,Sunderland,2016
a,0.7012,0.929134,l,2017-04-04,Sunderland,2016
h,0.977316,1.6943,l,2017-04-09,Sunderland,2016
h,1.14121,1.42815,d,2017-04-15,Sunderland,2016
a,0.445766,0.825839,l,2017-04-26,Sunderland,2016
h,1.6667,1.53094,l,2017-04-29,Sunderland,2016
a,1.95502,1.21734,w,2017-05-06,Sunderland,2016
h,1.03765,0.344096,l,2017-05-13,Sunderland,2016
a,0.271744,3.83905,l,2017-05-16,Sunderland,2016
a,0.693994,2.73947,l,2017-05-21,Sunderland,2016
h,0.990062,0.684593,l,2016-08-13,Crystal Palace,2016
a,0.357943,2.25623,l,2016-08-20,Crystal Palace,2016
h,2.659,0.974014,d,2016-08-27,Crystal Palace,2016
a,1.12437,0.611959,w,2016-09-10,Crystal Palace,2016
h,1.31366,1.20308,w,2016-09-18,Crystal Palace,2016
a,1.7887,1.51457,w,2016-09-24,Crystal Palace,2016
a,0.47692,1.1542,d,2016-09-30,Crystal Palace,2016
h,1.94599,0.874219,l,2016-10-15,Crystal Palace,2016
a,1.656,1.7041,l,2016-10-22,Crystal Palace,2016
h,0.496044,2.26056,l,2016-10-29,Crystal Palace,2016
a,2.05902,2.25738,l,2016-11-05,Crystal Palace,2016
h,0.431559,1.39421,l,2016-11-19,Crystal Palace,2016
a,2.28156,3.3955,l,2016-11-26,Crystal Palace,2016
h,2.20073,0.764357,w,2016-12-03,Crystal Palace,2016
a,1.50059,2.16649,d,2016-12-10,Crystal Palace,2016
h,0.710324,1.27306,l,2016-12-15,Crystal Palace,2016
h,0.356331,0.81444,l,2016-12-17,Crystal Palace,2016
a,1.53834,0.959496,d,2016-12-26,Crystal Palace,2016
a,0.221469,1.67138,l,2017-01-01,Crystal Palace,2016
h,0.331276,1.18905,l,2017-01-04,Crystal Palace,2016
a,1.06181,1.72338,l,2017-01-14,Crystal Palace,2016
h,0.463733,0.949561,l,2017-01-21,Crystal Palace,2016
a,1.60667,0.32099,w,2017-01-31,Crystal Palace,2016
h,2.45994,0.837361,l,2017-02-04,Crystal Palace,2016
a,0.202159,0.720883,l,2017-02-11,Crystal Palace,2016
h,0.808522,0.82885,w,2017-02-25,Crystal Palace,2016
a,1.39171,0.3746,w,2017-03-04,Crystal Palace,2016
h,0.376326,0.190648,w,2017-03-18,Crystal Palace,2016
a,1.57423,3.16805,w,2017-04-01,Crystal Palace,2016
a,1.73055,3.34327,l,2017-04-05,Crystal Palace,2016
h,2.15968,0.44226,w,2017-04-10,Crystal Palace,2016
h,1.67894,0.467725,d,2017-04-15,Crystal Palace,2016
a,1.21741,0.89449,w,2017-04-23,Crystal Palace,2016
h,0.321722,1.00589,l,2017-04-26,Crystal Palace,2016
h,0.633469,1.38569,l,2017-04-29,Crystal Palace,2016
a,0.241571,2.69837,l,2017-05-06,Crystal Palace,2016
h,2.73274,0.518148,w,2017-05-14,Crystal Palace,2016
a,0.3016,1.0386,l,2017-05-21,Crystal Palace,2016
h,1.4603,0.445604,w,2016-08-15,Chelsea,2016
a,1.75595,0.804549,w,2016-08-20,Chelsea,2016
h,2.65838,0.18449,w,2016-08-27,Chelsea,2016
a,2.19035,1.2304,d,2016-09-11,Chelsea,2016
h,1.16415,1.41642,l,2016-09-16,Chelsea,2016
a,0.613553,1.66224,l,2016-09-24,Chelsea,2016
a,1.99155,0.27266,w,2016-10-01,Chelsea,2016
h,3.11573,0.182549,w,2016-10-15,Chelsea,2016
h,2.25192,0.742805,w,2016-10-23,Chelsea,2016
a,1.14759,0.422364,w,2016-10-30,Chelsea,2016
h,1.94078,0.0131321,w,2016-11-05,Chelsea,2016
a,1.68738,0.55976,w,2016-11-20,Chelsea,2016
h,1.24948,0.422568,w,2016-11-26,Chelsea,2016
a,1.2848,2.24061,w,2016-12-03,Chelsea,2016
h,0.551109,0.212574,w,2016-12-11,Chelsea,2016
a,1.22459,0.473979,w,2016-12-14,Chelsea,2016
a,0.81444,0.356331,w,2016-12-17,Chelsea,2016
h,1.71303,0.650942,w,2016-12-26,Chelsea,2016
h,1.94737,0.858417,w,2016-12-31,Chelsea,2016
a,0.912754,1.00945,l,2017-01-05,Chelsea,2016
a,0.738826,0.179144,w,2017-01-14,Chelsea,2016
h,1.47165,0.314532,w,2017-01-22,Chelsea,2016
a,1.0666,1.20485,d,2017-01-31,Chelsea,2016
h,1.95451,0.950035,w,2017-02-04,Chelsea,2016
a,0.800222,0.906366,d,2017-02-12,Chelsea,2016
h,1.22573,0.280172,w,2017-02-25,Chelsea,2016
a,2.01134,0.450583,w,2017-03-06,Chelsea,2016
a,1.95538,0.952053,w,2017-03-18,Chelsea,2016
h,3.16805,1.57423,l,2017-04-01,Chelsea,2016
h,1.36933,2.2614,w,2017-04-05,Chelsea,2016
a,1.52126,0.384152,w,2017-04-08,Chelsea,2016
a,0.132913,0.807128,l,2017-04-16,Chelsea,2016
h,1.4438,1.32952,w,2017-04-25,Chelsea,2016
a,1.81945,0.684516,w,2017-04-30,Chelsea,2016
h,2.28046,0.0718773,w,2017-05-08,Chelsea,2016
a,1.76954,0.529155,w,2017-05-12,Chelsea,2016
h,2.65315,0.883368,w,2017-05-15,Chelsea,2016
h,2.73947,0.693994,w,2017-05-21,Chelsea,2016
a,0.445604,1.4603,l,2016-08-15,West Ham,2016
h,1.69288,0.39341,w,2016-08-21,West Ham,2016
a,1.08385,3.21624,l,2016-08-28,West Ham,2016
h,1.32216,1.85479,l,2016-09-10,West Ham,2016
a,2.37422,1.94229,l,2016-09-17,West Ham,2016
h,0.693818,2.97877,l,2016-09-25,West Ham,2016
h,0.883385,0.852603,d,2016-10-01,West Ham,2016
a,0.874219,1.94599,w,2016-10-15,West Ham,2016
h,1.19585,0.808339,w,2016-10-22,West Ham,2016
a,0.944816,2.0087,l,2016-10-30,West Ham,2016
h,0.404528,0.81046,d,2016-11-05,West Ham,2016
a,1.76706,2.53396,l,2016-11-19,West Ham,2016
a,0.749388,1.44452,d,2016-11-27,West Ham,2016
h,0.882486,2.96923,l,2016-12-03,West Ham,2016
a,0.64998,1.79134,d,2016-12-11,West Ham,2016
h,1.67016,0.923353,w,2016-12-14,West Ham,2016
h,1.92151,1.13479,w,2016-12-17,West Ham,2016
a,3.40585,0.954864,w,2016-12-26,West Ham,2016
a,1.58333,1.10842,l,2016-12-31,West Ham,2016
h,0.799911,1.64905,l,2017-01-02,West Ham,2016
h,1.72338,1.06181,w,2017-01-14,West Ham,2016
a,2.6558,0.958825,w,2017-01-21,West Ham,2016
h,0.49472,2.66472,l,2017-02-01,West Ham,2016
a,0.91785,1.06276,w,2017-02-04,West Ham,2016
h,1.17553,0.769974,d,2017-02-11,West Ham,2016
a,1.48144,1.21279,d,2017-02-25,West Ham,2016
h,0.450583,2.01134,l,2017-03-06,West Ham,2016
a,1.25315,3.68186,l,2017-03-11,West Ham,2016
h,2.32174,2.17004,l,2017-03-18,West Ham,2016
a,1.24571,0.778704,l,2017-04-01,West Ham,2016
a,0.303905,2.16023,l,2017-04-05,West Ham,2016
h,1.20573,0.307666,w,2017-04-08,West Ham,2016
a,1.42815,1.14121,d,2017-04-15,West Ham,2016
h,0.668323,0.104476,d,2017-04-22,West Ham,2016
a,0.65149,1.35509,d,2017-04-29,West Ham,2016
h,2.21043,0.451017,w,2017-05-05,West Ham,2016
h,1.03963,3.28962,l,2017-05-14,West Ham,2016
a,1.67299,1.70802,w,2017-05-21,West Ham,2016
a,1.12348,0.790063,d,2016-08-13,Tottenham,2016
h,2.25623,0.357943,w,2016-08-20,Tottenham,2016
h,0.590511,1.92569,d,2016-08-27,Tottenham,2016
a,2.77025,1.01771,w,2016-09-10,Tottenham,2016
h,2.52591,0.960821,w,2016-09-18,Tottenham,2016
a,1.4158,0.361508,w,2016-09-24,Tottenham,2016
h,1.69975,0.909513,w,2016-10-02,Tottenham,2016
a,1.32318,1.30365,d,2016-10-15,Tottenham,2016
a,0.74529,0.523371,d,2016-10-22,Tottenham,2016
h,1.69833,0.740987,d,2016-10-29,Tottenham,2016
a,1.19585,0.675745,d,2016-11-06,Tottenham,2016
h,2.53396,1.76706,w,2016-11-19,Tottenham,2016
a,0.422568,1.24948,l,2016-11-26,Tottenham,2016
h,3.9767,0.0342109,w,2016-12-03,Tottenham,2016
a,0.720341,1.04894,l,2016-12-11,Tottenham,2016
h,2.83077,0.570636,w,2016-12-15,Tottenham,2016
h,1.50755,1.17031,w,2016-12-18,Tottenham,2016
a,1.61035,0.403743,w,2016-12-28,Tottenham,2016
a,3.06509,1.26331,w,2017-01-01,Tottenham,2016
h,1.00945,0.912754,w,2017-01-05,Tottenham,2016
h,2.65474,0.165019,w,2017-01-14,Tottenham,2016
a,1.12391,2.52702,d,2017-01-21,Tottenham,2016
a,0.682758,0.228009,d,2017-01-31,Tottenham,2016
h,2.10053,0.50484,w,2017-02-04,Tottenham,2016
a,0.622104,2.38009,l,2017-02-11,Tottenham,2016
h,1.89002,0.743596,w,2017-02-26,Tottenham,2016
h,1.70225,0.808013,w,2017-03-05,Tottenham,2016
h,1.64328,0.839989,w,2017-03-19,Tottenham,2016
a,2.36346,0.44677,w,2017-04-01,Tottenham,2016
a,2.2242,0.872579,w,2017-04-05,Tottenham,2016
h,1.18779,0.369968,w,2017-04-08,Tottenham,2016
h,3.28588,0.211502,w,2017-04-15,Tottenham,2016
a,1.00589,0.321722,w,2017-04-26,Tottenham,2016
h,3.46042,0.589537,w,2017-04-30,Tottenham,2016
a,0.451017,2.21043,l,2017-05-05,Tottenham,2016
h,2.10698,1.03696,w,2017-05-14,Tottenham,2016
a,2.64912,0.725721,w,2017-05-18,Tottenham,2016
a,3.89027,0.812723,w,2017-05-21,Tottenham,2016
h,1.18197,1.6591,l,2016-08-14,Arsenal,2016
a,0.521509,0.553693,d,2016-08-20,Arsenal,2016
a,2.03271,1.07775,w,2016-08-27,Arsenal,2016
h,1.89219,1.17522,w,2016-09-10,Arsenal,2016
a,3.63453,0.969693,w,2016-09-17,Arsenal,2016
h,1.66224,0.613553,w,2016-09-24,Arsenal,2016
a,1.85433,0.608783,w,2016-10-02,Arsenal,2016
h,3.50519,1.74979,w,2016-10-15,Arsenal,2016
h,0.711811,1.55581,d,2016-10-22,Arsenal,2016
a,2.48348,0.853434,w,2016-10-29,Arsenal,2016
h,0.675745,1.19585,d,2016-11-06,Arsenal,2016
a,0.575813,0.511462,d,2016-11-19,Arsenal,2016
h,2.8697,2.0491,w,2016-11-27,Arsenal,2016
a,2.96923,0.882486,w,2016-12-03,Arsenal,2016
h,1.58027,1.29401,w,2016-12-10,Arsenal,2016
a,1.3508,1.46034,l,2016-12-13,Arsenal,2016
a,0.609893,1.5186,l,2016-12-18,Arsenal,2016
h,1.97881,0.687502,w,2016-12-26,Arsenal,2016
h,1.67138,0.221469,w,2017-01-01,Arsenal,2016
a,1.12629,1.55859,d,2017-01-03,Arsenal,2016
a,2.31811,0.488485,w,2017-01-14,Arsenal,2016
h,1.86443,1.29948,w,2017-01-22,Arsenal,2016
h,1.07765,0.918309,l,2017-01-31,Arsenal,2016
a,0.950035,1.95451,l,2017-02-04,Arsenal,2016
h,3.1235,0.466403,w,2017-02-11,Arsenal,2016
a,0.729203,2.70435,l,2017-03-04,Arsenal,2016
a,0.995221,2.11737,l,2017-03-18,Arsenal,2016
h,0.738497,1.40021,d,2017-04-02,Arsenal,2016
h,2.16023,0.303905,w,2017-04-05,Arsenal,2016
a,0.44226,2.15968,l,2017-04-10,Arsenal,2016
a,1.0689,1.72075,w,2017-04-17,Arsenal,2016
h,0.410203,0.595173,w,2017-04-26,Arsenal,2016
a,0.589537,3.46042,l,2017-04-30,Arsenal,2016
h,1.03986,0.576173,w,2017-05-07,Arsenal,2016
a,1.35954,1.25259,w,2017-05-10,Arsenal,2016
a,2.63639,1.30239,w,2017-05-13,Arsenal,2016
h,3.83905,0.271744,w,2017-05-16,Arsenal,2016
h,3.35075,1.8831,w,2017-05-21,Arsenal,2016
a,1.72089,1.04903,w,2016-08-13,Swansea,2016
h,1.14134,2.18655,l,2016-08-20,Swansea,2016
a,0.32818,2.47977,l,2016-08-27,Swansea,2016
h,1.2304,2.19035,d,2016-09-11,Swansea,2016
a,0.490661,2.15218,l,2016-09-18,Swansea,2016
h,1.11096,2.57704,l,2016-09-24,Swansea,2016
h,2.65842,2.02239,l,2016-10-01,Swansea,2016
a,1.74979,3.50519,l,2016-10-15,Swansea,2016
h,1.33215,0.478578,d,2016-10-22,Swansea,2016
a,1.10058,2.16407,l,2016-11-01,Swansea,2016
h,0.51266,1.00006,l,2016-11-06,Swansea,2016
a,1.07471,1.54877,d,2016-11-19,Swansea,2016
h,3.3955,2.28156,w,2016-11-26,Swansea,2016
a,0.0342109,3.9767,l,2016-12-03,Swansea,2016
h,2.18185,0.672058,w,2016-12-10,Swansea,2016
a,1.07221,1.78268,l,2016-12-15,Swansea,2016
a,0.602249,1.71549,l,2016-12-17,Swansea,2016
h,0.954864,3.40585,l,2016-12-26,Swansea,2016
h,0.515218,2.43608,l,2016-12-31,Swansea,2016
a,1.18905,0.331276,w,2017-01-04,Swansea,2016
h,0.488485,2.31811,l,2017-01-14,Swansea,2016
a,1.60482,1.24037,w,2017-01-21,Swansea,2016
h,0.760046,0.907103,w,2017-01-31,Swansea,2016
a,0.11445,2.87972,l,2017-02-05,Swansea,2016
h,0.693376,0.672883,w,2017-02-12,Swansea,2016
a,0.280172,1.22573,l,2017-02-25,Swansea,2016
h,1.44545,0.933851,w,2017-03-04,Swansea,2016
a,1.44148,1.98818,l,2017-03-11,Swansea,2016
a,0.37687,1.00816,l,2017-03-18,Swansea,2016
h,0.64382,0.748206,d,2017-04-02,Swansea,2016
h,0.872579,2.2242,l,2017-04-05,Swansea,2016
a,0.307666,1.20573,l,2017-04-08,Swansea,2016
a,0.641001,1.22039,l,2017-04-15,Swansea,2016
h,0.475636,1.69454,w,2017-04-22,Swansea,2016
a,0.775713,1.99224,d,2017-04-30,Swansea,2016
h,2.09244,0.270186,w,2017-05-06,Swansea,2016
a,0.344096,1.03765,w,2017-05-13,Swansea,2016
h,1.74555,1.60674,w,2017-05-21,Swansea,2016
a,0.485626,1.80523,d,2016-08-13,Stoke,2016
h,1.31066,2.17198,l,2016-08-20,Stoke,2016
a,0.187415,2.31835,l,2016-08-27,Stoke,2016
h,1.01771,2.77025,l,2016-09-10,Stoke,2016
a,1.20308,1.31366,l,2016-09-18,Stoke,2016
h,0.979673,0.270862,d,2016-09-24,Stoke,2016
a,1.20043,2.80988,d,2016-10-02,Stoke,2016
h,2.29543,0.587572,w,2016-10-15,Stoke,2016
a,1.04273,0.701606,w,2016-10-22,Stoke,2016
h,2.16407,1.10058,w,2016-11-01,Stoke,2016
a,0.81046,0.404528,d,2016-11-05,Stoke,2016
h,1.60429,1.2401199999999999,l,2016-11-19,Stoke,2016
a,0.704736,0.541915,w,2016-11-27,Stoke,2016
h,1.12929,0.773995,w,2016-12-03,Stoke,2016
a,1.29401,1.58027,l,2016-12-10,Stoke,2016
h,0.333754,0.723114,d,2016-12-15,Stoke,2016
h,2.518,1.25572,d,2016-12-17,Stoke,2016
a,0.389104,1.66669,l,2016-12-27,Stoke,2016
a,0.858417,1.94737,l,2016-12-31,Stoke,2016
h,1.85359,0.510395,w,2017-01-04,Stoke,2016
a,1.22897,1.1365,w,2017-01-14,Stoke,2016
h,0.353777,1.74295,d,2017-01-21,Stoke,2016
h,1.7362,0.870158,d,2017-02-01,Stoke,2016
a,1.10818,1.84983,l,2017-02-04,Stoke,2016
h,0.720883,0.202159,w,2017-02-11,Stoke,2016
a,0.743596,1.89002,l,2017-02-26,Stoke,2016
h,2.97584,0.274611,w,2017-03-04,Stoke,2016
a,0.337194,1.3049,d,2017-03-08,Stoke,2016
h,0.952053,1.95538,l,2017-03-18,Stoke,2016
a,1.36671,1.97444,l,2017-04-01,Stoke,2016
a,1.17275,0.348885,l,2017-04-04,Stoke,2016
h,2.13972,1.02225,l,2017-04-08,Stoke,2016
h,2.01829,1.17696,w,2017-04-15,Stoke,2016
a,1.69454,0.475636,l,2017-04-22,Stoke,2016
h,1.35509,0.65149,d,2017-04-29,Stoke,2016
a,2.3019,1.30668,d,2017-05-06,Stoke,2016
h,1.30239,2.63639,l,2017-05-13,Stoke,2016
a,0.983464,1.3554,w,2017-05-21,Stoke,2016
a,1.6591,1.18197,w,2016-08-14,Liverpool,2016
a,0.939025,0.197536,l,2016-08-20,Liverpool,2016
a,1.92569,0.590511,d,2016-08-27,Liverpool,2016
h,2.76916,1.22508,w,2016-09-10,Liverpool,2016
a,1.41642,1.16415,w,2016-09-16,Liverpool,2016
h,4.64913,0.157549,w,2016-09-24,Liverpool,2016
a,2.02239,2.65842,w,2016-10-01,Liverpool,2016
h,0.270441,0.537762,d,2016-10-17,Liverpool,2016
h,2.2952,0.685982,w,2016-10-22,Liverpool,2016
a,2.26056,0.496044,w,2016-10-29,Liverpool,2016
h,4.18366,0.771133,w,2016-11-06,Liverpool,2016
a,1.68802,0.0942055,d,2016-11-19,Liverpool,2016
h,2.02461,0.291073,w,2016-11-26,Liverpool,2016
a,1.26532,2.5439600000000002,l,2016-12-04,Liverpool,2016
h,1.79134,0.64998,d,2016-12-11,Liverpool,2016
a,2.13526,0.161583,w,2016-12-14,Liverpool,2016
a,1.87823,0.456788,w,2016-12-20,Liverpool,2016
h,1.66669,0.389104,w,2016-12-27,Liverpool,2016
h,0.256825,0.352445,w,2016-12-31,Liverpool,2016
a,2.332,1.91057,d,2017-01-02,Liverpool,2016
a,1.46058,1.03178,d,2017-01-15,Liverpool,2016
h,1.24037,1.60482,l,2017-01-21,Liverpool,2016
h,1.20485,1.0666,d,2017-01-31,Liverpool,2016
a,1.12538,1.88587,l,2017-02-04,Liverpool,2016
h,2.38009,0.622104,w,2017-02-11,Liverpool,2016
a,0.789939,1.54732,l,2017-02-27,Liverpool,2016
h,2.70435,0.729203,w,2017-03-04,Liverpool,2016
h,0.966335,0.83474,w,2017-03-12,Liverpool,2016
a,1.94116,2.55464,d,2017-03-19,Liverpool,2016
h,0.625343,1.44152,w,2017-04-01,Liverpool,2016
h,2.17263,1.31233,d,2017-04-05,Liverpool,2016
a,1.02225,2.13972,w,2017-04-08,Liverpool,2016
a,1.30017,0.590375,w,2017-04-16,Liverpool,2016
h,0.89449,1.21741,l,2017-04-23,Liverpool,2016
a,0.55669,0.436648,w,2017-05-01,Liverpool,2016
h,1.35967,0.182082,d,2017-05-07,Liverpool,2016
a,3.28962,1.03963,w,2017-05-14,Liverpool,2016
h,2.16957,0.899691,w,2017-05-21,Liverpool,2016
h,1.95479,1.09877,w,2016-08-13,Manchester City,2016
a,2.17198,1.31066,w,2016-08-20,Manchester City,2016
h,3.21624,1.08385,w,2016-08-28,Manchester City,2016
a,1.88688,1.01013,w,2016-09-10,Manchester City,2016
h,3.38733,0.389672,w,2016-09-17,Manchester City,2016
a,2.57704,1.11096,w,2016-09-24,Manchester City,2016
a,0.909513,1.69975,l,2016-10-02,Manchester City,2016
h,2.69208,0.144498,d,2016-10-15,Manchester City,2016
h,1.15321,0.563752,d,2016-10-23,Manchester City,2016
a,2.48018,0.596605,w,2016-10-29,Manchester City,2016
h,2.49606,0.208762,d,2016-11-05,Manchester City,2016
a,1.39421,0.431559,w,2016-11-19,Manchester City,2016
a,2.25698,0.475642,w,2016-11-26,Manchester City,2016
h,2.24061,1.2848,l,2016-12-03,Manchester City,2016
a,0.970372,2.60583,l,2016-12-10,Manchester City,2016
h,1.62359,0.497462,w,2016-12-15,Manchester City,2016
h,1.5186,0.609893,w,2016-12-18,Manchester City,2016
a,2.22237,0.350069,w,2016-12-26,Manchester City,2016
a,0.352445,0.256825,l,2016-12-31,Manchester City,2016
h,0.617412,0.642111,w,2017-01-02,Manchester City,2016
a,0.569286,0.572528,l,2017-01-15,Manchester City,2016
h,2.52702,1.12391,d,2017-01-21,Manchester City,2016
a,2.66472,0.49472,w,2017-02-01,Manchester City,2016
h,2.87972,0.11445,w,2017-02-05,Manchester City,2016
a,2.953,0.152385,w,2017-02-13,Manchester City,2016
a,2.48022,0.737758,w,2017-03-05,Manchester City,2016
h,1.3049,0.337194,d,2017-03-08,Manchester City,2016
h,2.55464,1.94116,d,2017-03-19,Manchester City,2016
a,1.40021,0.738497,d,2017-04-02,Manchester City,2016
a,2.2614,1.36933,l,2017-04-05,Manchester City,2016
h,2.33731,0.358364,w,2017-04-08,Manchester City,2016
a,2.74188,0.616753,w,2017-04-15,Manchester City,2016
h,1.41537,0.421251,d,2017-04-27,Manchester City,2016
a,3.10725,1.17715,d,2017-04-30,Manchester City,2016
h,2.69837,0.241571,w,2017-05-06,Manchester City,2016
h,1.98776,1.62503,w,2017-05-13,Manchester City,2016
h,2.58035,0.387741,w,2017-05-16,Manchester City,2016
a,3.26614,0.826124,w,2017-05-21,Manchester City,2016
a,1.91105,0.522847,w,2016-08-14,Manchester United,2016
h,1.36553,0.613233,w,2016-08-19,Manchester United,2016
a,2.47208,0.268815,w,2016-08-27,Manchester United,2016
h,1.01013,1.88688,l,2016-09-10,Manchester United,2016
a,1.41359,1.74506,l,2016-09-18,Manchester United,2016
h,2.45604,0.286966,w,2016-09-24,Manchester United,2016
h,2.80988,1.20043,d,2016-10-02,Manchester United,2016
a,0.537762,0.270441,d,2016-10-17,Manchester United,2016
a,0.742805,2.25192,l,2016-10-23,Manchester United,2016
h,2.72391,0.327957,d,2016-10-29,Manchester United,2016
a,1.00006,0.51266,w,2016-11-06,Manchester United,2016
h,0.511462,0.575813,d,2016-11-19,Manchester United,2016
h,1.44452,0.749388,d,2016-11-27,Manchester United,2016
a,0.541299,1.64985,d,2016-12-04,Manchester United,2016
h,1.04894,0.720341,w,2016-12-11,Manchester United,2016
a,1.27306,0.710324,w,2016-12-15,Manchester United,2016
a,0.983306,0.600426,w,2016-12-17,Manchester United,2016
h,2.32117,0.488541,w,2016-12-26,Manchester United,2016
h,2.53996,0.64492,w,2016-12-31,Manchester United,2016
a,1.64905,0.799911,w,2017-01-02,Manchester United,2016
h,1.03178,1.46058,d,2017-01-15,Manchester United,2016
a,1.74295,0.353777,d,2017-01-21,Manchester United,2016
h,1.48151,0.395896,d,2017-02-01,Manchester United,2016
a,1.98688,0.492009,w,2017-02-05,Manchester United,2016
h,2.627,0.641058,w,2017-02-11,Manchester United,2016
h,2.5377,0.816172,d,2017-03-04,Manchester United,2016
a,2.47484,1.09037,w,2017-03-19,Manchester United,2016
h,0.986683,0.200297,d,2017-04-01,Manchester United,2016
h,1.67424,0.589122,d,2017-04-04,Manchester United,2016
a,1.6943,0.977316,w,2017-04-09,Manchester United,2016
h,0.807128,0.132913,w,2017-04-16,Manchester United,2016
a,2.24747,0.342829,w,2017-04-23,Manchester United,2016
a,0.421251,1.41537,d,2017-04-27,Manchester United,2016
h,1.99224,0.775713,d,2017-04-30,Manchester United,2016
a,0.576173,1.03986,l,2017-05-07,Manchester United,2016
a,1.03696,2.10698,l,2017-05-14,Manchester United,2016
a,0.45805,1.66533,d,2017-05-17,Manchester United,2016
h,1.0386,0.3016,w,2017-05-21,Manchester United,2016
a,0.180046,0.937328,d,2016-08-13,Watford,2016
h,0.804549,1.75595,l,2016-08-20,Watford,2016
h,1.07775,2.03271,l,2016-08-27,Watford,2016
a,1.85479,1.32216,w,2016-09-10,Watford,2016
h,1.74506,1.41359,w,2016-09-18,Watford,2016
a,0.776105,0.569734,l,2016-09-26,Watford,2016
h,1.23419,1.35487,d,2016-10-01,Watford,2016
a,0.0893749,0.528576,w,2016-10-16,Watford,2016
a,0.478578,1.33215,d,2016-10-22,Watford,2016
h,1.14991,0.251367,w,2016-10-29,Watford,2016
a,0.771133,4.18366,l,2016-11-06,Watford,2016
h,0.7197,1.19686,w,2016-11-19,Watford,2016
h,0.541915,0.704736,l,2016-11-27,Watford,2016
a,1.476,1.17737,l,2016-12-03,Watford,2016
h,1.49271,1.09675,w,2016-12-10,Watford,2016
a,0.497462,1.62359,l,2016-12-15,Watford,2016
a,1.07552,1.13526,l,2016-12-17,Watford,2016
h,0.959496,1.53834,d,2016-12-26,Watford,2016
h,1.26331,3.06509,l,2017-01-01,Watford,2016
a,0.510395,1.85359,l,2017-01-04,Watford,2016
h,0.835827,0.325347,d,2017-01-14,Watford,2016
a,1.08731,1.14791,d,2017-01-21,Watford,2016
a,0.918309,1.07765,w,2017-01-31,Watford,2016
h,1.66308,1.4777,w,2017-02-04,Watford,2016
a,0.641058,2.627,l,2017-02-11,Watford,2016
h,1.21279,1.48144,d,2017-02-25,Watford,2016
h,1.40104,1.33681,l,2017-03-04,Watford,2016
a,0.190648,0.376326,l,2017-03-18,Watford,2016
h,1.95828,0.349699,w,2017-04-01,Watford,2016
h,0.691991,1.48109,w,2017-04-04,Watford,2016
a,0.369968,1.18779,l,2017-04-08,Watford,2016
h,1.22039,0.641001,w,2017-04-15,Watford,2016
a,1.15869,1.42309,l,2017-04-22,Watford,2016
h,0.436648,0.55669,l,2017-05-01,Watford,2016
a,0.512433,1.00566,l,2017-05-06,Watford,2016
a,1.54861,1.12984,l,2017-05-12,Watford,2016
a,0.883368,2.65315,l,2017-05-15,Watford,2016
h,0.826124,3.26614,l,2017-05-21,Watford,2016
h,0.740018,2.45631,w,2016-08-13,Hull,2016
a,2.18655,1.14134,w,2016-08-20,Hull,2016
h,0.268815,2.47208,l,2016-08-27,Hull,2016
a,0.907116,0.453149,d,2016-09-10,Hull,2016
h,0.969693,3.63453,l,2016-09-17,Hull,2016
a,0.157549,4.64913,l,2016-09-24,Hull,2016
h,0.27266,1.99155,l,2016-10-01,Hull,2016
a,0.388589,2.92532,l,2016-10-15,Hull,2016
h,0.701606,1.04273,l,2016-10-22,Hull,2016
a,0.251367,1.14991,l,2016-10-29,Hull,2016
h,0.561215,2.03046,w,2016-11-06,Hull,2016
a,1.25065,0.951511,l,2016-11-19,Hull,2016
h,0.424457,1.40213,d,2016-11-26,Hull,2016
a,0.221339,1.94961,l,2016-12-06,Hull,2016
h,2.16649,1.50059,d,2016-12-10,Hull,2016
a,0.570636,2.83077,l,2016-12-15,Hull,2016
a,1.13479,1.92151,l,2016-12-17,Hull,2016
h,0.350069,2.22237,l,2016-12-26,Hull,2016
h,0.852585,1.27757,d,2016-12-31,Hull,2016
a,0.992341,0.883566,l,2017-01-02,Hull,2016
h,1.18904,1.43455,w,2017-01-14,Hull,2016
a,0.314532,1.47165,l,2017-01-22,Hull,2016
a,0.395896,1.48151,d,2017-02-01,Hull,2016
h,1.88587,1.12538,w,2017-02-04,Hull,2016
a,0.466403,3.1235,l,2017-02-11,Hull,2016
h,1.59037,0.473058,d,2017-02-25,Hull,2016
a,1.1216,1.81255,l,2017-03-04,Hull,2016
h,1.98818,1.44148,w,2017-03-11,Hull,2016
a,0.528692,2.63141,l,2017-03-18,Hull,2016
h,0.778704,1.24571,w,2017-04-01,Hull,2016
h,2.23261,1.30673,w,2017-04-05,Hull,2016
a,0.358364,2.33731,l,2017-04-08,Hull,2016
a,1.17696,2.01829,l,2017-04-15,Hull,2016
h,1.42309,1.15869,w,2017-04-22,Hull,2016
a,0.472435,1.24844,d,2017-04-29,Hull,2016
h,1.21734,1.95502,l,2017-05-06,Hull,2016
a,0.518148,2.73274,l,2017-05-14,Hull,2016
h,0.812723,3.89027,l,2017-05-21,Hull,2016
h,1.04903,1.72089,l,2016-08-13,Burnley,2016
h,0.197536,0.939025,w,2016-08-20,Burnley,2016
a,0.18449,2.65838,l,2016-08-27,Burnley,2016
h,0.453149,0.907116,d,2016-09-10,Burnley,2016
a,0.464523,1.98503,l,2016-09-17,Burnley,2016
h,0.569734,0.776105,w,2016-09-26,Burnley,2016
h,0.608783,1.85433,l,2016-10-02,Burnley,2016
a,1.03126,4.21181,l,2016-10-16,Burnley,2016
h,0.905579,0.752795,w,2016-10-22,Burnley,2016
a,0.327957,2.72391,d,2016-10-29,Burnley,2016
h,2.25738,2.05902,w,2016-11-05,Burnley,2016
a,0.571005,1.40512,l,2016-11-22,Burnley,2016
h,0.475642,2.25698,l,2016-11-26,Burnley,2016
a,0.773995,1.12929,l,2016-12-03,Burnley,2016
h,2.15178,1.00194,w,2016-12-10,Burnley,2016
a,0.923353,1.67016,l,2016-12-14,Burnley,2016
a,1.17031,1.50755,l,2016-12-18,Burnley,2016
h,0.275704,0.698814,w,2016-12-26,Burnley,2016
h,2.72471,0.465701,w,2016-12-31,Burnley,2016
a,0.642111,0.617412,l,2017-01-02,Burnley,2016
h,0.464555,0.962065,w,2017-01-14,Burnley,2016
a,1.29948,1.86443,l,2017-01-22,Burnley,2016
h,1.82995,0.775645,w,2017-01-31,Burnley,2016
a,1.4777,1.66308,l,2017-02-04,Burnley,2016
h,0.906366,0.800222,d,2017-02-12,Burnley,2016
a,0.473058,1.59037,d,2017-02-25,Burnley,2016
a,0.933851,1.44545,l,2017-03-04,Burnley,2016
a,0.83474,0.966335,l,2017-03-12,Burnley,2016
a,1.18742,1.03287,d,2017-03-18,Burnley,2016
h,0.44677,2.36346,l,2017-04-01,Burnley,2016
h,0.348885,1.17275,w,2017-04-04,Burnley,2016
a,0.809899,0.684683,d,2017-04-08,Burnley,2016
a,1.1469,1.67352,l,2017-04-15,Burnley,2016
h,0.342829,2.24747,l,2017-04-23,Burnley,2016
a,1.38569,0.633469,w,2017-04-29,Burnley,2016
h,1.08649,0.82853,d,2017-05-06,Burnley,2016
a,1.1511,1.5499,l,2017-05-13,Burnley,2016
h,1.70802,1.67299,l,2017-05-21,Burnley,2016
h,1.80523,0.485626,d,2016-08-13,Middlesbrough,2016
a,0.854908,1.4645,w,2016-08-21,Middlesbrough,2016
a,0.396816,0.696845,d,2016-08-28,Middlesbrough,2016
h,0.611959,1.12437,l,2016-09-10,Middlesbrough,2016
a,0.178081,1.17467,l,2016-09-17,Middlesbrough,2016
h,0.361508,1.4158,l,2016-09-24,Middlesbrough,2016
a,0.852603,0.883385,d,2016-10-01,Middlesbrough,2016
h,0.528576,0.0893749,l,2016-10-16,Middlesbrough,2016
a,1.55581,0.711811,d,2016-10-22,Middlesbrough,2016
h,1.44317,1.54599,w,2016-10-29,Middlesbrough,2016
a,0.208762,2.49606,d,2016-11-05,Middlesbrough,2016
h,0.55976,1.68738,l,2016-11-20,Middlesbrough,2016
a,0.425252,2.0478,d,2016-11-26,Middlesbrough,2016
h,1.94961,0.221339,w,2016-12-06,Middlesbrough,2016
a,0.493941,1.72919,l,2016-12-11,Middlesbrough,2016
h,0.161583,2.13526,l,2016-12-14,Middlesbrough,2016
h,1.71549,0.602249,w,2016-12-17,Middlesbrough,2016
a,0.698814,0.275704,l,2016-12-26,Middlesbrough,2016
a,0.64492,2.53996,l,2016-12-31,Middlesbrough,2016
h,0.697108,0.477078,d,2017-01-02,Middlesbrough,2016
a,0.325347,0.835827,d,2017-01-14,Middlesbrough,2016
h,0.958825,2.6558,l,2017-01-21,Middlesbrough,2016
h,1.18135,1.25288,d,2017-01-31,Middlesbrough,2016
a,0.50484,2.10053,l,2017-02-04,Middlesbrough,2016
h,0.651056,0.831644,d,2017-02-11,Middlesbrough,2016
a,0.82885,0.808522,l,2017-02-25,Middlesbrough,2016
a,0.274611,2.97584,l,2017-03-04,Middlesbrough,2016
h,1.09037,2.47484,l,2017-03-19,Middlesbrough,2016
a,0.748206,0.64382,d,2017-04-02,Middlesbrough,2016
a,1.30673,2.23261,l,2017-04-05,Middlesbrough,2016
h,0.684683,0.809899,d,2017-04-08,Middlesbrough,2016
h,1.72075,1.0689,l,2017-04-17,Middlesbrough,2016
a,0.2072,3.27712,l,2017-04-22,Middlesbrough,2016
h,0.825839,0.445766,w,2017-04-26,Middlesbrough,2016
h,1.17715,3.10725,d,2017-04-30,Middlesbrough,2016
a,0.0718773,2.28046,l,2017-05-08,Middlesbrough,2016
h,1.32885,1.52569,l,2017-05-13,Middlesbrough,2016
a,0.899691,2.16957,l,2017-05-21,Middlesbrough,2016
a,0.782253,0.876106,w,2015-08-08,Aston Villa,2015
h,0.219118,0.660404,l,2015-08-14,Aston Villa,2015
a,0.765278,1.23807,l,2015-08-22,Aston Villa,2015
h,2.27406,0.368848,d,2015-08-29,Aston Villa,2015
a,0.953181,1.34987,l,2015-09-13,Aston Villa,2015
h,0.876719,0.632761,l,2015-09-19,Aston Villa,2015
a,0.892054,1.78331,l,2015-09-26,Aston Villa,2015
h,0.839028,1.03499,l,2015-10-03,Aston Villa,2015
a,0.795846,1.22875,l,2015-10-17,Aston Villa,2015
h,1.09516,1.74353,l,2015-10-24,Aston Villa,2015
a,0.325711,1.14374,l,2015-11-03,Aston Villa,2015
h,0.182741,1.53281,d,2015-11-08,Aston Villa,2015
a,0.322061,2.83068,l,2015-11-21,Aston Villa,2015
h,1.48969,1.45176,l,2015-11-28,Aston Villa,2015
a,1.058,2.86051,d,2015-12-05,Aston Villa,2015
h,1.00876,1.68498,l,2015-12-13,Aston Villa,2015
a,0.404373,1.28189,d,2015-12-19,Aston Villa,2015
h,1.61235,0.836027,d,2015-12-26,Aston Villa,2015
a,0.235874,1.10319,l,2015-12-28,Aston Villa,2015
a,0.27956,0.761225,l,2016-01-02,Aston Villa,2015
h,0.551973,0.547913,w,2016-01-12,Aston Villa,2015
h,0.665386,2.21525,d,2016-01-16,Aston Villa,2015
a,0.562461,0.23184,d,2016-01-23,Aston Villa,2015
a,0.107888,2.34619,l,2016-02-02,Aston Villa,2015
h,0.918291,1.1413,w,2016-02-06,Aston Villa,2015
h,0.174868,2.00756,l,2016-02-14,Aston Villa,2015
a,0.414343,2.04047,l,2016-02-27,Aston Villa,2015
h,0.60177,2.63668,l,2016-03-01,Aston Villa,2015
a,0.121136,2.83271,l,2016-03-05,Aston Villa,2015
h,1.84022,2.00141,l,2016-03-13,Aston Villa,2015
a,0.730828,0.490469,l,2016-03-19,Aston Villa,2015
h,0.72512,2.49358,l,2016-04-02,Aston Villa,2015
h,0.220872,1.0038,l,2016-04-09,Aston Villa,2015
a,0.262427,1.09127,l,2016-04-16,Aston Villa,2015
h,1.47192,3.6648,l,2016-04-23,Aston Villa,2015
a,0.491793,1.36255,l,2016-04-30,Aston Villa,2015
h,0.0312154,1.09626,d,2016-05-07,Aston Villa,2015
a,0.222731,3.40207,l,2016-05-15,Aston Villa,2015
h,0.604226,0.557892,d,2015-08-08,Everton,2015
a,1.39628,1.06214,w,2015-08-15,Everton,2015
h,0.579338,1.57983,l,2015-08-23,Everton,2015
a,0.694692,1.99917,d,2015-08-29,Everton,2015
h,1.18026,0.656048,w,2015-09-12,Everton,2015
a,1.77458,0.864868,d,2015-09-19,Everton,2015
a,2.30159,1.27511,w,2015-09-28,Everton,2015
h,1.20063,1.30844,d,2015-10-04,Everton,2015
h,0.653457,1.47853,l,2015-10-17,Everton,2015
a,0.373025,2.55754,l,2015-10-24,Everton,2015
h,2.34852,1.21834,w,2015-11-01,Everton,2015
a,1.08814,0.589567,d,2015-11-07,Everton,2015
h,2.83068,0.322061,w,2015-11-21,Everton,2015
a,0.729005,1.69105,d,2015-11-28,Everton,2015
h,1.69774,1.1905,d,2015-12-08,Everton,2015
a,2.43558,1.49283,d,2015-12-12,Everton,2015
h,1.48982,2.02911,l,2015-12-19,Everton,2015
a,1.69923,1.35711,w,2015-12-26,Everton,2015
h,2.2472,1.58159,l,2015-12-28,Everton,2015
h,0.721603,0.75907,d,2016-01-03,Everton,2015
a,0.369548,1.44957,d,2016-01-13,Everton,2015
a,1.5891,2.44864,d,2016-01-16,Everton,2015
h,1.94094,1.08055,l,2016-01-24,Everton,2015
h,2.48447,0.626239,w,2016-02-03,Everton,2015
a,3.05913,0.693548,w,2016-02-06,Everton,2015
h,1.82912,1.1974,l,2016-02-13,Everton,2015
a,2.63668,0.60177,w,2016-03-01,Everton,2015
h,2.09025,2.72091,l,2016-03-05,Everton,2015
h,0.58617,1.92384,l,2016-03-19,Everton,2015
a,0.755625,0.998692,l,2016-04-03,Everton,2015
a,1.59979,0.408379,d,2016-04-09,Everton,2015
a,0.759269,1.59025,d,2016-04-13,Everton,2015
h,0.318721,1.38323,d,2016-04-16,Everton,2015
a,0.0886329,3.24472,l,2016-04-20,Everton,2015
h,0.95281,1.42599,w,2016-04-30,Everton,2015
a,1.30184,4.50525,l,2016-05-07,Everton,2015
a,1.16563,2.44887,l,2016-05-11,Everton,2015
h,2.40775,0.43016,w,2016-05-15,Everton,2015
h,0.876106,0.782253,l,2015-08-08,Bournemouth,2015
a,0.460805,2.15062,l,2015-08-17,Bournemouth,2015
a,2.8554,1.50203,w,2015-08-22,Bournemouth,2015
h,0.321432,0.919097,d,2015-08-29,Bournemouth,2015
a,0.389495,1.33151,l,2015-09-12,Bournemouth,2015
h,0.644335,0.854867,w,2015-09-19,Bournemouth,2015
a,0.871678,1.94483,l,2015-09-26,Bournemouth,2015
h,1.50268,0.913291,d,2015-10-03,Bournemouth,2015
a,0.173025,4.71274,l,2015-10-17,Bournemouth,2015
h,0.490581,3.43313,l,2015-10-25,Bournemouth,2015
a,0.712132,1.15966,l,2015-11-01,Bournemouth,2015
h,1.00427,0.504409,l,2015-11-07,Bournemouth,2015
a,1.58509,1.88526,d,2015-11-21,Bournemouth,2015
h,1.69105,0.729005,d,2015-11-28,Bournemouth,2015
a,1.25911,1.66952,w,2015-12-05,Bournemouth,2015
h,1.05032,1.96768,w,2015-12-12,Bournemouth,2015
a,1.89177,0.698255,w,2015-12-19,Bournemouth,2015
h,0.871395,0.405181,d,2015-12-26,Bournemouth,2015
a,0.343752,3.12958,l,2015-12-28,Bournemouth,2015
a,1.2593,2.28506,d,2016-01-02,Bournemouth,2015
h,0.729546,1.18455,l,2016-01-12,Bournemouth,2015
h,2.53086,0.595472,w,2016-01-16,Bournemouth,2015
a,1.26851,0.612134,d,2016-01-23,Bournemouth,2015
a,1.17427,1.62395,w,2016-02-03,Bournemouth,2015
h,0.584316,1.13957,l,2016-02-07,Bournemouth,2015
h,1.19427,0.927348,l,2016-02-13,Bournemouth,2015
a,0.955252,1.00481,d,2016-02-27,Bournemouth,2015
h,1.41228,0.954161,w,2016-03-01,Bournemouth,2015
a,1.26853,0.833931,w,2016-03-05,Bournemouth,2015
h,0.70756,1.09562,w,2016-03-12,Bournemouth,2015
a,0.120366,2.02694,l,2016-03-20,Bournemouth,2015
h,1.3239,0.868303,l,2016-04-02,Bournemouth,2015
a,1.0038,0.220872,w,2016-04-09,Bournemouth,2015
h,0.85914,1.81443,l,2016-04-17,Bournemouth,2015
h,0.575087,2.07192,l,2016-04-23,Bournemouth,2015
a,1.42599,0.95281,l,2016-04-30,Bournemouth,2015
h,0.814964,1.34282,d,2016-05-07,Bournemouth,2015
a,0.503471,1.72109,l,2016-05-17,Bournemouth,2015
a,1.2529,1.54613,d,2015-08-09,Southampton,2015
h,1.06214,1.39628,l,2015-08-15,Southampton,2015
a,0.68359,1.17588,d,2015-08-23,Southampton,2015
h,2.85501,0.639434,w,2015-08-30,Southampton,2015
a,1.00731,0.409143,d,2015-09-12,Southampton,2015
h,1.83663,1.65119,l,2015-09-20,Southampton,2015
h,1.55418,1.41962,w,2015-09-26,Southampton,2015
a,1.58246,0.520175,w,2015-10-03,Southampton,2015
h,1.46668,2.78648,d,2015-10-17,Southampton,2015
a,1.56383,0.682823,d,2015-10-25,Southampton,2015
h,1.15966,0.712132,w,2015-11-01,Southampton,2015
a,1.79578,0.299104,w,2015-11-07,Southampton,2015
h,0.709485,1.19495,l,2015-11-21,Southampton,2015
a,1.24478,2.12331,l,2015-11-28,Southampton,2015
h,2.86051,1.058,d,2015-12-05,Southampton,2015
a,0.890411,1.31177,l,2015-12-12,Southampton,2015
h,0.83385,1.47453,l,2015-12-19,Southampton,2015
h,2.4303,0.83106,w,2015-12-26,Southampton,2015
a,1.3709,1.79562,l,2015-12-28,Southampton,2015
a,0.932294,1.50509,l,2016-01-02,Southampton,2015
h,1.7224,0.11543,w,2016-01-13,Southampton,2015
h,1.42623,0.410757,w,2016-01-16,Southampton,2015
a,0.83591,0.187217,w,2016-01-23,Southampton,2015
a,0.93405,3.38487,d,2016-02-02,Southampton,2015
h,1.06493,0.970583,w,2016-02-06,Southampton,2015
a,1.19353,0.699012,w,2016-02-13,Southampton,2015
h,1.01074,0.631036,l,2016-02-27,Southampton,2015
a,0.954161,1.41228,l,2016-03-01,Southampton,2015
h,1.54587,1.31562,d,2016-03-05,Southampton,2015
a,0.874966,1.06676,w,2016-03-12,Southampton,2015
h,1.56873,1.29046,w,2016-03-20,Southampton,2015
a,0.670068,1.38701,l,2016-04-03,Southampton,2015
h,1.78477,0.165982,w,2016-04-09,Southampton,2015
a,1.38323,0.318721,d,2016-04-16,Southampton,2015
a,3.6648,1.47192,w,2016-04-23,Southampton,2015
h,2.84362,1.12719,w,2016-05-01,Southampton,2015
a,1.30812,2.55547,w,2016-05-08,Southampton,2015
h,2.32278,1.24857,w,2016-05-15,Southampton,2015
h,2.56803,1.45946,w,2015-08-08,Leicester,2015
a,1.80939,0.513491,w,2015-08-15,Leicester,2015
h,0.829012,1.89437,d,2015-08-22,Leicester,2015
a,0.919097,0.321432,d,2015-08-29,Leicester,2015
h,1.34987,0.953181,w,2015-09-13,Leicester,2015
a,1.22582,1.14717,d,2015-09-19,Leicester,2015
h,1.38516,3.89623,l,2015-09-26,Leicester,2015
a,3.00282,1.18074,w,2015-10-03,Leicester,2015
a,2.78648,1.46668,d,2015-10-17,Leicester,2015
h,1.33502,0.240008,w,2015-10-24,Leicester,2015
a,2.22545,1.50447,w,2015-10-31,Leicester,2015
h,1.56389,1.00531,w,2015-11-07,Leicester,2015
a,3.27478,0.372387,w,2015-11-21,Leicester,2015
h,0.876256,1.05613,d,2015-11-28,Leicester,2015
a,2.20962,0.780602,w,2015-12-05,Leicester,2015
h,0.708846,2.26887,w,2015-12-15,Leicester,2015
a,2.02911,1.48982,w,2015-12-19,Leicester,2015
a,0.505167,1.37933,l,2015-12-26,Leicester,2015
h,0.810377,1.66777,d,2015-12-29,Leicester,2015
h,2.28506,1.2593,d,2016-01-02,Leicester,2015
a,0.588708,1.2301,w,2016-01-14,Leicester,2015
a,2.21525,0.665386,d,2016-01-16,Leicester,2015
h,2.25906,0.340483,w,2016-01-23,Leicester,2015
h,1.34566,0.580791,w,2016-02-02,Leicester,2015
a,2.50168,1.70719,w,2016-02-06,Leicester,2015
a,1.31246,2.36319,l,2016-02-14,Leicester,2015
h,1.7645,0.814784,w,2016-02-27,Leicester,2015
h,3.04626,1.29485,d,2016-03-01,Leicester,2015
a,1.47042,0.829318,w,2016-03-05,Leicester,2015
h,0.846771,0.518715,w,2016-03-14,Leicester,2015
a,1.20315,0.784339,w,2016-03-19,Leicester,2015
h,1.38701,0.670068,w,2016-04-03,Leicester,2015
a,2.60072,0.872232,w,2016-04-10,Leicester,2015
h,1.95296,1.56819,d,2016-04-17,Leicester,2015
h,3.31579,0.576457,w,2016-04-24,Leicester,2015
a,1.16622,1.18462,d,2016-05-01,Leicester,2015
h,4.50525,1.30184,w,2016-05-07,Leicester,2015
a,1.23491,1.86065,d,2016-05-15,Leicester,2015
h,0.435238,1.9242,l,2015-08-10,West Bromwich Albion,2015
a,0.684036,0.760848,d,2015-08-15,West Bromwich Albion,2015
h,1.42622,2.02778,l,2015-08-23,West Bromwich Albion,2015
a,0.881194,1.21771,w,2015-08-29,West Bromwich Albion,2015
h,0.409143,1.00731,d,2015-09-12,West Bromwich Albion,2015
a,0.632761,0.876719,w,2015-09-19,West Bromwich Albion,2015
h,1.27511,2.30159,l,2015-09-28,West Bromwich Albion,2015
a,0.255528,1.99083,l,2015-10-03,West Bromwich Albion,2015
h,2.07781,0.658473,w,2015-10-17,West Bromwich Albion,2015
a,1.45436,1.03228,w,2015-10-24,West Bromwich Albion,2015
h,1.50447,2.22545,l,2015-10-31,West Bromwich Albion,2015
a,0.594031,1.2779,l,2015-11-07,West Bromwich Albion,2015
h,0.332888,2.08956,w,2015-11-21,West Bromwich Albion,2015
a,0.866305,1.41404,d,2015-11-29,West Bromwich Albion,2015
h,1.48695,1.12876,d,2015-12-05,West Bromwich Albion,2015
a,0.835885,2.12583,d,2015-12-13,West Bromwich Albion,2015
h,0.698255,1.89177,l,2015-12-19,West Bromwich Albion,2015
a,0.554583,1.21243,l,2015-12-26,West Bromwich Albion,2015
h,2.1039,0.456189,w,2015-12-28,West Bromwich Albion,2015
h,1.72318,0.917526,w,2016-01-02,West Bromwich Albion,2015
a,0.704263,1.38532,d,2016-01-13,West Bromwich Albion,2015
a,0.410757,1.42623,l,2016-01-16,West Bromwich Albion,2015
h,0.23184,0.562461,d,2016-01-23,West Bromwich Albion,2015
h,2.30645,1.17928,d,2016-02-03,West Bromwich Albion,2015
a,0.472556,2.41057,l,2016-02-06,West Bromwich Albion,2015
a,1.1974,1.82912,w,2016-02-13,West Bromwich Albion,2015
h,2.07488,1.21638,w,2016-02-27,West Bromwich Albion,2015
a,1.29485,3.04626,d,2016-03-01,West Bromwich Albion,2015
h,0.565787,0.417622,w,2016-03-06,West Bromwich Albion,2015
h,0.332789,0.799255,l,2016-03-19,West Bromwich Albion,2015
a,0.0635563,1.54544,d,2016-04-02,West Bromwich Albion,2015
a,1.09413,2.07325,l,2016-04-09,West Bromwich Albion,2015
h,2.2915,0.364852,l,2016-04-16,West Bromwich Albion,2015
a,0.839742,1.37348,l,2016-04-21,West Bromwich Albion,2015
a,0.894413,1.26346,d,2016-04-25,West Bromwich Albion,2015
h,1.5346,1.27183,l,2016-04-30,West Bromwich Albion,2015
a,1.34282,0.814964,d,2016-05-07,West Bromwich Albion,2015
h,1.86869,0.419877,d,2016-05-15,West Bromwich Albion,2015
a,1.45946,2.56803,l,2015-08-08,Sunderland,2015
h,0.329128,1.71686,l,2015-08-15,Sunderland,2015
h,0.569426,1.56064,d,2015-08-22,Sunderland,2015
a,0.368848,2.27406,d,2015-08-29,Sunderland,2015
h,1.0407,1.45615,l,2015-09-13,Sunderland,2015
a,0.854867,0.644335,l,2015-09-19,Sunderland,2015
a,0.832139,2.8971,l,2015-09-26,Sunderland,2015
h,1.08401,1.93656,d,2015-10-03,Sunderland,2015
a,0.658473,2.07781,l,2015-10-17,Sunderland,2015
h,2.37969,1.41744,w,2015-10-25,Sunderland,2015
a,1.21834,2.34852,l,2015-11-01,Sunderland,2015
h,0.299104,1.79578,l,2015-11-07,Sunderland,2015
a,1.30739,0.696183,w,2015-11-24,Sunderland,2015
h,0.863466,0.79464,w,2015-11-28,Sunderland,2015
a,1.5228,2.29559,l,2015-12-05,Sunderland,2015
h,0.879474,2.0562,l,2015-12-12,Sunderland,2015
a,1.23573,3.02023,l,2015-12-19,Sunderland,2015
a,1.08103,3.51848,l,2015-12-26,Sunderland,2015
h,0.481551,1.80743,l,2015-12-30,Sunderland,2015
h,0.761225,0.27956,w,2016-01-02,Sunderland,2015
a,2.49057,1.06526,w,2016-01-13,Sunderland,2015
a,0.617306,2.02579,l,2016-01-16,Sunderland,2015
h,0.612134,1.26851,d,2016-01-23,Sunderland,2015
h,0.888437,0.638461,l,2016-02-02,Sunderland,2015
a,0.491843,1.57712,d,2016-02-06,Sunderland,2015
h,1.48186,0.908296,w,2016-02-13,Sunderland,2015
a,1.07887,0.52387,l,2016-02-27,Sunderland,2015
h,0.93375,0.887448,d,2016-03-01,Sunderland,2015
a,1.31562,1.54587,d,2016-03-05,Sunderland,2015
a,0.785017,0.940593,d,2016-03-20,Sunderland,2015
h,1.54544,0.0635563,d,2016-04-02,Sunderland,2015
h,0.872232,2.60072,l,2016-04-10,Sunderland,2015
a,1.99748,1.09006,w,2016-04-16,Sunderland,2015
h,0.617149,0.97303,d,2016-04-24,Sunderland,2015
a,1.43105,0.68487,d,2016-04-30,Sunderland,2015
h,0.773876,1.77677,w,2016-05-07,Sunderland,2015
h,2.44887,1.16563,w,2016-05-11,Sunderland,2015
a,0.908817,1.95277,d,2016-05-15,Sunderland,2015
a,2.10975,1.13076,w,2015-08-08,Crystal Palace,2015
h,0.964134,2.05542,l,2015-08-16,Crystal Palace,2015
h,1.23807,0.765278,w,2015-08-22,Crystal Palace,2015
a,2.19283,1.27906,w,2015-08-29,Crystal Palace,2015
h,0.743193,3.08883,l,2015-09-12,Crystal Palace,2015
a,0.538439,1.01573,l,2015-09-20,Crystal Palace,2015
a,2.33566,0.685939,w,2015-09-27,Crystal Palace,2015
h,1.99083,0.255528,w,2015-10-03,Crystal Palace,2015
h,1.08391,2.76356,l,2015-10-17,Crystal Palace,2015
a,0.240008,1.33502,l,2015-10-24,Crystal Palace,2015
h,0.939118,0.394404,d,2015-10-31,Crystal Palace,2015
a,0.849281,2.15673,w,2015-11-08,Crystal Palace,2015
h,0.696183,1.30739,l,2015-11-24,Crystal Palace,2015
h,1.67836,0.791299,w,2015-11-28,Crystal Palace,2015
a,1.1905,1.69774,d,2015-12-08,Crystal Palace,2015
h,1.31177,0.890411,w,2015-12-12,Crystal Palace,2015
a,1.95347,2.41499,w,2015-12-19,Crystal Palace,2015
a,0.405181,0.871395,d,2015-12-26,Crystal Palace,2015
h,0.735185,0.169425,d,2015-12-28,Crystal Palace,2015
h,0.546499,2.3747,l,2016-01-03,Crystal Palace,2015
a,0.547913,0.551973,l,2016-01-12,Crystal Palace,2015
a,0.613339,1.74025,l,2016-01-16,Crystal Palace,2015
h,0.930792,1.74368,l,2016-01-23,Crystal Palace,2015
h,1.62395,1.17427,l,2016-02-03,Crystal Palace,2015
a,1.01465,1.32136,d,2016-02-06,Crystal Palace,2015
h,0.983946,1.99728,l,2016-02-13,Crystal Palace,2015
a,1.21638,2.07488,l,2016-02-27,Crystal Palace,2015
a,0.887448,0.93375,d,2016-03-01,Crystal Palace,2015
h,1.43901,2.27087,l,2016-03-06,Crystal Palace,2015
h,0.784339,1.20315,l,2016-03-19,Crystal Palace,2015
a,1.65593,1.71369,d,2016-04-02,Crystal Palace,2015
h,1.45029,0.675663,w,2016-04-09,Crystal Palace,2015
h,1.59025,0.759269,d,2016-04-13,Crystal Palace,2015
a,0.275806,1.73461,d,2016-04-17,Crystal Palace,2015
a,0.137416,1.46607,l,2016-04-20,Crystal Palace,2015
a,1.05079,0.53407,l,2016-04-30,Crystal Palace,2015
h,1.31448,1.27766,w,2016-05-07,Crystal Palace,2015
a,1.24857,2.32278,l,2016-05-15,Crystal Palace,2015
h,1.13076,2.10975,l,2015-08-08,Norwich,2015
a,1.71686,0.329128,w,2015-08-15,Norwich,2015
h,3.14888,0.698228,d,2015-08-22,Norwich,2015
a,0.639434,2.85501,l,2015-08-30,Norwich,2015
h,1.33151,0.389495,w,2015-09-12,Norwich,2015
a,0.556271,1.90447,d,2015-09-20,Norwich,2015
a,1.38603,2.60407,d,2015-09-26,Norwich,2015
h,1.18074,3.00282,l,2015-10-03,Norwich,2015
a,1.34395,2.24896,l,2015-10-18,Norwich,2015
h,1.03228,1.45436,l,2015-10-24,Norwich,2015
a,1.17497,2.83557,l,2015-10-31,Norwich,2015
h,1.19517,0.402284,w,2015-11-07,Norwich,2015
a,0.202798,2.16487,l,2015-11-21,Norwich,2015
h,1.01025,1.65699,d,2015-11-29,Norwich,2015
a,0.310524,2.07199,l,2015-12-05,Norwich,2015
h,1.49283,2.43558,d,2015-12-12,Norwich,2015
a,0.556897,1.01394,w,2015-12-19,Norwich,2015
a,0.452019,2.40666,l,2015-12-26,Norwich,2015
h,1.10319,0.235874,w,2015-12-28,Norwich,2015
h,1.50509,0.932294,w,2016-01-02,Norwich,2015
a,0.193728,1.2445600000000001,l,2016-01-13,Norwich,2015
a,0.595472,2.53086,l,2016-01-16,Norwich,2015
h,1.03432,1.44943,l,2016-01-23,Norwich,2015
h,0.929319,2.75469,l,2016-02-02,Norwich,2015
a,1.1413,0.918291,l,2016-02-06,Norwich,2015
h,1.03362,0.741428,d,2016-02-13,Norwich,2015
a,0.814784,1.7645,l,2016-02-27,Norwich,2015
h,1.24159,0.980988,l,2016-03-01,Norwich,2015
a,0.580126,0.545937,l,2016-03-05,Norwich,2015
h,0.139743,0.557373,d,2016-03-12,Norwich,2015
a,0.799255,0.332789,w,2016-03-19,Norwich,2015
h,1.65216,1.46835,w,2016-04-02,Norwich,2015
a,0.675663,1.45029,l,2016-04-09,Norwich,2015
h,1.09006,1.99748,l,2016-04-16,Norwich,2015
a,0.578781,0.781508,l,2016-04-30,Norwich,2015
h,1.36825,1.48344,l,2016-05-07,Norwich,2015
h,2.41871,1.7686,w,2016-05-11,Norwich,2015
a,0.43016,2.40775,l,2016-05-15,Norwich,2015
h,0.64396,2.59203,d,2015-08-08,Chelsea,2015
a,0.482423,2.18579,l,2015-08-16,Chelsea,2015
a,2.02778,1.42622,w,2015-08-23,Chelsea,2015
h,1.27906,2.19283,l,2015-08-29,Chelsea,2015
a,0.656048,1.18026,l,2015-09-12,Chelsea,2015
h,2.0687,0.775312,w,2015-09-19,Chelsea,2015
a,1.30593,0.702109,d,2015-09-26,Chelsea,2015
h,0.520175,1.58246,l,2015-10-03,Chelsea,2015
h,1.22875,0.795846,w,2015-10-17,Chelsea,2015
a,1.1356,0.77284,l,2015-10-24,Chelsea,2015
h,0.735762,0.839342,l,2015-10-31,Chelsea,2015
a,1.02642,0.825418,l,2015-11-07,Chelsea,2015
h,2.16487,0.202798,w,2015-11-21,Chelsea,2015
a,0.283375,0.333494,d,2015-11-29,Chelsea,2015
h,1.66952,1.25911,l,2015-12-05,Chelsea,2015
a,2.26887,0.708846,l,2015-12-15,Chelsea,2015
h,3.02023,1.23573,w,2015-12-19,Chelsea,2015
h,2.09356,1.667,d,2015-12-26,Chelsea,2015
a,0.900029,1.35213,d,2015-12-28,Chelsea,2015
a,2.3747,0.546499,w,2016-01-03,Chelsea,2015
h,1.38532,0.704263,d,2016-01-13,Chelsea,2015
h,2.44864,1.5891,d,2016-01-16,Chelsea,2015
a,1.48778,1.10907,w,2016-01-24,Chelsea,2015
a,1.13694,0.531415,d,2016-02-03,Chelsea,2015
h,1.61554,0.780475,d,2016-02-07,Chelsea,2015
h,2.0858,0.430664,w,2016-02-13,Chelsea,2015
a,0.631036,1.01074,w,2016-02-27,Chelsea,2015
a,0.980988,1.24159,w,2016-03-01,Chelsea,2015
h,1.0615,1.60285,d,2016-03-05,Chelsea,2015
h,2.1406,0.862828,d,2016-03-19,Chelsea,2015
a,2.49358,0.72512,w,2016-04-02,Chelsea,2015
a,1.3003,1.9071,l,2016-04-09,Chelsea,2015
h,0.487715,2.62768,l,2016-04-16,Chelsea,2015
a,2.07192,0.575087,w,2016-04-23,Chelsea,2015
h,0.81661,1.90407,d,2016-05-02,Chelsea,2015
a,1.77677,0.773876,l,2016-05-07,Chelsea,2015
a,0.812268,1.83934,d,2016-05-11,Chelsea,2015
h,1.86065,1.23491,d,2016-05-15,Chelsea,2015
a,0.535961,1.33166,w,2015-08-09,West Ham,2015
h,0.513491,1.80939,l,2015-08-15,West Ham,2015
h,1.50203,2.8554,l,2015-08-22,West Ham,2015
a,0.97217,0.561737,w,2015-08-29,West Ham,2015
h,1.71282,0.716599,w,2015-09-14,West Ham,2015
a,0.995273,2.98465,w,2015-09-19,West Ham,2015
h,2.60407,1.38603,d,2015-09-26,West Ham,2015
a,1.93656,1.08401,d,2015-10-03,West Ham,2015
a,2.76356,1.08391,w,2015-10-17,West Ham,2015
h,0.77284,1.1356,w,2015-10-24,West Ham,2015
a,0.605625,1.61544,l,2015-10-31,West Ham,2015
h,0.589567,1.08814,d,2015-11-07,West Ham,2015
a,0.818937,3.22353,l,2015-11-22,West Ham,2015
h,1.41404,0.866305,d,2015-11-29,West Ham,2015
a,1.10206,1.76061,d,2015-12-05,West Ham,2015
h,1.13181,1.87239,d,2015-12-12,West Ham,2015
a,0.401988,0.973378,d,2015-12-20,West Ham,2015
a,0.836027,1.61235,d,2015-12-26,West Ham,2015
h,1.79562,1.3709,w,2015-12-28,West Ham,2015
h,2.06737,1.86591,w,2016-01-02,West Ham,2015
a,1.18455,0.729546,w,2016-01-12,West Ham,2015
a,1.08248,1.84261,l,2016-01-16,West Ham,2015
h,1.01267,1.73182,d,2016-01-23,West Ham,2015
h,2.34619,0.107888,w,2016-02-02,West Ham,2015
a,0.970583,1.06493,l,2016-02-06,West Ham,2015
a,0.741428,1.03362,d,2016-02-13,West Ham,2015
h,0.52387,1.07887,w,2016-02-27,West Ham,2015
h,0.784319,1.22673,w,2016-03-02,West Ham,2015
a,2.72091,2.09025,w,2016-03-05,West Ham,2015
a,0.862828,2.1406,d,2016-03-19,West Ham,2015
h,1.71369,1.65593,d,2016-04-02,West Ham,2015
h,1.10973,1.46966,d,2016-04-09,West Ham,2015
a,1.56819,1.95296,d,2016-04-17,West Ham,2015
h,3.96294,1.22333,w,2016-04-20,West Ham,2015
a,1.27183,1.5346,w,2016-04-30,West Ham,2015
h,2.39454,2.47265,l,2016-05-07,West Ham,2015
h,2.13311,0.635987,w,2016-05-10,West Ham,2015
a,2.94489,0.288737,l,2016-05-15,West Ham,2015
a,0.6746,0.627539,l,2015-08-08,Tottenham,2015
h,1.70614,2.80956,d,2015-08-15,Tottenham,2015
a,1.89437,0.829012,d,2015-08-22,Tottenham,2015
h,1.99917,0.694692,d,2015-08-29,Tottenham,2015
a,1.45615,1.0407,w,2015-09-13,Tottenham,2015
h,1.01573,0.538439,w,2015-09-20,Tottenham,2015
h,2.30799,1.57842,w,2015-09-26,Tottenham,2015
a,1.18142,0.774806,d,2015-10-04,Tottenham,2015
h,0.586228,0.715892,d,2015-10-17,Tottenham,2015
a,3.43313,0.490581,w,2015-10-25,Tottenham,2015
h,1.14374,0.325711,w,2015-11-03,Tottenham,2015
a,0.90585,2.01767,d,2015-11-08,Tottenham,2015
h,3.22353,0.818937,w,2015-11-22,Tottenham,2015
h,0.333494,0.283375,d,2015-11-29,Tottenham,2015
a,1.12876,1.48695,d,2015-12-05,Tottenham,2015
h,1.03317,1.55252,l,2015-12-13,Tottenham,2015
a,1.47453,0.83385,w,2015-12-19,Tottenham,2015
h,2.40666,0.452019,w,2015-12-26,Tottenham,2015
a,0.527248,1.13011,w,2015-12-28,Tottenham,2015
a,0.75907,0.721603,d,2016-01-03,Tottenham,2015
h,1.2301,0.588708,l,2016-01-14,Tottenham,2015
h,2.02579,0.617306,w,2016-01-16,Tottenham,2015
a,1.74368,0.930792,w,2016-01-23,Tottenham,2015
a,2.75469,0.929319,w,2016-02-02,Tottenham,2015
h,2.00475,0.149839,w,2016-02-06,Tottenham,2015
a,1.23517,1.97876,w,2016-02-14,Tottenham,2015
h,3.57325,1.24938,w,2016-02-28,Tottenham,2015
a,1.22673,0.784319,l,2016-03-02,Tottenham,2015
h,1.88378,0.543157,d,2016-03-05,Tottenham,2015
a,2.00141,1.84022,w,2016-03-13,Tottenham,2015
h,2.02694,0.120366,w,2016-03-20,Tottenham,2015
a,1.23579,1.37954,d,2016-04-02,Tottenham,2015
h,1.79647,0.341238,w,2016-04-10,Tottenham,2015
a,2.89775,0.458376,w,2016-04-18,Tottenham,2015
h,1.26346,0.894413,d,2016-04-25,Tottenham,2015
a,1.90407,0.81661,d,2016-05-02,Tottenham,2015
h,2.55547,1.30812,l,2016-05-08,Tottenham,2015
a,0.869082,2.42808,l,2016-05-15,Tottenham,2015
h,1.33166,0.535961,l,2015-08-09,Arsenal,2015
a,2.05542,0.964134,w,2015-08-16,Arsenal,2015
h,1.83755,1.29206,d,2015-08-24,Arsenal,2015
a,2.33948,0.0319694,w,2015-08-29,Arsenal,2015
h,4.42684,0.191277,w,2015-09-12,Arsenal,2015
a,0.775312,2.0687,l,2015-09-19,Arsenal,2015
a,3.89623,1.38516,w,2015-09-26,Arsenal,2015
h,2.16952,1.03953,w,2015-10-04,Arsenal,2015
a,2.69046,0.254791,w,2015-10-17,Arsenal,2015
h,2.55754,0.373025,w,2015-10-24,Arsenal,2015
a,2.17657,0.264441,w,2015-10-31,Arsenal,2015
h,2.01767,0.90585,d,2015-11-08,Arsenal,2015
a,2.08956,0.332888,l,2015-11-21,Arsenal,2015
a,1.65699,1.01025,d,2015-11-29,Arsenal,2015
h,2.29559,1.5228,w,2015-12-05,Arsenal,2015
a,1.68498,1.00876,w,2015-12-13,Arsenal,2015
h,1.50109,0.769378,w,2015-12-22,Arsenal,2015
a,0.83106,2.4303,l,2015-12-26,Arsenal,2015
h,3.12958,0.343752,w,2015-12-28,Arsenal,2015
h,1.93025,1.15339,w,2016-01-02,Arsenal,2015
a,2.22912,1.16222,d,2016-01-14,Arsenal,2015
a,0.585841,0.546879,d,2016-01-17,Arsenal,2015
h,1.10907,1.48778,l,2016-01-24,Arsenal,2015
h,3.38487,0.93405,d,2016-02-02,Arsenal,2015
a,1.13957,0.584316,w,2016-02-07,Arsenal,2015
h,2.36319,1.31246,w,2016-02-14,Arsenal,2015
a,1.5435,1.09522,l,2016-02-28,Arsenal,2015
h,1.4928,1.69788,l,2016-03-02,Arsenal,2015
a,0.543157,1.88378,d,2016-03-05,Arsenal,2015
a,1.92384,0.58617,w,2016-03-19,Arsenal,2015
h,3.00742,0.290619,w,2016-04-02,Arsenal,2015
a,1.46966,1.10973,d,2016-04-09,Arsenal,2015
h,1.73461,0.275806,d,2016-04-17,Arsenal,2015
h,1.37348,0.839742,w,2016-04-21,Arsenal,2015
a,0.97303,0.617149,d,2016-04-24,Arsenal,2015
h,0.781508,0.578781,w,2016-04-30,Arsenal,2015
a,1.08084,0.75375,d,2016-05-08,Arsenal,2015
h,3.40207,0.222731,w,2016-05-15,Arsenal,2015
a,2.59203,0.64396,d,2015-08-08,Swansea,2015
h,1.97424,0.113109,w,2015-08-15,Swansea,2015
a,1.56064,0.569426,d,2015-08-22,Swansea,2015
h,0.971183,1.28089,w,2015-08-30,Swansea,2015
a,0.503008,1.57333,l,2015-09-12,Swansea,2015
h,0.864868,1.77458,d,2015-09-19,Swansea,2015
a,1.41962,1.55418,l,2015-09-26,Swansea,2015
h,0.774806,1.18142,d,2015-10-04,Swansea,2015
h,0.485489,1.64894,l,2015-10-19,Swansea,2015
a,1.74353,1.09516,w,2015-10-24,Swansea,2015
h,0.264441,2.17657,l,2015-10-31,Swansea,2015
a,0.402284,1.19517,l,2015-11-07,Swansea,2015
h,1.88526,1.58509,d,2015-11-21,Swansea,2015
a,0.367517,1.19358,l,2015-11-29,Swansea,2015
h,0.780602,2.20962,l,2015-12-05,Swansea,2015
a,0.962789,1.34338,l,2015-12-12,Swansea,2015
h,0.973378,0.401988,d,2015-12-20,Swansea,2015
h,1.21243,0.554583,w,2015-12-26,Swansea,2015
a,0.169425,0.735185,d,2015-12-28,Swansea,2015
a,0.542907,1.74266,l,2016-01-02,Swansea,2015
h,1.06526,2.49057,l,2016-01-13,Swansea,2015
h,0.474035,0.525478,w,2016-01-19,Swansea,2015
a,1.08055,1.94094,w,2016-01-24,Swansea,2015
a,1.17928,2.30645,d,2016-02-03,Swansea,2015
h,1.32136,1.01465,d,2016-02-06,Swansea,2015
h,0.699012,1.19353,l,2016-02-13,Swansea,2015
a,1.24938,3.57325,l,2016-02-28,Swansea,2015
a,1.69788,1.4928,w,2016-03-02,Swansea,2015
h,0.545937,0.580126,w,2016-03-05,Swansea,2015
a,1.09562,0.70756,l,2016-03-12,Swansea,2015
h,0.490469,0.730828,w,2016-03-19,Swansea,2015
a,0.4319,1.17598,d,2016-04-02,Swansea,2015
h,1.9071,1.3003,w,2016-04-09,Swansea,2015
a,0.787081,1.5024,l,2016-04-16,Swansea,2015
a,0.576457,3.31579,l,2016-04-24,Swansea,2015
h,2.31862,0.776186,w,2016-05-01,Swansea,2015
a,2.47265,2.39454,w,2016-05-07,Swansea,2015
h,0.115604,2.04003,d,2016-05-15,Swansea,2015
h,0.381274,0.329873,l,2015-08-09,Stoke,2015
a,2.80956,1.70614,d,2015-08-15,Stoke,2015
a,0.698228,3.14888,d,2015-08-22,Stoke,2015
h,1.21771,0.881194,l,2015-08-29,Stoke,2015
a,0.191277,4.42684,l,2015-09-12,Stoke,2015
h,1.14717,1.22582,d,2015-09-19,Stoke,2015
h,1.94483,0.871678,w,2015-09-26,Stoke,2015
a,1.03499,0.839028,w,2015-10-03,Stoke,2015
a,1.64894,0.485489,w,2015-10-19,Stoke,2015
h,0.848432,1.0403,l,2015-10-24,Stoke,2015
a,1.38017,1.26075,d,2015-10-31,Stoke,2015
h,0.825418,1.02642,w,2015-11-07,Stoke,2015
a,1.19495,0.709485,w,2015-11-21,Stoke,2015
a,0.79464,0.863466,l,2015-11-28,Stoke,2015
h,2.01436,0.483752,w,2015-12-05,Stoke,2015
a,1.87239,1.13181,d,2015-12-12,Stoke,2015
h,2.41499,1.95347,l,2015-12-19,Stoke,2015
h,1.18211,1.28961,w,2015-12-26,Stoke,2015
a,1.58159,2.2472,w,2015-12-28,Stoke,2015
a,0.917526,1.72318,l,2016-01-02,Stoke,2015
h,1.2445600000000001,0.193728,w,2016-01-13,Stoke,2015
h,0.546879,0.585841,d,2016-01-17,Stoke,2015
a,0.340483,2.25906,l,2016-01-23,Stoke,2015
a,0.350909,2.45272,l,2016-02-03,Stoke,2015
h,0.693548,3.05913,l,2016-02-06,Stoke,2015
a,0.927348,1.19427,w,2016-02-13,Stoke,2015
h,2.04047,0.414343,w,2016-02-27,Stoke,2015
h,0.298318,0.270782,w,2016-03-02,Stoke,2015
a,1.60285,1.0615,d,2016-03-05,Stoke,2015
h,1.06676,0.874966,l,2016-03-12,Stoke,2015
a,1.58145,0.879462,w,2016-03-19,Stoke,2015
h,1.17598,0.4319,d,2016-04-02,Stoke,2015
a,0.85508,2.21484,l,2016-04-10,Stoke,2015
h,0.458376,2.89775,l,2016-04-18,Stoke,2015
a,1.09174,2.22482,l,2016-04-23,Stoke,2015
h,0.68487,1.43105,d,2016-04-30,Stoke,2015
a,1.27766,1.31448,l,2016-05-07,Stoke,2015
h,0.288737,2.94489,w,2016-05-15,Stoke,2015
h,1.54613,1.2529,d,2015-08-09,Newcastle United,2015
a,0.113109,1.97424,l,2015-08-15,Newcastle United,2015
a,0.4384,1.2491,d,2015-08-22,Newcastle United,2015
h,0.0319694,2.33948,l,2015-08-29,Newcastle United,2015
a,0.716599,1.71282,l,2015-09-14,Newcastle United,2015
h,1.15114,1.33961,l,2015-09-19,Newcastle United,2015
h,0.702109,1.30593,d,2015-09-26,Newcastle United,2015
a,0.980279,3.3346,l,2015-10-03,Newcastle United,2015
h,2.24896,1.34395,w,2015-10-18,Newcastle United,2015
a,1.41744,2.37969,l,2015-10-25,Newcastle United,2015
h,1.26075,1.38017,d,2015-10-31,Newcastle United,2015
a,0.504409,1.00427,w,2015-11-07,Newcastle United,2015
h,0.372387,3.27478,l,2015-11-21,Newcastle United,2015
a,0.791299,1.67836,l,2015-11-28,Newcastle United,2015
h,0.646346,0.999043,w,2015-12-06,Newcastle United,2015
a,1.55252,1.03317,w,2015-12-13,Newcastle United,2015
h,1.28189,0.404373,d,2015-12-19,Newcastle United,2015
h,1.35711,1.69923,l,2015-12-26,Newcastle United,2015
a,0.456189,2.1039,l,2015-12-28,Newcastle United,2015
a,1.15339,1.93025,l,2016-01-02,Newcastle United,2015
h,1.81304,2.36216,d,2016-01-12,Newcastle United,2015
h,1.84261,1.08248,w,2016-01-16,Newcastle United,2015
a,1.29267,2.58707,l,2016-01-23,Newcastle United,2015
a,0.626239,2.48447,l,2016-02-03,Newcastle United,2015
h,2.41057,0.472556,w,2016-02-06,Newcastle United,2015
a,0.430664,2.0858,l,2016-02-13,Newcastle United,2015
a,0.270782,0.298318,l,2016-03-02,Newcastle United,2015
h,0.833931,1.26853,l,2016-03-05,Newcastle United,2015
a,0.518715,0.846771,l,2016-03-14,Newcastle United,2015
h,0.940593,0.785017,d,2016-03-20,Newcastle United,2015
a,1.46835,1.65216,l,2016-04-02,Newcastle United,2015
a,0.165982,1.78477,l,2016-04-09,Newcastle United,2015
h,1.5024,0.787081,w,2016-04-16,Newcastle United,2015
h,0.455246,0.522043,d,2016-04-19,Newcastle United,2015
a,0.253033,0.712881,d,2016-04-23,Newcastle United,2015
h,0.53407,1.05079,w,2016-04-30,Newcastle United,2015
a,1.09626,0.0312154,d,2016-05-07,Newcastle United,2015
h,2.42808,0.869082,w,2016-05-15,Newcastle United,2015
a,0.329873,0.381274,w,2015-08-09,Liverpool,2015
h,2.15062,0.460805,w,2015-08-17,Liverpool,2015
a,1.29206,1.83755,d,2015-08-24,Liverpool,2015
h,0.561737,0.97217,l,2015-08-29,Liverpool,2015
a,1.02572,1.46206,l,2015-09-12,Liverpool,2015
h,1.90447,0.556271,d,2015-09-20,Liverpool,2015
h,1.78331,0.892054,w,2015-09-26,Liverpool,2015
a,1.30844,1.20063,d,2015-10-04,Liverpool,2015
a,0.715892,0.586228,d,2015-10-17,Liverpool,2015
h,0.682823,1.56383,d,2015-10-25,Liverpool,2015
a,0.839342,0.735762,w,2015-10-31,Liverpool,2015
h,2.15673,0.849281,l,2015-11-08,Liverpool,2015
a,2.61697,1.08612,w,2015-11-21,Liverpool,2015
h,1.19358,0.367517,w,2015-11-29,Liverpool,2015
a,0.999043,0.646346,l,2015-12-06,Liverpool,2015
h,2.12583,0.835885,d,2015-12-13,Liverpool,2015
a,0.376313,1.99336,l,2015-12-20,Liverpool,2015
h,1.37933,0.505167,w,2015-12-26,Liverpool,2015
a,1.80743,0.481551,w,2015-12-30,Liverpool,2015
a,1.86591,2.06737,l,2016-01-02,Liverpool,2015
h,1.16222,2.22912,d,2016-01-14,Liverpool,2015
h,0.952974,0.715703,l,2016-01-17,Liverpool,2015
a,1.44943,1.03432,w,2016-01-23,Liverpool,2015
a,0.580791,1.34566,l,2016-02-02,Liverpool,2015
h,1.57712,0.491843,d,2016-02-06,Liverpool,2015
a,2.00756,0.174868,w,2016-02-14,Liverpool,2015
h,1.16781,0.180318,w,2016-03-03,Liverpool,2015
a,2.27087,1.43901,w,2016-03-06,Liverpool,2015
a,1.29046,1.56873,l,2016-03-20,Liverpool,2015
h,1.37954,1.23579,d,2016-04-02,Liverpool,2015
h,2.21484,0.85508,w,2016-04-10,Liverpool,2015
a,1.81443,0.85914,w,2016-04-17,Liverpool,2015
h,3.24472,0.0886329,w,2016-04-20,Liverpool,2015
h,0.712881,0.253033,d,2016-04-23,Liverpool,2015
a,0.776186,2.31862,l,2016-05-01,Liverpool,2015
h,2.38919,0.930803,w,2016-05-08,Liverpool,2015
h,1.83934,0.812268,d,2016-05-11,Liverpool,2015
a,0.419877,1.86869,d,2016-05-15,Liverpool,2015
a,1.9242,0.435238,w,2015-08-10,Manchester City,2015
h,2.18579,0.482423,w,2015-08-16,Manchester City,2015
a,1.57983,0.579338,w,2015-08-23,Manchester City,2015
h,1.52895,0.363603,w,2015-08-29,Manchester City,2015
a,3.08883,0.743193,w,2015-09-12,Manchester City,2015
h,2.98465,0.995273,l,2015-09-19,Manchester City,2015
a,1.57842,2.30799,l,2015-09-26,Manchester City,2015
h,3.3346,0.980279,w,2015-10-03,Manchester City,2015
h,4.71274,0.173025,w,2015-10-17,Manchester City,2015
a,0.310718,0.391754,d,2015-10-25,Manchester City,2015
h,2.83557,1.17497,w,2015-10-31,Manchester City,2015
a,1.53281,0.182741,d,2015-11-08,Manchester City,2015
h,1.08612,2.61697,l,2015-11-21,Manchester City,2015
h,2.12331,1.24478,w,2015-11-28,Manchester City,2015
a,0.483752,2.01436,l,2015-12-05,Manchester City,2015
h,1.34338,0.962789,w,2015-12-12,Manchester City,2015
a,0.769378,1.50109,l,2015-12-22,Manchester City,2015
h,3.51848,1.08103,w,2015-12-26,Manchester City,2015
a,1.66777,0.810377,d,2015-12-29,Manchester City,2015
a,0.692054,0.985368,w,2016-01-02,Manchester City,2015
h,1.44957,0.369548,d,2016-01-13,Manchester City,2015
h,1.74025,0.613339,w,2016-01-16,Manchester City,2015
a,1.73182,1.01267,d,2016-01-23,Manchester City,2015
a,0.638461,0.888437,w,2016-02-02,Manchester City,2015
h,1.70719,2.50168,l,2016-02-06,Manchester City,2015
h,1.97876,1.23517,l,2016-02-14,Manchester City,2015
a,0.180318,1.16781,l,2016-03-03,Manchester City,2015
h,2.83271,0.121136,w,2016-03-05,Manchester City,2015
a,0.557373,0.139743,d,2016-03-12,Manchester City,2015
h,1.86249,0.900312,l,2016-03-20,Manchester City,2015
a,0.868303,1.3239,w,2016-04-02,Manchester City,2015
h,2.07325,1.09413,w,2016-04-09,Manchester City,2015
a,2.62768,0.487715,w,2016-04-16,Manchester City,2015
a,0.522043,0.455246,d,2016-04-19,Manchester City,2015
h,2.22482,1.09174,w,2016-04-23,Manchester City,2015
a,1.12719,2.84362,l,2016-05-01,Manchester City,2015
h,0.75375,1.08084,d,2016-05-08,Manchester City,2015
a,2.04003,0.115604,d,2016-05-15,Manchester City,2015
h,0.627539,0.6746,w,2015-08-08,Manchester United,2015
a,0.660404,0.219118,w,2015-08-14,Manchester United,2015
h,1.2491,0.4384,d,2015-08-22,Manchester United,2015
a,1.28089,0.971183,l,2015-08-30,Manchester United,2015
h,1.46206,1.02572,w,2015-09-12,Manchester United,2015
a,1.65119,1.83663,w,2015-09-20,Manchester United,2015
h,2.8971,0.832139,w,2015-09-26,Manchester United,2015
a,1.03953,2.16952,l,2015-10-04,Manchester United,2015
a,1.47853,0.653457,w,2015-10-17,Manchester United,2015
h,0.391754,0.310718,d,2015-10-25,Manchester United,2015
a,0.394404,0.939118,d,2015-10-31,Manchester United,2015
h,1.2779,0.594031,w,2015-11-07,Manchester United,2015
a,1.30264,1.47077,w,2015-11-21,Manchester United,2015
a,1.05613,0.876256,d,2015-11-28,Manchester United,2015
h,1.76061,1.10206,d,2015-12-05,Manchester United,2015
a,1.96768,1.05032,l,2015-12-12,Manchester United,2015
h,1.01394,0.556897,l,2015-12-19,Manchester United,2015
a,1.28961,1.18211,l,2015-12-26,Manchester United,2015
h,1.35213,0.900029,d,2015-12-28,Manchester United,2015
h,1.74266,0.542907,w,2016-01-02,Manchester United,2015
a,2.36216,1.81304,d,2016-01-12,Manchester United,2015
a,0.715703,0.952974,w,2016-01-17,Manchester United,2015
h,0.187217,0.83591,l,2016-01-23,Manchester United,2015
h,2.45272,0.350909,w,2016-02-03,Manchester United,2015
a,0.780475,1.61554,d,2016-02-07,Manchester United,2015
a,0.908296,1.48186,l,2016-02-13,Manchester United,2015
h,1.09522,1.5435,w,2016-02-28,Manchester United,2015
h,0.786278,2.16484,w,2016-03-03,Manchester United,2015
a,0.417622,0.565787,l,2016-03-06,Manchester United,2015
a,0.900312,1.86249,w,2016-03-20,Manchester United,2015
h,0.998692,0.755625,w,2016-04-03,Manchester United,2015
a,0.341238,1.79647,l,2016-04-10,Manchester United,2015
h,1.09127,0.262427,w,2016-04-16,Manchester United,2015
h,1.46607,0.137416,w,2016-04-20,Manchester United,2015
h,1.18462,1.16622,d,2016-05-01,Manchester United,2015
a,1.48344,1.36825,w,2016-05-07,Manchester United,2015
a,0.635987,2.13311,l,2016-05-10,Manchester United,2015
h,1.72109,0.503471,w,2016-05-17,Manchester United,2015
a,0.557892,0.604226,d,2015-08-08,Watford,2015
h,0.760848,0.684036,d,2015-08-15,Watford,2015
h,1.17588,0.68359,d,2015-08-23,Watford,2015
a,0.363603,1.52895,l,2015-08-29,Watford,2015
h,1.57333,0.503008,w,2015-09-12,Watford,2015
a,1.33961,1.15114,w,2015-09-19,Watford,2015
h,0.685939,2.33566,l,2015-09-27,Watford,2015
a,0.913291,1.50268,d,2015-10-03,Watford,2015
h,0.254791,2.69046,l,2015-10-17,Watford,2015
a,1.0403,0.848432,w,2015-10-24,Watford,2015
h,1.61544,0.605625,w,2015-10-31,Watford,2015
a,1.00531,1.56389,l,2015-11-07,Watford,2015
h,1.47077,1.30264,l,2015-11-21,Watford,2015
a,1.45176,1.48969,w,2015-11-28,Watford,2015
h,2.07199,0.310524,w,2015-12-05,Watford,2015
a,2.0562,0.879474,w,2015-12-12,Watford,2015
h,1.99336,0.376313,w,2015-12-20,Watford,2015
a,1.667,2.09356,d,2015-12-26,Watford,2015
h,1.13011,0.527248,l,2015-12-28,Watford,2015
h,0.985368,0.692054,l,2016-01-02,Watford,2015
a,0.11543,1.7224,l,2016-01-13,Watford,2015
a,0.525478,0.474035,l,2016-01-19,Watford,2015
h,2.58707,1.29267,w,2016-01-23,Watford,2015
h,0.531415,1.13694,d,2016-02-03,Watford,2015
a,0.149839,2.00475,l,2016-02-06,Watford,2015
a,1.99728,0.983946,w,2016-02-13,Watford,2015
h,1.00481,0.955252,d,2016-02-27,Watford,2015
a,2.16484,0.786278,l,2016-03-03,Watford,2015
h,0.829318,1.47042,l,2016-03-05,Watford,2015
h,0.879462,1.58145,l,2016-03-19,Watford,2015
a,0.290619,3.00742,l,2016-04-02,Watford,2015
h,0.408379,1.59979,d,2016-04-09,Watford,2015
a,0.364852,2.2915,w,2016-04-16,Watford,2015
a,1.22333,3.96294,l,2016-04-20,Watford,2015
h,1.36255,0.491793,w,2016-04-30,Watford,2015
a,0.930803,2.38919,l,2016-05-08,Watford,2015
a,1.7686,2.41871,l,2016-05-11,Watford,2015
h,1.95277,0.908817,d,2016-05-15,Watford,2015
a,0.909774,0.423368,w,2014-08-16,Aston Villa,2014
h,0.507525,0.699295,d,2014-08-23,Aston Villa,2014
h,0.639316,0.28888,w,2014-08-31,Aston Villa,2014
a,0.701676,0.728097,w,2014-09-13,Aston Villa,2014
h,0.649013,1.36224,l,2014-09-20,Aston Villa,2014
a,0.228896,3.14218,l,2014-09-27,Aston Villa,2014
h,0.690283,2.30634,l,2014-10-04,Aston Villa,2014
a,0.37205,1.67016,l,2014-10-18,Aston Villa,2014
a,1.18709,0.81667,l,2014-10-27,Aston Villa,2014
h,0.872267,2.54173,l,2014-11-02,Aston Villa,2014
a,0.560875,1.47873,d,2014-11-08,Aston Villa,2014
h,1.13228,0.863156,d,2014-11-24,Aston Villa,2014
a,1.0873,2.3058,d,2014-11-29,Aston Villa,2014
a,0.192439,0.801741,w,2014-12-02,Aston Villa,2014
h,1.97697,1.0083,w,2014-12-07,Aston Villa,2014
a,0.266303,1.4373,l,2014-12-13,Aston Villa,2014
h,0.575806,1.06851,d,2014-12-20,Aston Villa,2014
a,1.41578,0.601468,l,2014-12-26,Aston Villa,2014
h,0.650993,0.845626,d,2014-12-28,Aston Villa,2014
h,1.38709,0.575995,d,2015-01-01,Aston Villa,2014
a,0.606149,2.36522,l,2015-01-10,Aston Villa,2014
h,0.845309,1.54424,l,2015-01-17,Aston Villa,2014
a,0.714521,2.35805,l,2015-02-01,Aston Villa,2014
h,0.707847,1.11662,l,2015-02-07,Aston Villa,2014
a,0.423817,0.985975,l,2015-02-10,Aston Villa,2014
h,0.234004,1.11955,l,2015-02-21,Aston Villa,2014
a,0.773437,0.93198,l,2015-02-28,Aston Villa,2014
h,1.9201,0.905628,w,2015-03-03,Aston Villa,2014
a,1.50195,0.472898,w,2015-03-14,Aston Villa,2014
h,0.762371,1.90437,l,2015-03-21,Aston Villa,2014
a,0.311787,1.9836,l,2015-04-04,Aston Villa,2014
h,1.86698,1.43061,d,2015-04-07,Aston Villa,2014
a,0.860976,0.621738,w,2015-04-11,Aston Villa,2014
a,0.901376,1.1892,l,2015-04-25,Aston Villa,2014
h,1.56179,1.4049,w,2015-05-02,Aston Villa,2014
h,1.26585,0.149381,w,2015-05-09,Aston Villa,2014
a,1.18593,3.59558,l,2015-05-16,Aston Villa,2014
h,0.654751,0.66113,l,2015-05-24,Aston Villa,2014
a,0.613273,1.2783,d,2014-08-16,Everton,2014
h,1.33429,1.43355,d,2014-08-23,Everton,2014
h,1.4491,2.02665,l,2014-08-30,Everton,2014
a,0.807492,0.602059,w,2014-09-13,Everton,2014
h,2.56122,1.62886,l,2014-09-21,Everton,2014
a,0.475885,1.5286,d,2014-09-27,Everton,2014
a,2.13558,1.6239,l,2014-10-05,Everton,2014
h,1.67016,0.37205,w,2014-10-18,Everton,2014
a,1.32187,1.55564,w,2014-10-26,Everton,2014
h,1.14779,0.694419,d,2014-11-01,Everton,2014
a,1.31898,0.50832599999999994,d,2014-11-09,Everton,2014
h,1.82651,1.11958,w,2014-11-22,Everton,2014
a,0.934335,1.13109,l,2014-11-30,Everton,2014
h,1.27965,0.29547,d,2014-12-03,Everton,2014
a,0.385845,2.2487,l,2014-12-06,Everton,2014
h,0.747708,0.972265,w,2014-12-15,Everton,2014
a,0.597999,2.21266,l,2014-12-20,Everton,2014
h,1.00929,1.39552,l,2014-12-26,Everton,2014
a,1.07321,1.71345,l,2014-12-28,Everton,2014
a,0.957698,1.95682,l,2015-01-01,Everton,2014
h,0.95041,1.50724,d,2015-01-10,Everton,2014
h,1.4927,0.196316,d,2015-01-19,Everton,2014
a,1.35977,1.21034,w,2015-01-31,Everton,2014
h,0.227711,1.03601,d,2015-02-07,Everton,2014
a,0.706994,0.89846,l,2015-02-11,Everton,2014
h,2.05032,1.99519,d,2015-02-22,Everton,2014
a,0.367813,1.39298,l,2015-03-01,Everton,2014
a,0.418315,1.03921,l,2015-03-04,Everton,2014
h,2.25807,0.809194,w,2015-03-15,Everton,2014
a,0.839996,1.39318,w,2015-03-22,Everton,2014
h,1.02048,0.533646,w,2015-04-04,Everton,2014
a,0.842056,1.09678,d,2015-04-11,Everton,2014
h,2.36114,1.06159,w,2015-04-18,Everton,2014
h,1.07922,0.750462,w,2015-04-26,Everton,2014
a,1.4049,1.56179,l,2015-05-02,Everton,2014
h,1.14341,1.19799,l,2015-05-09,Everton,2014
a,2.07078,0.813296,w,2015-05-16,Everton,2014
h,0.646215,1.39049,l,2015-05-24,Everton,2014
a,1.55248,1.33192,l,2014-08-17,Southampton,2014
h,0.665853,0.665791,d,2014-08-23,Southampton,2014
a,1.57513,0.635223,w,2014-08-30,Southampton,2014
h,2.11739,1.15026,w,2014-09-13,Southampton,2014
a,0.750244,0.520262,w,2014-09-20,Southampton,2014
h,2.34463,0.456323,w,2014-09-27,Southampton,2014
a,1.14587,0.898735,l,2014-10-05,Southampton,2014
h,3.71097,0.92175,w,2014-10-18,Southampton,2014
h,1.3758,0.867568,w,2014-10-25,Southampton,2014
a,1.90484,0.256678,w,2014-11-01,Southampton,2014
h,1.00528,0.540434,w,2014-11-08,Southampton,2014
a,0.863156,1.13228,d,2014-11-24,Southampton,2014
h,0.804381,2.13214,l,2014-11-30,Southampton,2014
a,0.570955,2.37332,l,2014-12-03,Southampton,2014
h,1.8287,0.799261,l,2014-12-08,Southampton,2014
a,1.713,0.396158,l,2014-12-13,Southampton,2014
h,2.21266,0.597999,w,2014-12-20,Southampton,2014
a,1.30288,0.379447,w,2014-12-26,Southampton,2014
h,0.528455,0.521788,d,2014-12-28,Southampton,2014
h,2.41442,0.849285,w,2015-01-01,Southampton,2014
a,1.15706,1.19228,w,2015-01-11,Southampton,2014
a,0.432026,0.856732,w,2015-01-17,Southampton,2014
h,1.62682,0.262557,l,2015-02-01,Southampton,2014
a,0.963892,1.03037,w,2015-02-07,Southampton,2014
h,1.68446,0.125464,d,2015-02-11,Southampton,2014
h,0.869183,0.695778,l,2015-02-22,Southampton,2014
a,0.579867,1.08916,l,2015-02-28,Southampton,2014
h,2.22869,0.392674,w,2015-03-03,Southampton,2014
a,1.82802,3.19317,d,2015-03-15,Southampton,2014
h,1.92097,1.05022,w,2015-03-21,Southampton,2014
a,0.533646,1.02048,l,2015-04-04,Southampton,2014
h,2.37369,0.737337,w,2015-04-11,Southampton,2014
a,1.36108,2.26451,l,2015-04-18,Southampton,2014
h,1.39327,0.531276,d,2015-04-25,Southampton,2014
a,0.906357,1.97694,l,2015-05-02,Southampton,2014
a,0.348109,1.64129,l,2015-05-09,Southampton,2014
h,3.59558,1.18593,w,2015-05-16,Southampton,2014
a,0.775853,2.44073,l,2015-05-24,Southampton,2014
h,1.2783,0.613273,d,2014-08-16,Leicester,2014
a,0.550894,2.02939,l,2014-08-23,Leicester,2014
h,0.809743,2.29649,d,2014-08-31,Leicester,2014
a,0.598313,1.64782,w,2014-09-13,Leicester,2014
h,2.5422,1.71191,w,2014-09-21,Leicester,2014
a,0.453547,2.1144,l,2014-09-27,Leicester,2014
h,1.57773,0.957718,d,2014-10-04,Leicester,2014
a,0.650379,2.1929,l,2014-10-18,Leicester,2014
a,0.773436,1.05601,l,2014-10-25,Leicester,2014
h,1.41001,0.562442,l,2014-11-01,Leicester,2014
a,0.540434,1.00528,l,2014-11-08,Leicester,2014
h,0.685893,0.889971,d,2014-11-22,Leicester,2014
a,2.10013,2.98194,l,2014-11-29,Leicester,2014
h,1.23928,1.3012,l,2014-12-02,Leicester,2014
a,1.0083,1.97697,l,2014-12-07,Leicester,2014
h,0.360608,1.13411,l,2014-12-13,Leicester,2014
a,0.659983,1.45134,l,2014-12-20,Leicester,2014
h,1.47301,1.35719,l,2014-12-26,Leicester,2014
a,0.180127,1.72314,w,2014-12-28,Leicester,2014
a,1.09438,2.38944,d,2015-01-01,Leicester,2014
h,2.36522,0.606149,w,2015-01-10,Leicester,2014
h,0.382481,0.715634,l,2015-01-17,Leicester,2014
a,0.380882,1.7369,l,2015-01-31,Leicester,2014
h,0.7797,1.00613,l,2015-02-07,Leicester,2014
a,0.799802,1.77095,l,2015-02-10,Leicester,2014
a,1.99519,2.05032,d,2015-02-22,Leicester,2014
a,0.217043,2.91599,l,2015-03-04,Leicester,2014
h,0.53913,1.0475,d,2015-03-14,Leicester,2014
a,2.722,2.82935,l,2015-03-21,Leicester,2014
h,3.43561,1.93553,w,2015-04-04,Leicester,2014
a,1.6874,0.968439,w,2015-04-11,Leicester,2014
h,2.57043,0.87346,w,2015-04-18,Leicester,2014
a,1.21926,1.98975,w,2015-04-25,Leicester,2014
h,0.600074,1.51717,l,2015-04-29,Leicester,2014
h,4.02694,0.485003,w,2015-05-02,Leicester,2014
h,1.64129,0.348109,w,2015-05-09,Leicester,2014
a,0.682972,0.935248,d,2015-05-16,Leicester,2014
h,2.17428,1.26755,w,2015-05-24,Leicester,2014
h,1.68343,0.991901,d,2014-08-16,West Bromwich Albion,2014
a,0.665791,0.665853,d,2014-08-23,West Bromwich Albion,2014
a,0.696665,2.02641,l,2014-08-30,West Bromwich Albion,2014
h,0.602059,0.807492,l,2014-09-13,West Bromwich Albion,2014
a,1.08401,0.438596,w,2014-09-21,West Bromwich Albion,2014
h,1.81127,0.473814,w,2014-09-28,West Bromwich Albion,2014
a,1.4384,1.56163,l,2014-10-04,West Bromwich Albion,2014
h,0.61662,0.934042,d,2014-10-20,West Bromwich Albion,2014
h,1.45724,1.77354,d,2014-10-25,West Bromwich Albion,2014
a,0.562442,1.41001,w,2014-11-01,West Bromwich Albion,2014
h,0.765208,0.694441,l,2014-11-09,West Bromwich Albion,2014
a,0.0930471,4.36607,l,2014-11-22,West Bromwich Albion,2014
h,0.31526,1.05603,l,2014-11-29,West Bromwich Albion,2014
h,1.41302,1.24431,l,2014-12-02,West Bromwich Albion,2014
a,1.06151,0.586305,d,2014-12-06,West Bromwich Albion,2014
h,1.4373,0.266303,w,2014-12-13,West Bromwich Albion,2014
a,1.30117,2.92864,l,2014-12-20,West Bromwich Albion,2014
h,2.64442,2.10224,l,2014-12-26,West Bromwich Albion,2014
a,1.35813,1.25399,l,2014-12-28,West Bromwich Albion,2014
a,1.1226,1.13586,d,2015-01-01,West Bromwich Albion,2014
h,0.784159,0.395844,w,2015-01-10,West Bromwich Albion,2014
a,0.196316,1.4927,d,2015-01-19,West Bromwich Albion,2014
h,0.808495,1.34429,l,2015-01-31,West Bromwich Albion,2014
a,2.55442,1.09795,d,2015-02-08,West Bromwich Albion,2014
h,0.685986,0.438959,w,2015-02-11,West Bromwich Albion,2014
a,0.107318,0.699828,d,2015-02-21,West Bromwich Albion,2014
h,1.08916,0.579867,w,2015-02-28,West Bromwich Albion,2014
a,0.905628,1.9201,l,2015-03-03,West Bromwich Albion,2014
h,0.958807,0.198751,w,2015-03-14,West Bromwich Albion,2014
a,0.775158,4.90913,l,2015-03-21,West Bromwich Albion,2014
h,2.13361,1.20939,l,2015-04-04,West Bromwich Albion,2014
h,0.968439,1.6874,l,2015-04-11,West Bromwich Albion,2014
a,0.698022,2.0561,w,2015-04-18,West Bromwich Albion,2014
h,0.507754,1.41235,d,2015-04-25,West Bromwich Albion,2014
a,0.317533,2.10841,w,2015-05-02,West Bromwich Albion,2014
a,1.21081,1.23706,d,2015-05-09,West Bromwich Albion,2014
h,1.22743,1.07679,w,2015-05-18,West Bromwich Albion,2014
a,0.569092,3.16614,l,2015-05-24,West Bromwich Albion,2014
a,0.991901,1.68343,d,2014-08-16,Sunderland,2014
h,0.666489,0.941557,d,2014-08-24,Sunderland,2014
a,0.964343,1.27277,l,2014-08-30,Sunderland,2014
h,0.338966,2.03694,d,2014-09-13,Sunderland,2014
a,0.643512,0.710673,d,2014-09-20,Sunderland,2014
h,1.39649,0.156398,d,2014-09-27,Sunderland,2014
h,1.40551,0.478187,w,2014-10-04,Sunderland,2014
a,0.92175,3.71097,l,2014-10-18,Sunderland,2014
h,0.441491,1.47081,l,2014-10-25,Sunderland,2014
a,0.727981,0.766023,w,2014-11-03,Sunderland,2014
h,0.50832599999999994,1.31898,d,2014-11-09,Sunderland,2014
a,0.889971,0.685893,d,2014-11-22,Sunderland,2014
h,1.03133,0.761171,d,2014-11-29,Sunderland,2014
h,0.412004,1.0386,l,2014-12-03,Sunderland,2014
a,0.268395,0.663875,d,2014-12-06,Sunderland,2014
h,1.33557,0.870324,d,2014-12-13,Sunderland,2014
a,2.18418,0.900259,w,2014-12-21,Sunderland,2014
h,1.35551,0.85573,l,2014-12-26,Sunderland,2014
a,0.845626,0.650993,d,2014-12-28,Sunderland,2014
a,0.979558,3.63333,l,2015-01-01,Sunderland,2014
h,0.250077,2.16251,l,2015-01-10,Sunderland,2014
a,1.19577,0.931537,l,2015-01-17,Sunderland,2014
h,1.89994,1.34786,w,2015-01-31,Sunderland,2014
a,0.143279,1.86428,d,2015-02-07,Sunderland,2014
h,1.80831,1.26883,l,2015-02-10,Sunderland,2014
h,0.699828,0.107318,d,2015-02-21,Sunderland,2014
a,0.272806,3.03534,l,2015-02-28,Sunderland,2014
a,1.23136,1.3938,d,2015-03-03,Sunderland,2014
h,0.472898,1.50195,l,2015-03-14,Sunderland,2014
a,0.536562,0.99619,l,2015-03-21,Sunderland,2014
h,0.829443,0.798234,w,2015-04-05,Sunderland,2014
h,0.617079,2.34787,l,2015-04-11,Sunderland,2014
a,2.17523,2.15079,d,2015-04-25,Sunderland,2014
h,1.97694,0.906357,w,2015-05-02,Sunderland,2014
a,1.19799,1.14341,w,2015-05-09,Sunderland,2014
h,0.935248,0.682972,d,2015-05-16,Sunderland,2014
a,1.50177,1.68909,d,2015-05-20,Sunderland,2014
a,1.39272,2.52912,l,2015-05-24,Sunderland,2014
a,0.158151,1.55411,l,2014-08-16,Crystal Palace,2014
h,0.617283,1.33957,l,2014-08-23,Crystal Palace,2014
a,1.66056,1.69776,d,2014-08-30,Crystal Palace,2014
h,0.780534,1.2493,d,2014-09-13,Crystal Palace,2014
a,1.62886,2.56122,w,2014-09-21,Crystal Palace,2014
h,2.1144,0.453547,w,2014-09-27,Crystal Palace,2014
a,0.616109,1.07209,l,2014-10-04,Crystal Palace,2014
h,1.16779,1.01515,l,2014-10-18,Crystal Palace,2014
a,1.77354,1.45724,d,2014-10-25,Crystal Palace,2014
h,0.766023,0.727981,l,2014-11-03,Crystal Palace,2014
a,0.400837,0.956776,l,2014-11-08,Crystal Palace,2014
h,1.47309,0.952958,w,2014-11-23,Crystal Palace,2014
a,1.50956,1.4626,d,2014-11-29,Crystal Palace,2014
h,0.801741,0.192439,l,2014-12-02,Crystal Palace,2014
a,1.17369,0.958788,d,2014-12-06,Crystal Palace,2014
h,0.498092,0.898532,d,2014-12-13,Crystal Palace,2014
a,0.760531,1.41484,l,2014-12-20,Crystal Palace,2014
h,0.379447,1.30288,l,2014-12-26,Crystal Palace,2014
a,0.328577,0.405679,d,2014-12-28,Crystal Palace,2014
a,0.575995,1.38709,d,2015-01-01,Crystal Palace,2014
h,2.85997,0.919178,w,2015-01-10,Crystal Palace,2014
a,0.528431,1.08428,w,2015-01-17,Crystal Palace,2014
h,1.21034,1.35977,l,2015-01-31,Crystal Palace,2014
a,1.00613,0.7797,w,2015-02-07,Crystal Palace,2014
h,0.932684,0.444535,d,2015-02-11,Crystal Palace,2014
h,2.26395,2.08054,l,2015-02-21,Crystal Palace,2014
a,0.851359,1.28506,w,2015-02-28,Crystal Palace,2014
a,0.392674,2.22869,l,2015-03-03,Crystal Palace,2014
h,2.20095,0.266048,w,2015-03-14,Crystal Palace,2014
a,2.14974,2.07851,w,2015-03-21,Crystal Palace,2014
h,1.32783,1.1129,w,2015-04-06,Crystal Palace,2014
a,2.34787,0.617079,w,2015-04-11,Crystal Palace,2014
h,2.0561,0.698022,l,2015-04-18,Crystal Palace,2014
h,0.913865,2.37709,l,2015-04-25,Crystal Palace,2014
a,0.41646,1.5619,l,2015-05-03,Crystal Palace,2014
h,1.04344,2.29775,l,2015-05-09,Crystal Palace,2014
a,1.99504,1.11415,w,2015-05-16,Crystal Palace,2014
h,1.07504,0.118613,w,2015-05-24,Crystal Palace,2014
a,2.12996,0.371141,w,2014-08-18,Chelsea,2014
h,2.02939,0.550894,w,2014-08-23,Chelsea,2014
a,2.02665,1.4491,w,2014-08-30,Chelsea,2014
h,3.56581,1.02153,w,2014-09-13,Chelsea,2014
a,1.02093,1.05592,d,2014-09-21,Chelsea,2014
h,3.14218,0.228896,w,2014-09-27,Chelsea,2014
h,1.40263,0.330699,w,2014-10-05,Chelsea,2014
a,1.01515,1.16779,w,2014-10-18,Chelsea,2014
a,0.989916,1.84074,d,2014-10-26,Chelsea,2014
h,2.23703,0.510067,w,2014-11-01,Chelsea,2014
a,1.97201,0.531905,w,2014-11-08,Chelsea,2014
h,4.36607,0.0930471,w,2014-11-22,Chelsea,2014
a,0.761171,1.03133,d,2014-11-29,Chelsea,2014
h,1.71947,0.289204,w,2014-12-03,Chelsea,2014
a,2.16232,1.48574,l,2014-12-06,Chelsea,2014
h,1.21862,0.435091,w,2014-12-13,Chelsea,2014
a,1.45482,0.411669,w,2014-12-22,Chelsea,2014
h,3.56764,0.45944,w,2014-12-26,Chelsea,2014
a,0.521788,0.528455,d,2014-12-28,Chelsea,2014
a,3.03274,1.82436,l,2015-01-01,Chelsea,2014
h,1.08131,0.394837,w,2015-01-10,Chelsea,2014
a,3.19733,0.214209,w,2015-01-17,Chelsea,2014
h,0.708923,0.907151,d,2015-01-31,Chelsea,2014
a,1.11662,0.707847,w,2015-02-07,Chelsea,2014
h,0.89846,0.706994,w,2015-02-11,Chelsea,2014
h,1.53973,0.513251,d,2015-02-21,Chelsea,2014
a,2.38358,1.46324,w,2015-03-04,Chelsea,2014
h,3.19317,1.82802,d,2015-03-15,Chelsea,2014
a,0.758601,1.32415,w,2015-03-22,Chelsea,2014
h,3.28546,0.277288,w,2015-04-04,Chelsea,2014
a,0.920984,0.780982,w,2015-04-12,Chelsea,2014
h,1.1493,0.744613,w,2015-04-18,Chelsea,2014
a,0.853305,1.07482,d,2015-04-26,Chelsea,2014
a,1.51717,0.600074,w,2015-04-29,Chelsea,2014
h,1.5619,0.41646,w,2015-05-03,Chelsea,2014
h,0.535272,1.33324,d,2015-05-10,Chelsea,2014
a,1.07679,1.22743,l,2015-05-18,Chelsea,2014
h,2.52912,1.39272,w,2015-05-24,Chelsea,2014
h,1.8531,1.01706,l,2014-08-16,West Ham,2014
a,1.33957,0.617283,w,2014-08-23,West Ham,2014
h,0.635223,1.57513,l,2014-08-30,West Ham,2014
a,0.661678,0.439084,d,2014-09-15,West Ham,2014
h,1.26032,0.37835,w,2014-09-20,West Ham,2014
a,1.27452,0.520246,l,2014-09-27,West Ham,2014
h,1.64038,0.697342,w,2014-10-05,West Ham,2014
a,2.84138,1.74404,w,2014-10-18,West Ham,2014
h,2.62631,1.8643,w,2014-10-25,West Ham,2014
a,0.528668,3.06954,d,2014-11-01,West Ham,2014
h,1.47873,0.560875,d,2014-11-08,West Ham,2014
a,1.11958,1.82651,l,2014-11-22,West Ham,2014
h,1.09981,0.246562,w,2014-11-29,West Ham,2014
a,1.24431,1.41302,w,2014-12-02,West Ham,2014
h,2.11509,0.998148,w,2014-12-07,West Ham,2014
a,0.870324,1.33557,d,2014-12-13,West Ham,2014
h,1.45134,0.659983,w,2014-12-20,West Ham,2014
a,0.45944,3.56764,l,2014-12-26,West Ham,2014
h,1.1084,3.35886,l,2014-12-28,West Ham,2014
h,1.13586,1.1226,d,2015-01-01,West Ham,2014
a,0.731228,1.54943,d,2015-01-10,West Ham,2014
h,2.68629,0.423719,w,2015-01-18,West Ham,2014
a,0.383092,2.28203,l,2015-01-31,West Ham,2014
h,0.86518,1.21344,d,2015-02-08,West Ham,2014
a,0.125464,1.68446,d,2015-02-11,West Ham,2014
a,2.20831,2.17554,d,2015-02-22,West Ham,2014
h,1.28506,0.851359,l,2015-02-28,West Ham,2014
h,1.46324,2.38358,l,2015-03-04,West Ham,2014
a,0.478172,3.19619,l,2015-03-14,West Ham,2014
h,0.99619,0.536562,w,2015-03-21,West Ham,2014
a,1.93553,3.43561,l,2015-04-04,West Ham,2014
h,0.604708,0.587985,d,2015-04-11,West Ham,2014
a,0.738105,2.05138,l,2015-04-19,West Ham,2014
a,0.824309,2.28143,d,2015-04-25,West Ham,2014
h,3.23925,0.758485,w,2015-05-02,West Ham,2014
a,0.149381,1.26585,l,2015-05-09,West Ham,2014
h,0.813296,2.07078,l,2015-05-16,West Ham,2014
a,0.416396,1.64216,l,2015-05-24,West Ham,2014
a,1.01706,1.8531,w,2014-08-16,Tottenham,2014
h,2.38894,1.07617,w,2014-08-24,Tottenham,2014
h,0.48592,2.74317,l,2014-08-31,Tottenham,2014
a,2.03694,0.338966,d,2014-09-13,Tottenham,2014
h,0.438596,1.08401,l,2014-09-21,Tottenham,2014
a,0.673535,1.2647,d,2014-09-27,Tottenham,2014
h,0.898735,1.14587,w,2014-10-05,Tottenham,2014
a,2.32314,3.75041,l,2014-10-18,Tottenham,2014
h,2.03729,0.73967,l,2014-10-26,Tottenham,2014
a,2.54173,0.872267,w,2014-11-02,Tottenham,2014
h,1.28384,1.24867,l,2014-11-09,Tottenham,2014
a,2.16438,0.94244000000000006,w,2014-11-23,Tottenham,2014
h,1.13109,0.934335,w,2014-11-30,Tottenham,2014
a,0.289204,1.71947,l,2014-12-03,Tottenham,2014
h,0.958788,1.17369,d,2014-12-06,Tottenham,2014
a,0.731022,1.67826,w,2014-12-14,Tottenham,2014
h,1.77346,0.655135,w,2014-12-20,Tottenham,2014
a,1.35719,1.47301,w,2014-12-26,Tottenham,2014
h,0.888,2.2613,d,2014-12-28,Tottenham,2014
h,1.82436,3.03274,w,2015-01-01,Tottenham,2014
a,0.919178,2.85997,l,2015-01-10,Tottenham,2014
h,0.931537,1.19577,w,2015-01-17,Tottenham,2014
a,1.34429,0.808495,w,2015-01-31,Tottenham,2014
h,1.2754,0.834136,w,2015-02-07,Tottenham,2014
a,1.71247,2.76444,l,2015-02-10,Tottenham,2014
h,2.17554,2.20831,d,2015-02-22,Tottenham,2014
h,2.13485,0.708217,w,2015-03-04,Tottenham,2014
a,2.62405,1.49775,w,2015-03-07,Tottenham,2014
a,0.206431,1.02781,l,2015-03-15,Tottenham,2014
h,2.82935,2.722,w,2015-03-21,Tottenham,2014
a,0.377376,1.51355,d,2015-04-05,Tottenham,2014
h,0.621738,0.860976,l,2015-04-11,Tottenham,2014
a,1.99862,0.938886,w,2015-04-19,Tottenham,2014
a,0.531276,1.39327,d,2015-04-25,Tottenham,2014
h,2.07027,1.80612,l,2015-05-03,Tottenham,2014
a,0.298008,2.138,l,2015-05-09,Tottenham,2014
h,1.70119,1.13285,w,2015-05-16,Tottenham,2014
a,1.39049,0.646215,w,2015-05-24,Tottenham,2014
h,1.55411,0.158151,w,2014-08-16,Arsenal,2014
a,1.43355,1.33429,d,2014-08-23,Arsenal,2014
a,2.29649,0.809743,d,2014-08-31,Arsenal,2014
h,2.07804,2.30834,d,2014-09-13,Arsenal,2014
a,1.36224,0.649013,w,2014-09-20,Arsenal,2014
h,1.2647,0.673535,d,2014-09-27,Arsenal,2014
a,0.330699,1.40263,l,2014-10-05,Arsenal,2014
h,2.14845,0.552062,d,2014-10-18,Arsenal,2014
a,1.47081,0.441491,w,2014-10-25,Arsenal,2014
h,4.3298,0.684259,w,2014-11-01,Arsenal,2014
a,1.77699,0.520487,l,2014-11-09,Arsenal,2014
h,2.00193,1.2791,l,2014-11-22,Arsenal,2014
a,1.05603,0.31526,w,2014-11-29,Arsenal,2014
h,2.37332,0.570955,w,2014-12-03,Arsenal,2014
a,2.02073,2.50357,l,2014-12-06,Arsenal,2014
h,2.38819,0.938764,w,2014-12-13,Arsenal,2014
a,0.754219,1.31858,d,2014-12-21,Arsenal,2014
h,2.13888,1.21752,w,2014-12-26,Arsenal,2014
a,3.35886,1.1084,w,2014-12-28,Arsenal,2014
a,0.849285,2.41442,l,2015-01-01,Arsenal,2014
h,2.26889,0.39839,w,2015-01-11,Arsenal,2014
a,1.49476,0.561966,w,2015-01-18,Arsenal,2014
h,2.35805,0.714521,w,2015-02-01,Arsenal,2014
a,0.834136,1.2754,l,2015-02-07,Arsenal,2014
h,1.77095,0.799802,w,2015-02-10,Arsenal,2014
a,2.08054,2.26395,w,2015-02-21,Arsenal,2014
h,1.39298,0.367813,w,2015-03-01,Arsenal,2014
a,2.1651,0.318849,w,2015-03-04,Arsenal,2014
h,3.19619,0.478172,w,2015-03-14,Arsenal,2014
a,0.754782,1.0068,w,2015-03-21,Arsenal,2014
h,1.45672,1.21414,w,2015-04-04,Arsenal,2014
a,1.21096,0.65718,w,2015-04-11,Arsenal,2014
h,1.07482,0.853305,d,2015-04-26,Arsenal,2014
a,2.94938,0.474706,w,2015-05-04,Arsenal,2014
h,1.88364,0.347185,l,2015-05-11,Arsenal,2014
a,1.06814,0.715214,d,2015-05-17,Arsenal,2014
h,1.68909,1.50177,d,2015-05-20,Arsenal,2014
h,3.16614,0.569092,w,2015-05-24,Arsenal,2014
a,0.278076,1.16635,w,2014-08-16,Swansea,2014
h,0.914215,0.843331,w,2014-08-23,Swansea,2014
h,2.02641,0.696665,w,2014-08-30,Swansea,2014
a,1.02153,3.56581,l,2014-09-13,Swansea,2014
h,0.520262,0.750244,l,2014-09-20,Swansea,2014
a,0.156398,1.39649,d,2014-09-27,Swansea,2014
h,1.55242,1.18603,d,2014-10-04,Swansea,2014
a,2.26827,1.75841,l,2014-10-19,Swansea,2014
h,1.05601,0.773436,w,2014-10-25,Swansea,2014
a,0.694419,1.14779,d,2014-11-01,Swansea,2014
h,0.520487,1.77699,w,2014-11-09,Swansea,2014
a,0.957011,2.26312,l,2014-11-22,Swansea,2014
h,1.4626,1.50956,d,2014-11-29,Swansea,2014
h,1.54207,0.789519,w,2014-12-02,Swansea,2014
a,0.998148,2.11509,l,2014-12-07,Swansea,2014
h,1.67826,0.731022,l,2014-12-14,Swansea,2014
a,1.45331,0.825885,w,2014-12-20,Swansea,2014
h,0.601468,1.41578,w,2014-12-26,Swansea,2014
a,1.00374,3.27658,l,2014-12-29,Swansea,2014
a,1.69725,3.16214,d,2015-01-01,Swansea,2014
h,1.54943,0.731228,d,2015-01-10,Swansea,2014
h,0.214209,3.19733,l,2015-01-17,Swansea,2014
a,0.262557,1.62682,w,2015-02-01,Swansea,2014
h,1.86428,0.143279,d,2015-02-07,Swansea,2014
a,0.438959,0.685986,l,2015-02-11,Swansea,2014
h,1.04218,1.47171,w,2015-02-21,Swansea,2014
a,1.41451,0.898885,w,2015-02-28,Swansea,2014
a,0.708217,2.13485,l,2015-03-04,Swansea,2014
h,0.438751,1.69506,l,2015-03-16,Swansea,2014
a,1.90437,0.762371,w,2015-03-21,Swansea,2014
h,1.49943,0.919329,w,2015-04-04,Swansea,2014
h,1.09678,0.842056,d,2015-04-11,Swansea,2014
a,0.87346,2.57043,l,2015-04-18,Swansea,2014
a,1.58825,1.54939,w,2015-04-25,Swansea,2014
h,2.07645,0.324134,w,2015-05-02,Swansea,2014
a,0.347185,1.88364,w,2015-05-11,Swansea,2014
h,1.06125,2.28119,l,2015-05-17,Swansea,2014
a,0.118613,1.07504,l,2015-05-24,Swansea,2014
h,0.423368,0.909774,l,2014-08-16,Stoke,2014
a,1.60916,0.870175,d,2014-08-24,Stoke,2014
a,0.299792,0.891768,w,2014-08-30,Stoke,2014
h,1.64782,0.598313,l,2014-09-13,Stoke,2014
a,1.45847,1.05642,d,2014-09-20,Stoke,2014
h,1.56203,1.13994,w,2014-09-29,Stoke,2014
a,0.478187,1.40551,l,2014-10-04,Stoke,2014
h,1.75841,2.26827,w,2014-10-19,Stoke,2014
a,0.867568,1.3758,l,2014-10-25,Stoke,2014
h,3.06954,0.528668,d,2014-11-01,Stoke,2014
a,1.24867,1.28384,w,2014-11-09,Stoke,2014
h,1.94307,1.27532,l,2014-11-22,Stoke,2014
a,0.875424,1.71025,l,2014-11-29,Stoke,2014
a,1.29092,1.91104,l,2014-12-02,Stoke,2014
h,2.50357,2.02073,w,2014-12-06,Stoke,2014
a,0.898532,0.498092,d,2014-12-13,Stoke,2014
h,0.411669,1.45482,l,2014-12-22,Stoke,2014
a,1.39552,1.00929,w,2014-12-26,Stoke,2014
h,1.25399,1.35813,w,2014-12-28,Stoke,2014
h,1.4082,0.932262,d,2015-01-01,Stoke,2014
a,0.39839,2.26889,l,2015-01-11,Stoke,2014
a,0.715634,0.382481,w,2015-01-17,Stoke,2014
h,0.782569,1.11577,w,2015-01-31,Stoke,2014
a,0.220357,0.789943,d,2015-02-08,Stoke,2014
h,0.745602,2.13611,l,2015-02-11,Stoke,2014
a,1.11955,0.234004,w,2015-02-21,Stoke,2014
h,0.895577,0.344489,w,2015-02-28,Stoke,2014
h,1.03921,0.418315,w,2015-03-04,Stoke,2014
a,0.198751,0.958807,l,2015-03-14,Stoke,2014
h,2.07851,2.14974,l,2015-03-21,Stoke,2014
a,0.277288,3.28546,l,2015-04-04,Stoke,2014
a,0.587985,0.604708,d,2015-04-11,Stoke,2014
h,2.26451,1.36108,w,2015-04-18,Stoke,2014
h,2.15079,2.17523,d,2015-04-25,Stoke,2014
a,0.324134,2.07645,l,2015-05-02,Stoke,2014
h,2.138,0.298008,w,2015-05-09,Stoke,2014
a,1.76276,0.909845,d,2015-05-16,Stoke,2014
h,2.15707,1.02292,w,2015-05-24,Stoke,2014
h,0.965583,1.48053,l,2014-08-17,Newcastle United,2014
a,0.699295,0.507525,d,2014-08-23,Newcastle United,2014
h,1.69776,1.66056,d,2014-08-30,Newcastle United,2014
a,1.15026,2.11739,l,2014-09-13,Newcastle United,2014
h,1.91632,0.854291,d,2014-09-20,Newcastle United,2014
a,1.13994,1.56203,l,2014-09-29,Newcastle United,2014
a,1.18603,1.55242,d,2014-10-04,Newcastle United,2014
h,2.1929,0.650379,w,2014-10-18,Newcastle United,2014
a,0.73967,2.03729,w,2014-10-26,Newcastle United,2014
h,1.56863,0.258953,w,2014-11-01,Newcastle United,2014
a,0.694441,0.765208,w,2014-11-09,Newcastle United,2014
h,1.47871,0.402285,w,2014-11-22,Newcastle United,2014
a,0.246562,1.09981,l,2014-11-29,Newcastle United,2014
a,1.0006,0.678486,d,2014-12-02,Newcastle United,2014
h,1.48574,2.16232,w,2014-12-06,Newcastle United,2014
a,0.938764,2.38819,l,2014-12-13,Newcastle United,2014
h,0.900259,2.18418,l,2014-12-21,Newcastle United,2014
a,1.03151,1.86147,l,2014-12-26,Newcastle United,2014
h,1.71345,1.07321,w,2014-12-28,Newcastle United,2014
h,1.24639,1.65582,d,2015-01-01,Newcastle United,2014
a,0.394837,1.08131,l,2015-01-10,Newcastle United,2014
h,0.856732,0.432026,l,2015-01-17,Newcastle United,2014
a,0.50926,0.989377,w,2015-01-31,Newcastle United,2014
h,0.789943,0.220357,d,2015-02-08,Newcastle United,2014
a,0.444535,0.932684,d,2015-02-11,Newcastle United,2014
a,0.166685,3.12533,l,2015-02-21,Newcastle United,2014
h,0.93198,0.773437,w,2015-02-28,Newcastle United,2014
h,1.19246,1.68865,l,2015-03-04,Newcastle United,2014
a,0.809194,2.25807,l,2015-03-15,Newcastle United,2014
h,1.0068,0.754782,l,2015-03-21,Newcastle United,2014
a,0.798234,0.829443,l,2015-04-05,Newcastle United,2014
a,0.363343,1.26534,l,2015-04-13,Newcastle United,2014
h,0.938886,1.99862,l,2015-04-19,Newcastle United,2014
h,1.54939,1.58825,l,2015-04-25,Newcastle United,2014
a,0.485003,4.02694,l,2015-05-02,Newcastle United,2014
h,1.23706,1.21081,d,2015-05-09,Newcastle United,2014
a,2.11207,0.470106,l,2015-05-16,Newcastle United,2014
h,1.64216,0.416396,w,2015-05-24,Newcastle United,2014
h,1.33192,1.55248,w,2014-08-17,Liverpool,2014
a,0.901889,1.31375,l,2014-08-25,Liverpool,2014
a,2.74317,0.48592,w,2014-08-31,Liverpool,2014
h,0.728097,0.701676,l,2014-09-13,Liverpool,2014
a,0.37835,1.26032,l,2014-09-20,Liverpool,2014
h,1.5286,0.475885,d,2014-09-27,Liverpool,2014
h,1.56163,1.4384,w,2014-10-04,Liverpool,2014
a,1.51813,2.60852,w,2014-10-19,Liverpool,2014
h,0.678924,0.222999,d,2014-10-25,Liverpool,2014
a,0.258953,1.56863,l,2014-11-01,Liverpool,2014
h,0.531905,1.97201,l,2014-11-08,Liverpool,2014
a,0.952958,1.47309,l,2014-11-23,Liverpool,2014
h,1.71025,0.875424,w,2014-11-29,Liverpool,2014
a,1.3012,1.23928,w,2014-12-02,Liverpool,2014
h,0.663875,0.268395,d,2014-12-06,Liverpool,2014
a,1.87114,1.79543,l,2014-12-14,Liverpool,2014
h,1.31858,0.754219,d,2014-12-21,Liverpool,2014
a,1.06708,0.61207,w,2014-12-26,Liverpool,2014
h,3.27658,1.00374,w,2014-12-29,Liverpool,2014
h,2.38944,1.09438,d,2015-01-01,Liverpool,2014
a,2.16251,0.250077,w,2015-01-10,Liverpool,2014
a,1.54424,0.845309,w,2015-01-17,Liverpool,2014
h,2.28203,0.383092,w,2015-01-31,Liverpool,2014
a,1.03601,0.227711,d,2015-02-07,Liverpool,2014
h,2.76444,1.71247,w,2015-02-10,Liverpool,2014
a,0.695778,0.869183,w,2015-02-22,Liverpool,2014
h,0.769022,1.12846,w,2015-03-01,Liverpool,2014
h,1.30453,0.319239,w,2015-03-04,Liverpool,2014
a,1.69506,0.438751,w,2015-03-16,Liverpool,2014
h,0.557648,1.22632,l,2015-03-22,Liverpool,2014
a,1.21414,1.45672,l,2015-04-04,Liverpool,2014
h,1.26534,0.363343,w,2015-04-13,Liverpool,2014
a,1.41235,0.507754,d,2015-04-25,Liverpool,2014
a,0.523697,0.730978,l,2015-04-28,Liverpool,2014
h,2.28745,0.386314,w,2015-05-02,Liverpool,2014
a,1.33324,0.535272,d,2015-05-10,Liverpool,2014
h,1.11415,1.99504,l,2015-05-16,Liverpool,2014
a,1.02292,2.15707,l,2015-05-24,Liverpool,2014
a,1.48053,0.965583,w,2014-08-17,Manchester City,2014
h,1.31375,0.901889,w,2014-08-25,Manchester City,2014
h,0.891768,0.299792,l,2014-08-30,Manchester City,2014
a,2.30834,2.07804,d,2014-09-13,Manchester City,2014
h,1.05592,1.02093,d,2014-09-21,Manchester City,2014
a,1.78953,1.12374,w,2014-09-27,Manchester City,2014
a,2.30634,0.690283,w,2014-10-04,Manchester City,2014
h,3.75041,2.32314,w,2014-10-18,Manchester City,2014
a,1.8643,2.62631,l,2014-10-25,Manchester City,2014
h,2.56723,0.727924,w,2014-11-02,Manchester City,2014
a,1.70189,1.86489,d,2014-11-08,Manchester City,2014
h,2.26312,0.957011,w,2014-11-22,Manchester City,2014
a,2.13214,0.804381,w,2014-11-30,Manchester City,2014
a,1.0386,0.412004,w,2014-12-03,Manchester City,2014
h,2.2487,0.385845,w,2014-12-06,Manchester City,2014
a,1.13411,0.360608,w,2014-12-13,Manchester City,2014
h,1.41484,0.760531,w,2014-12-20,Manchester City,2014
a,2.10224,2.64442,w,2014-12-26,Manchester City,2014
h,1.38586,0.962215,d,2014-12-28,Manchester City,2014
h,3.63333,0.979558,w,2015-01-01,Manchester City,2014
a,1.50724,0.95041,d,2015-01-10,Manchester City,2014
h,0.561966,1.49476,l,2015-01-18,Manchester City,2014
a,0.907151,0.708923,d,2015-01-31,Manchester City,2014
h,0.992526,1.13348,d,2015-02-07,Manchester City,2014
a,2.13611,0.745602,w,2015-02-11,Manchester City,2014
h,3.12533,0.166685,w,2015-02-21,Manchester City,2014
a,1.12846,0.769022,l,2015-03-01,Manchester City,2014
h,2.91599,0.217043,w,2015-03-04,Manchester City,2014
a,1.2576,0.242058,l,2015-03-14,Manchester City,2014
h,4.90913,0.775158,w,2015-03-21,Manchester City,2014
a,1.1129,1.32783,l,2015-04-06,Manchester City,2014
a,1.75844,2.66017,l,2015-04-12,Manchester City,2014
h,2.05138,0.738105,w,2015-04-19,Manchester City,2014
h,1.1892,0.901376,w,2015-04-25,Manchester City,2014
a,1.80612,2.07027,w,2015-05-03,Manchester City,2014
h,5.35103,0.872314,w,2015-05-10,Manchester City,2014
a,2.28119,1.06125,w,2015-05-17,Manchester City,2014
h,2.44073,0.775853,w,2015-05-24,Manchester City,2014
h,1.16635,0.278076,l,2014-08-16,Manchester United,2014
a,0.941557,0.666489,d,2014-08-24,Manchester United,2014
a,0.467281,0.513746,d,2014-08-30,Manchester United,2014
h,2.20911,0.563524,w,2014-09-14,Manchester United,2014
a,1.71191,2.5422,l,2014-09-21,Manchester United,2014
h,0.520246,1.27452,w,2014-09-27,Manchester United,2014
h,1.6239,2.13558,w,2014-10-05,Manchester United,2014
a,0.934042,0.61662,d,2014-10-20,Manchester United,2014
h,1.84074,0.989916,d,2014-10-26,Manchester United,2014
a,0.727924,2.56723,l,2014-11-02,Manchester United,2014
h,0.956776,0.400837,w,2014-11-08,Manchester United,2014
a,1.2791,2.00193,w,2014-11-22,Manchester United,2014
h,1.76885,0.230407,w,2014-11-29,Manchester United,2014
h,1.91104,1.29092,w,2014-12-02,Manchester United,2014
a,0.799261,1.8287,w,2014-12-08,Manchester United,2014
h,1.79543,1.87114,w,2014-12-14,Manchester United,2014
a,1.06851,0.575806,d,2014-12-20,Manchester United,2014
h,1.86147,1.03151,w,2014-12-26,Manchester United,2014
a,2.2613,0.888,d,2014-12-28,Manchester United,2014
a,0.932262,1.4082,d,2015-01-01,Manchester United,2014
h,1.19228,1.15706,l,2015-01-11,Manchester United,2014
a,1.55645,0.929623,w,2015-01-17,Manchester United,2014
h,1.7369,0.380882,w,2015-01-31,Manchester United,2014
a,1.21344,0.86518,d,2015-02-08,Manchester United,2014
h,1.62116,1.85067,w,2015-02-11,Manchester United,2014
a,1.47171,1.04218,l,2015-02-21,Manchester United,2014
h,3.03534,0.272806,w,2015-02-28,Manchester United,2014
a,1.68865,1.19246,w,2015-03-04,Manchester United,2014
h,1.02781,0.206431,w,2015-03-15,Manchester United,2014
a,1.22632,0.557648,w,2015-03-22,Manchester United,2014
h,1.9836,0.311787,w,2015-04-04,Manchester United,2014
h,2.66017,1.75844,w,2015-04-12,Manchester United,2014
a,0.744613,1.1493,l,2015-04-18,Manchester United,2014
a,0.750462,1.07922,l,2015-04-26,Manchester United,2014
h,2.10841,0.317533,l,2015-05-02,Manchester United,2014
a,2.29775,1.04344,w,2015-05-09,Manchester United,2014
h,0.715214,1.06814,d,2015-05-17,Manchester United,2014
a,0.399522,0.984196,d,2015-05-24,Manchester United,2014
a,1.11757,1.90067,w,2014-08-16,Hull,2014
h,0.870175,1.60916,d,2014-08-24,Hull,2014
a,0.28888,0.639316,l,2014-08-31,Hull,2014
h,0.439084,0.661678,d,2014-09-15,Hull,2014
a,0.854291,1.91632,d,2014-09-20,Hull,2014
h,1.12374,1.78953,l,2014-09-27,Hull,2014
h,1.07209,0.616109,w,2014-10-04,Hull,2014
a,0.552062,2.14845,d,2014-10-18,Hull,2014
a,0.222999,0.678924,d,2014-10-25,Hull,2014
h,0.256678,1.90484,l,2014-11-01,Hull,2014
a,0.526656,1.10315,l,2014-11-08,Hull,2014
h,0.94244000000000006,2.16438,l,2014-11-23,Hull,2014
a,0.230407,1.76885,l,2014-11-29,Hull,2014
a,0.29547,1.27965,d,2014-12-03,Hull,2014
h,0.586305,1.06151,d,2014-12-06,Hull,2014
a,0.435091,1.21862,l,2014-12-13,Hull,2014
h,0.825885,1.45331,l,2014-12-20,Hull,2014
a,0.85573,1.35551,w,2014-12-26,Hull,2014
h,1.72314,0.180127,l,2014-12-28,Hull,2014
h,1.95682,0.957698,w,2015-01-01,Hull,2014
a,0.395844,0.784159,l,2015-01-10,Hull,2014
a,0.423719,2.68629,l,2015-01-18,Hull,2014
h,0.989377,0.50926,l,2015-01-31,Hull,2014
a,1.13348,0.992526,d,2015-02-07,Hull,2014
h,0.985975,0.423817,w,2015-02-10,Hull,2014
h,1.09259,0.190631,w,2015-02-21,Hull,2014
a,0.344489,0.895577,l,2015-02-28,Hull,2014
h,1.3938,1.23136,d,2015-03-03,Hull,2014
a,1.0475,0.53913,d,2015-03-14,Hull,2014
h,1.32415,0.758601,l,2015-03-22,Hull,2014
a,0.919329,1.49943,l,2015-04-04,Hull,2014
a,0.737337,2.37369,l,2015-04-11,Hull,2014
a,2.37709,0.913865,w,2015-04-25,Hull,2014
h,0.730978,0.523697,w,2015-04-28,Hull,2014
h,0.474706,2.94938,l,2015-05-04,Hull,2014
h,1.12811,1.21303,l,2015-05-09,Hull,2014
a,1.13285,1.70119,l,2015-05-16,Hull,2014
h,0.984196,0.399522,d,2015-05-24,Hull,2014
h,0.371141,2.12996,l,2014-08-18,Burnley,2014
a,0.843331,0.914215,l,2014-08-23,Burnley,2014
h,0.513746,0.467281,d,2014-08-30,Burnley,2014
a,1.2493,0.780534,d,2014-09-13,Burnley,2014
h,0.710673,0.643512,d,2014-09-20,Burnley,2014
a,0.473814,1.81127,l,2014-09-28,Burnley,2014
a,0.957718,1.57773,d,2014-10-04,Burnley,2014
h,1.74404,2.84138,l,2014-10-18,Burnley,2014
h,1.55564,1.32187,l,2014-10-26,Burnley,2014
a,0.684259,4.3298,l,2014-11-01,Burnley,2014
h,1.10315,0.526656,w,2014-11-08,Burnley,2014
a,1.27532,1.94307,w,2014-11-22,Burnley,2014
h,2.3058,1.0873,d,2014-11-29,Burnley,2014
h,0.678486,1.0006,d,2014-12-02,Burnley,2014
a,1.2646,1.63744,l,2014-12-06,Burnley,2014
h,0.396158,1.713,w,2014-12-13,Burnley,2014
a,0.655135,1.77346,l,2014-12-20,Burnley,2014
h,0.61207,1.06708,l,2014-12-26,Burnley,2014
a,0.962215,1.38586,d,2014-12-28,Burnley,2014
a,1.65582,1.24639,d,2015-01-01,Burnley,2014
h,2.19126,1.69555,w,2015-01-10,Burnley,2014
h,1.08428,0.528431,l,2015-01-17,Burnley,2014
a,1.34786,1.89994,l,2015-01-31,Burnley,2014
h,1.09795,2.55442,d,2015-02-08,Burnley,2014
a,1.85067,1.62116,l,2015-02-11,Burnley,2014
a,0.513251,1.53973,d,2015-02-21,Burnley,2014
h,0.898885,1.41451,l,2015-02-28,Burnley,2014
a,0.319239,1.30453,l,2015-03-04,Burnley,2014
h,0.242058,1.2576,w,2015-03-14,Burnley,2014
a,1.05022,1.92097,l,2015-03-21,Burnley,2014
h,1.51355,0.377376,d,2015-04-05,Burnley,2014
h,0.65718,1.21096,l,2015-04-11,Burnley,2014
a,1.06159,2.36114,l,2015-04-18,Burnley,2014
h,1.98975,1.21926,l,2015-04-25,Burnley,2014
a,0.758485,3.23925,l,2015-05-02,Burnley,2014
a,1.21303,1.12811,w,2015-05-09,Burnley,2014
h,0.909845,1.76276,d,2015-05-16,Burnley,2014
a,0.66113,0.654751,w,2015-05-24,Burnley,2014
h,1.90067,1.11757,l,2014-08-16,Queens Park Rangers,2014
a,1.07617,2.38894,l,2014-08-24,Queens Park Rangers,2014
h,1.27277,0.964343,w,2014-08-30,Queens Park Rangers,2014
a,0.563524,2.20911,l,2014-09-14,Queens Park Rangers,2014
h,1.05642,1.45847,d,2014-09-20,Queens Park Rangers,2014
a,0.456323,2.34463,l,2014-09-27,Queens Park Rangers,2014
a,0.697342,1.64038,l,2014-10-05,Queens Park Rangers,2014
h,2.60852,1.51813,l,2014-10-19,Queens Park Rangers,2014
h,0.81667,1.18709,w,2014-10-27,Queens Park Rangers,2014
a,0.510067,2.23703,l,2014-11-01,Queens Park Rangers,2014
h,1.86489,1.70189,d,2014-11-08,Queens Park Rangers,2014
a,0.402285,1.47871,l,2014-11-22,Queens Park Rangers,2014
h,2.98194,2.10013,w,2014-11-29,Queens Park Rangers,2014
a,0.789519,1.54207,l,2014-12-02,Queens Park Rangers,2014
h,1.63744,1.2646,w,2014-12-06,Queens Park Rangers,2014
a,0.972265,0.747708,l,2014-12-15,Queens Park Rangers,2014
h,2.92864,1.30117,w,2014-12-20,Queens Park Rangers,2014
a,1.21752,2.13888,l,2014-12-26,Queens Park Rangers,2014
h,0.405679,0.328577,d,2014-12-28,Queens Park Rangers,2014
h,3.16214,1.69725,d,2015-01-01,Queens Park Rangers,2014
a,1.69555,2.19126,l,2015-01-10,Queens Park Rangers,2014
h,0.929623,1.55645,l,2015-01-17,Queens Park Rangers,2014
a,1.11577,0.782569,l,2015-01-31,Queens Park Rangers,2014
h,1.03037,0.963892,l,2015-02-07,Queens Park Rangers,2014
a,1.26883,1.80831,w,2015-02-10,Queens Park Rangers,2014
a,0.190631,1.09259,l,2015-02-21,Queens Park Rangers,2014
h,0.318849,2.1651,l,2015-03-04,Queens Park Rangers,2014
h,1.49775,2.62405,l,2015-03-07,Queens Park Rangers,2014
a,0.266048,2.20095,l,2015-03-14,Queens Park Rangers,2014
h,1.39318,0.839996,l,2015-03-22,Queens Park Rangers,2014
a,1.20939,2.13361,w,2015-04-04,Queens Park Rangers,2014
a,1.43061,1.86698,d,2015-04-07,Queens Park Rangers,2014
h,0.780982,0.920984,l,2015-04-12,Queens Park Rangers,2014
h,2.28143,0.824309,d,2015-04-25,Queens Park Rangers,2014
a,0.386314,2.28745,l,2015-05-02,Queens Park Rangers,2014
a,0.872314,5.35103,l,2015-05-10,Queens Park Rangers,2014
h,0.470106,2.11207,w,2015-05-16,Queens Park Rangers,2014
a,1.26755,2.17428,l,2015-05-24,Queens Park Rangers,2014
