date,time,round,day,venue,result,gf,ga,opponent,xg,xga,poss,sot,team
2020-09-12,12:30,Matchweek 1,Sat,Away,W,3,0,Fulham,1.9,0.1,54.0,5.0,Arsenal
2020-09-19,20:00,Matchweek 2,Sat,Home,W,2,1,West Ham,1.1,2.0,62.0,3.0,Arsenal
2020-09-28,20:00,Matchweek 3,Mon,Away,L,1,3,Liverpool,1.3,2.7,34.0,3.0,Arsenal
2020-10-04,14:00,Matchweek 4,Sun,Home,W,2,1,Sheffield Utd,0.6,0.2,64.0,5.0,Arsenal
2020-10-17,17:30,Matchweek 5,Sat,Away,L,0,1,Manchester City,0.9,1.3,42.0,3.0,Arsenal
2020-10-25,19:15,Matchweek 6,Sun,Home,L,0,1,Leicester City,0.7,0.7,56.0,4.0,Arsenal
2020-11-01,16:30,Matchweek 7,Sun,Away,W,1,0,Manchester Utd,1.0,0.4,46.0,1.0,Arsenal
2020-11-08,19:15,Matchweek 8,Sun,Home,L,0,3,Aston Villa,1.5,1.8,59.0,2.0,Arsenal
2020-11-22,16:30,Matchweek 9,Sun,Away,D,0,0,Leeds United,0.9,1.8,34.0,2.0,Arsenal
2020-11-29,19:15,Matchweek 10,Sun,Home,L,1,2,Wolves,1.5,1.8,56.0,2.0,Arsenal
2020-12-06,16:30,Matchweek 11,Sun,Away,L,0,2,Tottenham,0.6,0.3,69.0,2.0,Arsenal
2020-12-13,19:15,Matchweek 12,Sun,Home,L,0,1,Burnley,1.6,1.4,65.0,6.0,Arsenal
2020-12-16,18:00,Matchweek 13,Wed,Home,D,1,1,Southampton,0.6,1.2,36.0,4.0,Arsenal
2020-12-19,17:30,Matchweek 14,Sat,Away,L,1,2,Everton,1.4,0.6,57.0,1.0,Arsenal
2020-12-26,17:30,Matchweek 15,Sat,Home,W,3,1,Chelsea,2.0,2.6,40.0,6.0,Arsenal
2020-12-29,18:00,Matchweek 16,Tue,Away,W,1,0,Brighton,1.1,0.8,50.0,3.0,Arsenal
2021-01-02,20:00,Matchweek 17,Sat,Away,W,4,0,West Brom,3.7,1.0,61.0,11.0,Arsenal
2021-01-14,20:00,Matchweek 18,Thu,Home,D,0,0,Crystal Palace,0.4,0.8,67.0,4.0,Arsenal
2021-01-18,20:00,Matchweek 19,Mon,Home,W,3,0,Newcastle Utd,2.4,0.2,66.0,6.0,Arsenal
2021-01-26,20:15,Matchweek 20,Tue,Away,W,3,1,Southampton,2.2,0.8,42.0,4.0,Arsenal
2021-01-30,17:30,Matchweek 21,Sat,Home,D,0,0,Manchester Utd,0.9,1.6,43.0,3.0,Arsenal
2021-02-02,18:00,Matchweek 22,Tue,Away,L,1,2,Wolves,0.8,1.5,45.0,3.0,Arsenal
2021-02-06,12:30,Matchweek 23,Sat,Away,L,0,1,Aston Villa,0.8,1.2,65.0,3.0,Arsenal
2021-02-14,16:30,Matchweek 24,Sun,Home,W,4,2,Leeds United,2.3,0.9,46.0,4.0,Arsenal
2021-02-21,16:30,Matchweek 25,Sun,Home,L,0,1,Manchester City,0.3,1.8,45.0,1.0,Arsenal
2021-02-28,12:00,Matchweek 26,Sun,Away,W,3,1,Leicester City,2.3,0.4,56.0,3.0,Arsenal
2021-03-06,12:30,Matchweek 27,Sat,Away,D,1,1,Burnley,2.5,1.1,59.0,2.0,Arsenal
2021-03-14,16:30,Matchweek 28,Sun,Home,W,2,1,Tottenham,1.7,0.4,52.0,2.0,Arsenal
2021-03-21,15:00,Matchweek 29,Sun,Away,D,3,3,West Ham,1.4,2.4,62.0,6.0,Arsenal
2021-04-03,20:00,Matchweek 30,Sat,Home,L,0,3,Liverpool,0.1,2.4,36.0,2.0,Arsenal
2021-04-11,19:00,Matchweek 31,Sun,Away,W,3,0,Sheffield Utd,1.7,0.3,55.0,5.0,Arsenal
2021-04-18,13:30,Matchweek 32,Sun,Home,D,1,1,Fulham,2.7,0.9,69.0,5.0,Arsenal
2021-04-23,20:00,Matchweek 33,Fri,Home,L,0,1,Everton,0.8,0.5,59.0,3.0,Arsenal
2021-05-02,14:00,Matchweek 34,Sun,Away,W,2,0,Newcastle Utd,2.0,0.3,61.0,4.0,Arsenal
2021-05-09,19:00,Matchweek 35,Sun,Home,W,3,1,West Brom,0.9,1.8,65.0,7.0,Arsenal
2021-05-12,20:15,Matchweek 36,Wed,Away,W,1,0,Chelsea,0.6,1.8,33.0,2.0,Arsenal
2021-05-19,19:00,Matchweek 37,Wed,Away,W,3,1,Crystal Palace,1.8,1.0,68.0,3.0,Arsenal
2021-05-23,16:00,Matchweek 38,Sun,Home,W,2,0,Brighton,0.8,0.2,54.0,5.0,Arsenal
2021-08-13,20:00,Matchweek 1,Fri,Away,L,0,2,Brentford,1.3,1.2,64.0,4.0,Arsenal
2021-08-22,16:30,Matchweek 2,Sun,Home,L,0,2,Chelsea,0.3,3.1,35.0,3.0,Arsenal
2021-08-28,12:30,Matchweek 3,Sat,Away,L,0,5,Manchester City,0.2,4.4,20.0,0.0,Arsenal
2021-09-11,15:00,Matchweek 4,Sat,Home,W,1,0,Norwich City,2.7,0.7,51.0,6.0,Arsenal
2021-09-18,15:00,Matchweek 5,Sat,Away,W,1,0,Burnley,1.1,1.0,54.0,3.0,Arsenal
2021-09-26,16:30,Matchweek 6,Sun,Home,W,3,1,Tottenham,1.1,1.0,46.0,7.0,Arsenal
2021-10-02,17:30,Matchweek 7,Sat,Away,D,0,0,Brighton,0.4,1.1,42.0,2.0,Arsenal
2021-10-18,20:00,Matchweek 8,Mon,Home,D,2,2,Crystal Palace,1.7,0.7,54.0,6.0,Arsenal
2021-10-22,20:00,Matchweek 9,Fri,Home,W,3,1,Aston Villa,2.7,1.4,53.0,8.0,Arsenal
2021-10-30,12:30,Matchweek 10,Sat,Away,W,2,0,Leicester City,0.7,1.3,36.0,5.0,Arsenal
2021-11-07,14:00,Matchweek 11,Sun,Home,W,1,0,Watford,1.6,0.5,60.0,5.0,Arsenal
2021-11-20,17:30,Matchweek 12,Sat,Away,L,0,4,Liverpool,0.4,4.3,38.0,3.0,Arsenal
2021-11-27,12:30,Matchweek 13,Sat,Home,W,2,0,Newcastle Utd,2.5,0.3,66.0,6.0,Arsenal
2021-12-02,20:15,Matchweek 14,Thu,Away,L,2,3,Manchester Utd,1.4,1.9,56.0,7.0,Arsenal
2021-12-06,20:00,Matchweek 15,Mon,Away,L,1,2,Everton,1.0,0.9,63.0,3.0,Arsenal
2021-12-11,15:00,Matchweek 16,Sat,Home,W,3,0,Southampton,1.8,0.6,61.0,5.0,Arsenal
2021-12-15,20:00,Matchweek 17,Wed,Home,W,2,0,West Ham,2.8,0.4,55.0,7.0,Arsenal
2021-12-18,17:30,Matchweek 18,Sat,Away,W,4,1,Leeds United,3.5,1.6,49.0,12.0,Arsenal
2021-12-26,15:00,Matchweek 19,Sun,Away,W,5,0,Norwich City,2.5,0.1,64.0,5.0,Arsenal
2022-01-01,12:30,Matchweek 21,Sat,Home,L,1,2,Manchester City,0.8,2.0,29.0,2.0,Arsenal
2022-01-23,14:00,Matchweek 23,Sun,Home,D,0,0,Burnley,1.2,0.4,75.0,5.0,Arsenal
2022-02-10,19:45,Matchweek 24,Thu,Away,W,1,0,Wolves,1.8,0.8,42.0,2.0,Arsenal
2022-02-19,15:00,Matchweek 26,Sat,Home,W,2,1,Brentford,1.7,0.6,66.0,7.0,Arsenal
2022-02-24,19:45,Matchweek 20,Thu,Home,W,2,1,Wolves,3.1,1.0,56.0,5.0,Arsenal
2022-03-06,14:00,Matchweek 28,Sun,Away,W,3,2,Watford,1.0,1.0,56.0,4.0,Arsenal
2022-03-13,16:30,Matchweek 29,Sun,Home,W,2,0,Leicester City,2.4,0.4,46.0,6.0,Arsenal
2022-03-16,20:15,Matchweek 27,Wed,Home,L,0,2,Liverpool,0.5,0.8,49.0,2.0,Arsenal
2022-03-19,12:30,Matchweek 30,Sat,Away,W,1,0,Aston Villa,1.3,0.5,53.0,3.0,Arsenal
2022-04-04,20:00,Matchweek 31,Mon,Away,L,0,3,Crystal Palace,0.8,1.5,68.0,3.0,Arsenal
2022-04-09,15:00,Matchweek 32,Sat,Home,L,1,2,Brighton,1.9,0.6,64.0,4.0,Arsenal
2022-04-16,15:00,Matchweek 33,Sat,Away,L,0,1,Southampton,1.7,0.8,75.0,6.0,Arsenal
2022-04-20,19:45,Matchweek 25,Wed,Away,W,4,2,Chelsea,2.0,0.7,33.0,3.0,Arsenal
2022-04-23,12:30,Matchweek 34,Sat,Home,W,3,1,Manchester Utd,2.3,1.8,54.0,6.0,Arsenal
2022-05-01,16:30,Matchweek 35,Sun,Away,W,2,1,West Ham,0.9,0.5,43.0,7.0,Arsenal
2022-05-08,14:00,Matchweek 36,Sun,Home,W,2,1,Leeds United,2.0,0.3,64.0,9.0,Arsenal
2022-05-12,19:45,Matchweek 22,Thu,Away,L,0,3,Tottenham,0.5,2.7,43.0,5.0,Arsenal
2022-05-16,20:00,Matchweek 37,Mon,Away,L,0,2,Newcastle Utd,0.6,1.6,49.0,2.0,Arsenal
2022-05-22,16:00,Matchweek 38,Sun,Home,W,5,1,Everton,4.2,1.1,73.0,8.0,Arsenal
2022-08-05,20:00,Matchweek 1,Fri,Away,W,2,0,Crystal Palace,1.0,1.2,44.0,2.0,Arsenal
2022-08-13,15:00,Matchweek 2,Sat,Home,W,4,2,Leicester City,2.7,0.5,50.0,7.0,Arsenal
2022-08-20,17:30,Matchweek 3,Sat,Away,W,3,0,Bournemouth,1.3,0.3,57.0,6.0,Arsenal
2022-08-27,17:30,Matchweek 4,Sat,Home,W,2,1,Fulham,2.6,0.8,71.0,8.0,Arsenal
2022-08-31,19:30,Matchweek 5,Wed,Home,W,2,1,Aston Villa,2.4,0.4,59.0,8.0,Arsenal
2022-09-04,16:30,Matchweek 6,Sun,Away,L,1,3,Manchester Utd,1.3,1.5,60.0,3.0,Arsenal
2022-09-18,12:00,Matchweek 8,Sun,Away,W,3,0,Brentford,1.5,0.5,63.0,7.0,Arsenal
2022-10-01,12:30,Matchweek 9,Sat,Home,W,3,1,Tottenham,2.4,1.6,64.0,9.0,Arsenal
2022-10-09,16:30,Matchweek 10,Sun,Home,W,3,2,Liverpool,2.7,1.1,43.0,6.0,Arsenal
2022-10-16,14:00,Matchweek 11,Sun,Away,W,1,0,Leeds United,0.5,1.8,53.0,4.0,Arsenal
2022-10-23,14:00,Matchweek 13,Sun,Away,D,1,1,Southampton,1.0,0.7,59.0,3.0,Arsenal
2022-10-30,14:00,Matchweek 14,Sun,Home,W,5,0,Nott'ham Forest,2.3,0.4,69.0,9.0,Arsenal
2022-11-06,12:00,Matchweek 15,Sun,Away,W,1,0,Chelsea,2.1,0.3,55.0,2.0,Arsenal
2022-11-12,19:45,Matchweek 16,Sat,Away,W,2,0,Wolves,2.1,0.7,62.0,3.0,Arsenal
2022-12-26,20:00,Matchweek 17,Mon,Home,W,3,1,West Ham,2.1,1.0,66.0,5.0,Arsenal
2022-12-31,17:30,Matchweek 18,Sat,Away,W,4,2,Brighton,2.9,1.2,32.0,7.0,Arsenal
2023-01-03,19:45,Matchweek 19,Tue,Home,D,0,0,Newcastle Utd,1.1,1.0,66.0,4.0,Arsenal
2023-01-15,16:30,Matchweek 20,Sun,Away,W,2,0,Tottenham,1.8,1.6,49.0,5.0,Arsenal
2023-01-22,16:30,Matchweek 21,Sun,Home,W,3,2,Manchester Utd,3.1,0.4,57.0,5.0,Arsenal
2023-02-04,12:30,Matchweek 22,Sat,Away,L,0,1,Everton,0.9,1.7,70.0,2.0,Arsenal
2023-02-11,15:00,Matchweek 23,Sat,Home,D,1,1,Brentford,1.6,2.0,69.0,7.0,Arsenal
2023-02-15,19:30,Matchweek 12,Wed,Home,L,1,3,Manchester City,1.6,1.8,63.0,0.0,Arsenal
2023-02-18,12:30,Matchweek 24,Sat,Away,W,4,2,Aston Villa,3.2,0.5,67.0,5.0,Arsenal
2023-02-25,15:00,Matchweek 25,Sat,Away,W,1,0,Leicester City,0.7,0.0,65.0,2.0,Arsenal
2023-03-01,19:45,Matchweek 7,Wed,Home,W,4,0,Everton,2.4,1.2,73.0,5.0,Arsenal
2023-03-04,15:00,Matchweek 26,Sat,Home,W,3,2,Bournemouth,2.1,1.3,79.0,9.0,Arsenal
2023-03-12,14:00,Matchweek 27,Sun,Away,W,3,0,Fulham,2.3,0.8,55.0,7.0,Arsenal
2023-03-19,14:00,Matchweek 28,Sun,Home,W,4,1,Crystal Palace,1.6,0.8,62.0,5.0,Arsenal
2023-04-01,15:00,Matchweek 29,Sat,Home,W,4,1,Leeds United,3.8,0.7,66.0,4.0,Arsenal
2023-04-09,16:30,Matchweek 30,Sun,Away,D,2,2,Liverpool,1.4,3.9,41.0,5.0,Arsenal
2023-04-16,14:00,Matchweek 31,Sun,Away,D,2,2,West Ham,2.7,1.8,70.0,5.0,Arsenal
2023-04-21,20:00,Matchweek 32,Fri,Home,D,3,3,Southampton,2.4,1.3,74.0,5.0,Arsenal
2023-04-26,20:00,Matchweek 33,Wed,Away,L,1,4,Manchester City,0.5,2.5,48.0,2.0,Arsenal
2023-05-02,20:00,Matchweek 34,Tue,Home,W,3,1,Chelsea,1.7,0.8,55.0,9.0,Arsenal
2023-05-07,16:30,Matchweek 35,Sun,Away,W,2,0,Newcastle Utd,1.3,1.3,45.0,6.0,Arsenal
2023-05-14,16:30,Matchweek 36,Sun,Home,L,0,3,Brighton,0.9,1.7,41.0,2.0,Arsenal
2023-05-20,17:30,Matchweek 37,Sat,Away,L,0,1,Nott'ham Forest,0.6,0.6,81.0,3.0,Arsenal
2023-05-28,16:30,Matchweek 38,Sun,Home,W,5,0,Wolves,2.8,0.5,51.0,8.0,Arsenal
2023-08-12,12:30,Matchweek 1,Sat,Home,W,2,1,Nott'ham Forest,0.8,1.2,78.0,7.0,Arsenal
2023-08-21,20:00,Matchweek 2,Mon,Away,W,1,0,Crystal Palace,2.0,1.0,53.0,2.0,Arsenal
2023-08-26,15:00,Matchweek 3,Sat,Home,D,2,2,Fulham,3.2,0.6,71.0,9.0,Arsenal
2023-09-03,16:30,Matchweek 4,Sun,Home,W,3,1,Manchester Utd,2.3,0.9,55.0,5.0,Arsenal
2023-09-17,16:30,Matchweek 5,Sun,Away,W,1,0,Everton,1.0,0.3,74.0,4.0,Arsenal
2023-09-24,14:00,Matchweek 6,Sun,Home,D,2,2,Tottenham,1.8,1.4,47.0,4.0,Arsenal
2023-09-30,15:00,Matchweek 7,Sat,Away,W,4,0,Bournemouth,3.4,0.6,57.0,6.0,Arsenal
2023-10-08,16:30,Matchweek 8,Sun,Home,W,1,0,Manchester City,0.4,0.5,49.0,2.0,Arsenal
2023-10-21,17:30,Matchweek 9,Sat,Away,D,2,2,Chelsea,1.0,1.3,56.0,3.0,Arsenal
2023-10-28,15:00,Matchweek 10,Sat,Home,W,5,0,Sheffield Utd,2.8,0.0,67.0,6.0,Arsenal
2023-11-04,17:30,Matchweek 11,Sat,Away,L,0,1,Newcastle Utd,0.6,1.0,58.0,1.0,Arsenal
2023-11-11,15:00,Matchweek 12,Sat,Home,W,3,1,Burnley,1.8,0.3,63.0,6.0,Arsenal
2023-11-25,17:30,Matchweek 13,Sat,Away,W,1,0,Brentford,1.6,1.1,63.0,4.0,Arsenal
2023-12-02,15:00,Matchweek 14,Sat,Home,W,2,1,Wolves,2.8,0.7,57.0,6.0,Arsenal
2023-12-05,20:15,Matchweek 15,Tue,Away,W,4,3,Luton Town,2.2,0.5,66.0,9.0,Arsenal
2023-12-09,17:30,Matchweek 16,Sat,Away,L,0,1,Aston Villa,1.4,0.6,61.0,3.0,Arsenal
2023-12-17,14:00,Matchweek 17,Sun,Home,W,2,0,Brighton,2.3,0.7,49.0,8.0,Arsenal
2023-12-23,17:30,Matchweek 18,Sat,Away,D,1,1,Liverpool,0.7,1.0,48.0,2.0,Arsenal
2023-12-28,20:15,Matchweek 19,Thu,Home,L,0,2,West Ham,2.7,1.4,73.0,8.0,Arsenal
2023-12-31,14:00,Matchweek 20,Sun,Away,L,1,2,Fulham,1.6,1.2,60.0,3.0,Arsenal
2024-01-20,12:30,Matchweek 21,Sat,Home,W,5,0,Crystal Palace,3.3,0.3,60.0,7.0,Arsenal
2024-01-30,19:30,Matchweek 22,Tue,Away,W,2,1,Nott'ham Forest,1.2,0.5,73.0,3.0,Arsenal
2024-02-04,16:30,Matchweek 23,Sun,Home,W,3,1,Liverpool,3.5,0.4,43.0,7.0,Arsenal
2024-02-11,14:00,Matchweek 24,Sun,Away,W,6,0,West Ham,3.6,0.2,70.0,11.0,Arsenal
2024-02-17,15:00,Matchweek 25,Sat,Away,W,5,0,Burnley,2.3,0.3,64.0,6.0,Arsenal
2024-02-24,20:00,Matchweek 26,Sat,Home,W,4,1,Newcastle Utd,2.8,0.2,55.0,7.0,Arsenal
2024-03-04,20:00,Matchweek 27,Mon,Away,W,6,0,Sheffield Utd,2.3,0.2,80.0,9.0,Arsenal
2024-03-09,17:30,Matchweek 28,Sat,Home,W,2,1,Brentford,1.3,1.0,71.0,5.0,Arsenal
2024-03-31,16:30,Matchweek 30,Sun,Away,D,0,0,Manchester City,0.7,1.0,28.0,2.0,Arsenal
2024-04-03,19:30,Matchweek 31,Wed,Home,W,2,0,Luton Town,0.7,0.3,58.0,4.0,Arsenal
2024-04-06,17:30,Matchweek 32,Sat,Away,W,3,0,Brighton,3.4,0.5,46.0,6.0,Arsenal
2024-04-14,16:30,Matchweek 33,Sun,Home,L,0,2,Aston Villa,1.6,0.9,52.0,4.0,Arsenal
2024-04-20,19:30,Matchweek 34,Sat,Away,W,2,0,Wolves,1.2,0.2,54.0,9.0,Arsenal
2024-04-23,20:00,Matchweek 29,Tue,Home,W,5,0,Chelsea,3.3,1.6,45.0,10.0,Arsenal
2024-04-28,14:00,Matchweek 35,Sun,Away,W,3,2,Tottenham,1.0,2.3,38.0,3.0,Arsenal
2024-05-04,12:30,Matchweek 36,Sat,Home,W,3,0,Bournemouth,3.3,0.5,55.0,8.0,Arsenal
2024-05-12,16:30,Matchweek 37,Sun,Away,W,1,0,Manchester Utd,1.5,0.5,46.0,5.0,Arsenal
2024-05-19,16:00,Matchweek 38,Sun,Home,W,2,1,Everton,2.9,0.6,68.0,5.0,Arsenal
2024-08-17,15:00,Matchweek 1,Sat,Home,W,2,0,Wolves,1.2,0.5,53.0,6.0,Arsenal
2024-08-24,17:30,Matchweek 2,Sat,Away,W,2,0,Aston Villa,0.9,1.2,60.0,4.0,Arsenal
2024-08-31,12:30,Matchweek 3,Sat,Home,D,1,1,Brighton,2.1,1.7,36.0,7.0,Arsenal
2024-09-15,14:00,Matchweek 4,Sun,Away,W,1,0,Tottenham,0.7,0.7,37.0,4.0,Arsenal
2024-09-22,16:30,Matchweek 5,Sun,Away,D,2,2,Manchester City,0.7,2.1,23.0,3.0,Arsenal
2024-09-28,15:00,Matchweek 6,Sat,Home,W,4,2,Leicester City,4.4,0.3,74.0,16.0,Arsenal
2024-10-05,15:00,Matchweek 7,Sat,Home,W,3,1,Southampton,2.8,0.6,59.0,6.0,Arsenal
2024-10-19,17:30,Matchweek 8,Sat,Away,L,0,2,Bournemouth,0.7,1.8,51.0,1.0,Arsenal
2024-10-27,16:30,Matchweek 9,Sun,Home,D,2,2,Liverpool,0.9,0.8,45.0,3.0,Arsenal
2024-11-02,12:30,Matchweek 10,Sat,Away,L,0,1,Newcastle Utd,1.1,0.5,63.0,0.0,Arsenal
2024-11-10,16:30,Matchweek 11,Sun,Away,D,1,1,Chelsea,1.5,1.5,51.0,3.0,Arsenal
2024-11-23,15:00,Matchweek 12,Sat,Home,W,3,0,Nott'ham Forest,1.2,0.3,66.0,6.0,Arsenal
2024-11-30,17:30,Matchweek 13,Sat,Away,W,5,2,West Ham,3.5,1.5,60.0,5.0,Arsenal
2024-12-04,20:15,Matchweek 14,Wed,Home,W,2,0,Manchester Utd,2.1,0.2,51.0,6.0,Arsenal
2024-12-08,14:00,Matchweek 15,Sun,Away,D,1,1,Fulham,1.8,0.2,66.0,4.0,Arsenal
2024-12-14,15:00,Matchweek 16,Sat,Home,D,0,0,Everton,1.2,0.1,76.0,5.0,Arsenal
2024-12-21,17:30,Matchweek 17,Sat,Away,W,5,1,Crystal Palace,2.5,1.6,58.0,6.0,Arsenal
2024-12-27,20:15,Matchweek 18,Fri,Home,W,1,0,Ipswich Town,1.8,0.2,68.0,5.0,Arsenal
2025-01-01,17:30,Matchweek 19,Wed,Away,W,3,1,Brentford,1.9,0.3,50.0,4.0,Arsenal
2025-01-04,17:30,Matchweek 20,Sat,Away,D,1,1,Brighton,0.9,1.5,55.0,3.0,Arsenal
2025-01-15,20:00,Matchweek 21,Wed,Home,W,2,1,Tottenham,1.4,0.8,53.0,4.0,Arsenal
2025-01-18,17:30,Matchweek 22,Sat,Home,D,2,2,Aston Villa,1.3,1.0,66.0,6.0,Arsenal
2025-01-25,15:00,Matchweek 23,Sat,Away,W,1,0,Wolves,1.0,0.7,49.0,3.0,Arsenal
2025-02-02,16:30,Matchweek 24,Sun,Home,W,5,1,Manchester City,1.0,0.8,46.0,7.0,Arsenal
2025-02-15,12:30,Matchweek 25,Sat,Away,W,2,0,Leicester City,1.4,0.2,60.0,5.0,Arsenal
2025-02-22,15:00,Matchweek 26,Sat,Home,L,0,1,West Ham,1.2,1.1,68.0,2.0,Arsenal
2025-02-26,19:30,Matchweek 27,Wed,Away,D,0,0,Nott'ham Forest,1.0,0.4,64.0,1.0,Arsenal
2025-03-09,16:30,Matchweek 28,Sun,Away,D,1,1,Manchester Utd,1.6,1.5,68.0,6.0,Arsenal
2025-03-16,13:30,Matchweek 29,Sun,Home,W,1,0,Chelsea,0.7,0.4,42.0,4.0,Arsenal
2025-04-01,19:45,Matchweek 30,Tue,Home,W,2,1,Fulham,2.2,1.0,51.0,4.0,Arsenal
2025-04-05,12:30,Matchweek 31,Sat,Away,D,1,1,Everton,1.8,1.1,69.0,4.0,Arsenal
2025-04-12,17:30,Matchweek 32,Sat,Home,D,1,1,Brentford,1.0,0.2,63.0,3.0,Arsenal
2025-04-20,14:00,Matchweek 33,Sun,Away,W,4,0,Ipswich Town,2.4,0.2,75.0,7.0,Arsenal
2025-04-23,20:00,Matchweek 34,Wed,Home,D,2,2,Crystal Palace,1.2,1.7,67.0,4.0,Arsenal
2025-05-03,17:30,Matchweek 35,Sat,Home,L,1,2,Bournemouth,1.4,0.9,51.0,4.0,Arsenal
2025-05-11,16:30,Matchweek 36,Sun,Away,D,2,2,Liverpool,2.6,2.4,55.0,6.0,Arsenal
2025-05-18,16:30,Matchweek 37,Sun,Home,W,1,0,Newcastle Utd,0.6,1.5,51.0,4.0,Arsenal
2025-05-25,16:00,Matchweek 38,Sun,Away,W,2,1,Southampton,2.3,0.6,62.0,7.0,Arsenal
2020-09-21,18:00,Matchweek 2,Mon,Home,W,1,0,Sheffield Utd,1.0,0.9,71.0,2.0,Aston Villa
2020-09-28,17:45,Matchweek 3,Mon,Away,W,3,0,Fulham,1.4,0.7,36.0,5.0,Aston Villa
2020-10-04,19:15,Matchweek 4,Sun,Home,W,7,2,Liverpool,2.7,1.8,31.0,11.0,Aston Villa
2020-10-18,19:15,Matchweek 5,Sun,Away,W,1,0,Leicester City,0.7,0.6,50.0,4.0,Aston Villa
2020-10-23,20:00,Matchweek 6,Fri,Home,L,0,3,Leeds United,1.4,2.7,41.0,3.0,Aston Villa
2020-11-01,12:00,Matchweek 7,Sun,Home,L,3,4,Southampton,1.9,0.7,56.0,9.0,Aston Villa
2020-11-08,19:15,Matchweek 8,Sun,Away,W,3,0,Arsenal,1.8,1.5,41.0,5.0,Aston Villa
2020-11-21,15:00,Matchweek 9,Sat,Home,L,1,2,Brighton,1.5,1.4,56.0,4.0,Aston Villa
2020-11-30,20:00,Matchweek 10,Mon,Away,L,1,2,West Ham,2.5,0.4,66.0,6.0,Aston Villa
2020-12-12,12:30,Matchweek 12,Sat,Away,W,1,0,Wolves,1.4,1.1,50.0,1.0,Aston Villa
2020-12-17,18:00,Matchweek 13,Thu,Home,D,0,0,Burnley,1.5,0.3,59.0,6.0,Aston Villa
2020-12-20,19:15,Matchweek 14,Sun,Away,W,3,0,West Brom,2.4,0.0,67.0,9.0,Aston Villa
2020-12-26,15:00,Matchweek 15,Sat,Home,W,3,0,Crystal Palace,3.9,0.9,39.0,9.0,Aston Villa
2020-12-28,17:30,Matchweek 16,Mon,Away,D,1,1,Chelsea,0.7,1.7,37.0,2.0,Aston Villa
2021-01-01,20:00,Matchweek 17,Fri,Away,L,1,2,Manchester Utd,1.4,2.1,52.0,5.0,Aston Villa
2021-01-20,18:00,Matchweek 1,Wed,Away,L,0,2,Manchester City,0.6,3.4,31.0,4.0,Aston Villa
2021-01-23,20:00,Matchweek 11,Sat,Home,W,2,0,Newcastle Utd,2.3,0.5,58.0,5.0,Aston Villa
2021-01-27,18:00,Matchweek 20,Wed,Away,L,2,3,Burnley,2.2,0.5,61.0,10.0,Aston Villa
2021-01-30,20:00,Matchweek 21,Sat,Away,W,1,0,Southampton,0.6,1.9,41.0,4.0,Aston Villa
2021-02-03,20:15,Matchweek 22,Wed,Home,L,1,3,West Ham,0.7,1.7,56.0,2.0,Aston Villa
2021-02-06,12:30,Matchweek 23,Sat,Home,W,1,0,Arsenal,1.2,0.8,35.0,8.0,Aston Villa
2021-02-13,20:00,Matchweek 24,Sat,Away,D,0,0,Brighton,0.1,2.2,42.0,1.0,Aston Villa
2021-02-21,14:05,Matchweek 25,Sun,Home,L,1,2,Leicester City,1.4,1.1,51.0,2.0,Aston Villa
2021-02-27,17:30,Matchweek 26,Sat,Away,W,1,0,Leeds United,0.7,0.9,31.0,4.0,Aston Villa
2021-03-03,18:00,Matchweek 29,Wed,Away,L,0,1,Sheffield Utd,2.3,0.9,72.0,4.0,Aston Villa
2021-03-06,17:30,Matchweek 27,Sat,Home,D,0,0,Wolves,0.6,1.6,49.0,1.0,Aston Villa
2021-03-12,20:00,Matchweek 28,Fri,Away,D,1,1,Newcastle Utd,0.9,1.5,51.0,6.0,Aston Villa
2021-03-21,19:30,Matchweek 18,Sun,Home,L,0,2,Tottenham,0.4,1.8,50.0,1.0,Aston Villa
2021-04-04,16:30,Matchweek 30,Sun,Home,W,3,1,Fulham,1.5,1.0,53.0,4.0,Aston Villa
2021-04-10,15:00,Matchweek 31,Sat,Away,L,1,2,Liverpool,0.5,2.3,35.0,5.0,Aston Villa
2021-04-21,20:15,Matchweek 32,Wed,Home,L,1,2,Manchester City,0.7,1.2,28.0,3.0,Aston Villa
2021-04-25,19:00,Matchweek 33,Sun,Home,D,2,2,West Brom,3.2,1.5,70.0,10.0,Aston Villa
2021-05-01,20:00,Matchweek 34,Sat,Away,W,2,1,Everton,1.6,1.0,53.0,5.0,Aston Villa
2021-05-09,14:05,Matchweek 35,Sun,Home,L,1,3,Manchester Utd,0.5,1.7,41.0,5.0,Aston Villa
2021-05-13,18:00,Matchweek 19,Thu,Home,D,0,0,Everton,0.6,1.0,58.0,2.0,Aston Villa
2021-05-16,12:00,Matchweek 36,Sun,Away,L,2,3,Crystal Palace,1.4,1.9,55.0,5.0,Aston Villa
2021-05-19,18:00,Matchweek 37,Wed,Away,W,2,1,Tottenham,1.4,0.8,40.0,4.0,Aston Villa
2021-05-23,16:00,Matchweek 38,Sun,Home,W,2,1,Chelsea,1.1,3.3,29.0,2.0,Aston Villa
2021-08-14,15:00,Matchweek 1,Sat,Away,L,2,3,Watford,1.2,1.2,62.0,1.0,Aston Villa
2021-08-21,15:00,Matchweek 2,Sat,Home,W,2,0,Newcastle Utd,1.2,0.7,47.0,1.0,Aston Villa
2021-08-28,15:00,Matchweek 3,Sat,Home,D,1,1,Brentford,0.7,0.9,46.0,5.0,Aston Villa
2021-09-11,17:30,Matchweek 4,Sat,Away,L,0,3,Chelsea,1.2,1.3,43.0,6.0,Aston Villa
2021-09-18,17:30,Matchweek 5,Sat,Home,W,3,0,Everton,0.8,0.7,55.0,3.0,Aston Villa
2021-09-25,12:30,Matchweek 6,Sat,Away,W,1,0,Manchester Utd,1.0,2.2,41.0,3.0,Aston Villa
2021-10-03,14:00,Matchweek 7,Sun,Away,L,1,2,Tottenham,1.2,1.3,44.0,3.0,Aston Villa
2021-10-16,15:00,Matchweek 8,Sat,Home,L,2,3,Wolves,1.0,2.0,48.0,5.0,Aston Villa
2021-10-22,20:00,Matchweek 9,Fri,Away,L,1,3,Arsenal,1.4,2.7,47.0,4.0,Aston Villa
2021-10-31,16:30,Matchweek 10,Sun,Home,L,1,4,West Ham,0.7,2.3,43.0,3.0,Aston Villa
2021-11-05,20:00,Matchweek 11,Fri,Away,L,0,1,Southampton,0.6,0.6,44.0,3.0,Aston Villa
2021-11-20,15:00,Matchweek 12,Sat,Home,W,2,0,Brighton,0.7,0.4,38.0,5.0,Aston Villa
2021-11-27,15:00,Matchweek 13,Sat,Away,W,2,1,Crystal Palace,0.5,1.0,36.0,3.0,Aston Villa
2021-12-01,20:15,Matchweek 14,Wed,Home,L,1,2,Manchester City,0.8,1.0,36.0,3.0,Aston Villa
2021-12-05,16:30,Matchweek 15,Sun,Home,W,2,1,Leicester City,2.1,1.1,41.0,4.0,Aston Villa
2021-12-11,15:00,Matchweek 16,Sat,Away,L,0,1,Liverpool,0.2,2.2,38.0,0.0,Aston Villa
2021-12-14,19:45,Matchweek 17,Tue,Away,W,2,0,Norwich City,2.0,0.5,50.0,6.0,Aston Villa
2021-12-26,17:30,Matchweek 19,Sun,Home,L,1,3,Chelsea,0.4,2.6,42.0,1.0,Aston Villa
2022-01-02,14:00,Matchweek 21,Sun,Away,L,1,2,Brentford,0.8,0.6,55.0,5.0,Aston Villa
2022-01-15,17:30,Matchweek 22,Sat,Home,D,2,2,Manchester Utd,1.9,1.0,54.0,9.0,Aston Villa
2022-01-22,12:30,Matchweek 23,Sat,Away,W,1,0,Everton,0.8,1.6,50.0,3.0,Aston Villa
2022-02-09,20:00,Matchweek 24,Wed,Home,D,3,3,Leeds United,1.6,1.8,40.0,4.0,Aston Villa
2022-02-13,14:00,Matchweek 25,Sun,Away,L,0,1,Newcastle Utd,0.6,0.5,62.0,1.0,Aston Villa
2022-02-19,15:00,Matchweek 26,Sat,Home,L,0,1,Watford,1.3,1.2,59.0,1.0,Aston Villa
2022-02-26,15:00,Matchweek 27,Sat,Away,W,2,0,Brighton,1.0,0.7,34.0,4.0,Aston Villa
2022-03-05,15:00,Matchweek 28,Sat,Home,W,4,0,Southampton,2.5,1.1,38.0,9.0,Aston Villa
2022-03-10,19:45,Matchweek 20,Thu,Away,W,3,0,Leeds United,1.5,0.2,49.0,9.0,Aston Villa
2022-03-13,14:00,Matchweek 29,Sun,Away,L,1,2,West Ham,1.1,1.2,53.0,7.0,Aston Villa
2022-03-19,12:30,Matchweek 30,Sat,Home,L,0,1,Arsenal,0.5,1.3,47.0,1.0,Aston Villa
2022-04-02,15:00,Matchweek 31,Sat,Away,L,1,2,Wolves,2.1,1.3,51.0,4.0,Aston Villa
2022-04-09,17:30,Matchweek 32,Sat,Home,L,0,4,Tottenham,1.6,1.1,52.0,8.0,Aston Villa
2022-04-23,15:00,Matchweek 34,Sat,Away,D,0,0,Leicester City,0.9,0.3,36.0,3.0,Aston Villa
2022-04-30,15:00,Matchweek 35,Sat,Home,W,2,0,Norwich City,1.8,0.5,45.0,6.0,Aston Villa
2022-05-07,15:00,Matchweek 36,Sat,Away,W,3,1,Burnley,2.1,1.9,51.0,7.0,Aston Villa
2022-05-10,20:00,Matchweek 33,Tue,Home,L,1,2,Liverpool,1.4,1.8,40.0,4.0,Aston Villa
2022-05-15,14:00,Matchweek 37,Sun,Home,D,1,1,Crystal Palace,1.0,1.4,49.0,4.0,Aston Villa
2022-05-19,20:00,Matchweek 18,Thu,Home,D,1,1,Burnley,1.5,1.6,71.0,9.0,Aston Villa
2022-05-22,16:00,Matchweek 38,Sun,Away,L,2,3,Manchester City,0.2,3.4,29.0,2.0,Aston Villa
2022-08-06,15:00,Matchweek 1,Sat,Away,L,0,2,Bournemouth,0.7,0.6,65.0,2.0,Aston Villa
2022-08-13,12:30,Matchweek 2,Sat,Home,W,2,1,Everton,2.3,1.6,57.0,3.0,Aston Villa
2022-08-20,15:00,Matchweek 3,Sat,Away,L,1,3,Crystal Palace,0.9,2.6,49.0,5.0,Aston Villa
2022-08-28,14:00,Matchweek 4,Sun,Home,L,0,1,West Ham,0.5,0.6,58.0,3.0,Aston Villa
2022-08-31,19:30,Matchweek 5,Wed,Away,L,1,2,Arsenal,0.4,2.4,41.0,3.0,Aston Villa
2022-09-03,17:30,Matchweek 6,Sat,Home,D,1,1,Manchester City,0.3,2.1,29.0,1.0,Aston Villa
2022-09-16,20:00,Matchweek 8,Fri,Home,W,1,0,Southampton,1.5,0.3,53.0,3.0,Aston Villa
2022-10-02,16:30,Matchweek 9,Sun,Away,D,0,0,Leeds United,2.2,0.4,56.0,6.0,Aston Villa
2022-10-10,20:00,Matchweek 10,Mon,Away,D,1,1,Nott'ham Forest,0.7,0.3,60.0,2.0,Aston Villa
2022-10-16,14:00,Matchweek 11,Sun,Home,L,0,2,Chelsea,1.8,0.9,42.0,7.0,Aston Villa
2022-10-20,19:30,Matchweek 12,Thu,Away,L,0,3,Fulham,1.2,2.1,40.0,6.0,Aston Villa
2022-10-23,14:00,Matchweek 13,Sun,Home,W,4,0,Brentford,2.8,0.9,45.0,10.0,Aston Villa
2022-10-29,15:00,Matchweek 14,Sat,Away,L,0,4,Newcastle Utd,0.4,3.4,41.0,0.0,Aston Villa
2022-11-06,14:00,Matchweek 15,Sun,Home,W,3,1,Manchester Utd,0.6,0.5,42.0,4.0,Aston Villa
2022-11-13,14:00,Matchweek 16,Sun,Away,W,2,1,Brighton,1.5,0.6,35.0,1.0,Aston Villa
2022-12-26,17:30,Matchweek 17,Mon,Home,L,1,3,Liverpool,1.4,2.7,48.0,6.0,Aston Villa
2023-01-01,14:00,Matchweek 18,Sun,Away,W,2,0,Tottenham,1.0,0.7,41.0,4.0,Aston Villa
2023-01-04,20:00,Matchweek 19,Wed,Home,D,1,1,Wolves,1.8,0.9,56.0,3.0,Aston Villa
2023-01-13,20:00,Matchweek 20,Fri,Home,W,2,1,Leeds United,1.2,2.4,52.0,5.0,Aston Villa
2023-01-21,15:00,Matchweek 21,Sat,Away,W,1,0,Southampton,1.4,0.6,63.0,5.0,Aston Villa
2023-02-04,15:00,Matchweek 22,Sat,Home,L,2,4,Leicester City,1.7,2.6,62.0,4.0,Aston Villa
2023-02-12,16:30,Matchweek 23,Sun,Away,L,1,3,Manchester City,0.3,3.3,33.0,2.0,Aston Villa
2023-02-18,12:30,Matchweek 24,Sat,Home,L,2,4,Arsenal,0.5,3.2,33.0,5.0,Aston Villa
2023-02-25,15:00,Matchweek 25,Sat,Away,W,2,0,Everton,1.9,1.6,53.0,4.0,Aston Villa
2023-03-04,15:00,Matchweek 26,Sat,Home,W,1,0,Crystal Palace,1.2,0.2,58.0,1.0,Aston Villa
2023-03-12,14:00,Matchweek 27,Sun,Away,D,1,1,West Ham,1.5,2.1,59.0,4.0,Aston Villa
2023-03-18,15:00,Matchweek 28,Sat,Home,W,3,0,Bournemouth,3.5,1.3,56.0,9.0,Aston Villa
2023-04-01,17:30,Matchweek 29,Sat,Away,W,2,0,Chelsea,0.9,2.1,31.0,2.0,Aston Villa
2023-04-04,19:45,Matchweek 7,Tue,Away,W,2,1,Leicester City,1.0,0.5,64.0,5.0,Aston Villa
2023-04-08,15:00,Matchweek 30,Sat,Home,W,2,0,Nott'ham Forest,1.3,0.2,63.0,3.0,Aston Villa
2023-04-15,12:30,Matchweek 31,Sat,Home,W,3,0,Newcastle Utd,1.9,0.5,52.0,6.0,Aston Villa
2023-04-22,15:00,Matchweek 32,Sat,Away,D,1,1,Brentford,1.5,2.7,56.0,2.0,Aston Villa
2023-04-25,19:45,Matchweek 33,Tue,Home,W,1,0,Fulham,1.0,0.1,51.0,3.0,Aston Villa
2023-04-30,14:00,Matchweek 34,Sun,Away,L,0,1,Manchester Utd,0.6,1.2,43.0,1.0,Aston Villa
2023-05-06,15:00,Matchweek 35,Sat,Away,L,0,1,Wolves,1.5,0.8,62.0,3.0,Aston Villa
2023-05-13,15:00,Matchweek 36,Sat,Home,W,2,1,Tottenham,1.2,1.4,48.0,4.0,Aston Villa
2023-05-20,15:00,Matchweek 37,Sat,Away,D,1,1,Liverpool,1.3,0.7,34.0,3.0,Aston Villa
2023-05-28,16:30,Matchweek 38,Sun,Home,W,2,1,Brighton,2.8,1.4,41.0,5.0,Aston Villa
2023-08-12,17:30,Matchweek 1,Sat,Away,L,1,5,Newcastle Utd,1.8,3.3,48.0,6.0,Aston Villa
2023-08-20,14:00,Matchweek 2,Sun,Home,W,4,0,Everton,2.9,0.6,60.0,6.0,Aston Villa
2023-08-27,14:00,Matchweek 3,Sun,Away,W,3,1,Burnley,2.5,0.7,43.0,6.0,Aston Villa
2023-09-03,14:00,Matchweek 4,Sun,Away,L,0,3,Liverpool,0.7,2.5,37.0,3.0,Aston Villa
2023-09-16,15:00,Matchweek 5,Sat,Home,W,3,1,Crystal Palace,3.0,1.2,66.0,4.0,Aston Villa
2023-09-24,14:00,Matchweek 6,Sun,Away,W,1,0,Chelsea,1.0,1.3,47.0,7.0,Aston Villa
2023-09-30,12:30,Matchweek 7,Sat,Home,W,6,1,Brighton,1.6,1.7,39.0,9.0,Aston Villa
2023-10-08,14:00,Matchweek 8,Sun,Away,D,1,1,Wolves,1.6,1.7,53.0,4.0,Aston Villa
2023-10-22,16:30,Matchweek 9,Sun,Home,W,4,1,West Ham,1.9,1.1,58.0,6.0,Aston Villa
2023-10-29,14:00,Matchweek 10,Sun,Home,W,3,1,Luton Town,2.3,0.5,70.0,6.0,Aston Villa
2023-11-05,14:00,Matchweek 11,Sun,Away,L,0,2,Nott'ham Forest,1.2,0.4,73.0,3.0,Aston Villa
2023-11-12,14:00,Matchweek 12,Sun,Home,W,3,1,Fulham,3.0,0.9,51.0,6.0,Aston Villa
2023-11-26,14:00,Matchweek 13,Sun,Away,W,2,1,Tottenham,1.7,2.3,38.0,5.0,Aston Villa
2023-12-03,14:00,Matchweek 14,Sun,Away,D,2,2,Bournemouth,0.7,2.0,62.0,3.0,Aston Villa
2023-12-06,20:15,Matchweek 15,Wed,Home,W,1,0,Manchester City,2.3,0.6,46.0,7.0,Aston Villa
2023-12-09,17:30,Matchweek 16,Sat,Home,W,1,0,Arsenal,0.6,1.4,39.0,3.0,Aston Villa
2023-12-17,14:00,Matchweek 17,Sun,Away,W,2,1,Brentford,1.4,0.5,66.0,5.0,Aston Villa
2023-12-22,20:00,Matchweek 18,Fri,Home,D,1,1,Sheffield Utd,0.9,0.6,77.0,4.0,Aston Villa
2023-12-26,20:00,Matchweek 19,Tue,Away,L,2,3,Manchester Utd,1.7,1.1,54.0,3.0,Aston Villa
2023-12-30,15:00,Matchweek 20,Sat,Home,W,3,2,Burnley,3.2,1.2,64.0,6.0,Aston Villa
2024-01-14,14:00,Matchweek 21,Sun,Away,D,0,0,Everton,1.2,1.1,68.0,4.0,Aston Villa
2024-01-30,20:15,Matchweek 22,Tue,Home,L,1,3,Newcastle Utd,1.4,2.6,61.0,5.0,Aston Villa
2024-02-03,17:30,Matchweek 23,Sat,Away,W,5,0,Sheffield Utd,2.2,1.4,63.0,9.0,Aston Villa
2024-02-11,16:30,Matchweek 24,Sun,Home,L,1,2,Manchester Utd,2.4,1.8,56.0,9.0,Aston Villa
2024-02-17,15:00,Matchweek 25,Sat,Away,W,2,1,Fulham,1.5,1.5,48.0,3.0,Aston Villa
2024-02-24,15:00,Matchweek 26,Sat,Home,W,4,2,Nott'ham Forest,3.6,2.6,58.0,6.0,Aston Villa
2024-03-02,17:30,Matchweek 27,Sat,Away,W,3,2,Luton Town,1.9,1.8,54.0,8.0,Aston Villa
2024-03-10,13:00,Matchweek 28,Sun,Home,L,0,4,Tottenham,0.8,1.5,32.0,1.0,Aston Villa
2024-03-17,14:00,Matchweek 29,Sun,Away,D,1,1,West Ham,0.7,2.0,69.0,5.0,Aston Villa
2024-03-30,17:30,Matchweek 30,Sat,Home,W,2,0,Wolves,1.0,1.5,48.0,5.0,Aston Villa
2024-04-03,20:15,Matchweek 31,Wed,Away,L,1,4,Manchester City,0.8,3.4,33.0,3.0,Aston Villa
2024-04-06,15:00,Matchweek 32,Sat,Home,D,3,3,Brentford,1.5,1.5,69.0,3.0,Aston Villa
2024-04-14,16:30,Matchweek 33,Sun,Away,W,2,0,Arsenal,0.9,1.6,48.0,2.0,Aston Villa
2024-04-21,15:00,Matchweek 34,Sun,Home,W,3,1,Bournemouth,2.4,1.8,56.0,5.0,Aston Villa
2024-04-27,20:00,Matchweek 35,Sat,Home,D,2,2,Chelsea,1.1,1.6,29.0,4.0,Aston Villa
2024-05-05,14:00,Matchweek 36,Sun,Away,L,0,1,Brighton,0.1,2.5,48.0,1.0,Aston Villa
2024-05-13,20:00,Matchweek 37,Mon,Home,D,3,3,Liverpool,3.1,1.7,41.0,5.0,Aston Villa
2024-05-19,16:00,Matchweek 38,Sun,Away,L,0,5,Crystal Palace,0.9,2.5,46.0,2.0,Aston Villa
2024-08-17,17:30,Matchweek 1,Sat,Away,W,2,1,West Ham,2.0,2.3,48.0,3.0,Aston Villa
2024-08-24,17:30,Matchweek 2,Sat,Home,L,0,2,Arsenal,1.2,0.9,40.0,3.0,Aston Villa
2024-08-31,15:00,Matchweek 3,Sat,Away,W,2,1,Leicester City,1.4,0.4,43.0,5.0,Aston Villa
2024-09-14,17:30,Matchweek 4,Sat,Home,W,3,2,Everton,2.1,0.9,72.0,7.0,Aston Villa
2024-09-21,15:00,Matchweek 5,Sat,Home,W,3,1,Wolves,1.7,0.5,53.0,3.0,Aston Villa
2024-09-29,14:00,Matchweek 6,Sun,Away,D,2,2,Ipswich Town,0.8,1.2,56.0,3.0,Aston Villa
2024-10-06,14:00,Matchweek 7,Sun,Home,D,0,0,Manchester Utd,0.5,0.6,53.0,1.0,Aston Villa
2024-10-19,15:00,Matchweek 8,Sat,Away,W,3,1,Fulham,1.6,1.8,48.0,5.0,Aston Villa
2024-10-26,15:00,Matchweek 9,Sat,Home,D,1,1,Bournemouth,1.8,0.3,57.0,8.0,Aston Villa
2024-11-03,14:00,Matchweek 10,Sun,Away,L,1,4,Tottenham,1.8,2.4,49.0,1.0,Aston Villa
2024-11-09,20:00,Matchweek 11,Sat,Away,L,0,2,Liverpool,1.2,2.0,38.0,2.0,Aston Villa
2024-11-23,15:00,Matchweek 12,Sat,Home,D,2,2,Crystal Palace,3.0,1.3,69.0,4.0,Aston Villa
2024-12-01,13:30,Matchweek 13,Sun,Away,L,0,3,Chelsea,1.2,1.6,36.0,3.0,Aston Villa
2024-12-04,20:15,Matchweek 14,Wed,Home,W,3,1,Brentford,2.4,0.9,49.0,9.0,Aston Villa
2024-12-07,15:00,Matchweek 15,Sat,Home,W,1,0,Southampton,2.3,0.3,47.0,4.0,Aston Villa
2024-12-14,17:30,Matchweek 16,Sat,Away,L,1,2,Nott'ham Forest,0.4,1.7,50.0,2.0,Aston Villa
2024-12-21,12:30,Matchweek 17,Sat,Home,W,2,1,Manchester City,1.6,1.0,44.0,6.0,Aston Villa
2024-12-26,15:00,Matchweek 18,Thu,Away,L,0,3,Newcastle Utd,0.3,2.7,38.0,1.0,Aston Villa
2024-12-30,19:45,Matchweek 19,Mon,Home,D,2,2,Brighton,1.8,1.1,59.0,3.0,Aston Villa
2025-01-04,15:00,Matchweek 20,Sat,Home,W,2,1,Leicester City,1.4,0.4,60.0,5.0,Aston Villa
2025-01-15,19:30,Matchweek 21,Wed,Away,W,1,0,Everton,1.2,1.1,50.0,3.0,Aston Villa
2025-01-18,17:30,Matchweek 22,Sat,Away,D,2,2,Arsenal,1.0,1.3,34.0,4.0,Aston Villa
2025-01-26,16:30,Matchweek 23,Sun,Home,D,1,1,West Ham,0.9,1.3,46.0,4.0,Aston Villa
2025-02-01,17:30,Matchweek 24,Sat,Away,L,0,2,Wolves,0.4,1.6,68.0,3.0,Aston Villa
2025-02-15,15:00,Matchweek 25,Sat,Home,D,1,1,Ipswich Town,2.4,0.4,75.0,6.0,Aston Villa
2025-02-19,19:30,Matchweek 29,Wed,Home,D,2,2,Liverpool,0.6,2.5,52.0,3.0,Aston Villa
2025-02-22,17:30,Matchweek 26,Sat,Home,W,2,1,Chelsea,2.3,2.3,52.0,6.0,Aston Villa
2025-02-25,19:30,Matchweek 27,Tue,Away,L,1,4,Crystal Palace,0.4,4.3,64.0,2.0,Aston Villa
2025-03-08,17:30,Matchweek 28,Sat,Away,W,1,0,Brentford,1.3,0.8,41.0,4.0,Aston Villa
2025-04-02,19:45,Matchweek 30,Wed,Away,W,3,0,Brighton,1.2,0.9,44.0,5.0,Aston Villa
2025-04-05,17:30,Matchweek 31,Sat,Home,W,2,1,Nott'ham Forest,3.0,1.5,52.0,8.0,Aston Villa
2025-04-12,15:00,Matchweek 32,Sat,Away,W,3,0,Southampton,3.0,0.3,60.0,8.0,Aston Villa
2025-04-19,17:30,Matchweek 33,Sat,Home,W,4,1,Newcastle Utd,2.2,1.0,48.0,9.0,Aston Villa
2025-04-22,20:00,Matchweek 34,Tue,Away,L,1,2,Manchester City,1.8,1.3,39.0,2.0,Aston Villa
2025-05-03,12:30,Matchweek 35,Sat,Home,W,1,0,Fulham,1.0,0.9,52.0,3.0,Aston Villa
2025-05-10,17:30,Matchweek 36,Sat,Away,W,1,0,Bournemouth,1.0,0.8,34.0,3.0,Aston Villa
2025-05-16,19:30,Matchweek 37,Fri,Home,W,2,0,Tottenham,1.4,0.5,67.0,7.0,Aston Villa
2025-05-25,16:00,Matchweek 38,Sun,Away,L,0,2,Manchester Utd,0.4,2.9,33.0,1.0,Aston Villa
2022-08-06,15:00,Matchweek 1,Sat,Home,W,2,0,Aston Villa,0.6,0.7,35.0,3.0,Bournemouth
2022-08-13,15:00,Matchweek 2,Sat,Away,L,0,4,Manchester City,0.1,1.7,33.0,1.0,Bournemouth
2022-08-20,17:30,Matchweek 3,Sat,Home,L,0,3,Arsenal,0.3,1.3,43.0,1.0,Bournemouth
2022-08-27,15:00,Matchweek 4,Sat,Away,L,0,9,Liverpool,0.3,3.3,31.0,2.0,Bournemouth
2022-08-31,19:30,Matchweek 5,Wed,Home,D,0,0,Wolves,0.4,1.5,35.0,2.0,Bournemouth
2022-09-03,15:00,Matchweek 6,Sat,Away,W,3,2,Nott'ham Forest,0.8,1.9,48.0,3.0,Bournemouth
2022-09-17,15:00,Matchweek 8,Sat,Away,D,1,1,Newcastle Utd,0.7,1.9,28.0,3.0,Bournemouth
2022-10-01,15:00,Matchweek 9,Sat,Home,D,0,0,Brentford,0.4,0.9,42.0,0.0,Bournemouth
2022-10-08,15:00,Matchweek 10,Sat,Home,W,2,1,Leicester City,1.1,1.0,45.0,4.0,Bournemouth
2022-10-15,15:00,Matchweek 11,Sat,Away,D,2,2,Fulham,1.0,2.1,31.0,6.0,Bournemouth
2022-10-19,19:30,Matchweek 12,Wed,Home,L,0,1,Southampton,1.0,1.0,54.0,3.0,Bournemouth
2022-10-24,20:00,Matchweek 13,Mon,Away,L,0,2,West Ham,0.4,1.9,45.0,3.0,Bournemouth
2022-10-29,15:00,Matchweek 14,Sat,Home,L,2,3,Tottenham,0.5,2.0,31.0,4.0,Bournemouth
2022-11-05,15:00,Matchweek 15,Sat,Away,L,3,4,Leeds United,1.5,2.2,40.0,5.0,Bournemouth
2022-11-12,15:00,Matchweek 16,Sat,Home,W,3,0,Everton,2.4,0.8,36.0,8.0,Bournemouth
2022-12-27,17:30,Matchweek 17,Tue,Away,L,0,2,Chelsea,0.5,1.8,40.0,4.0,Bournemouth
2022-12-31,15:00,Matchweek 18,Sat,Home,L,0,2,Crystal Palace,0.6,1.6,59.0,2.0,Bournemouth
2023-01-03,20:00,Matchweek 19,Tue,Away,L,0,3,Manchester Utd,0.6,2.2,42.0,4.0,Bournemouth
2023-01-14,17:30,Matchweek 20,Sat,Away,L,0,2,Brentford,0.6,1.4,50.0,2.0,Bournemouth
2023-01-21,15:00,Matchweek 21,Sat,Home,D,1,1,Nott'ham Forest,1.4,1.9,43.0,3.0,Bournemouth
2023-02-04,15:00,Matchweek 22,Sat,Away,L,0,1,Brighton,1.1,2.2,29.0,2.0,Bournemouth
2023-02-11,17:30,Matchweek 23,Sat,Home,D,1,1,Newcastle Utd,1.5,1.3,34.0,4.0,Bournemouth
2023-02-18,15:00,Matchweek 24,Sat,Away,W,1,0,Wolves,1.1,1.3,32.0,1.0,Bournemouth
2023-02-25,17:30,Matchweek 25,Sat,Home,L,1,4,Manchester City,1.0,2.4,35.0,2.0,Bournemouth
2023-03-04,15:00,Matchweek 26,Sat,Away,L,2,3,Arsenal,1.3,2.1,21.0,4.0,Bournemouth
2023-03-11,12:30,Matchweek 27,Sat,Home,W,1,0,Liverpool,0.9,1.7,31.0,2.0,Bournemouth
2023-03-18,15:00,Matchweek 28,Sat,Away,L,0,3,Aston Villa,1.3,3.5,44.0,3.0,Bournemouth
2023-04-01,15:00,Matchweek 29,Sat,Home,W,2,1,Fulham,2.6,0.8,43.0,6.0,Bournemouth
2023-04-04,19:45,Matchweek 7,Tue,Home,L,0,2,Brighton,1.7,2.7,37.0,3.0,Bournemouth
2023-04-08,15:00,Matchweek 30,Sat,Away,W,1,0,Leicester City,1.9,0.6,49.0,7.0,Bournemouth
2023-04-15,15:00,Matchweek 31,Sat,Away,W,3,2,Tottenham,1.3,2.2,42.0,6.0,Bournemouth
2023-04-23,14:00,Matchweek 32,Sun,Home,L,0,4,West Ham,1.5,2.4,64.0,5.0,Bournemouth
2023-04-27,19:45,Matchweek 33,Thu,Away,W,1,0,Southampton,0.9,0.5,43.0,2.0,Bournemouth
2023-04-30,14:00,Matchweek 34,Sun,Home,W,4,1,Leeds United,1.9,1.6,42.0,7.0,Bournemouth
2023-05-06,15:00,Matchweek 35,Sat,Home,L,1,3,Chelsea,1.2,1.3,35.0,4.0,Bournemouth
2023-05-13,15:00,Matchweek 36,Sat,Away,L,0,2,Crystal Palace,0.3,1.5,41.0,0.0,Bournemouth
2023-05-20,15:00,Matchweek 37,Sat,Home,L,0,1,Manchester Utd,1.0,1.4,41.0,4.0,Bournemouth
2023-05-28,16:30,Matchweek 38,Sun,Away,L,0,1,Everton,0.5,1.0,62.0,1.0,Bournemouth
2023-08-12,15:00,Matchweek 1,Sat,Home,D,1,1,West Ham,1.3,1.1,62.0,5.0,Bournemouth
2023-08-19,15:00,Matchweek 2,Sat,Away,L,1,3,Liverpool,1.3,3.0,36.0,5.0,Bournemouth
2023-08-26,12:30,Matchweek 3,Sat,Home,L,0,2,Tottenham,0.7,2.1,44.0,3.0,Bournemouth
2023-09-02,15:00,Matchweek 4,Sat,Away,D,2,2,Brentford,2.1,2.9,40.0,5.0,Bournemouth
2023-09-17,14:00,Matchweek 5,Sun,Home,D,0,0,Chelsea,1.0,1.8,36.0,4.0,Bournemouth
2023-09-24,14:00,Matchweek 6,Sun,Away,L,1,3,Brighton,1.1,1.9,39.0,3.0,Bournemouth
2023-09-30,15:00,Matchweek 7,Sat,Home,L,0,4,Arsenal,0.6,3.4,43.0,1.0,Bournemouth
2023-10-07,15:00,Matchweek 8,Sat,Away,L,0,3,Everton,0.7,2.4,52.0,3.0,Bournemouth
2023-10-21,15:00,Matchweek 9,Sat,Home,L,1,2,Wolves,0.6,2.4,35.0,4.0,Bournemouth
2023-10-28,15:00,Matchweek 10,Sat,Home,W,2,1,Burnley,1.1,0.8,45.0,6.0,Bournemouth
2023-11-04,15:00,Matchweek 11,Sat,Away,L,1,6,Manchester City,0.9,1.9,35.0,1.0,Bournemouth
2023-11-11,17:30,Matchweek 12,Sat,Home,W,2,0,Newcastle Utd,2.4,0.5,48.0,10.0,Bournemouth
2023-11-25,15:00,Matchweek 13,Sat,Away,W,3,1,Sheffield Utd,2.9,0.8,54.0,11.0,Bournemouth
2023-12-03,14:00,Matchweek 14,Sun,Home,D,2,2,Aston Villa,2.0,0.7,38.0,7.0,Bournemouth
2023-12-06,19:30,Matchweek 15,Wed,Away,W,2,0,Crystal Palace,1.8,1.0,41.0,4.0,Bournemouth
2023-12-09,15:00,Matchweek 16,Sat,Away,W,3,0,Manchester Utd,1.5,1.1,32.0,4.0,Bournemouth
2023-12-23,15:00,Matchweek 18,Sat,Away,W,3,2,Nott'ham Forest,1.6,1.0,66.0,6.0,Bournemouth
2023-12-26,15:00,Matchweek 19,Tue,Home,W,3,0,Fulham,1.8,0.3,43.0,3.0,Bournemouth
2023-12-31,14:00,Matchweek 20,Sun,Away,L,1,3,Tottenham,1.7,2.3,50.0,4.0,Bournemouth
2024-01-21,16:30,Matchweek 21,Sun,Home,L,0,4,Liverpool,1.4,1.5,40.0,1.0,Bournemouth
2024-02-01,19:30,Matchweek 22,Thu,Away,D,1,1,West Ham,1.2,1.4,52.0,4.0,Bournemouth
2024-02-04,14:00,Matchweek 23,Sun,Home,D,1,1,Nott'ham Forest,1.3,0.5,45.0,1.0,Bournemouth
2024-02-10,15:00,Matchweek 24,Sat,Away,L,1,3,Fulham,1.8,1.6,51.0,4.0,Bournemouth
2024-02-17,15:00,Matchweek 25,Sat,Away,D,2,2,Newcastle Utd,2.2,2.2,38.0,6.0,Bournemouth
2024-02-24,17:30,Matchweek 26,Sat,Home,L,0,1,Manchester City,0.9,1.6,38.0,4.0,Bournemouth
2024-03-03,13:00,Matchweek 27,Sun,Away,W,2,0,Burnley,1.1,1.5,26.0,3.0,Bournemouth
2024-03-09,15:00,Matchweek 28,Sat,Home,D,2,2,Sheffield Utd,3.3,1.2,69.0,11.0,Bournemouth
2024-03-13,19:30,Matchweek 17,Wed,Home,W,4,3,Luton Town,2.3,2.0,59.0,9.0,Bournemouth
2024-03-30,15:00,Matchweek 30,Sat,Home,W,2,1,Everton,1.3,1.0,48.0,4.0,Bournemouth
2024-04-02,19:45,Matchweek 31,Tue,Home,W,1,0,Crystal Palace,1.1,0.2,50.0,6.0,Bournemouth
2024-04-06,15:00,Matchweek 32,Sat,Away,L,1,2,Luton Town,0.4,1.5,45.0,1.0,Bournemouth
2024-04-13,17:30,Matchweek 33,Sat,Home,D,2,2,Manchester Utd,1.6,1.2,43.0,5.0,Bournemouth
2024-04-21,15:00,Matchweek 34,Sun,Away,L,1,3,Aston Villa,1.8,2.4,44.0,4.0,Bournemouth
2024-04-24,19:45,Matchweek 29,Wed,Away,W,1,0,Wolves,1.9,0.5,37.0,6.0,Bournemouth
2024-04-28,14:00,Matchweek 35,Sun,Home,W,3,0,Brighton,1.9,0.9,31.0,6.0,Bournemouth
2024-05-04,12:30,Matchweek 36,Sat,Away,L,0,3,Arsenal,0.5,3.3,45.0,2.0,Bournemouth
2024-05-11,15:00,Matchweek 37,Sat,Home,L,1,2,Brentford,0.7,1.1,48.0,4.0,Bournemouth
2024-05-19,16:00,Matchweek 38,Sun,Away,L,1,2,Chelsea,2.2,1.1,39.0,5.0,Bournemouth
2024-08-17,15:00,Matchweek 1,Sat,Away,D,1,1,Nott'ham Forest,1.2,1.3,47.0,4.0,Bournemouth
2024-08-25,14:00,Matchweek 2,Sun,Home,D,1,1,Newcastle Utd,2.2,1.6,39.0,4.0,Bournemouth
2024-08-31,15:00,Matchweek 3,Sat,Away,W,3,2,Everton,2.4,1.8,53.0,7.0,Bournemouth
2024-09-14,20:00,Matchweek 4,Sat,Home,L,0,1,Chelsea,1.7,0.8,34.0,6.0,Bournemouth
2024-09-21,15:00,Matchweek 5,Sat,Away,L,0,3,Liverpool,1.1,2.0,42.0,6.0,Bournemouth
2024-09-30,20:00,Matchweek 6,Mon,Home,W,3,1,Southampton,1.3,0.6,40.0,6.0,Bournemouth
2024-10-05,15:00,Matchweek 7,Sat,Away,L,0,1,Leicester City,2.1,0.8,55.0,2.0,Bournemouth
2024-10-19,17:30,Matchweek 8,Sat,Home,W,2,0,Arsenal,1.8,0.7,49.0,3.0,Bournemouth
2024-10-26,15:00,Matchweek 9,Sat,Away,D,1,1,Aston Villa,0.3,1.8,43.0,3.0,Bournemouth
2024-11-02,15:00,Matchweek 10,Sat,Home,W,2,1,Manchester City,2.0,1.6,36.0,6.0,Bournemouth
2024-11-09,15:00,Matchweek 11,Sat,Away,L,2,3,Brentford,2.6,1.5,49.0,3.0,Bournemouth
2024-11-23,15:00,Matchweek 12,Sat,Home,L,1,2,Brighton,1.6,0.9,55.0,5.0,Bournemouth
2024-11-30,15:00,Matchweek 13,Sat,Away,W,4,2,Wolves,3.3,0.5,40.0,5.0,Bournemouth
2024-12-05,20:15,Matchweek 14,Thu,Home,W,1,0,Tottenham,3.5,0.9,35.0,8.0,Bournemouth
2024-12-08,14:00,Matchweek 15,Sun,Away,W,2,1,Ipswich Town,3.2,1.3,56.0,6.0,Bournemouth
2024-12-16,20:00,Matchweek 16,Mon,Home,D,1,1,West Ham,1.9,2.1,52.0,9.0,Bournemouth
2024-12-22,14:00,Matchweek 17,Sun,Away,W,3,0,Manchester Utd,1.6,2.2,40.0,4.0,Bournemouth
2024-12-26,15:00,Matchweek 18,Thu,Home,D,0,0,Crystal Palace,1.4,0.4,52.0,3.0,Bournemouth
2024-12-29,15:00,Matchweek 19,Sun,Away,D,2,2,Fulham,2.0,1.1,48.0,8.0,Bournemouth
2025-01-04,15:00,Matchweek 20,Sat,Home,W,1,0,Everton,1.8,0.7,58.0,8.0,Bournemouth
2025-01-14,19:30,Matchweek 21,Tue,Away,D,2,2,Chelsea,1.2,2.5,43.0,2.0,Bournemouth
2025-01-18,12:30,Matchweek 22,Sat,Away,W,4,1,Newcastle Utd,2.0,0.8,44.0,10.0,Bournemouth
2025-01-25,15:00,Matchweek 23,Sat,Home,W,5,0,Nott'ham Forest,1.7,1.0,50.0,10.0,Bournemouth
2025-02-01,15:00,Matchweek 24,Sat,Home,L,0,2,Liverpool,1.6,2.5,49.0,3.0,Bournemouth
2025-02-15,15:00,Matchweek 25,Sat,Away,W,3,1,Southampton,1.2,0.8,56.0,7.0,Bournemouth
2025-02-22,15:00,Matchweek 26,Sat,Home,L,0,1,Wolves,0.9,2.0,46.0,3.0,Bournemouth
2025-02-25,19:30,Matchweek 27,Tue,Away,L,1,2,Brighton,1.5,2.4,56.0,5.0,Bournemouth
2025-03-09,14:00,Matchweek 28,Sun,Away,D,2,2,Tottenham,2.2,1.5,39.0,8.0,Bournemouth
2025-03-15,17:30,Matchweek 29,Sat,Home,L,1,2,Brentford,1.6,0.8,58.0,5.0,Bournemouth
2025-04-02,19:45,Matchweek 30,Wed,Home,L,1,2,Ipswich Town,1.8,1.2,63.0,6.0,Bournemouth
2025-04-05,15:00,Matchweek 31,Sat,Away,D,2,2,West Ham,2.1,0.7,44.0,4.0,Bournemouth
2025-04-14,20:00,Matchweek 32,Mon,Home,W,1,0,Fulham,1.4,1.0,41.0,3.0,Bournemouth
2025-04-19,15:00,Matchweek 33,Sat,Away,D,0,0,Crystal Palace,0.7,0.4,71.0,4.0,Bournemouth
2025-04-27,14:00,Matchweek 34,Sun,Home,D,1,1,Manchester Utd,0.5,2.3,39.0,1.0,Bournemouth
2025-05-03,17:30,Matchweek 35,Sat,Away,W,2,1,Arsenal,0.9,1.4,49.0,2.0,Bournemouth
2025-05-10,17:30,Matchweek 36,Sat,Home,L,0,1,Aston Villa,0.8,1.0,66.0,4.0,Bournemouth
2025-05-20,20:00,Matchweek 37,Tue,Away,L,1,3,Manchester City,1.1,1.5,43.0,2.0,Bournemouth
2025-05-25,16:00,Matchweek 38,Sun,Home,W,2,0,Leicester City,1.6,0.3,63.0,7.0,Bournemouth
2021-08-13,20:00,Matchweek 1,Fri,Home,W,2,0,Arsenal,1.2,1.3,36.0,3.0,Brentford
2021-08-21,15:00,Matchweek 2,Sat,Away,D,0,0,Crystal Palace,0.9,0.5,47.0,3.0,Brentford
2021-08-28,15:00,Matchweek 3,Sat,Away,D,1,1,Aston Villa,0.9,0.7,54.0,2.0,Brentford
2021-09-11,15:00,Matchweek 4,Sat,Home,L,0,1,Brighton,0.4,0.3,41.0,1.0,Brentford
2021-09-18,12:30,Matchweek 5,Sat,Away,W,2,0,Wolves,2.5,0.6,38.0,2.0,Brentford
2021-09-25,17:30,Matchweek 6,Sat,Home,D,3,3,Liverpool,2.1,2.8,33.0,3.0,Brentford
2021-10-03,14:00,Matchweek 7,Sun,Away,W,2,1,West Ham,1.2,1.5,41.0,6.0,Brentford
2021-10-16,17:30,Matchweek 8,Sat,Home,L,0,1,Chelsea,1.4,0.3,45.0,6.0,Brentford
2021-10-24,14:00,Matchweek 9,Sun,Home,L,1,2,Leicester City,1.0,1.5,54.0,5.0,Brentford
2021-10-30,15:00,Matchweek 10,Sat,Away,L,1,3,Burnley,0.8,2.3,59.0,4.0,Brentford
2021-11-06,15:00,Matchweek 11,Sat,Home,L,1,2,Norwich City,2.5,1.2,64.0,7.0,Brentford
2021-11-20,15:00,Matchweek 12,Sat,Away,D,3,3,Newcastle Utd,0.9,1.5,47.0,3.0,Brentford
2021-11-28,14:00,Matchweek 13,Sun,Home,W,1,0,Everton,1.2,1.0,40.0,3.0,Brentford
2021-12-02,19:30,Matchweek 14,Thu,Away,L,0,2,Tottenham,0.3,1.9,53.0,2.0,Brentford
2021-12-05,14:00,Matchweek 15,Sun,Away,D,2,2,Leeds United,1.0,1.2,37.0,3.0,Brentford
2021-12-10,20:00,Matchweek 16,Fri,Home,W,2,1,Watford,1.6,0.5,63.0,4.0,Brentford
2021-12-26,20:00,Matchweek 19,Sun,Away,L,0,2,Brighton,0.7,0.8,50.0,5.0,Brentford
2021-12-29,20:15,Matchweek 20,Wed,Home,L,0,1,Manchester City,0.4,1.1,24.0,2.0,Brentford
2022-01-02,14:00,Matchweek 21,Sun,Home,W,2,1,Aston Villa,0.6,0.8,45.0,4.0,Brentford
2022-01-11,19:45,Matchweek 18,Tue,Away,L,1,4,Southampton,0.5,1.4,52.0,4.0,Brentford
2022-01-16,14:00,Matchweek 22,Sun,Away,L,0,3,Liverpool,0.7,2.7,32.0,1.0,Brentford
2022-01-19,20:00,Matchweek 17,Wed,Home,L,1,3,Manchester Utd,2.3,2.3,44.0,9.0,Brentford
2022-01-22,15:00,Matchweek 23,Sat,Home,L,1,2,Wolves,1.1,0.2,50.0,1.0,Brentford
2022-02-09,19:45,Matchweek 24,Wed,Away,L,0,2,Manchester City,0.4,1.9,26.0,2.0,Brentford
2022-02-12,15:00,Matchweek 25,Sat,Home,D,0,0,Crystal Palace,1.6,0.3,42.0,2.0,Brentford
2022-02-19,15:00,Matchweek 26,Sat,Away,L,1,2,Arsenal,0.6,1.7,34.0,2.0,Brentford
2022-02-26,15:00,Matchweek 27,Sat,Home,L,0,2,Newcastle Utd,0.4,2.7,37.0,1.0,Brentford
2022-03-05,15:00,Matchweek 28,Sat,Away,W,3,1,Norwich City,2.0,1.0,40.0,4.0,Brentford
2022-03-12,15:00,Matchweek 29,Sat,Home,W,2,0,Burnley,1.9,0.7,55.0,2.0,Brentford
2022-03-20,14:00,Matchweek 30,Sun,Away,L,1,2,Leicester City,1.3,1.0,48.0,6.0,Brentford
2022-04-02,15:00,Matchweek 31,Sat,Away,W,4,1,Chelsea,1.8,1.3,30.0,6.0,Brentford
2022-04-10,14:00,Matchweek 32,Sun,Home,W,2,0,West Ham,1.4,0.3,47.0,7.0,Brentford
2022-04-16,15:00,Matchweek 33,Sat,Away,W,2,1,Watford,1.9,1.7,50.0,5.0,Brentford
2022-04-23,17:30,Matchweek 34,Sat,Home,D,0,0,Tottenham,0.9,0.6,44.0,1.0,Brentford
2022-05-02,20:00,Matchweek 35,Mon,Away,L,0,3,Manchester Utd,0.6,2.0,37.0,4.0,Brentford
2022-05-07,15:00,Matchweek 36,Sat,Home,W,3,0,Southampton,2.6,1.4,41.0,5.0,Brentford
2022-05-15,16:30,Matchweek 37,Sun,Away,W,3,2,Everton,1.4,2.1,72.0,6.0,Brentford
2022-05-22,16:00,Matchweek 38,Sun,Home,L,1,2,Leeds United,0.8,1.3,49.0,5.0,Brentford
2022-08-07,14:00,Matchweek 1,Sun,Away,D,2,2,Leicester City,0.8,0.6,44.0,3.0,Brentford
2022-08-13,17:30,Matchweek 2,Sat,Home,W,4,0,Manchester Utd,1.6,0.9,34.0,7.0,Brentford
2022-08-20,15:00,Matchweek 3,Sat,Away,L,2,3,Fulham,1.8,2.4,57.0,5.0,Brentford
2022-08-27,15:00,Matchweek 4,Sat,Home,D,1,1,Everton,2.1,1.1,58.0,5.0,Brentford
2022-08-30,19:30,Matchweek 5,Tue,Away,D,1,1,Crystal Palace,1.4,1.0,51.0,3.0,Brentford
2022-09-03,15:00,Matchweek 6,Sat,Home,W,5,2,Leeds United,2.3,1.7,32.0,7.0,Brentford
2022-09-18,12:00,Matchweek 8,Sun,Home,L,0,3,Arsenal,0.5,1.5,37.0,2.0,Brentford
2022-10-01,15:00,Matchweek 9,Sat,Away,D,0,0,Bournemouth,0.9,0.4,58.0,4.0,Brentford
2022-10-08,15:00,Matchweek 10,Sat,Away,L,1,5,Newcastle Utd,1.2,1.5,46.0,2.0,Brentford
2022-10-14,20:00,Matchweek 11,Fri,Home,W,2,0,Brighton,1.5,1.9,28.0,1.0,Brentford
2022-10-19,19:30,Matchweek 12,Wed,Home,D,0,0,Chelsea,1.3,0.9,34.0,5.0,Brentford
2022-10-23,14:00,Matchweek 13,Sun,Away,L,0,4,Aston Villa,0.9,2.8,55.0,3.0,Brentford
2022-10-29,15:00,Matchweek 14,Sat,Home,D,1,1,Wolves,1.4,0.6,58.0,3.0,Brentford
2022-11-05,15:00,Matchweek 15,Sat,Away,D,2,2,Nott'ham Forest,1.5,1.5,52.0,1.0,Brentford
2022-11-12,12:30,Matchweek 16,Sat,Away,W,2,1,Manchester City,1.3,1.6,26.0,7.0,Brentford
2022-12-26,12:30,Matchweek 17,Mon,Home,D,2,2,Tottenham,2.0,1.1,39.0,4.0,Brentford
2022-12-30,19:45,Matchweek 18,Fri,Away,W,2,0,West Ham,1.6,1.3,37.0,6.0,Brentford
2023-01-02,17:30,Matchweek 19,Mon,Home,W,3,1,Liverpool,1.6,0.9,28.0,7.0,Brentford
2023-01-14,17:30,Matchweek 20,Sat,Home,W,2,0,Bournemouth,1.4,0.6,50.0,3.0,Brentford
2023-01-22,14:00,Matchweek 21,Sun,Away,D,0,0,Leeds United,0.4,0.5,42.0,0.0,Brentford
2023-02-04,15:00,Matchweek 22,Sat,Home,W,3,0,Southampton,2.0,0.7,49.0,3.0,Brentford
2023-02-11,15:00,Matchweek 23,Sat,Away,D,1,1,Arsenal,2.0,1.6,31.0,2.0,Brentford
2023-02-18,15:00,Matchweek 24,Sat,Home,D,1,1,Crystal Palace,0.9,1.1,59.0,5.0,Brentford
2023-03-06,20:00,Matchweek 26,Mon,Home,W,3,2,Fulham,2.1,1.4,37.0,5.0,Brentford
2023-03-11,15:00,Matchweek 27,Sat,Away,L,0,1,Everton,2.0,1.0,67.0,3.0,Brentford
2023-03-15,19:30,Matchweek 7,Wed,Away,W,2,0,Southampton,1.9,0.5,34.0,4.0,Brentford
2023-03-18,15:00,Matchweek 28,Sat,Home,D,1,1,Leicester City,0.6,1.3,53.0,2.0,Brentford
2023-04-01,15:00,Matchweek 29,Sat,Away,D,3,3,Brighton,1.6,4.2,28.0,5.0,Brentford
2023-04-05,20:00,Matchweek 25,Wed,Away,L,0,1,Manchester Utd,0.7,1.2,36.0,1.0,Brentford
2023-04-08,15:00,Matchweek 30,Sat,Home,L,1,2,Newcastle Utd,2.6,1.3,42.0,4.0,Brentford
2023-04-15,15:00,Matchweek 31,Sat,Away,L,0,2,Wolves,1.1,0.8,50.0,3.0,Brentford
2023-04-22,15:00,Matchweek 32,Sat,Home,D,1,1,Aston Villa,2.7,1.5,44.0,5.0,Brentford
2023-04-26,19:45,Matchweek 33,Wed,Away,W,2,0,Chelsea,1.1,1.3,29.0,1.0,Brentford
2023-04-29,15:00,Matchweek 34,Sat,Home,W,2,1,Nott'ham Forest,1.6,0.7,68.0,8.0,Brentford
2023-05-06,17:30,Matchweek 35,Sat,Away,L,0,1,Liverpool,0.2,2.2,46.0,1.0,Brentford
2023-05-14,14:00,Matchweek 36,Sun,Home,W,2,0,West Ham,3.4,0.2,53.0,9.0,Brentford
2023-05-20,12:30,Matchweek 37,Sat,Away,W,3,1,Tottenham,1.2,1.7,39.0,4.0,Brentford
2023-05-28,16:30,Matchweek 38,Sun,Home,W,1,0,Manchester City,1.3,1.6,35.0,4.0,Brentford
2023-08-13,14:00,Matchweek 1,Sun,Home,D,2,2,Tottenham,2.2,1.3,31.0,5.0,Brentford
2023-08-19,15:00,Matchweek 2,Sat,Away,W,3,0,Fulham,3.7,0.5,45.0,7.0,Brentford
2023-08-26,15:00,Matchweek 3,Sat,Home,D,1,1,Crystal Palace,1.0,0.8,60.0,1.0,Brentford
2023-09-02,15:00,Matchweek 4,Sat,Home,D,2,2,Bournemouth,2.9,2.1,60.0,7.0,Brentford
2023-09-16,17:30,Matchweek 5,Sat,Away,L,0,1,Newcastle Utd,0.5,1.4,44.0,2.0,Brentford
2023-09-23,17:30,Matchweek 6,Sat,Home,L,1,3,Everton,1.0,1.9,57.0,2.0,Brentford
2023-10-01,14:00,Matchweek 7,Sun,Away,D,1,1,Nott'ham Forest,1.6,0.5,59.0,3.0,Brentford
2023-10-07,15:00,Matchweek 8,Sat,Away,L,1,2,Manchester Utd,0.9,1.4,36.0,3.0,Brentford
2023-10-21,15:00,Matchweek 9,Sat,Home,W,3,0,Burnley,3.1,1.1,50.0,9.0,Brentford
2023-10-28,12:30,Matchweek 10,Sat,Away,W,2,0,Chelsea,2.2,1.9,32.0,5.0,Brentford
2023-11-04,15:00,Matchweek 11,Sat,Home,W,3,2,West Ham,1.5,1.8,58.0,4.0,Brentford
2023-11-12,14:00,Matchweek 12,Sun,Away,L,0,3,Liverpool,1.6,1.7,42.0,3.0,Brentford
2023-11-25,17:30,Matchweek 13,Sat,Home,L,0,1,Arsenal,1.1,1.6,37.0,1.0,Brentford
2023-12-02,15:00,Matchweek 14,Sat,Home,W,3,1,Luton Town,3.1,0.2,68.0,6.0,Brentford
2023-12-06,19:30,Matchweek 15,Wed,Away,L,1,2,Brighton,1.5,1.5,39.0,0.0,Brentford
2023-12-09,15:00,Matchweek 16,Sat,Away,L,0,1,Sheffield Utd,0.6,0.8,59.0,4.0,Brentford
2023-12-17,14:00,Matchweek 17,Sun,Home,L,1,2,Aston Villa,0.5,1.4,34.0,3.0,Brentford
2023-12-27,19:30,Matchweek 19,Wed,Home,L,1,4,Wolves,2.2,2.4,60.0,4.0,Brentford
2023-12-30,15:00,Matchweek 20,Sat,Away,L,1,3,Crystal Palace,1.4,1.0,54.0,4.0,Brentford
2024-01-20,17:30,Matchweek 21,Sat,Home,W,3,2,Nott'ham Forest,1.2,1.2,48.0,5.0,Brentford
2024-01-31,19:30,Matchweek 22,Wed,Away,L,2,3,Tottenham,1.6,2.9,33.0,5.0,Brentford
2024-02-05,20:00,Matchweek 23,Mon,Home,L,1,3,Manchester City,1.0,2.1,28.0,2.0,Brentford
2024-02-10,15:00,Matchweek 24,Sat,Away,W,2,0,Wolves,1.9,1.0,29.0,6.0,Brentford
2024-02-17,12:30,Matchweek 25,Sat,Home,L,1,4,Liverpool,1.6,2.8,38.0,6.0,Brentford
2024-02-20,19:30,Matchweek 18,Tue,Away,L,0,1,Manchester City,0.4,2.3,30.0,2.0,Brentford
2024-02-26,20:00,Matchweek 26,Mon,Away,L,2,4,West Ham,0.9,1.7,59.0,7.0,Brentford
2024-03-02,15:00,Matchweek 27,Sat,Home,D,2,2,Chelsea,1.8,1.8,33.0,5.0,Brentford
2024-03-09,17:30,Matchweek 28,Sat,Away,L,1,2,Arsenal,1.0,1.3,29.0,4.0,Brentford
2024-03-16,15:00,Matchweek 29,Sat,Away,L,1,2,Burnley,1.1,2.8,40.0,5.0,Brentford
2024-03-30,20:00,Matchweek 30,Sat,Home,D,1,1,Manchester Utd,3.2,0.6,47.0,5.0,Brentford
2024-04-03,19:30,Matchweek 31,Wed,Home,D,0,0,Brighton,0.6,1.1,34.0,2.0,Brentford
2024-04-06,15:00,Matchweek 32,Sat,Away,D,3,3,Aston Villa,1.5,1.5,31.0,3.0,Brentford
2024-04-13,15:00,Matchweek 33,Sat,Home,W,2,0,Sheffield Utd,1.0,0.8,53.0,5.0,Brentford
2024-04-20,15:00,Matchweek 34,Sat,Away,W,5,1,Luton Town,3.1,0.6,47.0,9.0,Brentford
2024-04-27,17:30,Matchweek 35,Sat,Away,L,0,1,Everton,0.9,0.8,52.0,4.0,Brentford
2024-05-04,15:00,Matchweek 36,Sat,Home,D,0,0,Fulham,0.6,1.3,54.0,2.0,Brentford
2024-05-11,15:00,Matchweek 37,Sat,Away,W,2,1,Bournemouth,1.1,0.7,52.0,4.0,Brentford
2024-05-19,16:00,Matchweek 38,Sun,Home,L,2,4,Newcastle Utd,1.1,3.4,54.0,5.0,Brentford
2024-08-18,14:00,Matchweek 1,Sun,Home,W,2,1,Crystal Palace,1.6,1.2,46.0,5.0,Brentford
2024-08-25,16:30,Matchweek 2,Sun,Away,L,0,2,Liverpool,0.5,2.5,38.0,2.0,Brentford
2024-08-31,15:00,Matchweek 3,Sat,Home,W,3,1,Southampton,2.8,1.5,37.0,7.0,Brentford
2024-09-14,15:00,Matchweek 4,Sat,Away,L,1,2,Manchester City,1.0,2.1,46.0,5.0,Brentford
2024-09-21,15:00,Matchweek 5,Sat,Away,L,1,3,Tottenham,0.8,3.5,52.0,6.0,Brentford
2024-09-28,15:00,Matchweek 6,Sat,Home,D,1,1,West Ham,0.4,1.0,57.0,3.0,Brentford
2024-10-05,15:00,Matchweek 7,Sat,Home,W,5,3,Wolves,4.2,1.0,44.0,11.0,Brentford
2024-10-19,15:00,Matchweek 8,Sat,Away,L,1,2,Manchester Utd,0.9,1.3,50.0,2.0,Brentford
2024-10-26,15:00,Matchweek 9,Sat,Home,W,4,3,Ipswich Town,4.0,1.3,65.0,8.0,Brentford
2024-11-04,20:00,Matchweek 10,Mon,Away,L,1,2,Fulham,0.6,1.3,32.0,2.0,Brentford
2024-11-09,15:00,Matchweek 11,Sat,Home,W,3,2,Bournemouth,1.5,2.6,51.0,6.0,Brentford
2024-11-23,15:00,Matchweek 12,Sat,Away,D,0,0,Everton,1.1,1.2,41.0,2.0,Brentford
2024-11-30,15:00,Matchweek 13,Sat,Home,W,4,1,Leicester City,2.4,1.1,60.0,6.0,Brentford
2024-12-04,20:15,Matchweek 14,Wed,Away,L,1,3,Aston Villa,0.9,2.4,51.0,1.0,Brentford
2024-12-07,15:00,Matchweek 15,Sat,Home,W,4,2,Newcastle Utd,1.2,1.5,43.0,7.0,Brentford
2024-12-15,19:00,Matchweek 16,Sun,Away,L,1,2,Chelsea,1.6,2.2,38.0,4.0,Brentford
2024-12-21,15:00,Matchweek 17,Sat,Home,L,0,2,Nott'ham Forest,0.7,0.9,64.0,3.0,Brentford
2024-12-27,19:30,Matchweek 18,Fri,Away,D,0,0,Brighton,1.1,1.3,43.0,3.0,Brentford
2025-01-01,17:30,Matchweek 19,Wed,Home,L,1,3,Arsenal,0.3,1.9,50.0,2.0,Brentford
2025-01-04,15:00,Matchweek 20,Sat,Away,W,5,0,Southampton,4.4,0.3,50.0,9.0,Brentford
2025-01-14,19:30,Matchweek 21,Tue,Home,D,2,2,Manchester City,2.5,2.2,45.0,5.0,Brentford
2025-01-18,15:00,Matchweek 22,Sat,Home,L,0,2,Liverpool,0.7,3.4,40.0,6.0,Brentford
2025-01-26,14:00,Matchweek 23,Sun,Away,W,2,1,Crystal Palace,1.3,1.1,53.0,5.0,Brentford
2025-02-02,14:00,Matchweek 24,Sun,Home,L,0,2,Tottenham,2.1,0.8,54.0,3.0,Brentford
2025-02-15,15:00,Matchweek 25,Sat,Away,W,1,0,West Ham,1.6,0.8,42.0,5.0,Brentford
2025-02-21,20:00,Matchweek 26,Fri,Away,W,4,0,Leicester City,1.5,0.5,52.0,6.0,Brentford
2025-02-26,19:30,Matchweek 27,Wed,Home,D,1,1,Everton,1.4,1.5,52.0,3.0,Brentford
2025-03-08,17:30,Matchweek 28,Sat,Home,L,0,1,Aston Villa,0.8,1.3,59.0,3.0,Brentford
2025-03-15,17:30,Matchweek 29,Sat,Away,W,2,1,Bournemouth,0.8,1.6,42.0,4.0,Brentford
2025-04-02,19:45,Matchweek 30,Wed,Away,L,1,2,Newcastle Utd,1.5,1.3,51.0,2.0,Brentford
2025-04-06,14:00,Matchweek 31,Sun,Home,D,0,0,Chelsea,1.1,1.2,42.0,2.0,Brentford
2025-04-12,17:30,Matchweek 32,Sat,Away,D,1,1,Arsenal,0.2,1.0,37.0,2.0,Brentford
2025-04-19,15:00,Matchweek 33,Sat,Home,W,4,2,Brighton,2.1,1.4,47.0,8.0,Brentford
2025-05-01,19:30,Matchweek 34,Thu,Away,W,2,0,Nott'ham Forest,1.3,0.9,45.0,3.0,Brentford
2025-05-04,14:00,Matchweek 35,Sun,Home,W,4,3,Manchester Utd,2.8,1.5,47.0,6.0,Brentford
2025-05-10,15:00,Matchweek 36,Sat,Away,W,1,0,Ipswich Town,1.4,0.9,51.0,5.0,Brentford
2025-05-18,15:00,Matchweek 37,Sun,Home,L,2,3,Fulham,2.5,1.0,51.0,4.0,Brentford
2025-05-25,16:00,Matchweek 38,Sun,Away,D,1,1,Wolves,1.4,1.0,51.0,7.0,Brentford
2020-09-14,20:15,Matchweek 1,Mon,Home,L,1,3,Chelsea,1.1,1.2,52.0,3.0,Brighton And Hove Albion
2020-09-20,14:00,Matchweek 2,Sun,Away,W,3,0,Newcastle Utd,1.8,0.5,53.0,5.0,Brighton And Hove Albion
2020-09-26,12:30,Matchweek 3,Sat,Home,L,2,3,Manchester Utd,2.5,1.5,53.0,4.0,Brighton And Hove Albion
2020-10-03,15:00,Matchweek 4,Sat,Away,L,2,4,Everton,1.3,1.6,57.0,3.0,Brighton And Hove Albion
2020-10-18,14:00,Matchweek 5,Sun,Away,D,1,1,Crystal Palace,1.7,0.8,66.0,3.0,Brighton And Hove Albion
2020-10-26,17:30,Matchweek 6,Mon,Home,D,1,1,West Brom,0.5,0.4,50.0,3.0,Brighton And Hove Albion
2020-11-01,19:15,Matchweek 7,Sun,Away,L,1,2,Tottenham,0.3,1.7,56.0,2.0,Brighton And Hove Albion
2020-11-06,17:30,Matchweek 8,Fri,Home,D,0,0,Burnley,1.5,0.5,59.0,3.0,Brighton And Hove Albion
2020-11-21,15:00,Matchweek 9,Sat,Away,W,2,1,Aston Villa,1.4,1.5,44.0,3.0,Brighton And Hove Albion
2020-11-28,12:30,Matchweek 10,Sat,Home,D,1,1,Liverpool,2.3,0.2,40.0,2.0,Brighton And Hove Albion
2020-12-07,20:00,Matchweek 11,Mon,Home,L,1,2,Southampton,1.9,1.4,48.0,3.0,Brighton And Hove Albion
2020-12-13,19:15,Matchweek 12,Sun,Away,L,0,3,Leicester City,0.9,1.5,46.0,4.0,Brighton And Hove Albion
2020-12-16,20:00,Matchweek 13,Wed,Away,D,0,0,Fulham,0.5,1.0,54.0,4.0,Brighton And Hove Albion
2020-12-20,12:00,Matchweek 14,Sun,Home,D,1,1,Sheffield Utd,2.8,0.5,73.0,4.0,Brighton And Hove Albion
2020-12-27,14:15,Matchweek 15,Sun,Away,D,2,2,West Ham,1.1,1.3,56.0,4.0,Brighton And Hove Albion
2020-12-29,18:00,Matchweek 16,Tue,Home,L,0,1,Arsenal,0.8,1.1,50.0,2.0,Brighton And Hove Albion
2021-01-02,17:30,Matchweek 17,Sat,Home,D,3,3,Wolves,2.2,1.6,54.0,3.0,Brighton And Hove Albion
2021-01-13,18:00,Matchweek 18,Wed,Away,L,0,1,Manchester City,0.2,2.0,35.0,1.0,Brighton And Hove Albion
2021-01-16,15:00,Matchweek 19,Sat,Away,W,1,0,Leeds United,1.4,0.3,34.0,2.0,Brighton And Hove Albion
2021-01-27,19:30,Matchweek 20,Wed,Home,D,0,0,Fulham,1.8,0.5,50.0,5.0,Brighton And Hove Albion
2021-01-31,19:15,Matchweek 21,Sun,Home,W,1,0,Tottenham,1.6,0.4,43.0,3.0,Brighton And Hove Albion
2021-02-03,20:15,Matchweek 22,Wed,Away,W,1,0,Liverpool,1.3,1.0,37.0,4.0,Brighton And Hove Albion
2021-02-06,15:00,Matchweek 23,Sat,Away,D,1,1,Burnley,0.5,1.8,45.0,2.0,Brighton And Hove Albion
2021-02-13,20:00,Matchweek 24,Sat,Home,D,0,0,Aston Villa,2.2,0.1,58.0,9.0,Brighton And Hove Albion
2021-02-22,20:00,Matchweek 25,Mon,Home,L,1,2,Crystal Palace,2.4,0.2,74.0,5.0,Brighton And Hove Albion
2021-02-27,15:00,Matchweek 26,Sat,Away,L,0,1,West Brom,2.9,0.8,68.0,6.0,Brighton And Hove Albion
2021-03-06,20:00,Matchweek 27,Sat,Home,L,1,2,Leicester City,0.8,0.9,37.0,2.0,Brighton And Hove Albion
2021-03-14,12:00,Matchweek 28,Sun,Away,W,2,1,Southampton,0.8,0.6,41.0,6.0,Brighton And Hove Albion
2021-03-20,20:00,Matchweek 29,Sat,Home,W,3,0,Newcastle Utd,0.9,0.1,65.0,6.0,Brighton And Hove Albion
2021-04-04,19:30,Matchweek 30,Sun,Away,L,1,2,Manchester Utd,1.2,1.5,43.0,3.0,Brighton And Hove Albion
2021-04-12,20:15,Matchweek 31,Mon,Home,D,0,0,Everton,1.2,0.4,55.0,3.0,Brighton And Hove Albion
2021-04-20,20:15,Matchweek 32,Tue,Away,D,0,0,Chelsea,0.5,0.7,36.0,2.0,Brighton And Hove Albion
2021-04-24,20:00,Matchweek 33,Sat,Away,L,0,1,Sheffield Utd,2.0,0.7,68.0,4.0,Brighton And Hove Albion
2021-05-01,15:00,Matchweek 34,Sat,Home,W,2,0,Leeds United,2.3,0.6,42.0,4.0,Brighton And Hove Albion
2021-05-09,12:00,Matchweek 35,Sun,Away,L,1,2,Wolves,0.3,1.1,39.0,3.0,Brighton And Hove Albion
2021-05-15,20:00,Matchweek 36,Sat,Home,D,1,1,West Ham,0.8,1.7,51.0,2.0,Brighton And Hove Albion
2021-05-18,19:00,Matchweek 37,Tue,Home,W,3,2,Manchester City,1.1,0.9,63.0,6.0,Brighton And Hove Albion
2021-05-23,16:00,Matchweek 38,Sun,Away,L,0,2,Arsenal,0.2,0.8,46.0,1.0,Brighton And Hove Albion
2021-08-14,15:00,Matchweek 1,Sat,Away,W,2,1,Burnley,1.0,1.5,63.0,6.0,Brighton And Hove Albion
2021-08-21,17:30,Matchweek 2,Sat,Home,W,2,0,Watford,1.3,0.5,56.0,3.0,Brighton And Hove Albion
2021-08-28,15:00,Matchweek 3,Sat,Home,L,0,2,Everton,0.7,1.4,65.0,3.0,Brighton And Hove Albion
2021-09-11,15:00,Matchweek 4,Sat,Away,W,1,0,Brentford,0.3,0.4,59.0,2.0,Brighton And Hove Albion
2021-09-19,14:00,Matchweek 5,Sun,Home,W,2,1,Leicester City,1.7,1.6,37.0,4.0,Brighton And Hove Albion
2021-09-27,20:00,Matchweek 6,Mon,Away,D,1,1,Crystal Palace,0.8,1.4,53.0,4.0,Brighton And Hove Albion
2021-10-02,17:30,Matchweek 7,Sat,Home,D,0,0,Arsenal,1.1,0.4,58.0,2.0,Brighton And Hove Albion
2021-10-16,15:00,Matchweek 8,Sat,Away,D,0,0,Norwich City,0.8,1.2,64.0,3.0,Brighton And Hove Albion
2021-10-23,17:30,Matchweek 9,Sat,Home,L,1,4,Manchester City,1.3,3.8,48.0,4.0,Brighton And Hove Albion
2021-10-30,15:00,Matchweek 10,Sat,Away,D,2,2,Liverpool,1.0,1.5,42.0,6.0,Brighton And Hove Albion
2021-11-06,17:30,Matchweek 11,Sat,Home,D,1,1,Newcastle Utd,1.5,0.3,65.0,4.0,Brighton And Hove Albion
2021-11-20,15:00,Matchweek 12,Sat,Away,L,0,2,Aston Villa,0.4,0.7,62.0,2.0,Brighton And Hove Albion
2021-11-27,17:30,Matchweek 13,Sat,Home,D,0,0,Leeds United,2.1,0.6,57.0,4.0,Brighton And Hove Albion
2021-12-01,19:30,Matchweek 14,Wed,Away,D,1,1,West Ham,1.3,1.3,65.0,3.0,Brighton And Hove Albion
2021-12-04,15:00,Matchweek 15,Sat,Away,D,1,1,Southampton,1.6,1.6,56.0,4.0,Brighton And Hove Albion
2021-12-15,19:30,Matchweek 17,Wed,Home,L,0,1,Wolves,1.2,1.0,59.0,2.0,Brighton And Hove Albion
2021-12-26,20:00,Matchweek 19,Sun,Home,W,2,0,Brentford,0.8,0.7,50.0,5.0,Brighton And Hove Albion
2021-12-29,19:30,Matchweek 20,Wed,Away,D,1,1,Chelsea,0.9,0.7,53.0,6.0,Brighton And Hove Albion
2022-01-02,14:00,Matchweek 21,Sun,Away,W,3,2,Everton,1.7,1.6,50.0,5.0,Brighton And Hove Albion
2022-01-14,20:00,Matchweek 22,Fri,Home,D,1,1,Crystal Palace,2.0,0.2,63.0,3.0,Brighton And Hove Albion
2022-01-18,20:00,Matchweek 24,Tue,Home,D,1,1,Chelsea,0.7,0.7,44.0,2.0,Brighton And Hove Albion
2022-01-23,14:00,Matchweek 23,Sun,Away,D,1,1,Leicester City,1.1,1.4,56.0,4.0,Brighton And Hove Albion
2022-02-12,15:00,Matchweek 25,Sat,Away,W,2,0,Watford,1.6,0.5,64.0,5.0,Brighton And Hove Albion
2022-02-15,20:15,Matchweek 18,Tue,Away,L,0,2,Manchester Utd,0.7,1.7,50.0,3.0,Brighton And Hove Albion
2022-02-19,15:00,Matchweek 26,Sat,Home,L,0,3,Burnley,0.6,0.7,68.0,1.0,Brighton And Hove Albion
2022-02-26,15:00,Matchweek 27,Sat,Home,L,0,2,Aston Villa,0.7,1.0,66.0,1.0,Brighton And Hove Albion
2022-03-05,15:00,Matchweek 28,Sat,Away,L,1,2,Newcastle Utd,1.5,1.7,68.0,4.0,Brighton And Hove Albion
2022-03-12,12:30,Matchweek 29,Sat,Home,L,0,2,Liverpool,0.5,2.2,52.0,3.0,Brighton And Hove Albion
2022-03-16,19:30,Matchweek 16,Wed,Home,L,0,2,Tottenham,0.7,2.2,48.0,0.0,Brighton And Hove Albion
2022-04-02,15:00,Matchweek 31,Sat,Home,D,0,0,Norwich City,2.8,0.4,63.0,4.0,Brighton And Hove Albion
2022-04-09,15:00,Matchweek 32,Sat,Away,W,2,1,Arsenal,0.6,1.9,36.0,3.0,Brighton And Hove Albion
2022-04-16,12:30,Matchweek 33,Sat,Away,W,1,0,Tottenham,0.6,0.5,51.0,4.0,Brighton And Hove Albion
2022-04-20,20:00,Matchweek 30,Wed,Away,L,0,3,Manchester City,0.2,1.3,35.0,1.0,Brighton And Hove Albion
2022-04-24,14:00,Matchweek 34,Sun,Home,D,2,2,Southampton,1.7,0.9,48.0,5.0,Brighton And Hove Albion
2022-04-30,15:00,Matchweek 35,Sat,Away,W,3,0,Wolves,2.6,0.7,51.0,8.0,Brighton And Hove Albion
2022-05-07,17:30,Matchweek 36,Sat,Home,W,4,0,Manchester Utd,2.3,0.9,42.0,5.0,Brighton And Hove Albion
2022-05-15,14:00,Matchweek 37,Sun,Away,D,1,1,Leeds United,2.2,1.6,50.0,6.0,Brighton And Hove Albion
2022-05-22,16:00,Matchweek 38,Sun,Home,W,3,1,West Ham,1.6,0.2,50.0,7.0,Brighton And Hove Albion
2022-08-07,14:00,Matchweek 1,Sun,Away,W,2,1,Manchester Utd,1.5,1.4,38.0,4.0,Brighton And Hove Albion
2022-08-13,15:00,Matchweek 2,Sat,Home,D,0,0,Newcastle Utd,1.5,0.2,54.0,5.0,Brighton And Hove Albion
2022-08-21,14:00,Matchweek 3,Sun,Away,W,2,0,West Ham,1.7,0.8,50.0,1.0,Brighton And Hove Albion
2022-08-27,15:00,Matchweek 4,Sat,Home,W,1,0,Leeds United,2.0,1.8,44.0,4.0,Brighton And Hove Albion
2022-08-30,19:30,Matchweek 5,Tue,Away,L,1,2,Fulham,1.4,0.7,61.0,2.0,Brighton And Hove Albion
2022-09-04,14:00,Matchweek 6,Sun,Home,W,5,2,Leicester City,2.6,1.4,53.0,10.0,Brighton And Hove Albion
2022-10-01,15:00,Matchweek 9,Sat,Away,D,3,3,Liverpool,1.4,1.5,46.0,6.0,Brighton And Hove Albion
2022-10-08,17:30,Matchweek 10,Sat,Home,L,0,1,Tottenham,0.7,0.8,59.0,4.0,Brighton And Hove Albion
2022-10-14,20:00,Matchweek 11,Fri,Away,L,0,2,Brentford,1.9,1.5,72.0,7.0,Brighton And Hove Albion
2022-10-18,19:30,Matchweek 12,Tue,Home,D,0,0,Nott'ham Forest,1.7,0.1,70.0,7.0,Brighton And Hove Albion
2022-10-22,15:00,Matchweek 13,Sat,Away,L,1,3,Manchester City,0.5,1.6,52.0,2.0,Brighton And Hove Albion
2022-10-29,15:00,Matchweek 14,Sat,Home,W,4,1,Chelsea,2.4,1.4,41.0,7.0,Brighton And Hove Albion
2022-11-05,15:00,Matchweek 15,Sat,Away,W,3,2,Wolves,1.5,1.2,71.0,8.0,Brighton And Hove Albion
2022-11-13,14:00,Matchweek 16,Sun,Home,L,1,2,Aston Villa,0.6,1.5,65.0,2.0,Brighton And Hove Albion
2022-12-26,15:00,Matchweek 17,Mon,Away,W,3,1,Southampton,0.6,1.9,66.0,4.0,Brighton And Hove Albion
2022-12-31,17:30,Matchweek 18,Sat,Home,L,2,4,Arsenal,1.2,2.9,68.0,5.0,Brighton And Hove Albion
2023-01-03,19:45,Matchweek 19,Tue,Away,W,4,1,Everton,2.2,1.3,51.0,8.0,Brighton And Hove Albion
2023-01-14,15:00,Matchweek 20,Sat,Home,W,3,0,Liverpool,1.9,1.0,61.0,8.0,Brighton And Hove Albion
2023-01-21,15:00,Matchweek 21,Sat,Away,D,2,2,Leicester City,1.7,0.9,63.0,4.0,Brighton And Hove Albion
2023-02-04,15:00,Matchweek 22,Sat,Home,W,1,0,Bournemouth,2.2,1.1,71.0,6.0,Brighton And Hove Albion
2023-02-11,15:00,Matchweek 23,Sat,Away,D,1,1,Crystal Palace,2.5,1.1,73.0,7.0,Brighton And Hove Albion
2023-02-18,15:00,Matchweek 24,Sat,Home,L,0,1,Fulham,2.2,0.3,65.0,7.0,Brighton And Hove Albion
2023-03-04,15:00,Matchweek 26,Sat,Home,W,4,0,West Ham,3.5,0.3,65.0,8.0,Brighton And Hove Albion
2023-03-11,15:00,Matchweek 27,Sat,Away,D,2,2,Leeds United,2.7,0.9,62.0,3.0,Brighton And Hove Albion
2023-03-15,19:30,Matchweek 8,Wed,Home,W,1,0,Crystal Palace,0.6,1.1,57.0,5.0,Brighton And Hove Albion
2023-04-01,15:00,Matchweek 29,Sat,Home,D,3,3,Brentford,4.2,1.6,72.0,13.0,Brighton And Hove Albion
2023-04-04,19:45,Matchweek 7,Tue,Away,W,2,0,Bournemouth,2.7,1.7,63.0,6.0,Brighton And Hove Albion
2023-04-08,15:00,Matchweek 30,Sat,Away,L,1,2,Tottenham,1.4,0.8,65.0,4.0,Brighton And Hove Albion
2023-04-15,15:00,Matchweek 31,Sat,Away,W,2,1,Chelsea,2.9,0.5,57.0,10.0,Brighton And Hove Albion
2023-04-26,19:30,Matchweek 33,Wed,Away,L,1,3,Nott'ham Forest,2.3,2.4,74.0,7.0,Brighton And Hove Albion
2023-04-29,15:00,Matchweek 34,Sat,Home,W,6,0,Wolves,3.3,0.8,57.0,8.0,Brighton And Hove Albion
2023-05-04,20:00,Matchweek 28,Thu,Home,W,1,0,Manchester Utd,2.3,1.4,59.0,5.0,Brighton And Hove Albion
2023-05-08,17:30,Matchweek 35,Mon,Home,L,1,5,Everton,3.2,2.3,78.0,5.0,Brighton And Hove Albion
2023-05-14,16:30,Matchweek 36,Sun,Away,W,3,0,Arsenal,1.7,0.9,59.0,6.0,Brighton And Hove Albion
2023-05-18,19:30,Matchweek 25,Thu,Away,L,1,4,Newcastle Utd,0.5,3.6,65.0,2.0,Brighton And Hove Albion
2023-05-21,14:00,Matchweek 37,Sun,Home,W,3,1,Southampton,2.5,0.6,63.0,8.0,Brighton And Hove Albion
2023-05-24,20:00,Matchweek 32,Wed,Home,D,1,1,Manchester City,2.2,1.8,40.0,7.0,Brighton And Hove Albion
2023-05-28,16:30,Matchweek 38,Sun,Away,L,1,2,Aston Villa,1.4,2.8,59.0,4.0,Brighton And Hove Albion
2023-08-12,15:00,Matchweek 1,Sat,Home,W,4,1,Luton Town,4.0,1.5,70.0,11.0,Brighton And Hove Albion
2023-08-19,15:00,Matchweek 2,Sat,Away,W,4,1,Wolves,2.2,2.1,53.0,8.0,Brighton And Hove Albion
2023-08-26,17:30,Matchweek 3,Sat,Home,L,1,3,West Ham,1.5,3.0,78.0,10.0,Brighton And Hove Albion
2023-09-02,17:30,Matchweek 4,Sat,Home,W,3,1,Newcastle Utd,1.3,1.2,56.0,6.0,Brighton And Hove Albion
2023-09-16,15:00,Matchweek 5,Sat,Away,W,3,1,Manchester Utd,1.7,1.0,56.0,8.0,Brighton And Hove Albion
2023-09-24,14:00,Matchweek 6,Sun,Home,W,3,1,Bournemouth,1.9,1.1,61.0,4.0,Brighton And Hove Albion
2023-09-30,12:30,Matchweek 7,Sat,Away,L,1,6,Aston Villa,1.7,1.6,61.0,3.0,Brighton And Hove Albion
2023-10-08,14:00,Matchweek 8,Sun,Home,D,2,2,Liverpool,2.3,2.3,46.0,3.0,Brighton And Hove Albion
2023-10-21,15:00,Matchweek 9,Sat,Away,L,1,2,Manchester City,0.8,0.8,45.0,3.0,Brighton And Hove Albion
2023-10-29,14:00,Matchweek 10,Sun,Home,D,1,1,Fulham,1.4,0.7,71.0,6.0,Brighton And Hove Albion
2023-11-04,15:00,Matchweek 11,Sat,Away,D,1,1,Everton,0.5,0.7,79.0,2.0,Brighton And Hove Albion
2023-11-12,14:00,Matchweek 12,Sun,Home,D,1,1,Sheffield Utd,1.5,1.1,61.0,6.0,Brighton And Hove Albion
2023-11-25,15:00,Matchweek 13,Sat,Away,W,3,2,Nott'ham Forest,1.3,1.9,53.0,4.0,Brighton And Hove Albion
2023-12-03,14:00,Matchweek 14,Sun,Away,L,2,3,Chelsea,1.1,2.1,68.0,9.0,Brighton And Hove Albion
2023-12-06,19:30,Matchweek 15,Wed,Home,W,2,1,Brentford,1.5,1.5,61.0,7.0,Brighton And Hove Albion
2023-12-09,15:00,Matchweek 16,Sat,Home,D,1,1,Burnley,2.6,0.6,72.0,11.0,Brighton And Hove Albion
2023-12-17,14:00,Matchweek 17,Sun,Away,L,0,2,Arsenal,0.7,2.3,51.0,1.0,Brighton And Hove Albion
2023-12-21,20:00,Matchweek 18,Thu,Away,D,1,1,Crystal Palace,1.2,1.3,65.0,6.0,Brighton And Hove Albion
2023-12-28,19:30,Matchweek 19,Thu,Home,W,4,2,Tottenham,3.2,2.3,45.0,7.0,Brighton And Hove Albion
2024-01-02,19:30,Matchweek 20,Tue,Away,D,0,0,West Ham,2.3,0.7,68.0,8.0,Brighton And Hove Albion
2024-01-22,19:45,Matchweek 21,Mon,Home,D,0,0,Wolves,1.0,1.1,72.0,3.0,Brighton And Hove Albion
2024-01-30,19:45,Matchweek 22,Tue,Away,L,0,4,Luton Town,0.9,3.1,59.0,2.0,Brighton And Hove Albion
2024-02-03,15:00,Matchweek 23,Sat,Home,W,4,1,Crystal Palace,1.4,0.3,68.0,6.0,Brighton And Hove Albion
2024-02-10,15:00,Matchweek 24,Sat,Away,L,1,2,Tottenham,1.2,1.6,48.0,2.0,Brighton And Hove Albion
2024-02-18,14:00,Matchweek 25,Sun,Away,W,5,0,Sheffield Utd,2.9,0.6,79.0,9.0,Brighton And Hove Albion
2024-02-24,15:00,Matchweek 26,Sat,Home,D,1,1,Everton,1.4,0.3,64.0,7.0,Brighton And Hove Albion
2024-03-02,15:00,Matchweek 27,Sat,Away,L,0,3,Fulham,1.3,1.3,70.0,5.0,Brighton And Hove Albion
2024-03-10,14:00,Matchweek 28,Sun,Home,W,1,0,Nott'ham Forest,0.4,0.7,63.0,3.0,Brighton And Hove Albion
2024-03-31,14:00,Matchweek 30,Sun,Away,L,1,2,Liverpool,0.5,2.8,45.0,3.0,Brighton And Hove Albion
2024-04-03,19:30,Matchweek 31,Wed,Away,D,0,0,Brentford,1.1,0.6,66.0,6.0,Brighton And Hove Albion
2024-04-06,17:30,Matchweek 32,Sat,Home,L,0,3,Arsenal,0.5,3.4,54.0,2.0,Brighton And Hove Albion
2024-04-13,15:00,Matchweek 33,Sat,Away,D,1,1,Burnley,0.9,1.7,56.0,8.0,Brighton And Hove Albion
2024-04-25,20:00,Matchweek 29,Thu,Home,L,0,4,Manchester City,0.6,1.4,36.0,3.0,Brighton And Hove Albion
2024-04-28,14:00,Matchweek 35,Sun,Away,L,0,3,Bournemouth,0.9,1.9,69.0,1.0,Brighton And Hove Albion
2024-05-05,14:00,Matchweek 36,Sun,Home,W,1,0,Aston Villa,2.5,0.1,52.0,7.0,Brighton And Hove Albion
2024-05-11,15:00,Matchweek 37,Sat,Away,D,1,1,Newcastle Utd,1.4,2.2,43.0,4.0,Brighton And Hove Albion
2024-05-15,19:45,Matchweek 34,Wed,Home,L,1,2,Chelsea,1.3,1.5,55.0,2.0,Brighton And Hove Albion
2024-05-19,16:00,Matchweek 38,Sun,Home,L,0,2,Manchester Utd,1.7,1.3,55.0,2.0,Brighton And Hove Albion
2024-08-17,15:00,Matchweek 1,Sat,Away,W,3,0,Everton,1.4,0.5,60.0,5.0,Brighton And Hove Albion
2024-08-24,12:30,Matchweek 2,Sat,Home,W,2,1,Manchester Utd,2.1,1.4,48.0,4.0,Brighton And Hove Albion
2024-08-31,12:30,Matchweek 3,Sat,Away,D,1,1,Arsenal,1.7,2.1,64.0,4.0,Brighton And Hove Albion
2024-09-14,15:00,Matchweek 4,Sat,Home,D,0,0,Ipswich Town,1.6,0.3,68.0,6.0,Brighton And Hove Albion
2024-09-22,14:00,Matchweek 5,Sun,Home,D,2,2,Nott'ham Forest,1.0,1.4,70.0,3.0,Brighton And Hove Albion
2024-09-28,15:00,Matchweek 6,Sat,Away,L,2,4,Chelsea,1.1,4.2,59.0,5.0,Brighton And Hove Albion
2024-10-06,16:30,Matchweek 7,Sun,Home,W,3,2,Tottenham,1.8,1.3,41.0,4.0,Brighton And Hove Albion
2024-10-19,15:00,Matchweek 8,Sat,Away,W,1,0,Newcastle Utd,1.1,2.0,40.0,5.0,Brighton And Hove Albion
2024-10-26,15:00,Matchweek 9,Sat,Home,D,2,2,Wolves,1.3,1.3,51.0,6.0,Brighton And Hove Albion
2024-11-02,15:00,Matchweek 10,Sat,Away,L,1,2,Liverpool,1.0,1.6,51.0,5.0,Brighton And Hove Albion
2024-11-09,17:30,Matchweek 11,Sat,Home,W,2,1,Manchester City,2.3,2.1,40.0,4.0,Brighton And Hove Albion
2024-11-23,15:00,Matchweek 12,Sat,Away,W,2,1,Bournemouth,0.9,1.6,45.0,4.0,Brighton And Hove Albion
2024-11-29,20:00,Matchweek 13,Fri,Home,D,1,1,Southampton,1.7,1.0,53.0,5.0,Brighton And Hove Albion
2024-12-05,19:30,Matchweek 14,Thu,Away,L,1,3,Fulham,1.4,1.1,57.0,3.0,Brighton And Hove Albion
2024-12-08,14:00,Matchweek 15,Sun,Away,D,2,2,Leicester City,1.5,1.3,44.0,7.0,Brighton And Hove Albion
2024-12-15,14:00,Matchweek 16,Sun,Home,L,1,3,Crystal Palace,1.0,2.2,64.0,5.0,Brighton And Hove Albion
2024-12-21,15:00,Matchweek 17,Sat,Away,D,1,1,West Ham,0.9,1.2,53.0,6.0,Brighton And Hove Albion
2024-12-27,19:30,Matchweek 18,Fri,Home,D,0,0,Brentford,1.3,1.1,57.0,7.0,Brighton And Hove Albion
2024-12-30,19:45,Matchweek 19,Mon,Away,D,2,2,Aston Villa,1.1,1.8,41.0,4.0,Brighton And Hove Albion
2025-01-04,17:30,Matchweek 20,Sat,Home,D,1,1,Arsenal,1.5,0.9,45.0,3.0,Brighton And Hove Albion
2025-01-16,19:30,Matchweek 21,Thu,Away,W,2,0,Ipswich Town,1.0,0.3,53.0,5.0,Brighton And Hove Albion
2025-01-19,14:00,Matchweek 22,Sun,Away,W,3,1,Manchester Utd,1.9,1.5,49.0,3.0,Brighton And Hove Albion
2025-01-25,15:00,Matchweek 23,Sat,Home,L,0,1,Everton,0.7,0.8,69.0,1.0,Brighton And Hove Albion
2025-02-01,12:30,Matchweek 24,Sat,Away,L,0,7,Nott'ham Forest,0.9,3.3,62.0,5.0,Brighton And Hove Albion
2025-02-14,20:00,Matchweek 25,Fri,Home,W,3,0,Chelsea,1.4,0.5,31.0,5.0,Brighton And Hove Albion
2025-02-22,15:00,Matchweek 26,Sat,Away,W,4,0,Southampton,3.9,0.1,50.0,12.0,Brighton And Hove Albion
2025-02-25,19:30,Matchweek 27,Tue,Home,W,2,1,Bournemouth,2.4,1.5,44.0,3.0,Brighton And Hove Albion
2025-03-08,15:00,Matchweek 28,Sat,Home,W,2,1,Fulham,1.5,0.9,53.0,3.0,Brighton And Hove Albion
2025-03-15,15:00,Matchweek 29,Sat,Away,D,2,2,Manchester City,2.0,1.7,40.0,3.0,Brighton And Hove Albion
2025-04-02,19:45,Matchweek 30,Wed,Home,L,0,3,Aston Villa,0.9,1.2,56.0,4.0,Brighton And Hove Albion
2025-04-05,15:00,Matchweek 31,Sat,Away,L,1,2,Crystal Palace,1.0,0.6,62.0,5.0,Brighton And Hove Albion
2025-04-12,15:00,Matchweek 32,Sat,Home,D,2,2,Leicester City,3.8,1.5,59.0,5.0,Brighton And Hove Albion
2025-04-19,15:00,Matchweek 33,Sat,Away,L,2,4,Brentford,1.4,2.1,53.0,3.0,Brighton And Hove Albion
2025-04-26,15:00,Matchweek 34,Sat,Home,W,3,2,West Ham,1.3,1.3,53.0,9.0,Brighton And Hove Albion
2025-05-04,14:00,Matchweek 35,Sun,Home,D,1,1,Newcastle Utd,0.7,1.7,45.0,2.0,Brighton And Hove Albion
2025-05-10,15:00,Matchweek 36,Sat,Away,W,2,0,Wolves,1.6,0.9,44.0,1.0,Brighton And Hove Albion
2025-05-19,20:00,Matchweek 37,Mon,Home,W,3,2,Liverpool,2.2,2.2,49.0,12.0,Brighton And Hove Albion
2025-05-25,16:00,Matchweek 38,Sun,Away,W,4,1,Tottenham,2.2,2.0,66.0,7.0,Brighton And Hove Albion
2020-09-20,19:00,Matchweek 2,Sun,Away,L,2,4,Leicester City,1.4,1.2,33.0,5.0,Burnley
2020-09-26,20:00,Matchweek 3,Sat,Home,L,0,1,Southampton,0.5,0.6,53.0,2.0,Burnley
2020-10-03,20:00,Matchweek 4,Sat,Away,L,1,3,Newcastle Utd,0.4,1.8,52.0,3.0,Burnley
2020-10-19,17:30,Matchweek 5,Mon,Away,D,0,0,West Brom,1.1,0.8,43.0,4.0,Burnley
2020-10-26,20:00,Matchweek 6,Mon,Home,L,0,1,Tottenham,1.0,0.6,39.0,3.0,Burnley
2020-10-31,15:00,Matchweek 7,Sat,Home,L,0,3,Chelsea,0.5,0.9,37.0,0.0,Burnley
2020-11-06,17:30,Matchweek 8,Fri,Away,D,0,0,Brighton,0.5,1.5,41.0,1.0,Burnley
2020-11-23,17:30,Matchweek 9,Mon,Home,W,1,0,Crystal Palace,1.5,1.5,46.0,4.0,Burnley
2020-11-28,15:00,Matchweek 10,Sat,Away,L,0,5,Manchester City,0.5,1.7,32.0,1.0,Burnley
2020-12-05,12:30,Matchweek 11,Sat,Home,D,1,1,Everton,0.8,2.2,42.0,3.0,Burnley
2020-12-13,19:15,Matchweek 12,Sun,Away,W,1,0,Arsenal,1.4,1.6,35.0,2.0,Burnley
2020-12-17,18:00,Matchweek 13,Thu,Away,D,0,0,Aston Villa,0.3,1.5,41.0,4.0,Burnley
2020-12-21,17:30,Matchweek 14,Mon,Home,W,2,1,Wolves,1.7,1.5,37.0,4.0,Burnley
2020-12-27,12:00,Matchweek 15,Sun,Away,L,0,1,Leeds United,1.5,1.9,49.0,6.0,Burnley
2020-12-29,18:00,Matchweek 16,Tue,Home,W,1,0,Sheffield Utd,1.0,0.7,37.0,3.0,Burnley
2021-01-12,20:15,Matchweek 1,Tue,Home,L,0,1,Manchester Utd,0.9,1.2,38.0,0.0,Burnley
2021-01-16,15:00,Matchweek 19,Sat,Away,L,0,1,West Ham,0.5,1.7,55.0,2.0,Burnley
2021-01-21,20:00,Matchweek 18,Thu,Away,W,1,0,Liverpool,1.1,1.6,28.0,3.0,Burnley
2021-01-27,18:00,Matchweek 20,Wed,Home,W,3,2,Aston Villa,0.5,2.2,39.0,5.0,Burnley
2021-01-31,12:00,Matchweek 21,Sun,Away,L,0,2,Chelsea,0.2,1.2,30.0,0.0,Burnley
2021-02-03,18:00,Matchweek 22,Wed,Home,L,0,2,Manchester City,0.1,2.0,26.0,0.0,Burnley
2021-02-06,15:00,Matchweek 23,Sat,Home,D,1,1,Brighton,1.8,0.5,55.0,7.0,Burnley
2021-02-13,15:00,Matchweek 24,Sat,Away,W,3,0,Crystal Palace,1.4,0.5,46.0,4.0,Burnley
2021-02-17,18:00,Matchweek 17,Wed,Home,D,1,1,Fulham,0.9,0.5,47.0,3.0,Burnley
2021-02-20,15:00,Matchweek 25,Sat,Home,D,0,0,West Brom,0.5,1.6,62.0,1.0,Burnley
2021-02-28,14:00,Matchweek 26,Sun,Away,L,0,4,Tottenham,0.7,2.1,42.0,3.0,Burnley
2021-03-03,18:00,Matchweek 29,Wed,Home,D,1,1,Leicester City,1.8,1.2,39.0,7.0,Burnley
2021-03-06,12:30,Matchweek 27,Sat,Home,D,1,1,Arsenal,1.1,2.5,41.0,5.0,Burnley
2021-03-13,17:30,Matchweek 28,Sat,Away,W,2,1,Everton,0.8,1.5,35.0,5.0,Burnley
2021-04-04,12:00,Matchweek 30,Sun,Away,L,2,3,Southampton,1.5,2.2,47.0,4.0,Burnley
2021-04-11,12:00,Matchweek 31,Sun,Home,L,1,2,Newcastle Utd,2.0,1.2,56.0,4.0,Burnley
2021-04-18,16:00,Matchweek 32,Sun,Away,L,1,3,Manchester Utd,0.9,2.5,31.0,3.0,Burnley
2021-04-25,12:00,Matchweek 33,Sun,Away,W,4,0,Wolves,2.0,0.4,42.0,7.0,Burnley
2021-05-03,20:15,Matchweek 34,Mon,Home,L,1,2,West Ham,2.0,2.3,45.0,1.0,Burnley
2021-05-10,20:00,Matchweek 35,Mon,Away,W,2,0,Fulham,1.5,1.0,32.0,5.0,Burnley
2021-05-15,12:30,Matchweek 36,Sat,Home,L,0,4,Leeds United,1.3,1.5,48.0,4.0,Burnley
2021-05-19,20:15,Matchweek 37,Wed,Home,L,0,3,Liverpool,0.8,2.6,41.0,3.0,Burnley
2021-05-23,16:00,Matchweek 38,Sun,Away,L,0,1,Sheffield Utd,1.1,0.5,57.0,3.0,Burnley
2021-08-14,15:00,Matchweek 1,Sat,Home,L,1,2,Brighton,1.5,1.0,37.0,3.0,Burnley
2021-08-21,12:30,Matchweek 2,Sat,Away,L,0,2,Liverpool,0.9,2.7,35.0,3.0,Burnley
2021-08-29,14:00,Matchweek 3,Sun,Home,D,1,1,Leeds United,1.0,1.2,36.0,3.0,Burnley
2021-09-13,20:00,Matchweek 4,Mon,Away,L,1,3,Everton,1.0,1.4,48.0,6.0,Burnley
2021-09-18,15:00,Matchweek 5,Sat,Home,L,0,1,Arsenal,1.0,1.1,46.0,3.0,Burnley
2021-09-25,15:00,Matchweek 6,Sat,Away,D,2,2,Leicester City,0.5,2.4,34.0,3.0,Burnley
2021-10-02,15:00,Matchweek 7,Sat,Home,D,0,0,Norwich City,1.2,0.6,56.0,4.0,Burnley
2021-10-16,15:00,Matchweek 8,Sat,Away,L,0,2,Manchester City,0.9,2.1,30.0,2.0,Burnley
2021-10-23,15:00,Matchweek 9,Sat,Away,D,2,2,Southampton,0.7,1.6,39.0,5.0,Burnley
2021-10-30,15:00,Matchweek 10,Sat,Home,W,3,1,Brentford,2.3,0.8,41.0,5.0,Burnley
2021-11-06,15:00,Matchweek 11,Sat,Away,D,1,1,Chelsea,0.7,1.8,30.0,2.0,Burnley
2021-11-20,15:00,Matchweek 12,Sat,Home,D,3,3,Crystal Palace,1.5,1.9,40.0,9.0,Burnley
2021-12-01,19:30,Matchweek 14,Wed,Away,D,0,0,Wolves,0.2,0.7,35.0,1.0,Burnley
2021-12-04,15:00,Matchweek 15,Sat,Away,L,0,1,Newcastle Utd,0.6,1.0,52.0,1.0,Burnley
2021-12-12,14:00,Matchweek 16,Sun,Home,D,0,0,West Ham,0.8,0.8,40.0,1.0,Burnley
2021-12-30,20:15,Matchweek 20,Thu,Away,L,1,3,Manchester Utd,1.1,2.4,43.0,3.0,Burnley
2022-01-02,14:00,Matchweek 21,Sun,Away,L,1,3,Leeds United,1.0,1.9,45.0,2.0,Burnley
2022-01-23,14:00,Matchweek 23,Sun,Away,D,0,0,Arsenal,0.4,1.2,25.0,1.0,Burnley
2022-02-05,18:00,Matchweek 17,Sat,Home,D,0,0,Watford,0.6,0.8,53.0,2.0,Burnley
2022-02-08,20:00,Matchweek 24,Tue,Home,D,1,1,Manchester Utd,0.4,1.8,37.0,3.0,Burnley
2022-02-13,14:00,Matchweek 25,Sun,Home,L,0,1,Liverpool,1.5,1.7,34.0,5.0,Burnley
2022-02-19,15:00,Matchweek 26,Sat,Away,W,3,0,Brighton,0.7,0.6,32.0,4.0,Burnley
2022-02-23,19:30,Matchweek 13,Wed,Home,W,1,0,Tottenham,0.9,0.7,34.0,4.0,Burnley
2022-02-26,15:00,Matchweek 27,Sat,Away,D,1,1,Crystal Palace,0.2,1.0,41.0,1.0,Burnley
2022-03-01,19:45,Matchweek 22,Tue,Home,L,0,2,Leicester City,0.9,1.5,45.0,2.0,Burnley
2022-03-05,15:00,Matchweek 28,Sat,Home,L,0,4,Chelsea,0.7,2.3,28.0,0.0,Burnley
2022-03-12,15:00,Matchweek 29,Sat,Away,L,0,2,Brentford,0.7,1.9,45.0,1.0,Burnley
2022-04-02,15:00,Matchweek 31,Sat,Home,L,0,2,Manchester City,0.1,1.8,24.0,1.0,Burnley
2022-04-06,19:30,Matchweek 19,Wed,Home,W,3,2,Everton,2.0,2.4,52.0,4.0,Burnley
2022-04-10,14:00,Matchweek 32,Sun,Away,L,0,2,Norwich City,1.7,1.7,55.0,3.0,Burnley
2022-04-17,14:15,Matchweek 33,Sun,Away,D,1,1,West Ham,1.8,2.2,39.0,1.0,Burnley
2022-04-21,19:45,Matchweek 30,Thu,Home,W,2,0,Southampton,1.5,0.9,44.0,6.0,Burnley
2022-04-24,14:00,Matchweek 34,Sun,Home,W,1,0,Wolves,1.4,0.6,36.0,5.0,Burnley
2022-04-30,15:00,Matchweek 35,Sat,Away,W,2,1,Watford,1.6,1.0,53.0,6.0,Burnley
2022-05-07,15:00,Matchweek 36,Sat,Home,L,1,3,Aston Villa,1.9,2.1,49.0,6.0,Burnley
2022-05-15,12:00,Matchweek 37,Sun,Away,L,0,1,Tottenham,0.7,2.2,32.0,1.0,Burnley
2022-05-19,20:00,Matchweek 18,Thu,Away,D,1,1,Aston Villa,1.6,1.5,29.0,3.0,Burnley
2022-05-22,16:00,Matchweek 38,Sun,Home,L,1,2,Newcastle Utd,1.6,1.8,52.0,4.0,Burnley
2023-08-11,20:00,Matchweek 1,Fri,Home,L,0,3,Manchester City,0.3,1.9,35.0,1.0,Burnley
2023-08-27,14:00,Matchweek 3,Sun,Home,L,1,3,Aston Villa,0.7,2.5,57.0,2.0,Burnley
2023-09-02,15:00,Matchweek 4,Sat,Home,L,2,5,Tottenham,1.3,2.2,47.0,4.0,Burnley
2023-09-18,19:45,Matchweek 5,Mon,Away,D,1,1,Nott'ham Forest,0.5,0.7,54.0,3.0,Burnley
2023-09-23,20:00,Matchweek 6,Sat,Home,L,0,1,Manchester Utd,1.1,1.0,61.0,4.0,Burnley
2023-09-30,15:00,Matchweek 7,Sat,Away,L,0,2,Newcastle Utd,0.6,3.1,47.0,2.0,Burnley
2023-10-03,19:30,Matchweek 2,Tue,Away,W,2,1,Luton Town,1.1,1.3,51.0,4.0,Burnley
2023-10-07,15:00,Matchweek 8,Sat,Home,L,1,4,Chelsea,0.7,1.9,38.0,3.0,Burnley
2023-10-21,15:00,Matchweek 9,Sat,Away,L,0,3,Brentford,1.1,3.1,50.0,1.0,Burnley
2023-10-28,15:00,Matchweek 10,Sat,Away,L,1,2,Bournemouth,0.8,1.1,55.0,3.0,Burnley
2023-11-04,15:00,Matchweek 11,Sat,Home,L,0,2,Crystal Palace,1.1,1.3,67.0,5.0,Burnley
2023-11-11,15:00,Matchweek 12,Sat,Away,L,1,3,Arsenal,0.3,1.8,37.0,5.0,Burnley
2023-11-25,15:00,Matchweek 13,Sat,Home,L,1,2,West Ham,1.3,0.9,50.0,4.0,Burnley
2023-12-02,15:00,Matchweek 14,Sat,Home,W,5,0,Sheffield Utd,1.8,0.4,63.0,7.0,Burnley
2023-12-05,19:30,Matchweek 15,Tue,Away,L,0,1,Wolves,0.9,0.8,49.0,3.0,Burnley
2023-12-09,15:00,Matchweek 16,Sat,Away,D,1,1,Brighton,0.6,2.6,28.0,3.0,Burnley
2023-12-16,17:30,Matchweek 17,Sat,Home,L,0,2,Everton,0.7,1.4,61.0,2.0,Burnley
2023-12-23,15:00,Matchweek 18,Sat,Away,W,2,0,Fulham,0.4,1.3,34.0,2.0,Burnley
2023-12-26,17:30,Matchweek 19,Tue,Home,L,0,2,Liverpool,0.8,1.8,32.0,0.0,Burnley
2023-12-30,15:00,Matchweek 20,Sat,Away,L,2,3,Aston Villa,1.2,3.2,36.0,5.0,Burnley
2024-01-12,19:45,Matchweek 21,Fri,Home,D,1,1,Luton Town,1.1,0.9,39.0,7.0,Burnley
2024-01-31,19:30,Matchweek 22,Wed,Away,L,1,3,Manchester City,1.4,1.7,26.0,3.0,Burnley
2024-02-03,15:00,Matchweek 23,Sat,Home,D,2,2,Fulham,1.8,1.5,44.0,4.0,Burnley
2024-02-10,15:00,Matchweek 24,Sat,Away,L,1,3,Liverpool,1.3,2.8,30.0,4.0,Burnley
2024-02-17,15:00,Matchweek 25,Sat,Home,L,0,5,Arsenal,0.3,2.3,36.0,0.0,Burnley
2024-02-24,15:00,Matchweek 26,Sat,Away,L,0,3,Crystal Palace,0.1,2.4,44.0,0.0,Burnley
2024-03-03,13:00,Matchweek 27,Sun,Home,L,0,2,Bournemouth,1.5,1.1,74.0,5.0,Burnley
2024-03-10,14:00,Matchweek 28,Sun,Away,D,2,2,West Ham,0.7,2.1,48.0,4.0,Burnley
2024-03-16,15:00,Matchweek 29,Sat,Home,W,2,1,Brentford,2.8,1.1,60.0,5.0,Burnley
2024-03-30,15:00,Matchweek 30,Sat,Away,D,2,2,Chelsea,1.6,4.2,31.0,6.0,Burnley
2024-04-02,19:45,Matchweek 31,Tue,Home,D,1,1,Wolves,1.3,0.9,51.0,6.0,Burnley
2024-04-06,15:00,Matchweek 32,Sat,Away,L,0,1,Everton,0.5,0.9,62.0,1.0,Burnley
2024-04-13,15:00,Matchweek 33,Sat,Home,D,1,1,Brighton,1.7,0.9,44.0,3.0,Burnley
2024-04-20,15:00,Matchweek 34,Sat,Away,W,4,1,Sheffield Utd,2.2,2.4,51.0,9.0,Burnley
2024-04-27,15:00,Matchweek 35,Sat,Away,D,1,1,Manchester Utd,2.1,2.7,52.0,6.0,Burnley
2024-05-04,15:00,Matchweek 36,Sat,Home,L,1,4,Newcastle Utd,1.0,3.4,47.0,5.0,Burnley
2024-05-11,15:00,Matchweek 37,Sat,Away,L,1,2,Tottenham,0.7,2.7,37.0,3.0,Burnley
2024-05-19,16:00,Matchweek 38,Sun,Home,L,1,2,Nott'ham Forest,1.2,1.7,72.0,3.0,Burnley
2020-09-14,20:15,Matchweek 1,Mon,Away,W,3,1,Brighton,1.2,1.1,48.0,4.0,Chelsea
2020-09-20,16:30,Matchweek 2,Sun,Home,L,0,2,Liverpool,0.9,2.1,39.0,2.0,Chelsea
2020-09-26,17:30,Matchweek 3,Sat,Away,D,3,3,West Brom,2.0,0.6,75.0,10.0,Chelsea
2020-10-03,12:30,Matchweek 4,Sat,Home,W,4,0,Crystal Palace,2.7,0.2,70.0,4.0,Chelsea
2020-10-17,15:00,Matchweek 5,Sat,Home,D,3,3,Southampton,1.8,1.9,53.0,5.0,Chelsea
2020-10-24,17:30,Matchweek 6,Sat,Away,D,0,0,Manchester Utd,0.2,0.6,49.0,1.0,Chelsea
2020-10-31,15:00,Matchweek 7,Sat,Away,W,3,0,Burnley,0.9,0.5,63.0,9.0,Chelsea
2020-11-07,17:30,Matchweek 8,Sat,Home,W,4,1,Sheffield Utd,2.2,0.4,69.0,9.0,Chelsea
2020-11-21,12:30,Matchweek 9,Sat,Away,W,2,0,Newcastle Utd,1.5,0.3,70.0,3.0,Chelsea
2020-11-29,16:30,Matchweek 10,Sun,Home,D,0,0,Tottenham,0.8,0.2,60.0,3.0,Chelsea
2020-12-05,20:00,Matchweek 11,Sat,Home,W,3,1,Leeds United,4.1,0.8,46.0,10.0,Chelsea
2020-12-12,20:00,Matchweek 12,Sat,Away,L,0,1,Everton,0.7,1.2,71.0,3.0,Chelsea
2020-12-15,18:00,Matchweek 13,Tue,Away,L,1,2,Wolves,1.0,0.5,55.0,3.0,Chelsea
2020-12-21,20:00,Matchweek 14,Mon,Home,W,3,0,West Ham,2.0,0.4,53.0,7.0,Chelsea
2020-12-26,17:30,Matchweek 15,Sat,Away,L,1,3,Arsenal,2.6,2.0,60.0,2.0,Chelsea
2020-12-28,17:30,Matchweek 16,Mon,Home,D,1,1,Aston Villa,1.7,0.7,63.0,5.0,Chelsea
2021-01-03,16:30,Matchweek 17,Sun,Home,L,1,3,Manchester City,0.8,2.7,54.0,2.0,Chelsea
2021-01-16,17:30,Matchweek 19,Sat,Away,W,1,0,Fulham,1.6,0.7,69.0,6.0,Chelsea
2021-01-19,20:15,Matchweek 18,Tue,Away,L,0,2,Leicester City,0.7,1.4,64.0,5.0,Chelsea
2021-01-27,18:00,Matchweek 20,Wed,Home,D,0,0,Wolves,0.7,0.5,78.0,5.0,Chelsea
2021-01-31,12:00,Matchweek 21,Sun,Home,W,2,0,Burnley,1.2,0.2,70.0,8.0,Chelsea
2021-02-04,20:00,Matchweek 22,Thu,Away,W,1,0,Tottenham,1.6,0.6,58.0,1.0,Chelsea
2021-02-07,19:15,Matchweek 23,Sun,Away,W,2,1,Sheffield Utd,1.6,0.6,68.0,1.0,Chelsea
2021-02-15,20:00,Matchweek 24,Mon,Home,W,2,0,Newcastle Utd,2.2,0.6,64.0,5.0,Chelsea
2021-02-20,12:30,Matchweek 25,Sat,Away,D,1,1,Southampton,1.2,0.6,70.0,2.0,Chelsea
2021-02-28,16:30,Matchweek 26,Sun,Home,D,0,0,Manchester Utd,1.1,0.4,57.0,6.0,Chelsea
2021-03-04,20:15,Matchweek 29,Thu,Away,W,1,0,Liverpool,1.0,0.3,46.0,4.0,Chelsea
2021-03-08,18:00,Matchweek 27,Mon,Home,W,2,0,Everton,2.4,0.3,65.0,8.0,Chelsea
2021-03-13,12:30,Matchweek 28,Sat,Away,D,0,0,Leeds United,1.0,0.4,62.0,8.0,Chelsea
2021-04-03,12:30,Matchweek 30,Sat,Home,L,2,5,West Brom,2.1,1.6,65.0,7.0,Chelsea
2021-04-10,17:30,Matchweek 31,Sat,Away,W,4,1,Crystal Palace,3.1,0.4,64.0,9.0,Chelsea
2021-04-20,20:15,Matchweek 32,Tue,Home,D,0,0,Brighton,0.7,0.5,64.0,4.0,Chelsea
2021-04-24,17:30,Matchweek 33,Sat,Away,W,1,0,West Ham,2.5,0.4,55.0,6.0,Chelsea
2021-05-01,17:30,Matchweek 34,Sat,Home,W,2,0,Fulham,1.7,0.3,49.0,5.0,Chelsea
2021-05-08,17:30,Matchweek 35,Sat,Away,W,2,1,Manchester City,0.7,1.8,52.0,5.0,Chelsea
2021-05-12,20:15,Matchweek 36,Wed,Home,L,0,1,Arsenal,1.8,0.6,67.0,4.0,Chelsea
2021-05-18,20:15,Matchweek 37,Tue,Home,W,2,1,Leicester City,3.1,0.8,58.0,5.0,Chelsea
2021-05-23,16:00,Matchweek 38,Sun,Away,L,1,2,Aston Villa,3.3,1.1,71.0,7.0,Chelsea
2021-08-14,15:00,Matchweek 1,Sat,Home,W,3,0,Crystal Palace,0.7,0.2,62.0,6.0,Chelsea
2021-08-22,16:30,Matchweek 2,Sun,Away,W,2,0,Arsenal,3.1,0.3,65.0,5.0,Chelsea
2021-08-28,17:30,Matchweek 3,Sat,Away,D,1,1,Liverpool,0.6,2.5,35.0,3.0,Chelsea
2021-09-11,17:30,Matchweek 4,Sat,Home,W,3,0,Aston Villa,1.3,1.2,57.0,4.0,Chelsea
2021-09-19,16:30,Matchweek 5,Sun,Away,W,3,0,Tottenham,2.1,0.5,53.0,9.0,Chelsea
2021-09-25,12:30,Matchweek 6,Sat,Home,L,0,1,Manchester City,0.2,1.7,41.0,0.0,Chelsea
2021-10-02,15:00,Matchweek 7,Sat,Home,W,3,1,Southampton,3.3,1.3,62.0,9.0,Chelsea
2021-10-16,17:30,Matchweek 8,Sat,Away,W,1,0,Brentford,0.3,1.4,55.0,1.0,Chelsea
2021-10-23,12:30,Matchweek 9,Sat,Home,W,7,0,Norwich City,3.1,0.1,62.0,12.0,Chelsea
2021-10-30,15:00,Matchweek 10,Sat,Away,W,3,0,Newcastle Utd,2.2,0.2,79.0,5.0,Chelsea
2021-11-06,15:00,Matchweek 11,Sat,Home,D,1,1,Burnley,1.8,0.7,70.0,4.0,Chelsea
2021-11-20,12:30,Matchweek 12,Sat,Away,W,3,0,Leicester City,2.0,0.4,61.0,7.0,Chelsea
2021-11-28,16:30,Matchweek 13,Sun,Home,D,1,1,Manchester Utd,2.7,0.9,65.0,5.0,Chelsea
2021-12-01,19:30,Matchweek 14,Wed,Away,W,2,1,Watford,0.9,1.0,49.0,4.0,Chelsea
2021-12-04,12:30,Matchweek 15,Sat,Away,L,2,3,West Ham,1.1,1.8,63.0,7.0,Chelsea
2021-12-11,15:00,Matchweek 16,Sat,Home,W,3,2,Leeds United,2.5,1.4,57.0,4.0,Chelsea
2021-12-16,19:45,Matchweek 17,Thu,Home,D,1,1,Everton,2.9,0.6,80.0,10.0,Chelsea
2021-12-19,14:00,Matchweek 18,Sun,Away,D,0,0,Wolves,0.9,0.2,63.0,1.0,Chelsea
2021-12-26,17:30,Matchweek 19,Sun,Away,W,3,1,Aston Villa,2.6,0.4,58.0,2.0,Chelsea
2021-12-29,19:30,Matchweek 20,Wed,Home,D,1,1,Brighton,0.7,0.9,47.0,5.0,Chelsea
2022-01-02,16:30,Matchweek 21,Sun,Home,D,2,2,Liverpool,1.2,1.3,54.0,6.0,Chelsea
2022-01-15,12:30,Matchweek 22,Sat,Away,L,0,1,Manchester City,0.3,1.0,44.0,1.0,Chelsea
2022-01-18,20:00,Matchweek 24,Tue,Away,D,1,1,Brighton,0.7,0.7,56.0,3.0,Chelsea
2022-01-23,16:30,Matchweek 23,Sun,Home,W,2,0,Tottenham,1.2,0.5,64.0,7.0,Chelsea
2022-02-19,15:00,Matchweek 26,Sat,Away,W,1,0,Crystal Palace,0.9,0.5,58.0,3.0,Chelsea
2022-03-05,15:00,Matchweek 28,Sat,Away,W,4,0,Burnley,2.3,0.7,72.0,5.0,Chelsea
2022-03-10,19:30,Matchweek 30,Thu,Away,W,3,1,Norwich City,1.8,1.0,66.0,7.0,Chelsea
2022-03-13,14:00,Matchweek 29,Sun,Home,W,1,0,Newcastle Utd,1.1,0.3,71.0,3.0,Chelsea
2022-04-02,15:00,Matchweek 31,Sat,Home,L,1,4,Brentford,1.3,1.8,70.0,8.0,Chelsea
2022-04-09,15:00,Matchweek 32,Sat,Away,W,6,0,Southampton,4.2,0.5,70.0,14.0,Chelsea
2022-04-20,19:45,Matchweek 25,Wed,Home,L,2,4,Arsenal,0.7,2.0,67.0,2.0,Chelsea
2022-04-24,14:00,Matchweek 34,Sun,Home,W,1,0,West Ham,3.0,0.5,66.0,4.0,Chelsea
2022-04-28,19:45,Matchweek 37,Thu,Away,D,1,1,Manchester Utd,1.9,0.5,64.0,6.0,Chelsea
2022-05-01,14:00,Matchweek 35,Sun,Away,L,0,1,Everton,0.8,0.8,77.0,5.0,Chelsea
2022-05-07,15:00,Matchweek 36,Sat,Home,D,2,2,Wolves,1.7,2.0,59.0,5.0,Chelsea
2022-05-11,19:30,Matchweek 33,Wed,Away,W,3,0,Leeds United,1.3,0.4,67.0,3.0,Chelsea
2022-05-19,20:00,Matchweek 27,Thu,Home,D,1,1,Leicester City,1.6,0.1,67.0,7.0,Chelsea
2022-05-22,16:00,Matchweek 38,Sun,Home,W,2,1,Watford,2.2,0.6,71.0,8.0,Chelsea
2022-08-06,17:30,Matchweek 1,Sat,Away,W,1,0,Everton,1.5,0.7,62.0,5.0,Chelsea
2022-08-14,16:30,Matchweek 2,Sun,Home,D,2,2,Tottenham,1.6,1.0,63.0,3.0,Chelsea
2022-08-21,14:00,Matchweek 3,Sun,Away,L,0,3,Leeds United,0.9,2.1,61.0,3.0,Chelsea
2022-08-27,15:00,Matchweek 4,Sat,Home,W,2,1,Leicester City,1.8,2.5,45.0,4.0,Chelsea
2022-08-30,19:45,Matchweek 5,Tue,Away,L,1,2,Southampton,1.1,1.1,67.0,4.0,Chelsea
2022-09-03,15:00,Matchweek 6,Sat,Home,W,2,1,West Ham,0.9,1.1,67.0,3.0,Chelsea
2022-10-01,15:00,Matchweek 9,Sat,Away,W,2,1,Crystal Palace,1.1,0.4,64.0,3.0,Chelsea
2022-10-08,15:00,Matchweek 10,Sat,Home,W,3,0,Wolves,1.9,1.1,57.0,7.0,Chelsea
2022-10-16,14:00,Matchweek 11,Sun,Away,W,2,0,Aston Villa,0.9,1.8,58.0,4.0,Chelsea
2022-10-19,19:30,Matchweek 12,Wed,Away,D,0,0,Brentford,0.9,1.3,66.0,5.0,Chelsea
2022-10-22,17:30,Matchweek 13,Sat,Home,D,1,1,Manchester Utd,1.1,0.8,48.0,1.0,Chelsea
2022-10-29,15:00,Matchweek 14,Sat,Away,L,1,4,Brighton,1.4,2.4,59.0,7.0,Chelsea
2022-11-06,12:00,Matchweek 15,Sun,Home,L,0,1,Arsenal,0.3,2.1,45.0,1.0,Chelsea
2022-11-12,17:30,Matchweek 16,Sat,Away,L,0,1,Newcastle Utd,0.3,1.0,51.0,2.0,Chelsea
2022-12-27,17:30,Matchweek 17,Tue,Home,W,2,0,Bournemouth,1.8,0.5,60.0,5.0,Chelsea
2023-01-01,16:30,Matchweek 18,Sun,Away,D,1,1,Nott'ham Forest,0.9,1.4,71.0,2.0,Chelsea
2023-01-05,20:00,Matchweek 19,Thu,Home,L,0,1,Manchester City,0.4,2.0,48.0,2.0,Chelsea
2023-01-12,20:00,Matchweek 7,Thu,Away,L,1,2,Fulham,2.1,1.0,52.0,10.0,Chelsea
2023-01-15,14:00,Matchweek 20,Sun,Home,W,1,0,Crystal Palace,1.5,0.7,61.0,5.0,Chelsea
2023-01-21,12:30,Matchweek 21,Sat,Away,D,0,0,Liverpool,1.6,1.4,52.0,2.0,Chelsea
2023-02-03,20:00,Matchweek 22,Fri,Home,D,0,0,Fulham,1.3,0.6,66.0,2.0,Chelsea
2023-02-11,12:30,Matchweek 23,Sat,Away,D,1,1,West Ham,1.1,1.3,71.0,4.0,Chelsea
2023-02-18,15:00,Matchweek 24,Sat,Home,L,0,1,Southampton,1.6,0.6,62.0,4.0,Chelsea
2023-02-26,13:30,Matchweek 25,Sun,Away,L,0,2,Tottenham,0.4,0.8,59.0,2.0,Chelsea
2023-03-04,15:00,Matchweek 26,Sat,Home,W,1,0,Leeds United,1.5,1.0,57.0,3.0,Chelsea
2023-03-11,15:00,Matchweek 27,Sat,Away,W,3,1,Leicester City,1.6,2.4,52.0,6.0,Chelsea
2023-03-18,17:30,Matchweek 28,Sat,Home,D,2,2,Everton,2.3,1.2,68.0,6.0,Chelsea
2023-04-01,17:30,Matchweek 29,Sat,Home,L,0,2,Aston Villa,2.1,0.9,69.0,7.0,Chelsea
2023-04-04,20:00,Matchweek 8,Tue,Home,D,0,0,Liverpool,2.2,0.3,49.0,2.0,Chelsea
2023-04-08,15:00,Matchweek 30,Sat,Away,L,0,1,Wolves,1.1,0.6,62.0,1.0,Chelsea
2023-04-15,15:00,Matchweek 31,Sat,Home,L,1,2,Brighton,0.5,2.9,43.0,2.0,Chelsea
2023-04-26,19:45,Matchweek 33,Wed,Home,L,0,2,Brentford,1.3,1.1,71.0,4.0,Chelsea
2023-05-02,20:00,Matchweek 34,Tue,Away,L,1,3,Arsenal,0.8,1.7,45.0,4.0,Chelsea
2023-05-06,15:00,Matchweek 35,Sat,Away,W,3,1,Bournemouth,1.3,1.2,65.0,5.0,Chelsea
2023-05-13,15:00,Matchweek 36,Sat,Home,D,2,2,Nott'ham Forest,1.2,1.3,75.0,6.0,Chelsea
2023-05-21,16:00,Matchweek 37,Sun,Away,L,0,1,Manchester City,1.2,1.2,36.0,6.0,Chelsea
2023-05-25,20:00,Matchweek 32,Thu,Away,L,1,4,Manchester Utd,1.9,5.2,58.0,5.0,Chelsea
2023-05-28,16:30,Matchweek 38,Sun,Home,D,1,1,Newcastle Utd,2.2,1.7,64.0,4.0,Chelsea
2023-08-13,16:30,Matchweek 1,Sun,Home,D,1,1,Liverpool,1.4,1.3,65.0,4.0,Chelsea
2023-08-20,16:30,Matchweek 2,Sun,Away,L,1,3,West Ham,2.5,1.8,75.0,3.0,Chelsea
2023-08-25,20:00,Matchweek 3,Fri,Home,W,3,0,Luton Town,2.2,0.4,67.0,8.0,Chelsea
2023-09-02,15:00,Matchweek 4,Sat,Home,L,0,1,Nott'ham Forest,2.3,0.8,75.0,2.0,Chelsea
2023-09-17,14:00,Matchweek 5,Sun,Away,D,0,0,Bournemouth,1.8,1.0,64.0,6.0,Chelsea
2023-09-24,14:00,Matchweek 6,Sun,Home,L,0,1,Aston Villa,1.3,1.0,53.0,4.0,Chelsea
2023-10-02,20:00,Matchweek 7,Mon,Away,W,2,0,Fulham,1.7,1.1,44.0,4.0,Chelsea
2023-10-07,15:00,Matchweek 8,Sat,Away,W,4,1,Burnley,1.9,0.7,62.0,4.0,Chelsea
2023-10-21,17:30,Matchweek 9,Sat,Home,D,2,2,Arsenal,1.3,1.0,44.0,4.0,Chelsea
2023-10-28,12:30,Matchweek 10,Sat,Home,L,0,2,Brentford,1.9,2.2,68.0,2.0,Chelsea
2023-11-06,20:00,Matchweek 11,Mon,Away,W,4,1,Tottenham,4.1,0.9,60.0,6.0,Chelsea
2023-11-12,16:30,Matchweek 12,Sun,Home,D,4,4,Manchester City,2.9,2.9,45.0,8.0,Chelsea
2023-11-25,15:00,Matchweek 13,Sat,Away,L,1,4,Newcastle Utd,0.5,2.4,46.0,4.0,Chelsea
2023-12-03,14:00,Matchweek 14,Sun,Home,W,3,2,Brighton,2.1,1.1,32.0,3.0,Chelsea
2023-12-06,20:15,Matchweek 15,Wed,Away,L,1,2,Manchester Utd,1.5,4.1,55.0,3.0,Chelsea
2023-12-10,14:00,Matchweek 16,Sun,Away,L,0,2,Everton,0.9,1.2,71.0,4.0,Chelsea
2023-12-16,15:00,Matchweek 17,Sat,Home,W,2,0,Sheffield Utd,3.1,0.4,78.0,6.0,Chelsea
2023-12-24,13:00,Matchweek 18,Sun,Away,L,1,2,Wolves,2.0,1.3,68.0,4.0,Chelsea
2023-12-27,19:30,Matchweek 19,Wed,Home,W,2,1,Crystal Palace,2.6,1.1,63.0,2.0,Chelsea
2023-12-30,12:30,Matchweek 20,Sat,Away,W,3,2,Luton Town,1.5,2.3,48.0,8.0,Chelsea
2024-01-13,12:30,Matchweek 21,Sat,Home,W,1,0,Fulham,2.2,0.8,55.0,2.0,Chelsea
2024-01-31,20:15,Matchweek 22,Wed,Away,L,1,4,Liverpool,0.6,2.9,50.0,3.0,Chelsea
2024-02-04,14:00,Matchweek 23,Sun,Home,L,2,4,Wolves,1.7,2.0,64.0,4.0,Chelsea
2024-02-12,20:00,Matchweek 24,Mon,Away,W,3,1,Crystal Palace,1.4,0.6,77.0,5.0,Chelsea
2024-02-17,17:30,Matchweek 25,Sat,Away,D,1,1,Manchester City,1.4,2.6,30.0,6.0,Chelsea
2024-03-02,15:00,Matchweek 27,Sat,Away,D,2,2,Brentford,1.8,1.8,67.0,5.0,Chelsea
2024-03-11,20:00,Matchweek 28,Mon,Home,W,3,2,Newcastle Utd,1.6,0.7,44.0,7.0,Chelsea
2024-03-30,15:00,Matchweek 30,Sat,Home,D,2,2,Burnley,4.2,1.6,69.0,12.0,Chelsea
2024-04-04,20:15,Matchweek 31,Thu,Home,W,4,3,Manchester Utd,3.0,1.5,57.0,8.0,Chelsea
2024-04-07,17:30,Matchweek 32,Sun,Away,D,2,2,Sheffield Utd,0.3,1.4,68.0,3.0,Chelsea
2024-04-15,20:00,Matchweek 33,Mon,Home,W,6,0,Everton,3.1,1.5,58.0,9.0,Chelsea
2024-04-23,20:00,Matchweek 29,Tue,Away,L,0,5,Arsenal,1.6,3.3,55.0,1.0,Chelsea
2024-04-27,20:00,Matchweek 35,Sat,Away,D,2,2,Aston Villa,1.6,1.1,71.0,5.0,Chelsea
2024-05-02,19:30,Matchweek 26,Thu,Home,W,2,0,Tottenham,2.2,1.6,37.0,4.0,Chelsea
2024-05-05,14:00,Matchweek 36,Sun,Home,W,5,0,West Ham,4.1,0.9,69.0,14.0,Chelsea
2024-05-11,17:30,Matchweek 37,Sat,Away,W,3,2,Nott'ham Forest,1.6,1.5,67.0,5.0,Chelsea
2024-05-15,19:45,Matchweek 34,Wed,Away,W,2,1,Brighton,1.5,1.3,45.0,6.0,Chelsea
2024-05-19,16:00,Matchweek 38,Sun,Home,W,2,1,Bournemouth,1.1,2.2,61.0,6.0,Chelsea
2024-08-18,16:30,Matchweek 1,Sun,Home,L,0,2,Manchester City,1.0,0.8,48.0,3.0,Chelsea
2024-08-25,14:00,Matchweek 2,Sun,Away,W,6,2,Wolves,1.6,1.9,60.0,8.0,Chelsea
2024-09-01,13:30,Matchweek 3,Sun,Home,D,1,1,Crystal Palace,2.4,0.5,62.0,7.0,Chelsea
2024-09-14,20:00,Matchweek 4,Sat,Away,W,1,0,Bournemouth,0.8,1.7,66.0,3.0,Chelsea
2024-09-21,12:30,Matchweek 5,Sat,Away,W,3,0,West Ham,2.2,0.9,47.0,5.0,Chelsea
2024-09-28,15:00,Matchweek 6,Sat,Home,W,4,2,Brighton,4.2,1.1,41.0,5.0,Chelsea
2024-10-06,14:00,Matchweek 7,Sun,Home,D,1,1,Nott'ham Forest,2.3,0.9,65.0,8.0,Chelsea
2024-10-20,16:30,Matchweek 8,Sun,Away,L,1,2,Liverpool,1.0,1.9,57.0,2.0,Chelsea
2024-10-27,14:00,Matchweek 9,Sun,Home,W,2,1,Newcastle Utd,1.6,1.8,50.0,7.0,Chelsea
2024-11-03,16:30,Matchweek 10,Sun,Away,D,1,1,Manchester Utd,1.1,2.0,54.0,3.0,Chelsea
2024-11-10,16:30,Matchweek 11,Sun,Home,D,1,1,Arsenal,1.5,1.5,49.0,3.0,Chelsea
2024-11-23,12:30,Matchweek 12,Sat,Away,W,2,1,Leicester City,2.7,1.1,63.0,6.0,Chelsea
2024-12-01,13:30,Matchweek 13,Sun,Home,W,3,0,Aston Villa,1.6,1.2,64.0,8.0,Chelsea
2024-12-04,19:30,Matchweek 14,Wed,Away,W,5,1,Southampton,5.2,1.6,55.0,11.0,Chelsea
2024-12-08,16:30,Matchweek 15,Sun,Away,W,4,3,Tottenham,2.8,2.8,61.0,6.0,Chelsea
2024-12-15,19:00,Matchweek 16,Sun,Home,W,2,1,Brentford,2.2,1.6,62.0,8.0,Chelsea
2024-12-22,14:00,Matchweek 17,Sun,Away,D,0,0,Everton,1.2,1.0,75.0,4.0,Chelsea
2024-12-26,15:00,Matchweek 18,Thu,Home,L,1,2,Fulham,1.1,1.8,47.0,8.0,Chelsea
2024-12-30,19:45,Matchweek 19,Mon,Away,L,0,2,Ipswich Town,2.0,1.6,76.0,4.0,Chelsea
2025-01-04,15:00,Matchweek 20,Sat,Away,D,1,1,Crystal Palace,1.2,1.1,61.0,1.0,Chelsea
2025-01-14,19:30,Matchweek 21,Tue,Home,D,2,2,Bournemouth,2.5,1.2,57.0,10.0,Chelsea
2025-01-20,20:00,Matchweek 22,Mon,Home,W,3,1,Wolves,3.1,0.8,63.0,6.0,Chelsea
2025-01-25,17:30,Matchweek 23,Sat,Away,L,1,3,Manchester City,1.8,2.2,44.0,4.0,Chelsea
2025-02-03,20:00,Matchweek 24,Mon,Home,W,2,1,West Ham,1.6,1.2,68.0,3.0,Chelsea
2025-02-14,20:00,Matchweek 25,Fri,Away,L,0,3,Brighton,0.5,1.4,69.0,0.0,Chelsea
2025-02-22,17:30,Matchweek 26,Sat,Away,L,1,2,Aston Villa,2.3,2.3,48.0,6.0,Chelsea
2025-02-25,20:15,Matchweek 27,Tue,Home,W,4,0,Southampton,2.4,0.7,60.0,10.0,Chelsea
2025-03-09,14:00,Matchweek 28,Sun,Home,W,1,0,Leicester City,1.7,0.1,56.0,6.0,Chelsea
2025-03-16,13:30,Matchweek 29,Sun,Away,L,0,1,Arsenal,0.4,0.7,58.0,2.0,Chelsea
2025-04-03,20:00,Matchweek 30,Thu,Home,W,1,0,Tottenham,1.0,0.9,51.0,5.0,Chelsea
2025-04-06,14:00,Matchweek 31,Sun,Away,D,0,0,Brentford,1.2,1.1,58.0,5.0,Chelsea
2025-04-13,14:00,Matchweek 32,Sun,Home,D,2,2,Ipswich Town,2.2,1.1,73.0,9.0,Chelsea
2025-04-20,14:00,Matchweek 33,Sun,Away,W,2,1,Fulham,0.9,0.3,59.0,7.0,Chelsea
2025-04-26,12:30,Matchweek 34,Sat,Home,W,1,0,Everton,0.8,0.4,55.0,7.0,Chelsea
2025-05-04,16:30,Matchweek 35,Sun,Home,W,3,1,Liverpool,3.1,1.0,36.0,5.0,Chelsea
2025-05-11,12:00,Matchweek 36,Sun,Away,L,0,2,Newcastle Utd,0.7,1.6,55.0,3.0,Chelsea
2025-05-16,20:15,Matchweek 37,Fri,Home,W,1,0,Manchester Utd,0.8,0.3,47.0,3.0,Chelsea
2025-05-25,16:00,Matchweek 38,Sun,Away,W,1,0,Nott'ham Forest,1.1,1.2,48.0,2.0,Chelsea
2020-09-12,15:00,Matchweek 1,Sat,Home,W,1,0,Southampton,1.1,0.9,31.0,3.0,Crystal Palace
2020-09-19,17:30,Matchweek 2,Sat,Away,W,3,1,Manchester Utd,1.6,1.2,25.0,4.0,Crystal Palace
2020-09-26,15:00,Matchweek 3,Sat,Home,L,1,2,Everton,0.4,1.9,42.0,1.0,Crystal Palace
2020-10-03,12:30,Matchweek 4,Sat,Away,L,0,4,Chelsea,0.2,2.7,30.0,0.0,Crystal Palace
2020-10-18,14:00,Matchweek 5,Sun,Home,D,1,1,Brighton,0.8,1.7,34.0,0.0,Crystal Palace
2020-10-24,15:00,Matchweek 6,Sat,Away,W,2,1,Fulham,2.5,1.1,36.0,10.0,Crystal Palace
2020-10-30,20:00,Matchweek 7,Fri,Away,L,0,2,Wolves,0.7,1.3,55.0,2.0,Crystal Palace
2020-11-07,15:00,Matchweek 8,Sat,Home,W,4,1,Leeds United,0.9,0.8,36.0,6.0,Crystal Palace
2020-11-23,17:30,Matchweek 9,Mon,Away,L,0,1,Burnley,1.5,1.5,54.0,5.0,Crystal Palace
2020-11-27,20:00,Matchweek 10,Fri,Home,L,0,2,Newcastle Utd,0.6,1.3,57.0,3.0,Crystal Palace
2020-12-06,12:00,Matchweek 11,Sun,Away,W,5,1,West Brom,1.6,0.7,50.0,6.0,Crystal Palace
2020-12-13,14:15,Matchweek 12,Sun,Home,D,1,1,Tottenham,1.6,0.9,44.0,5.0,Crystal Palace
2020-12-16,20:00,Matchweek 13,Wed,Away,D,1,1,West Ham,1.1,0.4,48.0,2.0,Crystal Palace
2020-12-19,12:30,Matchweek 14,Sat,Home,L,0,7,Liverpool,0.3,2.5,36.0,3.0,Crystal Palace
2020-12-26,15:00,Matchweek 15,Sat,Away,L,0,3,Aston Villa,0.9,3.9,61.0,6.0,Crystal Palace
2020-12-28,15:00,Matchweek 16,Mon,Home,D,1,1,Leicester City,0.5,1.9,34.0,1.0,Crystal Palace
2021-01-02,15:00,Matchweek 17,Sat,Home,W,2,0,Sheffield Utd,0.6,0.4,44.0,4.0,Crystal Palace
2021-01-14,20:00,Matchweek 18,Thu,Away,D,0,0,Arsenal,0.8,0.4,33.0,2.0,Crystal Palace
2021-01-17,19:15,Matchweek 19,Sun,Away,L,0,4,Manchester City,0.1,0.7,29.0,0.0,Crystal Palace
2021-01-26,18:00,Matchweek 20,Tue,Home,L,2,3,West Ham,0.7,2.8,54.0,3.0,Crystal Palace
2021-01-30,15:00,Matchweek 21,Sat,Home,W,1,0,Wolves,1.4,0.4,48.0,2.0,Crystal Palace
2021-02-02,20:15,Matchweek 22,Tue,Away,W,2,1,Newcastle Utd,0.7,1.9,39.0,3.0,Crystal Palace
2021-02-08,20:00,Matchweek 23,Mon,Away,L,0,2,Leeds United,0.4,1.9,33.0,3.0,Crystal Palace
2021-02-13,15:00,Matchweek 24,Sat,Home,L,0,3,Burnley,0.5,1.4,54.0,3.0,Crystal Palace
2021-02-22,20:00,Matchweek 25,Mon,Away,W,2,1,Brighton,0.2,2.4,26.0,2.0,Crystal Palace
2021-02-28,12:00,Matchweek 26,Sun,Home,D,0,0,Fulham,0.1,1.4,40.0,0.0,Crystal Palace
2021-03-03,20:15,Matchweek 29,Wed,Home,D,0,0,Manchester Utd,0.9,0.9,37.0,2.0,Crystal Palace
2021-03-07,19:15,Matchweek 27,Sun,Away,L,1,4,Tottenham,0.5,2.7,37.0,1.0,Crystal Palace
2021-03-13,15:00,Matchweek 28,Sat,Home,W,1,0,West Brom,1.2,0.8,45.0,3.0,Crystal Palace
2021-04-05,18:00,Matchweek 30,Mon,Away,D,1,1,Everton,0.7,2.5,52.0,6.0,Crystal Palace
2021-04-10,17:30,Matchweek 31,Sat,Home,L,1,4,Chelsea,0.4,3.1,36.0,1.0,Crystal Palace
2021-04-26,20:00,Matchweek 33,Mon,Away,L,1,2,Leicester City,0.7,1.5,34.0,2.0,Crystal Palace
2021-05-01,12:30,Matchweek 34,Sat,Home,L,0,2,Manchester City,0.9,1.7,32.0,4.0,Crystal Palace
2021-05-08,15:00,Matchweek 35,Sat,Away,W,2,0,Sheffield Utd,2.0,0.7,50.0,8.0,Crystal Palace
2021-05-11,20:15,Matchweek 32,Tue,Away,L,1,3,Southampton,1.5,1.2,38.0,3.0,Crystal Palace
2021-05-16,12:00,Matchweek 36,Sun,Home,W,3,2,Aston Villa,1.9,1.4,45.0,8.0,Crystal Palace
2021-05-19,19:00,Matchweek 37,Wed,Home,L,1,3,Arsenal,1.0,1.8,32.0,6.0,Crystal Palace
2021-05-23,16:00,Matchweek 38,Sun,Away,L,0,2,Liverpool,0.6,1.6,31.0,4.0,Crystal Palace
2021-08-14,15:00,Matchweek 1,Sat,Away,L,0,3,Chelsea,0.2,0.7,38.0,1.0,Crystal Palace
2021-08-21,15:00,Matchweek 2,Sat,Home,D,0,0,Brentford,0.5,0.9,53.0,2.0,Crystal Palace
2021-08-28,15:00,Matchweek 3,Sat,Away,D,2,2,West Ham,1.1,1.3,53.0,2.0,Crystal Palace
2021-09-11,12:30,Matchweek 4,Sat,Home,W,3,0,Tottenham,2.1,0.1,62.0,3.0,Crystal Palace
2021-09-18,15:00,Matchweek 5,Sat,Away,L,0,3,Liverpool,0.6,3.1,41.0,2.0,Crystal Palace
2021-09-27,20:00,Matchweek 6,Mon,Home,D,1,1,Brighton,1.4,0.8,47.0,2.0,Crystal Palace
2021-10-03,14:00,Matchweek 7,Sun,Home,D,2,2,Leicester City,1.5,1.2,60.0,4.0,Crystal Palace
2021-10-18,20:00,Matchweek 8,Mon,Away,D,2,2,Arsenal,0.7,1.7,46.0,6.0,Crystal Palace
2021-10-23,15:00,Matchweek 9,Sat,Home,D,1,1,Newcastle Utd,1.9,0.3,74.0,3.0,Crystal Palace
2021-10-30,15:00,Matchweek 10,Sat,Away,W,2,0,Manchester City,0.7,0.7,32.0,3.0,Crystal Palace
2021-11-06,15:00,Matchweek 11,Sat,Home,W,2,0,Wolves,1.9,0.3,60.0,6.0,Crystal Palace
2021-11-20,15:00,Matchweek 12,Sat,Away,D,3,3,Burnley,1.9,1.5,60.0,8.0,Crystal Palace
2021-11-27,15:00,Matchweek 13,Sat,Home,L,1,2,Aston Villa,1.0,0.5,64.0,3.0,Crystal Palace
2021-11-30,20:15,Matchweek 14,Tue,Away,L,0,1,Leeds United,1.1,1.4,39.0,1.0,Crystal Palace
2021-12-05,14:00,Matchweek 15,Sun,Away,L,0,1,Manchester Utd,0.5,0.9,39.0,2.0,Crystal Palace
2021-12-12,16:30,Matchweek 16,Sun,Home,W,3,1,Everton,1.8,1.0,61.0,6.0,Crystal Palace
2021-12-15,19:30,Matchweek 17,Wed,Home,D,2,2,Southampton,1.2,0.6,59.0,6.0,Crystal Palace
2021-12-26,15:00,Matchweek 19,Sun,Away,L,0,3,Tottenham,0.2,2.3,40.0,0.0,Crystal Palace
2021-12-28,15:00,Matchweek 20,Tue,Home,W,3,0,Norwich City,1.9,0.9,51.0,5.0,Crystal Palace
2022-01-01,17:30,Matchweek 21,Sat,Home,L,2,3,West Ham,2.4,2.2,62.0,6.0,Crystal Palace
2022-01-14,20:00,Matchweek 22,Fri,Away,D,1,1,Brighton,0.2,2.0,37.0,1.0,Crystal Palace
2022-01-23,14:00,Matchweek 23,Sun,Home,L,1,3,Liverpool,2.2,1.9,43.0,5.0,Crystal Palace
2022-02-09,19:45,Matchweek 24,Wed,Away,D,1,1,Norwich City,1.3,0.4,70.0,5.0,Crystal Palace
2022-02-12,15:00,Matchweek 25,Sat,Away,D,0,0,Brentford,0.3,1.6,58.0,3.0,Crystal Palace
2022-02-19,15:00,Matchweek 26,Sat,Home,L,0,1,Chelsea,0.5,0.9,42.0,0.0,Crystal Palace
2022-02-23,19:30,Matchweek 18,Wed,Away,W,4,1,Watford,1.1,1.4,54.0,5.0,Crystal Palace
2022-02-26,15:00,Matchweek 27,Sat,Home,D,1,1,Burnley,1.0,0.2,59.0,4.0,Crystal Palace
2022-03-05,15:00,Matchweek 28,Sat,Away,W,2,0,Wolves,2.7,0.7,37.0,7.0,Crystal Palace
2022-03-14,20:00,Matchweek 29,Mon,Home,D,0,0,Manchester City,0.6,2.8,27.0,1.0,Crystal Palace
2022-04-04,20:00,Matchweek 31,Mon,Home,W,3,0,Arsenal,1.5,0.8,32.0,4.0,Crystal Palace
2022-04-10,14:00,Matchweek 32,Sun,Away,L,1,2,Leicester City,1.4,1.0,49.0,2.0,Crystal Palace
2022-04-20,19:45,Matchweek 30,Wed,Away,L,0,1,Newcastle Utd,0.5,0.9,63.0,2.0,Crystal Palace
2022-04-25,20:00,Matchweek 34,Mon,Home,D,0,0,Leeds United,1.9,0.5,53.0,7.0,Crystal Palace
2022-04-30,15:00,Matchweek 35,Sat,Away,W,2,1,Southampton,1.1,0.6,62.0,5.0,Crystal Palace
2022-05-07,15:00,Matchweek 36,Sat,Home,W,1,0,Watford,2.2,0.4,67.0,6.0,Crystal Palace
2022-05-15,14:00,Matchweek 37,Sun,Away,D,1,1,Aston Villa,1.4,1.0,51.0,4.0,Crystal Palace
2022-05-19,19:45,Matchweek 33,Thu,Away,L,2,3,Everton,1.1,0.8,57.0,5.0,Crystal Palace
2022-05-22,16:00,Matchweek 38,Sun,Home,W,1,0,Manchester Utd,0.6,0.7,39.0,3.0,Crystal Palace
2022-08-05,20:00,Matchweek 1,Fri,Home,L,0,2,Arsenal,1.2,1.0,56.0,2.0,Crystal Palace
2022-08-15,20:00,Matchweek 2,Mon,Away,D,1,1,Liverpool,1.0,2.0,28.0,3.0,Crystal Palace
2022-08-20,15:00,Matchweek 3,Sat,Home,W,3,1,Aston Villa,2.6,0.9,51.0,8.0,Crystal Palace
2022-08-27,15:00,Matchweek 4,Sat,Away,L,2,4,Manchester City,0.1,2.2,26.0,2.0,Crystal Palace
2022-08-30,19:30,Matchweek 5,Tue,Home,D,1,1,Brentford,1.0,1.4,49.0,4.0,Crystal Palace
2022-09-03,15:00,Matchweek 6,Sat,Away,D,0,0,Newcastle Utd,1.0,2.8,48.0,9.0,Crystal Palace
2022-10-01,15:00,Matchweek 9,Sat,Home,L,1,2,Chelsea,0.4,1.1,36.0,3.0,Crystal Palace
2022-10-09,14:00,Matchweek 10,Sun,Home,W,2,1,Leeds United,1.1,1.0,54.0,5.0,Crystal Palace
2022-10-15,12:30,Matchweek 11,Sat,Away,D,0,0,Leicester City,0.4,1.0,46.0,1.0,Crystal Palace
2022-10-18,20:15,Matchweek 12,Tue,Home,W,2,1,Wolves,1.2,0.8,51.0,4.0,Crystal Palace
2022-10-22,15:00,Matchweek 13,Sat,Away,L,0,3,Everton,0.9,1.4,54.0,2.0,Crystal Palace
2022-10-29,15:00,Matchweek 14,Sat,Home,W,1,0,Southampton,0.9,1.3,44.0,3.0,Crystal Palace
2022-11-06,14:00,Matchweek 15,Sun,Away,W,2,1,West Ham,1.0,0.3,58.0,6.0,Crystal Palace
2022-11-12,15:00,Matchweek 16,Sat,Away,L,0,1,Nott'ham Forest,1.2,1.1,68.0,0.0,Crystal Palace
2022-12-26,15:00,Matchweek 17,Mon,Home,L,0,3,Fulham,0.4,2.5,36.0,0.0,Crystal Palace
2022-12-31,15:00,Matchweek 18,Sat,Away,W,2,0,Bournemouth,1.6,0.6,41.0,6.0,Crystal Palace
2023-01-04,20:00,Matchweek 19,Wed,Home,L,0,4,Tottenham,0.8,1.4,47.0,4.0,Crystal Palace
2023-01-15,14:00,Matchweek 20,Sun,Away,L,0,1,Chelsea,0.7,1.5,39.0,5.0,Crystal Palace
2023-01-18,20:00,Matchweek 7,Wed,Home,D,1,1,Manchester Utd,0.5,2.1,40.0,5.0,Crystal Palace
2023-01-21,17:30,Matchweek 21,Sat,Home,D,0,0,Newcastle Utd,0.3,1.2,40.0,1.0,Crystal Palace
2023-02-04,15:00,Matchweek 22,Sat,Away,L,1,2,Manchester Utd,1.3,2.0,48.0,3.0,Crystal Palace
2023-02-11,15:00,Matchweek 23,Sat,Home,D,1,1,Brighton,1.1,2.5,27.0,1.0,Crystal Palace
2023-02-18,15:00,Matchweek 24,Sat,Away,D,1,1,Brentford,1.1,0.9,41.0,4.0,Crystal Palace
2023-02-25,19:45,Matchweek 25,Sat,Home,D,0,0,Liverpool,0.7,0.9,37.0,0.0,Crystal Palace
2023-03-04,15:00,Matchweek 26,Sat,Away,L,0,1,Aston Villa,0.2,1.2,42.0,0.0,Crystal Palace
2023-03-11,17:30,Matchweek 27,Sat,Home,L,0,1,Manchester City,0.2,2.1,33.0,0.0,Crystal Palace
2023-03-15,19:30,Matchweek 8,Wed,Away,L,0,1,Brighton,1.1,0.6,43.0,3.0,Crystal Palace
2023-03-19,14:00,Matchweek 28,Sun,Away,L,1,4,Arsenal,0.8,1.6,38.0,5.0,Crystal Palace
2023-04-01,15:00,Matchweek 29,Sat,Home,W,2,1,Leicester City,2.3,0.2,52.0,9.0,Crystal Palace
2023-04-09,14:00,Matchweek 30,Sun,Away,W,5,1,Leeds United,3.0,0.9,52.0,7.0,Crystal Palace
2023-04-15,15:00,Matchweek 31,Sat,Away,W,2,0,Southampton,0.9,0.8,42.0,2.0,Crystal Palace
2023-04-22,15:00,Matchweek 32,Sat,Home,D,0,0,Everton,0.5,0.4,56.0,2.0,Crystal Palace
2023-04-25,19:30,Matchweek 33,Tue,Away,L,0,2,Wolves,0.8,1.4,59.0,4.0,Crystal Palace
2023-04-29,12:30,Matchweek 34,Sat,Home,W,4,3,West Ham,2.1,1.7,59.0,5.0,Crystal Palace
2023-05-06,15:00,Matchweek 35,Sat,Away,L,0,1,Tottenham,0.4,0.9,44.0,2.0,Crystal Palace
2023-05-13,15:00,Matchweek 36,Sat,Home,W,2,0,Bournemouth,1.5,0.3,59.0,5.0,Crystal Palace
2023-05-20,15:00,Matchweek 37,Sat,Away,D,2,2,Fulham,1.6,1.7,51.0,5.0,Crystal Palace
2023-05-28,16:30,Matchweek 38,Sun,Home,D,1,1,Nott'ham Forest,1.4,0.5,66.0,3.0,Crystal Palace
2023-08-12,15:00,Matchweek 1,Sat,Away,W,1,0,Sheffield Utd,1.9,0.5,68.0,8.0,Crystal Palace
2023-08-21,20:00,Matchweek 2,Mon,Home,L,0,1,Arsenal,1.0,2.0,47.0,2.0,Crystal Palace
2023-08-26,15:00,Matchweek 3,Sat,Away,D,1,1,Brentford,0.8,1.0,40.0,5.0,Crystal Palace
2023-09-03,14:00,Matchweek 4,Sun,Home,W,3,2,Wolves,2.1,1.2,43.0,10.0,Crystal Palace
2023-09-16,15:00,Matchweek 5,Sat,Away,L,1,3,Aston Villa,1.2,3.0,34.0,3.0,Crystal Palace
2023-09-23,15:00,Matchweek 6,Sat,Home,D,0,0,Fulham,0.3,0.6,51.0,3.0,Crystal Palace
2023-09-30,15:00,Matchweek 7,Sat,Away,W,1,0,Manchester Utd,0.9,1.3,23.0,2.0,Crystal Palace
2023-10-07,17:30,Matchweek 8,Sat,Home,D,0,0,Nott'ham Forest,0.8,1.0,52.0,2.0,Crystal Palace
2023-10-21,15:00,Matchweek 9,Sat,Away,L,0,4,Newcastle Utd,1.2,2.4,41.0,3.0,Crystal Palace
2023-10-27,20:00,Matchweek 10,Fri,Home,L,1,2,Tottenham,0.6,1.1,25.0,3.0,Crystal Palace
2023-11-04,15:00,Matchweek 11,Sat,Away,W,2,0,Burnley,1.3,1.1,33.0,3.0,Crystal Palace
2023-11-11,15:00,Matchweek 12,Sat,Home,L,2,3,Everton,2.2,1.5,67.0,3.0,Crystal Palace
2023-11-25,15:00,Matchweek 13,Sat,Away,L,1,2,Luton Town,1.6,0.9,61.0,8.0,Crystal Palace
2023-12-03,14:00,Matchweek 14,Sun,Away,D,1,1,West Ham,0.9,1.1,45.0,2.0,Crystal Palace
2023-12-06,19:30,Matchweek 15,Wed,Home,L,0,2,Bournemouth,1.0,1.8,59.0,3.0,Crystal Palace
2023-12-09,12:30,Matchweek 16,Sat,Home,L,1,2,Liverpool,1.7,1.2,24.0,3.0,Crystal Palace
2023-12-16,15:00,Matchweek 17,Sat,Away,D,2,2,Manchester City,1.8,1.6,26.0,1.0,Crystal Palace
2023-12-21,20:00,Matchweek 18,Thu,Home,D,1,1,Brighton,1.3,1.2,35.0,3.0,Crystal Palace
2023-12-27,19:30,Matchweek 19,Wed,Away,L,1,2,Chelsea,1.1,2.6,37.0,5.0,Crystal Palace
2023-12-30,15:00,Matchweek 20,Sat,Home,W,3,1,Brentford,1.0,1.4,46.0,6.0,Crystal Palace
2024-01-20,12:30,Matchweek 21,Sat,Away,L,0,5,Arsenal,0.3,3.3,40.0,5.0,Crystal Palace
2024-01-30,20:00,Matchweek 22,Tue,Home,W,3,2,Sheffield Utd,1.1,0.8,53.0,4.0,Crystal Palace
2024-02-03,15:00,Matchweek 23,Sat,Away,L,1,4,Brighton,0.3,1.4,32.0,5.0,Crystal Palace
2024-02-12,20:00,Matchweek 24,Mon,Home,L,1,3,Chelsea,0.6,1.4,23.0,4.0,Crystal Palace
2024-02-19,20:00,Matchweek 25,Mon,Away,D,1,1,Everton,0.7,1.7,39.0,3.0,Crystal Palace
2024-02-24,15:00,Matchweek 26,Sat,Home,W,3,0,Burnley,2.4,0.1,56.0,5.0,Crystal Palace
2024-03-02,15:00,Matchweek 27,Sat,Away,L,1,3,Tottenham,0.3,1.9,22.0,1.0,Crystal Palace
2024-03-09,15:00,Matchweek 28,Sat,Home,D,1,1,Luton Town,2.7,0.8,49.0,4.0,Crystal Palace
2024-03-30,15:00,Matchweek 30,Sat,Away,D,1,1,Nott'ham Forest,1.2,0.9,41.0,3.0,Crystal Palace
2024-04-02,19:45,Matchweek 31,Tue,Away,L,0,1,Bournemouth,0.2,1.1,50.0,2.0,Crystal Palace
2024-04-06,12:30,Matchweek 32,Sat,Home,L,2,4,Manchester City,1.1,1.9,25.0,4.0,Crystal Palace
2024-04-14,14:00,Matchweek 33,Sun,Away,W,1,0,Liverpool,2.0,2.7,31.0,4.0,Crystal Palace
2024-04-21,15:00,Matchweek 34,Sun,Home,W,5,2,West Ham,2.4,1.3,60.0,7.0,Crystal Palace
2024-04-24,20:00,Matchweek 29,Wed,Home,W,2,0,Newcastle Utd,0.9,0.4,47.0,7.0,Crystal Palace
2024-04-27,15:00,Matchweek 35,Sat,Away,D,1,1,Fulham,1.0,1.1,47.0,4.0,Crystal Palace
2024-05-06,20:00,Matchweek 36,Mon,Home,W,4,0,Manchester Utd,1.7,0.4,43.0,10.0,Crystal Palace
2024-05-11,15:00,Matchweek 37,Sat,Away,W,3,1,Wolves,2.6,1.6,38.0,3.0,Crystal Palace
2024-05-19,16:00,Matchweek 38,Sun,Home,W,5,0,Aston Villa,2.5,0.9,54.0,9.0,Crystal Palace
2024-08-18,14:00,Matchweek 1,Sun,Away,L,1,2,Brentford,1.2,1.6,54.0,6.0,Crystal Palace
2024-08-24,15:00,Matchweek 2,Sat,Home,L,0,2,West Ham,1.3,1.4,58.0,2.0,Crystal Palace
2024-09-01,13:30,Matchweek 3,Sun,Away,D,1,1,Chelsea,0.5,2.4,38.0,3.0,Crystal Palace
2024-09-14,15:00,Matchweek 4,Sat,Home,D,2,2,Leicester City,2.5,1.2,66.0,3.0,Crystal Palace
2024-09-21,17:30,Matchweek 5,Sat,Home,D,0,0,Manchester Utd,1.0,1.6,33.0,4.0,Crystal Palace
2024-09-28,15:00,Matchweek 6,Sat,Away,L,1,2,Everton,0.9,0.9,59.0,4.0,Crystal Palace
2024-10-05,12:30,Matchweek 7,Sat,Home,L,0,1,Liverpool,0.6,1.4,32.0,5.0,Crystal Palace
2024-10-21,20:00,Matchweek 8,Mon,Away,L,0,1,Nott'ham Forest,1.0,1.7,49.0,7.0,Crystal Palace
2024-10-27,14:00,Matchweek 9,Sun,Home,W,1,0,Tottenham,0.8,0.7,34.0,6.0,Crystal Palace
2024-11-02,17:30,Matchweek 10,Sat,Away,D,2,2,Wolves,2.4,1.5,43.0,6.0,Crystal Palace
2024-11-09,15:00,Matchweek 11,Sat,Home,L,0,2,Fulham,1.5,1.8,36.0,4.0,Crystal Palace
2024-11-23,15:00,Matchweek 12,Sat,Away,D,2,2,Aston Villa,1.3,3.0,31.0,6.0,Crystal Palace
2024-11-30,15:00,Matchweek 13,Sat,Home,D,1,1,Newcastle Utd,1.7,0.0,49.0,3.0,Crystal Palace
2024-12-03,19:30,Matchweek 14,Tue,Away,W,1,0,Ipswich Town,1.6,0.5,46.0,3.0,Crystal Palace
2024-12-07,15:00,Matchweek 15,Sat,Home,D,2,2,Manchester City,1.3,1.4,32.0,3.0,Crystal Palace
2024-12-15,14:00,Matchweek 16,Sun,Away,W,3,1,Brighton,2.2,1.0,36.0,5.0,Crystal Palace
2024-12-21,17:30,Matchweek 17,Sat,Home,L,1,5,Arsenal,1.6,2.5,42.0,6.0,Crystal Palace
2024-12-26,15:00,Matchweek 18,Thu,Away,D,0,0,Bournemouth,0.4,1.4,48.0,4.0,Crystal Palace
2024-12-29,15:00,Matchweek 19,Sun,Home,W,2,1,Southampton,2.0,0.9,47.0,9.0,Crystal Palace
2025-01-04,15:00,Matchweek 20,Sat,Home,D,1,1,Chelsea,1.1,1.2,39.0,6.0,Crystal Palace
2025-01-15,19:30,Matchweek 21,Wed,Away,W,2,0,Leicester City,1.8,1.7,43.0,4.0,Crystal Palace
2025-01-18,15:00,Matchweek 22,Sat,Away,W,2,0,West Ham,1.3,0.3,47.0,6.0,Crystal Palace
2025-01-26,14:00,Matchweek 23,Sun,Home,L,1,2,Brentford,1.1,1.3,47.0,5.0,Crystal Palace
2025-02-02,14:00,Matchweek 24,Sun,Away,W,2,0,Manchester Utd,2.6,1.1,34.0,3.0,Crystal Palace
2025-02-15,17:30,Matchweek 25,Sat,Home,L,1,2,Everton,1.6,0.9,58.0,6.0,Crystal Palace
2025-02-22,15:00,Matchweek 26,Sat,Away,W,2,0,Fulham,1.3,0.2,38.0,5.0,Crystal Palace
2025-02-25,19:30,Matchweek 27,Tue,Home,W,4,1,Aston Villa,4.3,0.4,36.0,6.0,Crystal Palace
2025-03-08,15:00,Matchweek 28,Sat,Home,W,1,0,Ipswich Town,3.2,1.5,55.0,4.0,Crystal Palace
2025-04-02,19:45,Matchweek 30,Wed,Away,D,1,1,Southampton,0.7,0.7,57.0,3.0,Crystal Palace
2025-04-05,15:00,Matchweek 31,Sat,Home,W,2,1,Brighton,0.6,1.0,38.0,3.0,Crystal Palace
2025-04-12,12:30,Matchweek 32,Sat,Away,L,2,5,Manchester City,1.8,3.7,33.0,3.0,Crystal Palace
2025-04-16,19:30,Matchweek 29,Wed,Away,L,0,5,Newcastle Utd,2.0,1.5,41.0,2.0,Crystal Palace
2025-04-19,15:00,Matchweek 33,Sat,Home,D,0,0,Bournemouth,0.4,0.7,29.0,0.0,Crystal Palace
2025-04-23,20:00,Matchweek 34,Wed,Away,D,2,2,Arsenal,1.7,1.2,33.0,4.0,Crystal Palace
2025-05-05,20:00,Matchweek 35,Mon,Home,D,1,1,Nott'ham Forest,2.3,0.7,50.0,2.0,Crystal Palace
2025-05-11,14:15,Matchweek 36,Sun,Away,W,2,0,Tottenham,3.3,0.7,52.0,9.0,Crystal Palace
2025-05-20,20:00,Matchweek 37,Tue,Home,W,4,2,Wolves,1.7,1.4,31.0,10.0,Crystal Palace
2025-05-25,16:00,Matchweek 38,Sun,Away,D,1,1,Liverpool,1.8,2.1,31.0,5.0,Crystal Palace
2020-09-13,16:30,Matchweek 1,Sun,Away,W,1,0,Tottenham,1.2,1.1,48.0,4.0,Everton
2020-09-19,12:30,Matchweek 2,Sat,Home,W,5,2,West Brom,3.9,0.3,71.0,7.0,Everton
2020-09-26,15:00,Matchweek 3,Sat,Away,W,2,1,Crystal Palace,1.9,0.4,58.0,4.0,Everton
2020-10-03,15:00,Matchweek 4,Sat,Home,W,4,2,Brighton,1.6,1.3,43.0,6.0,Everton
2020-10-17,12:30,Matchweek 5,Sat,Home,D,2,2,Liverpool,1.2,2.6,42.0,5.0,Everton
2020-10-25,14:00,Matchweek 6,Sun,Away,L,0,2,Southampton,0.4,0.7,46.0,2.0,Everton
2020-11-01,14:00,Matchweek 7,Sun,Away,L,1,2,Newcastle Utd,1.5,2.9,61.0,4.0,Everton
2020-11-07,12:30,Matchweek 8,Sat,Home,L,1,3,Manchester Utd,0.4,1.5,55.0,1.0,Everton
2020-11-22,12:00,Matchweek 9,Sun,Away,W,3,2,Fulham,2.0,1.9,46.0,7.0,Everton
2020-11-28,17:30,Matchweek 10,Sat,Home,L,0,1,Leeds United,1.2,2.9,41.0,8.0,Everton
2020-12-05,12:30,Matchweek 11,Sat,Away,D,1,1,Burnley,2.2,0.8,58.0,6.0,Everton
2020-12-12,20:00,Matchweek 12,Sat,Home,W,1,0,Chelsea,1.2,0.7,29.0,3.0,Everton
2020-12-16,18:00,Matchweek 13,Wed,Away,W,2,0,Leicester City,1.4,0.8,39.0,6.0,Everton
2020-12-19,17:30,Matchweek 14,Sat,Home,W,2,1,Arsenal,0.6,1.4,43.0,2.0,Everton
2020-12-26,20:00,Matchweek 15,Sat,Away,W,1,0,Sheffield Utd,0.7,1.4,56.0,3.0,Everton
2021-01-01,17:30,Matchweek 17,Fri,Home,L,0,1,West Ham,0.4,1.3,60.0,2.0,Everton
2021-01-12,20:15,Matchweek 18,Tue,Away,W,2,1,Wolves,0.6,0.7,48.0,3.0,Everton
2021-01-27,20:15,Matchweek 20,Wed,Home,D,1,1,Leicester City,0.5,1.2,35.0,2.0,Everton
2021-01-30,12:30,Matchweek 21,Sat,Home,L,0,2,Newcastle Utd,0.8,1.7,60.0,3.0,Everton
2021-02-03,19:30,Matchweek 22,Wed,Away,W,2,1,Leeds United,1.6,1.3,37.0,6.0,Everton
2021-02-06,20:00,Matchweek 23,Sat,Away,D,3,3,Manchester Utd,1.5,1.8,39.0,3.0,Everton
2021-02-14,19:00,Matchweek 24,Sun,Home,L,0,2,Fulham,0.3,2.5,50.0,2.0,Everton
2021-02-17,20:15,Matchweek 16,Wed,Home,L,1,3,Manchester City,1.0,1.0,29.0,2.0,Everton
2021-02-20,17:30,Matchweek 25,Sat,Away,W,2,0,Liverpool,1.6,1.4,29.0,5.0,Everton
2021-03-01,20:00,Matchweek 26,Mon,Home,W,1,0,Southampton,1.2,0.6,47.0,1.0,Everton
2021-03-04,18:00,Matchweek 29,Thu,Away,W,1,0,West Brom,1.0,1.0,51.0,3.0,Everton
2021-03-08,18:00,Matchweek 27,Mon,Away,L,0,2,Chelsea,0.3,2.4,35.0,1.0,Everton
2021-03-13,17:30,Matchweek 28,Sat,Home,L,1,2,Burnley,1.5,0.8,65.0,4.0,Everton
2021-04-05,18:00,Matchweek 30,Mon,Home,D,1,1,Crystal Palace,2.5,0.7,48.0,7.0,Everton
2021-04-12,20:15,Matchweek 31,Mon,Away,D,0,0,Brighton,0.4,1.2,45.0,1.0,Everton
2021-04-16,20:00,Matchweek 32,Fri,Home,D,2,2,Tottenham,1.8,1.4,53.0,6.0,Everton
2021-04-23,20:00,Matchweek 33,Fri,Away,W,1,0,Arsenal,0.5,0.8,41.0,1.0,Everton
2021-05-01,20:00,Matchweek 34,Sat,Home,L,1,2,Aston Villa,1.0,1.6,47.0,3.0,Everton
2021-05-09,16:30,Matchweek 35,Sun,Away,W,1,0,West Ham,1.5,1.3,32.0,3.0,Everton
2021-05-13,18:00,Matchweek 19,Thu,Away,D,0,0,Aston Villa,1.0,0.6,42.0,5.0,Everton
2021-05-16,19:00,Matchweek 36,Sun,Home,L,0,1,Sheffield Utd,1.4,1.2,62.0,6.0,Everton
2021-05-19,18:00,Matchweek 37,Wed,Home,W,1,0,Wolves,0.7,0.3,41.0,4.0,Everton
2021-05-23,16:00,Matchweek 38,Sun,Away,L,0,5,Manchester City,1.1,2.5,33.0,2.0,Everton
2021-08-14,15:00,Matchweek 1,Sat,Home,W,3,1,Southampton,2.4,0.8,48.0,6.0,Everton
2021-08-21,15:00,Matchweek 2,Sat,Away,D,2,2,Leeds United,1.8,1.2,31.0,7.0,Everton
2021-08-28,15:00,Matchweek 3,Sat,Away,W,2,0,Brighton,1.4,0.7,35.0,4.0,Everton
2021-09-13,20:00,Matchweek 4,Mon,Home,W,3,1,Burnley,1.4,1.0,52.0,6.0,Everton
2021-09-18,17:30,Matchweek 5,Sat,Away,L,0,3,Aston Villa,0.7,0.8,45.0,1.0,Everton
2021-09-25,15:00,Matchweek 6,Sat,Home,W,2,0,Norwich City,1.9,0.5,47.0,3.0,Everton
2021-10-02,12:30,Matchweek 7,Sat,Away,D,1,1,Manchester Utd,1.3,1.0,28.0,2.0,Everton
2021-10-17,14:00,Matchweek 8,Sun,Home,L,0,1,West Ham,0.9,1.2,39.0,2.0,Everton
2021-10-23,15:00,Matchweek 9,Sat,Home,L,2,5,Watford,1.5,3.7,49.0,4.0,Everton
2021-11-01,20:00,Matchweek 10,Mon,Away,L,1,2,Wolves,1.5,1.7,39.0,5.0,Everton
2021-11-07,14:00,Matchweek 11,Sun,Home,D,0,0,Tottenham,0.6,0.7,45.0,2.0,Everton
2021-11-21,14:00,Matchweek 12,Sun,Away,L,0,3,Manchester City,0.2,2.5,23.0,1.0,Everton
2021-11-28,14:00,Matchweek 13,Sun,Away,L,0,1,Brentford,1.0,1.2,60.0,5.0,Everton
2021-12-01,20:15,Matchweek 14,Wed,Home,L,1,4,Liverpool,0.7,2.4,33.0,2.0,Everton
2021-12-06,20:00,Matchweek 15,Mon,Home,W,2,1,Arsenal,0.9,1.0,37.0,5.0,Everton
2021-12-12,16:30,Matchweek 16,Sun,Away,L,1,3,Crystal Palace,1.0,1.8,39.0,6.0,Everton
2021-12-16,19:45,Matchweek 17,Thu,Away,D,1,1,Chelsea,0.6,2.9,20.0,3.0,Everton
2022-01-02,14:00,Matchweek 21,Sun,Home,L,2,3,Brighton,1.6,1.7,50.0,6.0,Everton
2022-01-15,15:00,Matchweek 22,Sat,Away,L,1,2,Norwich City,0.6,1.0,59.0,5.0,Everton
2022-01-22,12:30,Matchweek 23,Sat,Home,L,0,1,Aston Villa,1.6,0.8,50.0,0.0,Everton
2022-02-08,19:45,Matchweek 24,Tue,Away,L,1,3,Newcastle Utd,0.7,1.9,60.0,2.0,Everton
2022-02-12,15:00,Matchweek 25,Sat,Home,W,3,0,Leeds United,2.7,0.3,42.0,10.0,Everton
2022-02-19,15:00,Matchweek 26,Sat,Away,L,0,2,Southampton,0.3,2.5,45.0,0.0,Everton
2022-02-26,17:30,Matchweek 27,Sat,Home,L,0,1,Manchester City,0.5,1.8,33.0,2.0,Everton
2022-03-07,20:00,Matchweek 28,Mon,Away,L,0,5,Tottenham,0.2,2.5,45.0,0.0,Everton
2022-03-13,14:00,Matchweek 29,Sun,Home,L,0,1,Wolves,0.4,0.8,39.0,2.0,Everton
2022-03-17,19:45,Matchweek 20,Thu,Home,W,1,0,Newcastle Utd,0.7,0.9,39.0,3.0,Everton
2022-04-03,14:00,Matchweek 31,Sun,Away,L,1,2,West Ham,0.7,1.2,45.0,2.0,Everton
2022-04-06,19:30,Matchweek 19,Wed,Away,L,2,3,Burnley,2.4,2.0,48.0,2.0,Everton
2022-04-09,12:30,Matchweek 32,Sat,Home,W,1,0,Manchester Utd,0.4,0.8,33.0,3.0,Everton
2022-04-20,19:45,Matchweek 18,Wed,Home,D,1,1,Leicester City,1.8,0.9,37.0,3.0,Everton
2022-04-24,16:30,Matchweek 34,Sun,Away,L,0,2,Liverpool,0.4,1.7,18.0,1.0,Everton
2022-05-01,14:00,Matchweek 35,Sun,Home,W,1,0,Chelsea,0.8,0.8,23.0,4.0,Everton
2022-05-08,14:00,Matchweek 36,Sun,Away,W,2,1,Leicester City,1.1,1.5,34.0,4.0,Everton
2022-05-11,19:45,Matchweek 30,Wed,Away,D,0,0,Watford,0.7,0.3,52.0,5.0,Everton
2022-05-15,16:30,Matchweek 37,Sun,Home,L,2,3,Brentford,2.1,1.4,28.0,4.0,Everton
2022-05-19,19:45,Matchweek 33,Thu,Home,W,3,2,Crystal Palace,0.8,1.1,43.0,6.0,Everton
2022-05-22,16:00,Matchweek 38,Sun,Away,L,1,5,Arsenal,1.1,4.2,27.0,2.0,Everton
2022-08-06,17:30,Matchweek 1,Sat,Home,L,0,1,Chelsea,0.7,1.5,38.0,3.0,Everton
2022-08-13,12:30,Matchweek 2,Sat,Away,L,1,2,Aston Villa,1.6,2.3,43.0,4.0,Everton
2022-08-20,15:00,Matchweek 3,Sat,Home,D,1,1,Nott'ham Forest,1.5,1.0,49.0,8.0,Everton
2022-08-27,15:00,Matchweek 4,Sat,Away,D,1,1,Brentford,1.1,2.1,42.0,7.0,Everton
2022-08-30,20:00,Matchweek 5,Tue,Away,D,1,1,Leeds United,1.0,1.0,31.0,2.0,Everton
2022-09-03,12:30,Matchweek 6,Sat,Home,D,0,0,Liverpool,1.7,2.1,39.0,3.0,Everton
2022-09-18,14:15,Matchweek 8,Sun,Home,W,1,0,West Ham,0.4,1.0,53.0,2.0,Everton
2022-10-01,15:00,Matchweek 9,Sat,Away,W,2,1,Southampton,2.0,1.7,45.0,5.0,Everton
2022-10-09,19:00,Matchweek 10,Sun,Home,L,1,2,Manchester Utd,0.6,1.4,40.0,2.0,Everton
2022-10-15,17:30,Matchweek 11,Sat,Away,L,0,2,Tottenham,0.4,2.2,38.0,0.0,Everton
2022-10-19,19:30,Matchweek 12,Wed,Away,L,0,1,Newcastle Utd,0.2,1.5,51.0,0.0,Everton
2022-10-22,15:00,Matchweek 13,Sat,Home,W,3,0,Crystal Palace,1.4,0.9,46.0,6.0,Everton
2022-10-29,17:30,Matchweek 14,Sat,Away,D,0,0,Fulham,0.9,1.9,44.0,4.0,Everton
2022-11-05,17:30,Matchweek 15,Sat,Home,L,0,2,Leicester City,1.2,2.3,49.0,2.0,Everton
2022-11-12,15:00,Matchweek 16,Sat,Away,L,0,3,Bournemouth,0.8,2.4,64.0,3.0,Everton
2022-12-26,15:00,Matchweek 17,Mon,Home,L,1,2,Wolves,1.7,0.8,58.0,5.0,Everton
2022-12-31,15:00,Matchweek 18,Sat,Away,D,1,1,Manchester City,0.1,1.7,26.0,1.0,Everton
2023-01-03,19:45,Matchweek 19,Tue,Home,L,1,4,Brighton,1.3,2.2,49.0,3.0,Everton
2023-01-14,15:00,Matchweek 20,Sat,Home,L,1,2,Southampton,1.4,1.2,52.0,4.0,Everton
2023-01-21,15:00,Matchweek 21,Sat,Away,L,0,2,West Ham,0.5,2.2,67.0,2.0,Everton
2023-02-04,12:30,Matchweek 22,Sat,Home,W,1,0,Arsenal,1.7,0.9,30.0,4.0,Everton
2023-02-13,20:00,Matchweek 23,Mon,Away,L,0,2,Liverpool,0.4,2.3,41.0,1.0,Everton
2023-02-18,15:00,Matchweek 24,Sat,Home,W,1,0,Leeds United,1.4,0.5,51.0,4.0,Everton
2023-02-25,15:00,Matchweek 25,Sat,Home,L,0,2,Aston Villa,1.6,1.9,47.0,4.0,Everton
2023-03-01,19:45,Matchweek 7,Wed,Away,L,0,4,Arsenal,1.2,2.4,27.0,5.0,Everton
2023-03-05,14:00,Matchweek 26,Sun,Away,D,2,2,Nott'ham Forest,1.7,0.8,43.0,2.0,Everton
2023-03-11,15:00,Matchweek 27,Sat,Home,W,1,0,Brentford,1.0,2.0,33.0,6.0,Everton
2023-03-18,17:30,Matchweek 28,Sat,Away,D,2,2,Chelsea,1.2,2.3,32.0,3.0,Everton
2023-04-03,20:00,Matchweek 29,Mon,Home,D,1,1,Tottenham,0.9,1.4,39.0,6.0,Everton
2023-04-08,12:30,Matchweek 30,Sat,Away,L,0,2,Manchester Utd,1.0,3.4,37.0,1.0,Everton
2023-04-15,15:00,Matchweek 31,Sat,Home,L,1,3,Fulham,1.4,1.8,46.0,7.0,Everton
2023-04-22,15:00,Matchweek 32,Sat,Away,D,0,0,Crystal Palace,0.4,0.5,44.0,5.0,Everton
2023-04-27,19:45,Matchweek 33,Thu,Home,L,1,4,Newcastle Utd,0.9,2.4,40.0,5.0,Everton
2023-05-01,20:00,Matchweek 34,Mon,Away,D,2,2,Leicester City,3.1,3.4,46.0,7.0,Everton
2023-05-08,17:30,Matchweek 35,Mon,Away,W,5,1,Brighton,2.3,3.2,22.0,5.0,Everton
2023-05-14,14:00,Matchweek 36,Sun,Home,L,0,3,Manchester City,1.6,0.8,37.0,2.0,Everton
2023-05-20,15:00,Matchweek 37,Sat,Away,D,1,1,Wolves,2.0,1.6,48.0,4.0,Everton
2023-05-28,16:30,Matchweek 38,Sun,Home,W,1,0,Bournemouth,1.0,0.5,38.0,6.0,Everton
2023-08-12,15:00,Matchweek 1,Sat,Home,L,0,1,Fulham,2.7,1.5,42.0,9.0,Everton
2023-08-20,14:00,Matchweek 2,Sun,Away,L,0,4,Aston Villa,0.6,2.9,40.0,2.0,Everton
2023-08-26,15:00,Matchweek 3,Sat,Home,L,0,1,Wolves,1.3,1.1,47.0,7.0,Everton
2023-09-02,12:30,Matchweek 4,Sat,Away,D,2,2,Sheffield Utd,2.5,1.2,54.0,6.0,Everton
2023-09-17,16:30,Matchweek 5,Sun,Home,L,0,1,Arsenal,0.3,1.0,26.0,1.0,Everton
2023-09-23,17:30,Matchweek 6,Sat,Away,W,3,1,Brentford,1.9,1.0,43.0,6.0,Everton
2023-09-30,15:00,Matchweek 7,Sat,Home,L,1,2,Luton Town,2.9,0.9,67.0,4.0,Everton
2023-10-07,15:00,Matchweek 8,Sat,Home,W,3,0,Bournemouth,2.4,0.7,48.0,8.0,Everton
2023-10-21,12:30,Matchweek 9,Sat,Away,L,0,2,Liverpool,0.1,2.2,23.0,1.0,Everton
2023-10-29,13:00,Matchweek 10,Sun,Away,W,1,0,West Ham,0.8,0.7,36.0,4.0,Everton
2023-11-04,15:00,Matchweek 11,Sat,Home,D,1,1,Brighton,0.7,0.5,21.0,4.0,Everton
2023-11-11,15:00,Matchweek 12,Sat,Away,W,3,2,Crystal Palace,1.5,2.2,33.0,4.0,Everton
2023-11-26,16:30,Matchweek 13,Sun,Home,L,0,3,Manchester Utd,2.4,2.2,51.0,6.0,Everton
2023-12-02,17:30,Matchweek 14,Sat,Away,W,1,0,Nott'ham Forest,0.7,0.7,39.0,2.0,Everton
2023-12-07,19:30,Matchweek 15,Thu,Home,W,3,0,Newcastle Utd,3.3,1.5,38.0,6.0,Everton
2023-12-10,14:00,Matchweek 16,Sun,Home,W,2,0,Chelsea,1.2,0.9,29.0,5.0,Everton
2023-12-16,17:30,Matchweek 17,Sat,Away,W,2,0,Burnley,1.4,0.7,39.0,6.0,Everton
2023-12-23,15:00,Matchweek 18,Sat,Away,L,1,2,Tottenham,1.8,1.5,39.0,8.0,Everton
2023-12-27,20:15,Matchweek 19,Wed,Home,L,1,3,Manchester City,1.0,2.4,28.0,2.0,Everton
2023-12-30,15:00,Matchweek 20,Sat,Away,L,0,3,Wolves,0.4,1.9,47.0,0.0,Everton
2024-01-14,14:00,Matchweek 21,Sun,Home,D,0,0,Aston Villa,1.1,1.2,32.0,2.0,Everton
2024-01-30,19:45,Matchweek 22,Tue,Away,D,0,0,Fulham,1.9,1.6,30.0,2.0,Everton
2024-02-03,12:30,Matchweek 23,Sat,Home,D,2,2,Tottenham,2.6,1.0,43.0,4.0,Everton
2024-02-10,12:30,Matchweek 24,Sat,Away,L,0,2,Manchester City,0.3,1.6,28.0,1.0,Everton
2024-02-19,20:00,Matchweek 25,Mon,Home,D,1,1,Crystal Palace,1.7,0.7,61.0,4.0,Everton
2024-02-24,15:00,Matchweek 26,Sat,Away,D,1,1,Brighton,0.3,1.4,36.0,2.0,Everton
2024-03-02,15:00,Matchweek 27,Sat,Home,L,1,3,West Ham,2.7,1.9,55.0,9.0,Everton
2024-03-09,12:30,Matchweek 28,Sat,Away,L,0,2,Manchester Utd,1.6,2.7,49.0,6.0,Everton
2024-03-30,15:00,Matchweek 30,Sat,Away,L,1,2,Bournemouth,1.0,1.3,52.0,3.0,Everton
2024-04-02,19:30,Matchweek 31,Tue,Away,D,1,1,Newcastle Utd,1.4,2.4,43.0,2.0,Everton
2024-04-06,15:00,Matchweek 32,Sat,Home,W,1,0,Burnley,0.9,0.5,38.0,3.0,Everton
2024-04-15,20:00,Matchweek 33,Mon,Away,L,0,6,Chelsea,1.5,3.1,42.0,2.0,Everton
2024-04-21,13:30,Matchweek 34,Sun,Home,W,2,0,Nott'ham Forest,0.3,0.9,41.0,4.0,Everton
2024-04-24,20:00,Matchweek 29,Wed,Home,W,2,0,Liverpool,1.2,2.1,25.0,6.0,Everton
2024-04-27,17:30,Matchweek 35,Sat,Home,W,1,0,Brentford,0.8,0.9,48.0,1.0,Everton
2024-05-03,20:00,Matchweek 36,Fri,Away,D,1,1,Luton Town,1.4,0.8,49.0,2.0,Everton
2024-05-11,15:00,Matchweek 37,Sat,Home,W,1,0,Sheffield Utd,2.3,0.6,58.0,6.0,Everton
2024-05-19,16:00,Matchweek 38,Sun,Away,L,1,2,Arsenal,0.6,2.9,32.0,2.0,Everton
2024-08-17,15:00,Matchweek 1,Sat,Home,L,0,3,Brighton,0.5,1.4,40.0,1.0,Everton
2024-08-24,15:00,Matchweek 2,Sat,Away,L,0,4,Tottenham,1.0,2.4,30.0,1.0,Everton
2024-08-31,15:00,Matchweek 3,Sat,Home,L,2,3,Bournemouth,1.8,2.4,47.0,8.0,Everton
2024-09-14,17:30,Matchweek 4,Sat,Away,L,2,3,Aston Villa,0.9,2.1,28.0,2.0,Everton
2024-09-21,15:00,Matchweek 5,Sat,Away,D,1,1,Leicester City,1.1,0.7,42.0,5.0,Everton
2024-09-28,15:00,Matchweek 6,Sat,Home,W,2,1,Crystal Palace,0.9,0.9,41.0,2.0,Everton
2024-10-05,17:30,Matchweek 7,Sat,Home,D,0,0,Newcastle Utd,0.7,2.1,33.0,2.0,Everton
2024-10-19,15:00,Matchweek 8,Sat,Away,W,2,0,Ipswich Town,1.7,1.3,45.0,8.0,Everton
2024-10-26,17:30,Matchweek 9,Sat,Home,D,1,1,Fulham,0.8,1.2,40.0,5.0,Everton
2024-11-02,15:00,Matchweek 10,Sat,Away,L,0,1,Southampton,1.6,0.7,35.0,5.0,Everton
2024-11-09,15:00,Matchweek 11,Sat,Away,D,0,0,West Ham,1.1,0.8,51.0,4.0,Everton
2024-11-23,15:00,Matchweek 12,Sat,Home,D,0,0,Brentford,1.2,1.1,59.0,5.0,Everton
2024-12-01,13:30,Matchweek 13,Sun,Away,L,0,4,Manchester Utd,0.6,1.1,40.0,2.0,Everton
2024-12-04,19:30,Matchweek 14,Wed,Home,W,4,0,Wolves,1.0,0.8,44.0,4.0,Everton
2024-12-14,15:00,Matchweek 16,Sat,Away,D,0,0,Arsenal,0.1,1.2,24.0,0.0,Everton
2024-12-22,14:00,Matchweek 17,Sun,Home,D,0,0,Chelsea,1.0,1.2,25.0,4.0,Everton
2024-12-26,12:30,Matchweek 18,Thu,Away,D,1,1,Manchester City,0.7,2.1,34.0,3.0,Everton
2024-12-29,15:00,Matchweek 19,Sun,Home,L,0,2,Nott'ham Forest,0.9,1.5,64.0,2.0,Everton
2025-01-04,15:00,Matchweek 20,Sat,Away,L,0,1,Bournemouth,0.7,1.8,42.0,0.0,Everton
2025-01-15,19:30,Matchweek 21,Wed,Home,L,0,1,Aston Villa,1.1,1.2,50.0,2.0,Everton
2025-01-19,14:00,Matchweek 22,Sun,Home,W,3,2,Tottenham,1.8,1.1,36.0,6.0,Everton
2025-01-25,15:00,Matchweek 23,Sat,Away,W,1,0,Brighton,0.8,0.7,31.0,0.0,Everton
2025-02-01,15:00,Matchweek 24,Sat,Home,W,4,0,Leicester City,2.5,0.3,48.0,7.0,Everton
2025-02-12,19:30,Matchweek 15,Wed,Home,D,2,2,Liverpool,1.0,0.6,37.0,3.0,Everton
2025-02-15,17:30,Matchweek 25,Sat,Away,W,2,1,Crystal Palace,0.9,1.6,42.0,6.0,Everton
2025-02-22,12:30,Matchweek 26,Sat,Home,D,2,2,Manchester Utd,1.6,0.4,38.0,8.0,Everton
2025-02-26,19:30,Matchweek 27,Wed,Away,D,1,1,Brentford,1.5,1.4,48.0,4.0,Everton
2025-03-08,20:00,Matchweek 28,Sat,Away,D,1,1,Wolves,1.2,0.8,34.0,4.0,Everton
2025-03-15,15:00,Matchweek 29,Sat,Home,D,1,1,West Ham,1.0,0.8,54.0,5.0,Everton
2025-04-02,20:00,Matchweek 30,Wed,Away,L,0,1,Liverpool,0.9,1.5,27.0,0.0,Everton
2025-04-05,12:30,Matchweek 31,Sat,Home,D,1,1,Arsenal,1.1,1.8,31.0,1.0,Everton
2025-04-12,15:00,Matchweek 32,Sat,Away,W,1,0,Nott'ham Forest,1.4,0.5,57.0,5.0,Everton
2025-04-19,15:00,Matchweek 33,Sat,Home,L,0,2,Manchester City,0.9,2.0,33.0,2.0,Everton
2025-04-26,12:30,Matchweek 34,Sat,Away,L,0,1,Chelsea,0.4,0.8,45.0,3.0,Everton
2025-05-03,15:00,Matchweek 35,Sat,Home,D,2,2,Ipswich Town,0.6,0.8,58.0,3.0,Everton
2025-05-10,15:00,Matchweek 36,Sat,Away,W,3,1,Fulham,1.1,0.8,36.0,7.0,Everton
2025-05-18,12:00,Matchweek 37,Sun,Home,W,2,0,Southampton,2.7,1.2,50.0,4.0,Everton
2025-05-25,16:00,Matchweek 38,Sun,Away,W,1,0,Newcastle Utd,1.2,1.2,35.0,6.0,Everton
2020-09-12,12:30,Matchweek 1,Sat,Home,L,0,3,Arsenal,0.1,1.9,46.0,2.0,Fulham
2020-09-19,15:00,Matchweek 2,Sat,Away,L,3,4,Leeds United,1.7,1.4,49.0,5.0,Fulham
2020-09-28,17:45,Matchweek 3,Mon,Home,L,0,3,Aston Villa,0.7,1.4,64.0,2.0,Fulham
2020-10-04,14:00,Matchweek 4,Sun,Away,L,0,1,Wolves,0.9,1.2,52.0,2.0,Fulham
2020-10-18,12:00,Matchweek 5,Sun,Away,D,1,1,Sheffield Utd,1.5,1.7,58.0,6.0,Fulham
2020-10-24,15:00,Matchweek 6,Sat,Home,L,1,2,Crystal Palace,1.1,2.5,64.0,3.0,Fulham
2020-11-02,17:30,Matchweek 7,Mon,Home,W,2,0,West Brom,1.5,0.5,47.0,4.0,Fulham
2020-11-07,20:00,Matchweek 8,Sat,Away,L,0,1,West Ham,1.7,1.3,47.0,2.0,Fulham
2020-11-22,12:00,Matchweek 9,Sun,Home,L,2,3,Everton,1.9,2.0,54.0,6.0,Fulham
2020-11-30,17:30,Matchweek 10,Mon,Away,W,2,1,Leicester City,2.2,1.2,32.0,4.0,Fulham
2020-12-05,15:00,Matchweek 11,Sat,Away,L,0,2,Manchester City,0.3,2.9,31.0,1.0,Fulham
2020-12-13,16:30,Matchweek 12,Sun,Home,D,1,1,Liverpool,1.5,1.8,26.0,5.0,Fulham
2020-12-16,20:00,Matchweek 13,Wed,Home,D,0,0,Brighton,1.0,0.5,46.0,4.0,Fulham
2020-12-19,20:00,Matchweek 14,Sat,Away,D,1,1,Newcastle Utd,1.0,1.4,51.0,4.0,Fulham
2020-12-26,15:00,Matchweek 15,Sat,Home,D,0,0,Southampton,0.7,0.2,47.0,1.0,Fulham
2021-01-13,20:15,Matchweek 16,Wed,Away,D,1,1,Tottenham,1.1,2.4,47.0,4.0,Fulham
2021-01-16,17:30,Matchweek 19,Sat,Home,L,0,1,Chelsea,0.7,1.6,31.0,2.0,Fulham
2021-01-20,20:15,Matchweek 18,Wed,Home,L,1,2,Manchester Utd,0.9,1.7,38.0,5.0,Fulham
2021-01-27,19:30,Matchweek 20,Wed,Away,D,0,0,Brighton,0.5,1.8,50.0,2.0,Fulham
2021-01-30,15:00,Matchweek 21,Sat,Away,D,2,2,West Brom,1.3,1.0,62.0,7.0,Fulham
2021-02-03,18:00,Matchweek 22,Wed,Home,L,0,2,Leicester City,0.6,1.4,57.0,1.0,Fulham
2021-02-06,17:30,Matchweek 23,Sat,Home,D,0,0,West Ham,1.5,1.0,60.0,2.0,Fulham
2021-02-14,19:00,Matchweek 24,Sun,Away,W,2,0,Everton,2.5,0.3,50.0,3.0,Fulham
2021-02-17,18:00,Matchweek 17,Wed,Away,D,1,1,Burnley,0.5,0.9,53.0,3.0,Fulham
2021-02-20,20:00,Matchweek 25,Sat,Home,W,1,0,Sheffield Utd,1.2,0.9,64.0,5.0,Fulham
2021-02-28,12:00,Matchweek 26,Sun,Away,D,0,0,Crystal Palace,1.4,0.1,60.0,4.0,Fulham
2021-03-04,18:00,Matchweek 33,Thu,Home,L,0,1,Tottenham,0.7,1.6,60.0,3.0,Fulham
2021-03-07,14:00,Matchweek 27,Sun,Away,W,1,0,Liverpool,1.3,0.9,37.0,3.0,Fulham
2021-03-13,20:00,Matchweek 28,Sat,Home,L,0,3,Manchester City,0.3,2.2,46.0,0.0,Fulham
2021-03-19,20:00,Matchweek 29,Fri,Home,L,1,2,Leeds United,1.6,1.3,51.0,6.0,Fulham
2021-04-04,16:30,Matchweek 30,Sun,Away,L,1,3,Aston Villa,1.0,1.5,47.0,7.0,Fulham
2021-04-09,20:00,Matchweek 31,Fri,Home,L,0,1,Wolves,0.9,0.5,50.0,3.0,Fulham
2021-04-18,13:30,Matchweek 32,Sun,Away,D,1,1,Arsenal,0.9,2.7,31.0,0.0,Fulham
2021-05-01,17:30,Matchweek 34,Sat,Away,L,0,2,Chelsea,0.3,1.7,51.0,3.0,Fulham
2021-05-10,20:00,Matchweek 35,Mon,Home,L,0,2,Burnley,1.0,1.5,68.0,3.0,Fulham
2021-05-15,15:00,Matchweek 36,Sat,Away,L,1,3,Southampton,0.8,1.6,53.0,3.0,Fulham
2021-05-18,18:00,Matchweek 37,Tue,Away,D,1,1,Manchester Utd,0.9,0.9,43.0,5.0,Fulham
2021-05-23,16:00,Matchweek 38,Sun,Home,L,0,2,Newcastle Utd,1.0,1.3,64.0,0.0,Fulham
2022-08-06,12:30,Matchweek 1,Sat,Home,D,2,2,Liverpool,1.2,1.2,33.0,2.0,Fulham
2022-08-13,15:00,Matchweek 2,Sat,Away,D,0,0,Wolves,1.5,0.9,41.0,2.0,Fulham
2022-08-20,15:00,Matchweek 3,Sat,Home,W,3,2,Brentford,2.4,1.8,43.0,9.0,Fulham
2022-08-27,17:30,Matchweek 4,Sat,Away,L,1,2,Arsenal,0.8,2.6,29.0,3.0,Fulham
2022-08-30,19:30,Matchweek 5,Tue,Home,W,2,1,Brighton,0.7,1.4,39.0,3.0,Fulham
2022-09-03,15:00,Matchweek 6,Sat,Away,L,1,2,Tottenham,0.7,2.9,48.0,3.0,Fulham
2022-09-16,20:00,Matchweek 8,Fri,Away,W,3,2,Nott'ham Forest,0.9,1.4,59.0,7.0,Fulham
2022-10-01,15:00,Matchweek 9,Sat,Home,L,1,4,Newcastle Utd,0.5,3.3,33.0,1.0,Fulham
2022-10-09,14:00,Matchweek 10,Sun,Away,L,1,3,West Ham,0.7,2.4,50.0,2.0,Fulham
2022-10-15,15:00,Matchweek 11,Sat,Home,D,2,2,Bournemouth,2.1,1.0,69.0,3.0,Fulham
2022-10-20,19:30,Matchweek 12,Thu,Home,W,3,0,Aston Villa,2.1,1.2,60.0,6.0,Fulham
2022-10-23,14:00,Matchweek 13,Sun,Away,W,3,2,Leeds United,1.8,1.6,43.0,4.0,Fulham
2022-10-29,17:30,Matchweek 14,Sat,Home,D,0,0,Everton,1.9,0.9,56.0,6.0,Fulham
2022-11-05,15:00,Matchweek 15,Sat,Away,L,1,2,Manchester City,1.0,2.1,30.0,1.0,Fulham
2022-11-13,16:30,Matchweek 16,Sun,Home,L,1,2,Manchester Utd,1.4,2.5,53.0,7.0,Fulham
2022-12-26,15:00,Matchweek 17,Mon,Away,W,3,0,Crystal Palace,2.5,0.4,64.0,10.0,Fulham
2022-12-31,15:00,Matchweek 18,Sat,Home,W,2,1,Southampton,1.5,0.8,62.0,1.0,Fulham
2023-01-03,19:45,Matchweek 19,Tue,Away,W,1,0,Leicester City,1.7,1.7,39.0,2.0,Fulham
2023-01-12,20:00,Matchweek 7,Thu,Home,W,2,1,Chelsea,1.0,2.1,48.0,3.0,Fulham
2023-01-15,14:00,Matchweek 20,Sun,Away,L,0,1,Newcastle Utd,1.1,2.2,38.0,0.0,Fulham
2023-01-23,20:00,Matchweek 21,Mon,Home,L,0,1,Tottenham,1.0,0.9,54.0,5.0,Fulham
2023-02-03,20:00,Matchweek 22,Fri,Away,D,0,0,Chelsea,0.6,1.3,34.0,4.0,Fulham
2023-02-11,15:00,Matchweek 23,Sat,Home,W,2,0,Nott'ham Forest,1.5,0.7,50.0,3.0,Fulham
2023-02-18,15:00,Matchweek 24,Sat,Away,W,1,0,Brighton,0.3,2.2,35.0,2.0,Fulham
2023-02-24,20:00,Matchweek 25,Fri,Home,D,1,1,Wolves,0.5,0.8,51.0,5.0,Fulham
2023-03-06,20:00,Matchweek 26,Mon,Away,L,2,3,Brentford,1.4,2.1,63.0,5.0,Fulham
2023-03-12,14:00,Matchweek 27,Sun,Home,L,0,3,Arsenal,0.8,2.3,45.0,2.0,Fulham
2023-04-01,15:00,Matchweek 29,Sat,Away,L,1,2,Bournemouth,0.8,2.6,57.0,2.0,Fulham
2023-04-08,15:00,Matchweek 30,Sat,Home,L,0,1,West Ham,0.7,1.1,76.0,3.0,Fulham
2023-04-15,15:00,Matchweek 31,Sat,Away,W,3,1,Everton,1.8,1.4,54.0,7.0,Fulham
2023-04-22,12:30,Matchweek 32,Sat,Home,W,2,1,Leeds United,1.7,0.8,50.0,5.0,Fulham
2023-04-25,19:45,Matchweek 33,Tue,Away,L,0,1,Aston Villa,0.1,1.0,49.0,0.0,Fulham
2023-04-30,14:00,Matchweek 34,Sun,Home,L,1,2,Manchester City,0.2,2.5,38.0,1.0,Fulham
2023-05-03,20:00,Matchweek 28,Wed,Away,L,0,1,Liverpool,0.9,1.8,43.0,3.0,Fulham
2023-05-08,15:00,Matchweek 35,Mon,Home,W,5,3,Leicester City,1.6,2.8,57.0,7.0,Fulham
2023-05-13,15:00,Matchweek 36,Sat,Away,W,2,0,Southampton,1.4,0.4,64.0,3.0,Fulham
2023-05-20,15:00,Matchweek 37,Sat,Home,D,2,2,Crystal Palace,1.7,1.6,49.0,3.0,Fulham
2023-05-28,16:30,Matchweek 38,Sun,Away,L,1,2,Manchester Utd,1.8,2.9,47.0,2.0,Fulham
2023-08-12,15:00,Matchweek 1,Sat,Away,W,1,0,Everton,1.5,2.7,58.0,2.0,Fulham
2023-08-19,15:00,Matchweek 2,Sat,Home,L,0,3,Brentford,0.5,3.7,55.0,2.0,Fulham
2023-08-26,15:00,Matchweek 3,Sat,Away,D,2,2,Arsenal,0.6,3.2,29.0,3.0,Fulham
2023-09-02,15:00,Matchweek 4,Sat,Away,L,1,5,Manchester City,1.4,2.2,32.0,4.0,Fulham
2023-09-16,15:00,Matchweek 5,Sat,Home,W,1,0,Luton Town,1.0,1.1,77.0,2.0,Fulham
2023-09-23,15:00,Matchweek 6,Sat,Away,D,0,0,Crystal Palace,0.6,0.3,49.0,5.0,Fulham
2023-10-02,20:00,Matchweek 7,Mon,Home,L,0,2,Chelsea,1.1,1.7,56.0,3.0,Fulham
2023-10-07,15:00,Matchweek 8,Sat,Home,W,3,1,Sheffield Utd,2.2,0.6,60.0,6.0,Fulham
2023-10-23,20:00,Matchweek 9,Mon,Away,L,0,2,Tottenham,1.0,1.5,45.0,3.0,Fulham
2023-10-29,14:00,Matchweek 10,Sun,Away,D,1,1,Brighton,0.7,1.4,29.0,5.0,Fulham
2023-11-04,12:30,Matchweek 11,Sat,Home,L,0,1,Manchester Utd,1.0,0.7,45.0,2.0,Fulham
2023-11-12,14:00,Matchweek 12,Sun,Away,L,1,3,Aston Villa,0.9,3.0,49.0,5.0,Fulham
2023-11-27,20:00,Matchweek 13,Mon,Home,W,3,2,Wolves,2.9,1.4,60.0,4.0,Fulham
2023-12-03,14:00,Matchweek 14,Sun,Away,L,3,4,Liverpool,1.2,2.1,39.0,5.0,Fulham
2023-12-06,19:30,Matchweek 15,Wed,Home,W,5,0,Nott'ham Forest,2.5,0.3,63.0,6.0,Fulham
2023-12-10,14:00,Matchweek 16,Sun,Home,W,5,0,West Ham,2.3,1.3,63.0,8.0,Fulham
2023-12-16,15:00,Matchweek 17,Sat,Away,L,0,3,Newcastle Utd,0.3,3.5,30.0,4.0,Fulham
2023-12-23,15:00,Matchweek 18,Sat,Home,L,0,2,Burnley,1.3,0.4,66.0,5.0,Fulham
2023-12-26,15:00,Matchweek 19,Tue,Away,L,0,3,Bournemouth,0.3,1.8,57.0,3.0,Fulham
2023-12-31,14:00,Matchweek 20,Sun,Home,W,2,1,Arsenal,1.2,1.6,40.0,4.0,Fulham
2024-01-13,12:30,Matchweek 21,Sat,Away,L,0,1,Chelsea,0.8,2.2,45.0,4.0,Fulham
2024-01-30,19:45,Matchweek 22,Tue,Home,D,0,0,Everton,1.6,1.9,70.0,5.0,Fulham
2024-02-03,15:00,Matchweek 23,Sat,Away,D,2,2,Burnley,1.5,1.8,56.0,7.0,Fulham
2024-02-10,15:00,Matchweek 24,Sat,Home,W,3,1,Bournemouth,1.6,1.8,49.0,6.0,Fulham
2024-02-17,15:00,Matchweek 25,Sat,Home,L,1,2,Aston Villa,1.5,1.5,52.0,4.0,Fulham
2024-02-24,15:00,Matchweek 26,Sat,Away,W,2,1,Manchester Utd,1.2,1.7,43.0,5.0,Fulham
2024-03-02,15:00,Matchweek 27,Sat,Home,W,3,0,Brighton,1.3,1.3,30.0,5.0,Fulham
2024-03-09,15:00,Matchweek 28,Sat,Away,L,1,2,Wolves,2.6,0.8,52.0,6.0,Fulham
2024-03-16,17:30,Matchweek 29,Sat,Home,W,3,0,Tottenham,2.6,2.4,43.0,7.0,Fulham
2024-03-30,15:00,Matchweek 30,Sat,Away,D,3,3,Sheffield Utd,1.3,1.9,73.0,9.0,Fulham
2024-04-02,19:30,Matchweek 31,Tue,Away,L,1,3,Nott'ham Forest,1.5,1.5,66.0,3.0,Fulham
2024-04-06,15:00,Matchweek 32,Sat,Home,L,0,1,Newcastle Utd,1.2,1.0,66.0,4.0,Fulham
2024-04-14,14:00,Matchweek 33,Sun,Away,W,2,0,West Ham,3.2,0.9,42.0,10.0,Fulham
2024-04-21,16:30,Matchweek 34,Sun,Home,L,1,3,Liverpool,0.8,1.0,40.0,5.0,Fulham
2024-04-27,15:00,Matchweek 35,Sat,Home,D,1,1,Crystal Palace,1.1,1.0,53.0,2.0,Fulham
2024-05-04,15:00,Matchweek 36,Sat,Away,D,0,0,Brentford,1.3,0.6,46.0,3.0,Fulham
2024-05-11,12:30,Matchweek 37,Sat,Home,L,0,4,Manchester City,0.1,3.2,36.0,1.0,Fulham
2024-05-19,16:00,Matchweek 38,Sun,Away,W,4,2,Luton Town,1.1,2.0,59.0,8.0,Fulham
2024-08-16,20:00,Matchweek 1,Fri,Away,L,0,1,Manchester Utd,0.4,2.4,45.0,2.0,Fulham
2024-08-24,15:00,Matchweek 2,Sat,Home,W,2,1,Leicester City,1.8,0.6,54.0,6.0,Fulham
2024-08-31,15:00,Matchweek 3,Sat,Away,D,1,1,Ipswich Town,0.9,0.4,52.0,4.0,Fulham
2024-09-14,15:00,Matchweek 4,Sat,Home,D,1,1,West Ham,1.5,0.8,54.0,5.0,Fulham
2024-09-21,15:00,Matchweek 5,Sat,Home,W,3,1,Newcastle Utd,2.2,1.5,39.0,11.0,Fulham
2024-09-28,15:00,Matchweek 6,Sat,Away,W,1,0,Nott'ham Forest,1.3,0.8,59.0,1.0,Fulham
2024-10-05,15:00,Matchweek 7,Sat,Away,L,2,3,Manchester City,2.6,1.6,42.0,4.0,Fulham
2024-10-19,15:00,Matchweek 8,Sat,Home,L,1,3,Aston Villa,1.8,1.6,52.0,3.0,Fulham
2024-10-26,17:30,Matchweek 9,Sat,Away,D,1,1,Everton,1.2,0.8,60.0,3.0,Fulham
2024-11-04,20:00,Matchweek 10,Mon,Home,W,2,1,Brentford,1.3,0.6,68.0,12.0,Fulham
2024-11-09,15:00,Matchweek 11,Sat,Away,W,2,0,Crystal Palace,1.8,1.5,64.0,7.0,Fulham
2024-11-23,15:00,Matchweek 12,Sat,Home,L,1,4,Wolves,1.0,1.3,59.0,3.0,Fulham
2024-12-01,13:30,Matchweek 13,Sun,Away,D,1,1,Tottenham,1.5,0.8,49.0,6.0,Fulham
2024-12-05,19:30,Matchweek 14,Thu,Home,W,3,1,Brighton,1.1,1.4,43.0,2.0,Fulham
2024-12-08,14:00,Matchweek 15,Sun,Home,D,1,1,Arsenal,0.2,1.8,34.0,2.0,Fulham
2024-12-14,15:00,Matchweek 16,Sat,Away,D,2,2,Liverpool,1.2,2.1,39.0,3.0,Fulham
2024-12-22,14:00,Matchweek 17,Sun,Home,D,0,0,Southampton,0.9,0.3,57.0,5.0,Fulham
2024-12-26,15:00,Matchweek 18,Thu,Away,W,2,1,Chelsea,1.8,1.1,53.0,7.0,Fulham
2024-12-29,15:00,Matchweek 19,Sun,Home,D,2,2,Bournemouth,1.1,2.0,52.0,6.0,Fulham
2025-01-05,14:00,Matchweek 20,Sun,Home,D,2,2,Ipswich Town,2.2,1.5,73.0,2.0,Fulham
2025-01-14,19:30,Matchweek 21,Tue,Away,L,2,3,West Ham,1.7,1.0,56.0,4.0,Fulham
2025-01-18,15:00,Matchweek 22,Sat,Away,W,2,0,Leicester City,2.0,0.6,60.0,2.0,Fulham
2025-01-26,19:00,Matchweek 23,Sun,Home,L,0,1,Manchester Utd,0.7,0.3,51.0,2.0,Fulham
2025-02-01,15:00,Matchweek 24,Sat,Away,W,2,1,Newcastle Utd,1.6,0.8,51.0,4.0,Fulham
2025-02-15,15:00,Matchweek 25,Sat,Home,W,2,1,Nott'ham Forest,2.1,0.4,55.0,10.0,Fulham
2025-02-22,15:00,Matchweek 26,Sat,Home,L,0,2,Crystal Palace,0.2,1.3,62.0,0.0,Fulham
2025-02-25,19:30,Matchweek 27,Tue,Away,W,2,1,Wolves,1.7,1.3,40.0,5.0,Fulham
2025-03-08,15:00,Matchweek 28,Sat,Away,L,1,2,Brighton,0.9,1.5,47.0,1.0,Fulham
2025-03-16,13:30,Matchweek 29,Sun,Home,W,2,0,Tottenham,1.0,0.9,57.0,4.0,Fulham
2025-04-01,19:45,Matchweek 30,Tue,Away,L,1,2,Arsenal,1.0,2.2,49.0,3.0,Fulham
2025-04-06,14:00,Matchweek 31,Sun,Home,W,3,2,Liverpool,0.7,1.5,37.0,6.0,Fulham
2025-04-14,20:00,Matchweek 32,Mon,Away,L,0,1,Bournemouth,1.0,1.4,59.0,7.0,Fulham
2025-04-20,14:00,Matchweek 33,Sun,Home,L,1,2,Chelsea,0.3,0.9,41.0,1.0,Fulham
2025-04-26,15:00,Matchweek 34,Sat,Away,W,2,1,Southampton,2.4,0.6,65.0,5.0,Fulham
2025-05-03,12:30,Matchweek 35,Sat,Away,L,0,1,Aston Villa,0.9,1.0,48.0,3.0,Fulham
2025-05-10,15:00,Matchweek 36,Sat,Home,L,1,3,Everton,0.8,1.1,64.0,6.0,Fulham
2025-05-18,15:00,Matchweek 37,Sun,Away,W,3,2,Brentford,1.0,2.5,49.0,7.0,Fulham
2025-05-25,16:00,Matchweek 38,Sun,Home,L,0,2,Manchester City,1.3,3.0,47.0,3.0,Fulham
2024-08-17,12:30,Matchweek 1,Sat,Home,L,0,2,Liverpool,0.5,2.6,38.0,2.0,Ipswich Town
2024-08-24,15:00,Matchweek 2,Sat,Away,L,1,4,Manchester City,0.3,3.3,25.0,1.0,Ipswich Town
2024-08-31,15:00,Matchweek 3,Sat,Home,D,1,1,Fulham,0.4,0.9,48.0,4.0,Ipswich Town
2024-09-14,15:00,Matchweek 4,Sat,Away,D,0,0,Brighton,0.3,1.6,32.0,1.0,Ipswich Town
2024-09-21,15:00,Matchweek 5,Sat,Away,D,1,1,Southampton,1.6,2.4,47.0,6.0,Ipswich Town
2024-09-29,14:00,Matchweek 6,Sun,Home,D,2,2,Aston Villa,1.2,0.8,44.0,5.0,Ipswich Town
2024-10-05,15:00,Matchweek 7,Sat,Away,L,1,4,West Ham,0.6,3.6,48.0,2.0,Ipswich Town
2024-10-19,15:00,Matchweek 8,Sat,Home,L,0,2,Everton,1.3,1.7,55.0,2.0,Ipswich Town
2024-10-26,15:00,Matchweek 9,Sat,Away,L,3,4,Brentford,1.3,4.0,35.0,5.0,Ipswich Town
2024-11-02,15:00,Matchweek 10,Sat,Home,D,1,1,Leicester City,1.0,1.5,43.0,2.0,Ipswich Town
2024-11-10,14:00,Matchweek 11,Sun,Away,W,2,1,Tottenham,1.6,1.5,34.0,3.0,Ipswich Town
2024-11-24,16:30,Matchweek 12,Sun,Home,D,1,1,Manchester Utd,1.6,0.8,40.0,6.0,Ipswich Town
2024-11-30,15:00,Matchweek 13,Sat,Away,L,0,1,Nott'ham Forest,0.6,1.6,55.0,2.0,Ipswich Town
2024-12-03,19:30,Matchweek 14,Tue,Home,L,0,1,Crystal Palace,0.5,1.6,54.0,2.0,Ipswich Town
2024-12-08,14:00,Matchweek 15,Sun,Home,L,1,2,Bournemouth,1.3,3.2,44.0,5.0,Ipswich Town
2024-12-14,15:00,Matchweek 16,Sat,Away,W,2,1,Wolves,1.1,1.3,46.0,3.0,Ipswich Town
2024-12-21,15:00,Matchweek 17,Sat,Home,L,0,4,Newcastle Utd,0.7,2.3,42.0,2.0,Ipswich Town
2024-12-27,20:15,Matchweek 18,Fri,Away,L,0,1,Arsenal,0.2,1.8,32.0,0.0,Ipswich Town
2024-12-30,19:45,Matchweek 19,Mon,Home,W,2,0,Chelsea,1.6,2.0,24.0,5.0,Ipswich Town
2025-01-05,14:00,Matchweek 20,Sun,Away,D,2,2,Fulham,1.5,2.2,27.0,2.0,Ipswich Town
2025-01-16,19:30,Matchweek 21,Thu,Home,L,0,2,Brighton,0.3,1.0,47.0,3.0,Ipswich Town
2025-01-19,16:30,Matchweek 22,Sun,Home,L,0,6,Manchester City,0.5,3.0,33.0,4.0,Ipswich Town
2025-01-25,15:00,Matchweek 23,Sat,Away,L,1,4,Liverpool,0.5,2.0,30.0,3.0,Ipswich Town
2025-02-01,15:00,Matchweek 24,Sat,Home,L,1,2,Southampton,1.8,0.9,57.0,6.0,Ipswich Town
2025-02-15,15:00,Matchweek 25,Sat,Away,D,1,1,Aston Villa,0.4,2.4,25.0,3.0,Ipswich Town
2025-02-22,15:00,Matchweek 26,Sat,Home,L,1,4,Tottenham,1.1,1.7,42.0,5.0,Ipswich Town
2025-02-26,19:30,Matchweek 27,Wed,Away,L,2,3,Manchester Utd,1.4,0.7,55.0,3.0,Ipswich Town
2025-03-08,15:00,Matchweek 28,Sat,Away,L,0,1,Crystal Palace,1.5,3.2,45.0,7.0,Ipswich Town
2025-03-15,15:00,Matchweek 29,Sat,Home,L,2,4,Nott'ham Forest,0.4,1.5,55.0,3.0,Ipswich Town
2025-04-02,19:45,Matchweek 30,Wed,Away,W,2,1,Bournemouth,1.2,1.8,37.0,2.0,Ipswich Town
2025-04-05,15:00,Matchweek 31,Sat,Home,L,1,2,Wolves,0.8,2.6,45.0,2.0,Ipswich Town
2025-04-13,14:00,Matchweek 32,Sun,Away,D,2,2,Chelsea,1.1,2.2,27.0,4.0,Ipswich Town
2025-04-20,14:00,Matchweek 33,Sun,Home,L,0,4,Arsenal,0.2,2.4,25.0,0.0,Ipswich Town
2025-04-26,15:00,Matchweek 34,Sat,Away,L,0,3,Newcastle Utd,0.1,2.4,23.0,0.0,Ipswich Town
2025-05-03,15:00,Matchweek 35,Sat,Away,D,2,2,Everton,0.8,0.6,42.0,5.0,Ipswich Town
2025-05-10,15:00,Matchweek 36,Sat,Home,L,0,1,Brentford,0.9,1.4,49.0,4.0,Ipswich Town
2025-05-18,15:00,Matchweek 37,Sun,Away,L,0,2,Leicester City,1.4,0.8,50.0,2.0,Ipswich Town
2025-05-25,16:00,Matchweek 38,Sun,Home,L,1,3,West Ham,0.7,1.1,42.0,4.0,Ipswich Town
2020-09-12,17:30,Matchweek 1,Sat,Away,L,3,4,Liverpool,0.3,2.7,51.0,3.0,Leeds United
2020-09-19,15:00,Matchweek 2,Sat,Home,W,4,3,Fulham,1.4,1.7,51.0,6.0,Leeds United
2020-09-27,12:00,Matchweek 3,Sun,Away,W,1,0,Sheffield Utd,1.2,1.4,64.0,8.0,Leeds United
2020-10-03,17:30,Matchweek 4,Sat,Home,D,1,1,Manchester City,2.4,1.2,51.0,7.0,Leeds United
2020-10-19,20:00,Matchweek 5,Mon,Home,L,0,1,Wolves,1.0,0.4,66.0,2.0,Leeds United
2020-10-23,20:00,Matchweek 6,Fri,Away,W,3,0,Aston Villa,2.7,1.4,59.0,9.0,Leeds United
2020-11-02,20:00,Matchweek 7,Mon,Home,L,1,4,Leicester City,2.1,2.9,67.0,4.0,Leeds United
2020-11-07,15:00,Matchweek 8,Sat,Away,L,1,4,Crystal Palace,0.8,0.9,64.0,3.0,Leeds United
2020-11-22,16:30,Matchweek 9,Sun,Home,D,0,0,Arsenal,1.8,0.9,66.0,4.0,Leeds United
2020-11-28,17:30,Matchweek 10,Sat,Away,W,1,0,Everton,2.9,1.2,59.0,6.0,Leeds United
2020-12-05,20:00,Matchweek 11,Sat,Away,L,1,3,Chelsea,0.8,4.1,54.0,3.0,Leeds United
2020-12-11,20:00,Matchweek 12,Fri,Home,L,1,2,West Ham,1.6,1.3,63.0,6.0,Leeds United
2020-12-16,18:00,Matchweek 13,Wed,Home,W,5,2,Newcastle Utd,2.7,1.5,68.0,10.0,Leeds United
2020-12-20,16:30,Matchweek 14,Sun,Away,L,2,6,Manchester Utd,1.8,3.6,59.0,4.0,Leeds United
2020-12-27,12:00,Matchweek 15,Sun,Home,W,1,0,Burnley,1.9,1.5,51.0,3.0,Leeds United
2020-12-29,18:00,Matchweek 16,Tue,Away,W,5,0,West Brom,1.2,0.5,75.0,6.0,Leeds United
2021-01-02,12:30,Matchweek 17,Sat,Away,L,0,3,Tottenham,1.1,2.6,63.0,5.0,Leeds United
2021-01-16,15:00,Matchweek 19,Sat,Home,L,0,1,Brighton,0.3,1.4,66.0,2.0,Leeds United
2021-01-26,18:00,Matchweek 20,Tue,Away,W,2,1,Newcastle Utd,0.7,1.4,58.0,2.0,Leeds United
2021-01-31,14:00,Matchweek 21,Sun,Away,W,3,1,Leicester City,2.1,1.8,49.0,6.0,Leeds United
2021-02-03,19:30,Matchweek 22,Wed,Home,L,1,2,Everton,1.3,1.6,63.0,7.0,Leeds United
2021-02-08,20:00,Matchweek 23,Mon,Home,W,2,0,Crystal Palace,1.9,0.4,67.0,7.0,Leeds United
2021-02-14,16:30,Matchweek 24,Sun,Away,L,2,4,Arsenal,0.9,2.3,54.0,5.0,Leeds United
2021-02-19,20:00,Matchweek 25,Fri,Away,L,0,1,Wolves,1.7,0.6,58.0,7.0,Leeds United
2021-02-23,18:00,Matchweek 18,Tue,Home,W,3,0,Southampton,1.3,0.9,46.0,7.0,Leeds United
2021-02-27,17:30,Matchweek 26,Sat,Home,L,0,1,Aston Villa,0.9,0.7,69.0,3.0,Leeds United
2021-03-08,20:00,Matchweek 27,Mon,Away,L,0,2,West Ham,1.4,1.8,65.0,2.0,Leeds United
2021-03-13,12:30,Matchweek 28,Sat,Home,D,0,0,Chelsea,0.4,1.0,38.0,4.0,Leeds United
2021-03-19,20:00,Matchweek 29,Fri,Away,W,2,1,Fulham,1.3,1.6,49.0,4.0,Leeds United
2021-04-03,15:00,Matchweek 30,Sat,Home,W,2,1,Sheffield Utd,2.4,1.1,54.0,8.0,Leeds United
2021-04-10,12:30,Matchweek 31,Sat,Away,W,2,1,Manchester City,0.1,2.1,29.0,2.0,Leeds United
2021-04-19,20:00,Matchweek 32,Mon,Home,D,1,1,Liverpool,2.3,1.4,61.0,5.0,Leeds United
2021-04-25,14:00,Matchweek 33,Sun,Home,D,0,0,Manchester Utd,0.3,1.2,44.0,3.0,Leeds United
2021-05-01,15:00,Matchweek 34,Sat,Away,L,0,2,Brighton,0.6,2.3,58.0,2.0,Leeds United
2021-05-08,12:30,Matchweek 35,Sat,Home,W,3,1,Tottenham,2.5,0.9,53.0,7.0,Leeds United
2021-05-15,12:30,Matchweek 36,Sat,Away,W,4,0,Burnley,1.5,1.3,52.0,6.0,Leeds United
2021-05-18,18:00,Matchweek 37,Tue,Away,W,2,0,Southampton,1.7,1.6,49.0,7.0,Leeds United
2021-05-23,16:00,Matchweek 38,Sun,Home,W,3,1,West Brom,2.3,1.0,64.0,8.0,Leeds United
2021-08-14,12:30,Matchweek 1,Sat,Away,L,1,5,Manchester Utd,0.5,1.5,51.0,3.0,Leeds United
2021-08-21,15:00,Matchweek 2,Sat,Home,D,2,2,Everton,1.2,1.8,69.0,4.0,Leeds United
2021-08-29,14:00,Matchweek 3,Sun,Away,D,1,1,Burnley,1.2,1.0,64.0,2.0,Leeds United
2021-09-12,16:30,Matchweek 4,Sun,Home,L,0,3,Liverpool,1.2,4.3,44.0,4.0,Leeds United
2021-09-17,20:00,Matchweek 5,Fri,Away,D,1,1,Newcastle Utd,1.5,1.3,65.0,9.0,Leeds United
2021-09-25,15:00,Matchweek 6,Sat,Home,L,1,2,West Ham,1.2,1.6,53.0,5.0,Leeds United
2021-10-02,15:00,Matchweek 7,Sat,Home,W,1,0,Watford,1.3,0.2,66.0,3.0,Leeds United
2021-10-16,15:00,Matchweek 8,Sat,Away,L,0,1,Southampton,0.2,1.9,54.0,0.0,Leeds United
2021-10-23,15:00,Matchweek 9,Sat,Home,D,1,1,Wolves,1.6,0.9,62.0,3.0,Leeds United
2021-10-31,14:00,Matchweek 10,Sun,Away,W,2,1,Norwich City,0.7,0.8,52.0,5.0,Leeds United
2021-11-07,14:00,Matchweek 11,Sun,Home,D,1,1,Leicester City,1.3,0.7,56.0,5.0,Leeds United
2021-11-21,16:30,Matchweek 12,Sun,Away,L,1,2,Tottenham,1.4,2.1,57.0,7.0,Leeds United
2021-11-27,17:30,Matchweek 13,Sat,Away,D,0,0,Brighton,0.6,2.1,43.0,4.0,Leeds United
2021-11-30,20:15,Matchweek 14,Tue,Home,W,1,0,Crystal Palace,1.4,1.1,61.0,2.0,Leeds United
2021-12-05,14:00,Matchweek 15,Sun,Home,D,2,2,Brentford,1.2,1.0,63.0,6.0,Leeds United
2021-12-11,15:00,Matchweek 16,Sat,Away,L,2,3,Chelsea,1.4,2.5,43.0,4.0,Leeds United
2021-12-14,20:00,Matchweek 17,Tue,Away,L,0,7,Manchester City,0.3,3.1,37.0,3.0,Leeds United
2021-12-18,17:30,Matchweek 18,Sat,Home,L,1,4,Arsenal,1.6,3.5,51.0,1.0,Leeds United
2022-01-02,14:00,Matchweek 21,Sun,Home,W,3,1,Burnley,1.9,1.0,55.0,7.0,Leeds United
2022-01-16,14:00,Matchweek 22,Sun,Away,W,3,2,West Ham,2.2,2.4,52.0,5.0,Leeds United
2022-01-22,15:00,Matchweek 23,Sat,Home,L,0,1,Newcastle Utd,0.7,0.9,62.0,4.0,Leeds United
2022-02-09,20:00,Matchweek 24,Wed,Away,D,3,3,Aston Villa,1.8,1.6,60.0,7.0,Leeds United
2022-02-12,15:00,Matchweek 25,Sat,Away,L,0,3,Everton,0.3,2.7,58.0,0.0,Leeds United
2022-02-20,14:00,Matchweek 26,Sun,Home,L,2,4,Manchester Utd,1.8,2.2,54.0,6.0,Leeds United
2022-02-23,19:45,Matchweek 19,Wed,Away,L,0,6,Liverpool,0.2,5.9,37.0,2.0,Leeds United
2022-02-26,12:30,Matchweek 27,Sat,Home,L,0,4,Tottenham,1.5,1.9,50.0,2.0,Leeds United
2022-03-05,12:30,Matchweek 28,Sat,Away,L,0,1,Leicester City,1.7,0.4,49.0,4.0,Leeds United
2022-03-10,19:45,Matchweek 20,Thu,Home,L,0,3,Aston Villa,0.2,1.5,51.0,1.0,Leeds United
2022-03-13,14:00,Matchweek 29,Sun,Home,W,2,1,Norwich City,2.5,1.5,52.0,7.0,Leeds United
2022-03-18,20:00,Matchweek 30,Fri,Away,W,3,2,Wolves,2.0,1.2,52.0,5.0,Leeds United
2022-04-02,15:00,Matchweek 31,Sat,Home,D,1,1,Southampton,1.2,1.4,56.0,3.0,Leeds United
2022-04-09,15:00,Matchweek 32,Sat,Away,W,3,0,Watford,0.7,1.1,51.0,5.0,Leeds United
2022-04-25,20:00,Matchweek 34,Mon,Away,D,0,0,Crystal Palace,0.5,1.9,47.0,2.0,Leeds United
2022-04-30,17:30,Matchweek 35,Sat,Home,L,0,4,Manchester City,1.3,2.4,42.0,1.0,Leeds United
2022-05-08,14:00,Matchweek 36,Sun,Away,L,1,2,Arsenal,0.3,2.0,36.0,2.0,Leeds United
2022-05-11,19:30,Matchweek 33,Wed,Home,L,0,3,Chelsea,0.4,1.3,33.0,0.0,Leeds United
2022-05-15,14:00,Matchweek 37,Sun,Home,D,1,1,Brighton,1.6,2.2,50.0,4.0,Leeds United
2022-05-22,16:00,Matchweek 38,Sun,Away,W,2,1,Brentford,1.3,0.8,51.0,5.0,Leeds United
2022-08-06,15:00,Matchweek 1,Sat,Home,W,2,1,Wolves,0.8,1.3,40.0,4.0,Leeds United
2022-08-13,15:00,Matchweek 2,Sat,Away,D,2,2,Southampton,1.8,1.2,57.0,5.0,Leeds United
2022-08-21,14:00,Matchweek 3,Sun,Home,W,3,0,Chelsea,2.1,0.9,39.0,6.0,Leeds United
2022-08-27,15:00,Matchweek 4,Sat,Away,L,0,1,Brighton,1.8,2.0,56.0,2.0,Leeds United
2022-08-30,20:00,Matchweek 5,Tue,Home,D,1,1,Everton,1.0,1.0,69.0,5.0,Leeds United
2022-09-03,15:00,Matchweek 6,Sat,Away,L,2,5,Brentford,1.7,2.3,68.0,6.0,Leeds United
2022-10-02,16:30,Matchweek 9,Sun,Home,D,0,0,Aston Villa,0.4,2.2,44.0,1.0,Leeds United
2022-10-09,14:00,Matchweek 10,Sun,Away,L,1,2,Crystal Palace,1.0,1.1,46.0,4.0,Leeds United
2022-10-16,14:00,Matchweek 11,Sun,Home,L,0,1,Arsenal,1.8,0.5,47.0,4.0,Leeds United
2022-10-20,20:15,Matchweek 12,Thu,Away,L,0,2,Leicester City,1.3,0.8,54.0,2.0,Leeds United
2022-10-23,14:00,Matchweek 13,Sun,Home,L,2,3,Fulham,1.6,1.8,57.0,5.0,Leeds United
2022-10-29,19:45,Matchweek 14,Sat,Away,W,2,1,Liverpool,1.8,1.7,32.0,6.0,Leeds United
2022-11-05,15:00,Matchweek 15,Sat,Home,W,4,3,Bournemouth,2.2,1.5,60.0,3.0,Leeds United
2022-11-12,15:00,Matchweek 16,Sat,Away,L,3,4,Tottenham,1.1,1.8,45.0,5.0,Leeds United
2022-12-28,20:00,Matchweek 17,Wed,Home,L,1,3,Manchester City,0.6,4.3,31.0,1.0,Leeds United
2022-12-31,15:00,Matchweek 18,Sat,Away,D,0,0,Newcastle Utd,0.4,2.2,40.0,1.0,Leeds United
2023-01-04,19:45,Matchweek 19,Wed,Home,D,2,2,West Ham,1.6,1.4,62.0,5.0,Leeds United
2023-01-13,20:00,Matchweek 20,Fri,Away,L,1,2,Aston Villa,2.4,1.2,48.0,3.0,Leeds United
2023-01-22,14:00,Matchweek 21,Sun,Home,D,0,0,Brentford,0.5,0.4,58.0,5.0,Leeds United
2023-02-05,14:00,Matchweek 22,Sun,Away,L,0,1,Nott'ham Forest,0.9,0.4,70.0,4.0,Leeds United
2023-02-08,20:00,Matchweek 8,Wed,Away,D,2,2,Manchester Utd,0.6,2.0,34.0,2.0,Leeds United
2023-02-12,14:00,Matchweek 23,Sun,Home,L,0,2,Manchester Utd,1.8,1.1,34.0,6.0,Leeds United
2023-02-18,15:00,Matchweek 24,Sat,Away,L,0,1,Everton,0.5,1.4,49.0,0.0,Leeds United
2023-02-25,15:00,Matchweek 25,Sat,Home,W,1,0,Southampton,0.9,0.4,61.0,4.0,Leeds United
2023-03-04,15:00,Matchweek 26,Sat,Away,L,0,1,Chelsea,1.0,1.5,43.0,2.0,Leeds United
2023-03-11,15:00,Matchweek 27,Sat,Home,D,2,2,Brighton,0.9,2.7,38.0,4.0,Leeds United
2023-03-18,15:00,Matchweek 28,Sat,Away,W,4,2,Wolves,1.6,2.7,35.0,4.0,Leeds United
2023-04-01,15:00,Matchweek 29,Sat,Away,L,1,4,Arsenal,0.7,3.8,34.0,5.0,Leeds United
2023-04-04,19:45,Matchweek 7,Tue,Home,W,2,1,Nott'ham Forest,1.8,0.8,61.0,6.0,Leeds United
2023-04-09,14:00,Matchweek 30,Sun,Home,L,1,5,Crystal Palace,0.9,3.0,48.0,7.0,Leeds United
2023-04-17,20:00,Matchweek 31,Mon,Home,L,1,6,Liverpool,1.4,2.7,27.0,3.0,Leeds United
2023-04-22,12:30,Matchweek 32,Sat,Away,L,1,2,Fulham,0.8,1.7,50.0,2.0,Leeds United
2023-04-25,20:00,Matchweek 33,Tue,Home,D,1,1,Leicester City,1.5,2.1,41.0,3.0,Leeds United
2023-04-30,14:00,Matchweek 34,Sun,Away,L,1,4,Bournemouth,1.6,1.9,58.0,6.0,Leeds United
2023-05-06,15:00,Matchweek 35,Sat,Away,L,1,2,Manchester City,0.2,2.6,20.0,2.0,Leeds United
2023-05-13,12:30,Matchweek 36,Sat,Home,D,2,2,Newcastle Utd,2.0,2.3,36.0,3.0,Leeds United
2023-05-21,13:30,Matchweek 37,Sun,Away,L,1,3,West Ham,0.9,2.1,41.0,3.0,Leeds United
2023-05-28,16:30,Matchweek 38,Sun,Home,L,1,4,Tottenham,1.5,2.2,52.0,2.0,Leeds United
2020-09-13,14:00,Matchweek 1,Sun,Away,W,3,0,West Brom,2.8,0.4,64.0,5.0,Leicester City
2020-09-20,19:00,Matchweek 2,Sun,Home,W,4,2,Burnley,1.2,1.4,67.0,6.0,Leicester City
2020-09-27,16:30,Matchweek 3,Sun,Away,W,5,2,Manchester City,2.9,0.9,28.0,4.0,Leicester City
2020-10-04,12:00,Matchweek 4,Sun,Home,L,0,3,West Ham,0.6,2.0,69.0,0.0,Leicester City
2020-10-18,19:15,Matchweek 5,Sun,Home,L,0,1,Aston Villa,0.6,0.7,50.0,5.0,Leicester City
2020-10-25,19:15,Matchweek 6,Sun,Away,W,1,0,Arsenal,0.7,0.7,44.0,2.0,Leicester City
2020-11-02,20:00,Matchweek 7,Mon,Away,W,4,1,Leeds United,2.9,2.1,33.0,7.0,Leicester City
2020-11-08,14:00,Matchweek 8,Sun,Home,W,1,0,Wolves,2.0,0.8,49.0,1.0,Leicester City
2020-11-22,19:15,Matchweek 9,Sun,Away,L,0,3,Liverpool,1.6,3.1,44.0,4.0,Leicester City
2020-11-30,17:30,Matchweek 10,Mon,Home,L,1,2,Fulham,1.2,2.2,68.0,3.0,Leicester City
2020-12-06,14:15,Matchweek 11,Sun,Away,W,2,1,Sheffield Utd,1.4,0.2,69.0,4.0,Leicester City
2020-12-13,19:15,Matchweek 12,Sun,Home,W,3,0,Brighton,1.5,0.9,54.0,6.0,Leicester City
2020-12-16,18:00,Matchweek 13,Wed,Home,L,0,2,Everton,0.8,1.4,61.0,2.0,Leicester City
2020-12-20,14:15,Matchweek 14,Sun,Away,W,2,0,Tottenham,1.7,0.7,44.0,3.0,Leicester City
2020-12-26,12:30,Matchweek 15,Sat,Home,D,2,2,Manchester Utd,0.9,1.7,54.0,2.0,Leicester City
2020-12-28,15:00,Matchweek 16,Mon,Away,D,1,1,Crystal Palace,1.9,0.5,66.0,2.0,Leicester City
2021-01-03,14:15,Matchweek 17,Sun,Away,W,2,1,Newcastle Utd,0.6,0.5,56.0,3.0,Leicester City
2021-01-16,20:00,Matchweek 19,Sat,Home,W,2,0,Southampton,2.2,0.6,47.0,4.0,Leicester City
2021-01-19,20:15,Matchweek 18,Tue,Home,W,2,0,Chelsea,1.4,0.7,36.0,6.0,Leicester City
2021-01-27,20:15,Matchweek 20,Wed,Away,D,1,1,Everton,1.2,0.5,65.0,6.0,Leicester City
2021-01-31,14:00,Matchweek 21,Sun,Home,L,1,3,Leeds United,1.8,2.1,51.0,8.0,Leicester City
2021-02-03,18:00,Matchweek 22,Wed,Away,W,2,0,Fulham,1.4,0.6,43.0,5.0,Leicester City
2021-02-07,14:00,Matchweek 23,Sun,Away,D,0,0,Wolves,0.8,1.1,56.0,3.0,Leicester City
2021-02-13,12:30,Matchweek 24,Sat,Home,W,3,1,Liverpool,1.9,1.7,38.0,6.0,Leicester City
2021-02-21,14:05,Matchweek 25,Sun,Away,W,2,1,Aston Villa,1.1,1.4,49.0,7.0,Leicester City
2021-02-28,12:00,Matchweek 26,Sun,Home,L,1,3,Arsenal,0.4,2.3,44.0,3.0,Leicester City
2021-03-03,18:00,Matchweek 29,Wed,Away,D,1,1,Burnley,1.2,1.8,61.0,4.0,Leicester City
2021-03-06,20:00,Matchweek 27,Sat,Away,W,2,1,Brighton,0.9,0.8,63.0,4.0,Leicester City
2021-03-14,14:00,Matchweek 28,Sun,Home,W,5,0,Sheffield Utd,4.0,0.1,71.0,9.0,Leicester City
2021-04-03,17:30,Matchweek 30,Sat,Home,L,0,2,Manchester City,0.3,1.4,44.0,2.0,Leicester City
2021-04-11,14:05,Matchweek 31,Sun,Away,L,2,3,West Ham,0.9,0.8,63.0,4.0,Leicester City
2021-04-22,20:00,Matchweek 32,Thu,Home,W,3,0,West Brom,2.1,0.5,72.0,7.0,Leicester City
2021-04-26,20:00,Matchweek 33,Mon,Home,W,2,1,Crystal Palace,1.5,0.7,66.0,5.0,Leicester City
2021-04-30,20:00,Matchweek 34,Fri,Away,D,1,1,Southampton,1.9,0.9,70.0,9.0,Leicester City
2021-05-07,20:00,Matchweek 35,Fri,Home,L,2,4,Newcastle Utd,2.2,2.7,68.0,9.0,Leicester City
2021-05-11,18:00,Matchweek 36,Tue,Away,W,2,1,Manchester Utd,0.9,0.2,47.0,3.0,Leicester City
2021-05-18,20:15,Matchweek 37,Tue,Away,L,1,2,Chelsea,0.8,3.1,42.0,3.0,Leicester City
2021-05-23,16:00,Matchweek 38,Sun,Home,L,2,4,Tottenham,1.9,1.5,47.0,4.0,Leicester City
2021-08-14,15:00,Matchweek 1,Sat,Home,W,1,0,Wolves,0.5,1.3,56.0,5.0,Leicester City
2021-08-23,20:00,Matchweek 2,Mon,Away,L,1,4,West Ham,0.6,2.3,48.0,1.0,Leicester City
2021-08-28,15:00,Matchweek 3,Sat,Away,W,2,1,Norwich City,1.5,1.5,55.0,3.0,Leicester City
2021-09-11,15:00,Matchweek 4,Sat,Home,L,0,1,Manchester City,0.6,2.8,39.0,1.0,Leicester City
2021-09-19,14:00,Matchweek 5,Sun,Away,L,1,2,Brighton,1.6,1.7,63.0,3.0,Leicester City
2021-09-25,15:00,Matchweek 6,Sat,Home,D,2,2,Burnley,2.4,0.5,66.0,4.0,Leicester City
2021-10-03,14:00,Matchweek 7,Sun,Away,D,2,2,Crystal Palace,1.2,1.5,40.0,5.0,Leicester City
2021-10-16,15:00,Matchweek 8,Sat,Home,W,4,2,Manchester Utd,2.4,1.2,49.0,11.0,Leicester City
2021-10-24,14:00,Matchweek 9,Sun,Away,W,2,1,Brentford,1.5,1.0,46.0,6.0,Leicester City
2021-10-30,12:30,Matchweek 10,Sat,Home,L,0,2,Arsenal,1.3,0.7,64.0,8.0,Leicester City
2021-11-07,14:00,Matchweek 11,Sun,Away,D,1,1,Leeds United,0.7,1.3,44.0,3.0,Leicester City
2021-11-20,12:30,Matchweek 12,Sat,Home,L,0,3,Chelsea,0.4,2.0,39.0,3.0,Leicester City
2021-11-28,14:00,Matchweek 13,Sun,Home,W,4,2,Watford,2.1,2.8,56.0,8.0,Leicester City
2021-12-01,19:30,Matchweek 14,Wed,Away,D,2,2,Southampton,1.5,1.5,55.0,6.0,Leicester City
2021-12-05,16:30,Matchweek 15,Sun,Away,L,1,2,Aston Villa,1.1,2.1,59.0,4.0,Leicester City
2021-12-12,14:00,Matchweek 16,Sun,Home,W,4,0,Newcastle Utd,2.6,1.0,47.0,4.0,Leicester City
2021-12-26,15:00,Matchweek 19,Sun,Away,L,3,6,Manchester City,2.7,3.6,28.0,8.0,Leicester City
2021-12-28,20:00,Matchweek 20,Tue,Home,W,1,0,Liverpool,0.4,2.3,37.0,1.0,Leicester City
2022-01-19,19:30,Matchweek 17,Wed,Home,L,2,3,Tottenham,1.2,3.1,49.0,4.0,Leicester City
2022-01-23,14:00,Matchweek 23,Sun,Home,D,1,1,Brighton,1.4,1.1,44.0,5.0,Leicester City
2022-02-10,19:45,Matchweek 24,Thu,Away,L,0,2,Liverpool,0.5,1.8,36.0,1.0,Leicester City
2022-02-13,16:30,Matchweek 25,Sun,Home,D,2,2,West Ham,1.4,1.1,55.0,1.0,Leicester City
2022-02-20,16:30,Matchweek 26,Sun,Away,L,1,2,Wolves,1.7,0.5,63.0,7.0,Leicester City
2022-03-01,19:45,Matchweek 22,Tue,Away,W,2,0,Burnley,1.5,0.9,55.0,6.0,Leicester City
2022-03-05,12:30,Matchweek 28,Sat,Home,W,1,0,Leeds United,0.4,1.7,51.0,4.0,Leicester City
2022-03-13,16:30,Matchweek 29,Sun,Away,L,0,2,Arsenal,0.4,2.4,54.0,3.0,Leicester City
2022-03-20,14:00,Matchweek 30,Sun,Home,W,2,1,Brentford,1.0,1.3,52.0,4.0,Leicester City
2022-04-02,17:30,Matchweek 31,Sat,Away,D,1,1,Manchester Utd,0.8,0.9,46.0,3.0,Leicester City
2022-04-10,14:00,Matchweek 32,Sun,Home,W,2,1,Crystal Palace,1.0,1.4,51.0,3.0,Leicester City
2022-04-17,14:15,Matchweek 33,Sun,Away,L,1,2,Newcastle Utd,0.6,1.8,68.0,2.0,Leicester City
2022-04-20,19:45,Matchweek 18,Wed,Away,D,1,1,Everton,0.9,1.8,63.0,3.0,Leicester City
2022-04-23,15:00,Matchweek 34,Sat,Home,D,0,0,Aston Villa,0.3,0.9,64.0,2.0,Leicester City
2022-05-01,14:00,Matchweek 35,Sun,Away,L,1,3,Tottenham,0.5,1.2,60.0,2.0,Leicester City
2022-05-08,14:00,Matchweek 36,Sun,Home,L,1,2,Everton,1.5,1.1,66.0,8.0,Leicester City
2022-05-11,19:45,Matchweek 21,Wed,Home,W,3,0,Norwich City,2.0,1.1,65.0,8.0,Leicester City
2022-05-15,14:00,Matchweek 37,Sun,Away,W,5,1,Watford,2.5,1.4,59.0,7.0,Leicester City
2022-05-19,20:00,Matchweek 27,Thu,Away,D,1,1,Chelsea,0.1,1.6,33.0,1.0,Leicester City
2022-05-22,16:00,Matchweek 38,Sun,Home,W,4,1,Southampton,3.4,1.1,51.0,6.0,Leicester City
2022-08-07,14:00,Matchweek 1,Sun,Home,D,2,2,Brentford,0.6,0.8,56.0,5.0,Leicester City
2022-08-13,15:00,Matchweek 2,Sat,Away,L,2,4,Arsenal,0.5,2.7,50.0,2.0,Leicester City
2022-08-20,15:00,Matchweek 3,Sat,Home,L,1,2,Southampton,0.3,0.9,62.0,1.0,Leicester City
2022-08-27,15:00,Matchweek 4,Sat,Away,L,1,2,Chelsea,2.5,1.8,55.0,5.0,Leicester City
2022-09-01,20:00,Matchweek 5,Thu,Home,L,0,1,Manchester Utd,0.7,1.5,53.0,2.0,Leicester City
2022-09-04,14:00,Matchweek 6,Sun,Away,L,2,5,Brighton,1.4,2.6,47.0,4.0,Leicester City
2022-09-17,17:30,Matchweek 8,Sat,Away,L,2,6,Tottenham,1.8,2.2,56.0,6.0,Leicester City
2022-10-03,20:00,Matchweek 9,Mon,Home,W,4,0,Nott'ham Forest,1.3,1.1,51.0,7.0,Leicester City
2022-10-08,15:00,Matchweek 10,Sat,Away,L,1,2,Bournemouth,1.0,1.1,55.0,5.0,Leicester City
2022-10-15,12:30,Matchweek 11,Sat,Home,D,0,0,Crystal Palace,1.0,0.4,54.0,5.0,Leicester City
2022-10-20,20:15,Matchweek 12,Thu,Home,W,2,0,Leeds United,0.8,1.3,46.0,1.0,Leicester City
2022-10-23,14:00,Matchweek 13,Sun,Away,W,4,0,Wolves,0.9,2.1,40.0,4.0,Leicester City
2022-10-29,12:30,Matchweek 14,Sat,Home,L,0,1,Manchester City,0.7,1.0,36.0,5.0,Leicester City
2022-11-05,17:30,Matchweek 15,Sat,Away,W,2,0,Everton,2.3,1.2,51.0,8.0,Leicester City
2022-11-12,15:00,Matchweek 16,Sat,Away,W,2,0,West Ham,1.8,1.4,46.0,5.0,Leicester City
2022-12-26,15:00,Matchweek 17,Mon,Home,L,0,3,Newcastle Utd,0.5,1.9,60.0,2.0,Leicester City
2022-12-30,20:00,Matchweek 18,Fri,Away,L,1,2,Liverpool,1.0,2.2,43.0,2.0,Leicester City
2023-01-03,19:45,Matchweek 19,Tue,Home,L,0,1,Fulham,1.7,1.7,61.0,6.0,Leicester City
2023-01-14,15:00,Matchweek 20,Sat,Away,L,0,2,Nott'ham Forest,1.0,2.4,61.0,1.0,Leicester City
2023-01-21,15:00,Matchweek 21,Sat,Home,D,2,2,Brighton,0.9,1.7,37.0,2.0,Leicester City
2023-02-04,15:00,Matchweek 22,Sat,Away,W,4,2,Aston Villa,2.6,1.7,38.0,5.0,Leicester City
2023-02-11,15:00,Matchweek 23,Sat,Home,W,4,1,Tottenham,1.7,1.3,49.0,6.0,Leicester City
2023-02-19,14:00,Matchweek 24,Sun,Away,L,0,3,Manchester Utd,1.6,4.4,43.0,3.0,Leicester City
2023-02-25,15:00,Matchweek 25,Sat,Home,L,0,1,Arsenal,0.0,0.7,35.0,0.0,Leicester City
2023-03-04,17:30,Matchweek 26,Sat,Away,L,0,1,Southampton,1.9,1.4,65.0,0.0,Leicester City
2023-03-11,15:00,Matchweek 27,Sat,Home,L,1,3,Chelsea,2.4,1.6,48.0,6.0,Leicester City
2023-03-18,15:00,Matchweek 28,Sat,Away,D,1,1,Brentford,1.3,0.6,47.0,1.0,Leicester City
2023-04-01,15:00,Matchweek 29,Sat,Away,L,1,2,Crystal Palace,0.2,2.3,48.0,2.0,Leicester City
2023-04-04,19:45,Matchweek 7,Tue,Home,L,1,2,Aston Villa,0.5,1.0,36.0,4.0,Leicester City
2023-04-08,15:00,Matchweek 30,Sat,Home,L,0,1,Bournemouth,0.6,1.9,51.0,4.0,Leicester City
2023-04-15,17:30,Matchweek 31,Sat,Away,L,1,3,Manchester City,2.3,1.6,30.0,4.0,Leicester City
2023-04-22,15:00,Matchweek 32,Sat,Home,W,2,1,Wolves,2.4,0.9,42.0,6.0,Leicester City
2023-04-25,20:00,Matchweek 33,Tue,Away,D,1,1,Leeds United,2.1,1.5,59.0,3.0,Leicester City
2023-05-01,20:00,Matchweek 34,Mon,Home,D,2,2,Everton,3.4,3.1,54.0,4.0,Leicester City
2023-05-08,15:00,Matchweek 35,Mon,Away,L,3,5,Fulham,2.8,1.6,43.0,7.0,Leicester City
2023-05-15,20:00,Matchweek 36,Mon,Home,L,0,3,Liverpool,0.4,2.2,34.0,4.0,Leicester City
2023-05-22,20:00,Matchweek 37,Mon,Away,D,0,0,Newcastle Utd,0.1,2.1,23.0,1.0,Leicester City
2023-05-28,16:30,Matchweek 38,Sun,Home,W,2,1,West Ham,1.4,1.4,48.0,4.0,Leicester City
2024-08-19,20:00,Matchweek 1,Mon,Home,D,1,1,Tottenham,1.0,1.2,30.0,3.0,Leicester City
2024-08-24,15:00,Matchweek 2,Sat,Away,L,1,2,Fulham,0.6,1.8,46.0,4.0,Leicester City
2024-08-31,15:00,Matchweek 3,Sat,Home,L,1,2,Aston Villa,0.4,1.4,57.0,3.0,Leicester City
2024-09-14,15:00,Matchweek 4,Sat,Away,D,2,2,Crystal Palace,1.2,2.5,34.0,4.0,Leicester City
2024-09-21,15:00,Matchweek 5,Sat,Home,D,1,1,Everton,0.7,1.1,58.0,2.0,Leicester City
2024-09-28,15:00,Matchweek 6,Sat,Away,L,2,4,Arsenal,0.3,4.4,26.0,3.0,Leicester City
2024-10-05,15:00,Matchweek 7,Sat,Home,W,1,0,Bournemouth,0.8,2.1,45.0,2.0,Leicester City
2024-10-19,15:00,Matchweek 8,Sat,Away,W,3,2,Southampton,3.1,2.1,58.0,3.0,Leicester City
2024-10-25,20:00,Matchweek 9,Fri,Home,L,1,3,Nott'ham Forest,0.8,1.7,65.0,1.0,Leicester City
2024-11-02,15:00,Matchweek 10,Sat,Away,D,1,1,Ipswich Town,1.5,1.0,57.0,5.0,Leicester City
2024-11-10,14:00,Matchweek 11,Sun,Away,L,0,3,Manchester Utd,0.6,0.8,49.0,5.0,Leicester City
2024-11-23,12:30,Matchweek 12,Sat,Home,L,1,2,Chelsea,1.1,2.7,37.0,0.0,Leicester City
2024-11-30,15:00,Matchweek 13,Sat,Away,L,1,4,Brentford,1.1,2.4,40.0,3.0,Leicester City
2024-12-03,20:15,Matchweek 14,Tue,Home,W,3,1,West Ham,1.7,3.0,39.0,6.0,Leicester City
2024-12-08,14:00,Matchweek 15,Sun,Home,D,2,2,Brighton,1.3,1.5,56.0,3.0,Leicester City
2024-12-14,15:00,Matchweek 16,Sat,Away,L,0,4,Newcastle Utd,0.2,3.8,41.0,1.0,Leicester City
2024-12-22,14:00,Matchweek 17,Sun,Home,L,0,3,Wolves,0.8,1.1,54.0,4.0,Leicester City
2024-12-26,20:00,Matchweek 18,Thu,Away,L,1,3,Liverpool,0.3,2.0,32.0,1.0,Leicester City
2024-12-29,14:30,Matchweek 19,Sun,Home,L,0,2,Manchester City,1.3,1.3,53.0,3.0,Leicester City
2025-01-04,15:00,Matchweek 20,Sat,Away,L,1,2,Aston Villa,0.4,1.4,40.0,2.0,Leicester City
2025-01-15,19:30,Matchweek 21,Wed,Home,L,0,2,Crystal Palace,1.7,1.8,57.0,4.0,Leicester City
2025-01-18,15:00,Matchweek 22,Sat,Home,L,0,2,Fulham,0.6,2.0,40.0,4.0,Leicester City
2025-01-26,14:00,Matchweek 23,Sun,Away,W,2,1,Tottenham,1.6,1.0,39.0,3.0,Leicester City
2025-02-01,15:00,Matchweek 24,Sat,Away,L,0,4,Everton,0.3,2.5,52.0,1.0,Leicester City
2025-02-15,12:30,Matchweek 25,Sat,Home,L,0,2,Arsenal,0.2,1.4,40.0,2.0,Leicester City
2025-02-21,20:00,Matchweek 26,Fri,Home,L,0,4,Brentford,0.5,1.5,48.0,3.0,Leicester City
2025-02-27,20:00,Matchweek 27,Thu,Away,L,0,2,West Ham,0.4,1.3,42.0,2.0,Leicester City
2025-03-09,14:00,Matchweek 28,Sun,Away,L,0,1,Chelsea,0.1,1.7,44.0,3.0,Leicester City
2025-03-16,19:00,Matchweek 29,Sun,Home,L,0,3,Manchester Utd,1.0,0.9,53.0,3.0,Leicester City
2025-04-02,19:45,Matchweek 30,Wed,Away,L,0,2,Manchester City,0.1,2.2,28.0,0.0,Leicester City
2025-04-07,20:00,Matchweek 31,Mon,Home,L,0,3,Newcastle Utd,0.5,3.2,58.0,2.0,Leicester City
2025-04-12,15:00,Matchweek 32,Sat,Away,D,2,2,Brighton,1.5,3.8,41.0,6.0,Leicester City
2025-04-20,16:30,Matchweek 33,Sun,Home,L,0,1,Liverpool,0.3,2.5,42.0,0.0,Leicester City
2025-04-26,15:00,Matchweek 34,Sat,Away,L,0,3,Wolves,1.1,2.0,44.0,1.0,Leicester City
2025-05-03,15:00,Matchweek 35,Sat,Home,W,2,0,Southampton,1.4,0.5,49.0,4.0,Leicester City
2025-05-11,14:15,Matchweek 36,Sun,Away,D,2,2,Nott'ham Forest,1.1,1.3,45.0,6.0,Leicester City
2025-05-18,15:00,Matchweek 37,Sun,Home,W,2,0,Ipswich Town,0.8,1.4,50.0,3.0,Leicester City
2025-05-25,16:00,Matchweek 38,Sun,Away,L,0,2,Bournemouth,0.3,1.6,37.0,0.0,Leicester City
2020-09-12,17:30,Matchweek 1,Sat,Home,W,4,3,Leeds United,2.7,0.3,49.0,4.0,Liverpool
2020-09-20,16:30,Matchweek 2,Sun,Away,W,2,0,Chelsea,2.1,0.9,61.0,5.0,Liverpool
2020-09-28,20:00,Matchweek 3,Mon,Home,W,3,1,Arsenal,2.7,1.3,66.0,8.0,Liverpool
2020-10-04,19:15,Matchweek 4,Sun,Away,L,2,7,Aston Villa,1.8,2.7,69.0,8.0,Liverpool
2020-10-17,12:30,Matchweek 5,Sat,Away,D,2,2,Everton,2.6,1.2,58.0,8.0,Liverpool
2020-10-24,20:00,Matchweek 6,Sat,Home,W,2,1,Sheffield Utd,2.3,1.6,62.0,5.0,Liverpool
2020-10-31,17:30,Matchweek 7,Sat,Home,W,2,1,West Ham,1.7,0.3,72.0,4.0,Liverpool
2020-11-08,16:30,Matchweek 8,Sun,Away,D,1,1,Manchester City,1.2,1.4,46.0,2.0,Liverpool
2020-11-22,19:15,Matchweek 9,Sun,Home,W,3,0,Leicester City,3.1,1.6,56.0,11.0,Liverpool
2020-11-28,12:30,Matchweek 10,Sat,Away,D,1,1,Brighton,0.2,2.3,60.0,2.0,Liverpool
2020-12-06,19:15,Matchweek 11,Sun,Home,W,4,0,Wolves,1.2,0.4,60.0,6.0,Liverpool
2020-12-13,16:30,Matchweek 12,Sun,Away,D,1,1,Fulham,1.8,1.5,74.0,5.0,Liverpool
2020-12-16,20:00,Matchweek 13,Wed,Home,W,2,1,Tottenham,1.0,1.1,75.0,11.0,Liverpool
2020-12-19,12:30,Matchweek 14,Sat,Away,W,7,0,Crystal Palace,2.5,0.3,64.0,7.0,Liverpool
2020-12-27,16:30,Matchweek 15,Sun,Home,D,1,1,West Brom,1.5,0.6,77.0,2.0,Liverpool
2020-12-30,20:00,Matchweek 16,Wed,Away,D,0,0,Newcastle Utd,1.4,0.5,72.0,4.0,Liverpool
2021-01-04,20:00,Matchweek 17,Mon,Away,L,0,1,Southampton,1.5,0.4,66.0,1.0,Liverpool
2021-01-17,16:30,Matchweek 19,Sun,Home,D,0,0,Manchester Utd,1.2,1.1,65.0,3.0,Liverpool
2021-01-21,20:00,Matchweek 18,Thu,Home,L,0,1,Burnley,1.6,1.1,72.0,6.0,Liverpool
2021-01-28,20:00,Matchweek 20,Thu,Away,W,3,1,Tottenham,2.5,0.1,50.0,7.0,Liverpool
2021-01-31,16:30,Matchweek 21,Sun,Away,W,3,1,West Ham,2.0,0.8,67.0,5.0,Liverpool
2021-02-03,20:15,Matchweek 22,Wed,Home,L,0,1,Brighton,1.0,1.3,63.0,1.0,Liverpool
2021-02-07,16:30,Matchweek 23,Sun,Home,L,1,4,Manchester City,1.2,3.5,56.0,2.0,Liverpool
2021-02-13,12:30,Matchweek 24,Sat,Away,L,1,3,Leicester City,1.7,1.9,62.0,4.0,Liverpool
2021-02-20,17:30,Matchweek 25,Sat,Home,L,0,2,Everton,1.4,1.6,71.0,6.0,Liverpool
2021-02-28,19:15,Matchweek 26,Sun,Away,W,2,0,Sheffield Utd,2.7,0.7,60.0,8.0,Liverpool
2021-03-04,20:15,Matchweek 29,Thu,Home,L,0,1,Chelsea,0.3,1.0,54.0,1.0,Liverpool
2021-03-07,14:00,Matchweek 27,Sun,Home,L,0,1,Fulham,0.9,1.3,63.0,3.0,Liverpool
2021-03-15,20:00,Matchweek 28,Mon,Away,W,1,0,Wolves,0.9,1.1,47.0,4.0,Liverpool
2021-04-03,20:00,Matchweek 30,Sat,Away,W,3,0,Arsenal,2.4,0.1,64.0,7.0,Liverpool
2021-04-10,15:00,Matchweek 31,Sat,Home,W,2,1,Aston Villa,2.3,0.5,65.0,10.0,Liverpool
2021-04-19,20:00,Matchweek 32,Mon,Away,D,1,1,Leeds United,1.4,2.3,39.0,7.0,Liverpool
2021-04-24,12:30,Matchweek 33,Sat,Home,D,1,1,Newcastle Utd,2.4,1.0,68.0,9.0,Liverpool
2021-05-08,20:15,Matchweek 35,Sat,Home,W,2,0,Southampton,1.7,1.1,54.0,6.0,Liverpool
2021-05-13,20:15,Matchweek 34,Thu,Away,W,4,2,Manchester Utd,2.7,1.9,47.0,8.0,Liverpool
2021-05-16,16:30,Matchweek 36,Sun,Away,W,2,1,West Brom,1.9,1.0,76.0,6.0,Liverpool
2021-05-19,20:15,Matchweek 37,Wed,Away,W,3,0,Burnley,2.6,0.8,59.0,3.0,Liverpool
2021-05-23,16:00,Matchweek 38,Sun,Home,W,2,0,Crystal Palace,1.6,0.6,69.0,5.0,Liverpool
2021-08-14,17:30,Matchweek 1,Sat,Away,W,3,0,Norwich City,1.6,1.4,50.0,6.0,Liverpool
2021-08-21,12:30,Matchweek 2,Sat,Home,W,2,0,Burnley,2.7,0.9,65.0,8.0,Liverpool
2021-08-28,17:30,Matchweek 3,Sat,Home,D,1,1,Chelsea,2.5,0.6,65.0,6.0,Liverpool
2021-09-12,16:30,Matchweek 4,Sun,Away,W,3,0,Leeds United,4.3,1.2,56.0,8.0,Liverpool
2021-09-18,15:00,Matchweek 5,Sat,Home,W,3,0,Crystal Palace,3.1,0.6,59.0,10.0,Liverpool
2021-09-25,17:30,Matchweek 6,Sat,Away,D,3,3,Brentford,2.8,2.1,67.0,5.0,Liverpool
2021-10-03,16:30,Matchweek 7,Sun,Home,D,2,2,Manchester City,0.9,1.2,49.0,3.0,Liverpool
2021-10-16,12:30,Matchweek 8,Sat,Away,W,5,0,Watford,3.3,0.5,75.0,8.0,Liverpool
2021-10-24,16:30,Matchweek 9,Sun,Away,W,5,0,Manchester Utd,3.4,1.6,62.0,8.0,Liverpool
2021-10-30,15:00,Matchweek 10,Sat,Home,D,2,2,Brighton,1.5,1.0,58.0,3.0,Liverpool
2021-11-07,16:30,Matchweek 11,Sun,Away,L,2,3,West Ham,1.2,1.0,69.0,5.0,Liverpool
2021-11-20,17:30,Matchweek 12,Sat,Home,W,4,0,Arsenal,4.3,0.4,62.0,9.0,Liverpool
2021-11-27,15:00,Matchweek 13,Sat,Home,W,4,0,Southampton,2.9,1.0,64.0,6.0,Liverpool
2021-12-01,20:15,Matchweek 14,Wed,Away,W,4,1,Everton,2.4,0.7,67.0,7.0,Liverpool
2021-12-04,15:00,Matchweek 15,Sat,Away,W,1,0,Wolves,2.7,0.1,66.0,4.0,Liverpool
2021-12-11,15:00,Matchweek 16,Sat,Home,W,1,0,Aston Villa,2.2,0.2,62.0,4.0,Liverpool
2021-12-16,20:00,Matchweek 17,Thu,Home,W,3,1,Newcastle Utd,2.7,0.3,74.0,8.0,Liverpool
2021-12-19,16:30,Matchweek 18,Sun,Away,D,2,2,Tottenham,1.1,3.0,56.0,6.0,Liverpool
2021-12-28,20:00,Matchweek 20,Tue,Away,L,0,1,Leicester City,2.3,0.4,63.0,3.0,Liverpool
2022-01-02,16:30,Matchweek 21,Sun,Away,D,2,2,Chelsea,1.3,1.2,46.0,6.0,Liverpool
2022-01-16,14:00,Matchweek 22,Sun,Home,W,3,0,Brentford,2.7,0.7,68.0,13.0,Liverpool
2022-01-23,14:00,Matchweek 23,Sun,Away,W,3,1,Crystal Palace,1.9,2.2,57.0,6.0,Liverpool
2022-02-10,19:45,Matchweek 24,Thu,Home,W,2,0,Leicester City,1.8,0.5,64.0,11.0,Liverpool
2022-02-13,14:00,Matchweek 25,Sun,Away,W,1,0,Burnley,1.7,1.5,66.0,4.0,Liverpool
2022-02-19,15:00,Matchweek 26,Sat,Home,W,3,1,Norwich City,3.6,0.6,69.0,7.0,Liverpool
2022-02-23,19:45,Matchweek 19,Wed,Home,W,6,0,Leeds United,5.9,0.2,63.0,12.0,Liverpool
2022-03-05,17:30,Matchweek 28,Sat,Home,W,1,0,West Ham,2.4,1.3,68.0,5.0,Liverpool
2022-03-12,12:30,Matchweek 29,Sat,Away,W,2,0,Brighton,2.2,0.5,48.0,8.0,Liverpool
2022-03-16,20:15,Matchweek 27,Wed,Away,W,2,0,Arsenal,0.8,0.5,51.0,3.0,Liverpool
2022-04-02,12:30,Matchweek 31,Sat,Home,W,2,0,Watford,2.2,0.6,73.0,2.0,Liverpool
2022-04-10,16:30,Matchweek 32,Sun,Away,D,2,2,Manchester City,1.3,1.3,45.0,4.0,Liverpool
2022-04-19,20:00,Matchweek 30,Tue,Home,W,4,0,Manchester Utd,2.0,0.1,71.0,5.0,Liverpool
2022-04-24,16:30,Matchweek 34,Sun,Home,W,2,0,Everton,1.7,0.4,82.0,4.0,Liverpool
2022-04-30,12:30,Matchweek 35,Sat,Away,W,1,0,Newcastle Utd,2.3,0.2,64.0,10.0,Liverpool
2022-05-07,19:45,Matchweek 36,Sat,Home,D,1,1,Tottenham,1.3,0.9,64.0,3.0,Liverpool
2022-05-10,20:00,Matchweek 33,Tue,Away,W,2,1,Aston Villa,1.8,1.4,60.0,5.0,Liverpool
2022-05-17,19:45,Matchweek 37,Tue,Away,W,2,1,Southampton,1.3,0.1,70.0,5.0,Liverpool
2022-05-22,16:00,Matchweek 38,Sun,Home,W,3,1,Wolves,2.7,1.3,63.0,7.0,Liverpool
2022-08-06,12:30,Matchweek 1,Sat,Away,D,2,2,Fulham,1.2,1.2,67.0,3.0,Liverpool
2022-08-15,20:00,Matchweek 2,Mon,Home,D,1,1,Crystal Palace,2.0,1.0,72.0,4.0,Liverpool
2022-08-22,20:00,Matchweek 3,Mon,Away,L,1,2,Manchester Utd,1.3,1.8,70.0,5.0,Liverpool
2022-08-27,15:00,Matchweek 4,Sat,Home,W,9,0,Bournemouth,3.3,0.3,69.0,12.0,Liverpool
2022-08-31,20:00,Matchweek 5,Wed,Home,W,2,1,Newcastle Utd,1.5,0.7,72.0,6.0,Liverpool
2022-09-03,12:30,Matchweek 6,Sat,Away,D,0,0,Everton,2.1,1.7,61.0,8.0,Liverpool
2022-10-01,15:00,Matchweek 9,Sat,Home,D,3,3,Brighton,1.5,1.4,54.0,7.0,Liverpool
2022-10-09,16:30,Matchweek 10,Sun,Away,L,2,3,Arsenal,1.1,2.7,57.0,3.0,Liverpool
2022-10-16,16:30,Matchweek 11,Sun,Home,W,1,0,Manchester City,2.1,1.0,37.0,2.0,Liverpool
2022-10-19,19:30,Matchweek 12,Wed,Home,W,1,0,West Ham,1.7,1.7,54.0,7.0,Liverpool
2022-10-22,12:30,Matchweek 13,Sat,Away,L,0,1,Nott'ham Forest,1.6,1.9,75.0,7.0,Liverpool
2022-10-29,19:45,Matchweek 14,Sat,Home,L,1,2,Leeds United,1.7,1.8,68.0,10.0,Liverpool
2022-11-06,16:30,Matchweek 15,Sun,Away,W,2,1,Tottenham,1.2,1.2,53.0,6.0,Liverpool
2022-11-12,15:00,Matchweek 16,Sat,Home,W,3,1,Southampton,1.9,1.1,60.0,7.0,Liverpool
2022-12-26,17:30,Matchweek 17,Mon,Away,W,3,1,Aston Villa,2.7,1.4,52.0,9.0,Liverpool
2022-12-30,20:00,Matchweek 18,Fri,Home,W,2,1,Leicester City,2.2,1.0,57.0,5.0,Liverpool
2023-01-02,17:30,Matchweek 19,Mon,Away,L,1,3,Brentford,0.9,1.6,72.0,5.0,Liverpool
2023-01-14,15:00,Matchweek 20,Sat,Away,L,0,3,Brighton,1.0,1.9,39.0,2.0,Liverpool
2023-01-21,12:30,Matchweek 21,Sat,Home,D,0,0,Chelsea,1.4,1.6,48.0,3.0,Liverpool
2023-02-04,15:00,Matchweek 22,Sat,Away,L,0,3,Wolves,1.8,2.0,59.0,2.0,Liverpool
2023-02-13,20:00,Matchweek 23,Mon,Home,W,2,0,Everton,2.3,0.4,59.0,6.0,Liverpool
2023-02-18,17:30,Matchweek 24,Sat,Away,W,2,0,Newcastle Utd,1.9,2.0,62.0,7.0,Liverpool
2023-02-25,19:45,Matchweek 25,Sat,Away,D,0,0,Crystal Palace,0.9,0.7,63.0,4.0,Liverpool
2023-03-01,20:00,Matchweek 7,Wed,Home,W,2,0,Wolves,2.6,0.8,57.0,6.0,Liverpool
2023-03-05,16:30,Matchweek 26,Sun,Home,W,7,0,Manchester Utd,2.8,0.8,59.0,8.0,Liverpool
2023-03-11,12:30,Matchweek 27,Sat,Away,L,0,1,Bournemouth,1.7,0.9,69.0,5.0,Liverpool
2023-04-01,12:30,Matchweek 29,Sat,Away,L,1,4,Manchester City,0.3,2.9,32.0,1.0,Liverpool
2023-04-04,20:00,Matchweek 8,Tue,Away,D,0,0,Chelsea,0.3,2.2,51.0,3.0,Liverpool
2023-04-09,16:30,Matchweek 30,Sun,Home,D,2,2,Arsenal,3.9,1.4,59.0,6.0,Liverpool
2023-04-17,20:00,Matchweek 31,Mon,Away,W,6,1,Leeds United,2.7,1.4,73.0,7.0,Liverpool
2023-04-22,15:00,Matchweek 32,Sat,Home,W,3,2,Nott'ham Forest,2.8,0.9,80.0,5.0,Liverpool
2023-04-26,19:45,Matchweek 33,Wed,Away,W,2,1,West Ham,1.9,0.8,72.0,4.0,Liverpool
2023-04-30,16:30,Matchweek 34,Sun,Home,W,4,3,Tottenham,2.2,2.0,67.0,3.0,Liverpool
2023-05-03,20:00,Matchweek 28,Wed,Home,W,1,0,Fulham,1.8,0.9,57.0,2.0,Liverpool
2023-05-06,17:30,Matchweek 35,Sat,Home,W,1,0,Brentford,2.2,0.2,54.0,5.0,Liverpool
2023-05-15,20:00,Matchweek 36,Mon,Away,W,3,0,Leicester City,2.2,0.4,66.0,5.0,Liverpool
2023-05-20,15:00,Matchweek 37,Sat,Home,D,1,1,Aston Villa,0.7,1.3,66.0,5.0,Liverpool
2023-05-28,16:30,Matchweek 38,Sun,Away,D,4,4,Southampton,4.0,1.8,69.0,8.0,Liverpool
2023-08-13,16:30,Matchweek 1,Sun,Away,D,1,1,Chelsea,1.3,1.4,35.0,1.0,Liverpool
2023-08-19,15:00,Matchweek 2,Sat,Home,W,3,1,Bournemouth,3.0,1.3,64.0,9.0,Liverpool
2023-08-27,16:30,Matchweek 3,Sun,Away,W,2,1,Newcastle Utd,0.9,2.0,41.0,4.0,Liverpool
2023-09-03,14:00,Matchweek 4,Sun,Home,W,3,0,Aston Villa,2.5,0.7,63.0,4.0,Liverpool
2023-09-16,12:30,Matchweek 5,Sat,Away,W,3,1,Wolves,2.5,0.6,65.0,5.0,Liverpool
2023-09-24,14:00,Matchweek 6,Sun,Home,W,3,1,West Ham,3.0,1.1,63.0,6.0,Liverpool
2023-09-30,17:30,Matchweek 7,Sat,Away,L,1,2,Tottenham,1.3,2.2,36.0,4.0,Liverpool
2023-10-08,14:00,Matchweek 8,Sun,Away,D,2,2,Brighton,2.3,2.3,54.0,3.0,Liverpool
2023-10-21,12:30,Matchweek 9,Sat,Home,W,2,0,Everton,2.2,0.1,77.0,5.0,Liverpool
2023-10-29,14:00,Matchweek 10,Sun,Home,W,3,0,Nott'ham Forest,3.2,0.4,72.0,8.0,Liverpool
2023-11-05,16:30,Matchweek 11,Sun,Away,D,1,1,Luton Town,2.6,0.8,73.0,6.0,Liverpool
2023-11-12,14:00,Matchweek 12,Sun,Home,W,3,0,Brentford,1.7,1.6,58.0,10.0,Liverpool
2023-11-25,12:30,Matchweek 13,Sat,Away,D,1,1,Manchester City,0.6,1.3,41.0,3.0,Liverpool
2023-12-03,14:00,Matchweek 14,Sun,Home,W,4,3,Fulham,2.1,1.2,61.0,12.0,Liverpool
2023-12-06,19:30,Matchweek 15,Wed,Away,W,2,0,Sheffield Utd,1.7,1.0,75.0,8.0,Liverpool
2023-12-09,12:30,Matchweek 16,Sat,Away,W,2,1,Crystal Palace,1.2,1.7,76.0,2.0,Liverpool
2023-12-17,16:30,Matchweek 17,Sun,Home,D,0,0,Manchester Utd,2.3,0.8,68.0,8.0,Liverpool
2023-12-23,17:30,Matchweek 18,Sat,Home,D,1,1,Arsenal,1.0,0.7,52.0,3.0,Liverpool
2023-12-26,17:30,Matchweek 19,Tue,Away,W,2,0,Burnley,1.8,0.8,68.0,10.0,Liverpool
2024-01-01,20:00,Matchweek 20,Mon,Home,W,4,2,Newcastle Utd,7.0,0.6,61.0,12.0,Liverpool
2024-01-21,16:30,Matchweek 21,Sun,Away,W,4,0,Bournemouth,1.5,1.4,60.0,7.0,Liverpool
2024-01-31,20:15,Matchweek 22,Wed,Home,W,4,1,Chelsea,2.9,0.6,50.0,13.0,Liverpool
2024-02-04,16:30,Matchweek 23,Sun,Away,L,1,3,Arsenal,0.4,3.5,57.0,1.0,Liverpool
2024-02-10,15:00,Matchweek 24,Sat,Home,W,3,1,Burnley,2.8,1.3,70.0,10.0,Liverpool
2024-02-17,12:30,Matchweek 25,Sat,Away,W,4,1,Brentford,2.8,1.6,62.0,8.0,Liverpool
2024-02-21,19:30,Matchweek 26,Wed,Home,W,4,1,Luton Town,3.3,0.9,60.0,13.0,Liverpool
2024-03-02,15:00,Matchweek 27,Sat,Away,W,1,0,Nott'ham Forest,2.0,1.0,69.0,1.0,Liverpool
2024-03-10,15:45,Matchweek 28,Sun,Home,D,1,1,Manchester City,2.7,1.6,53.0,5.0,Liverpool
2024-03-31,14:00,Matchweek 30,Sun,Home,W,2,1,Brighton,2.8,0.5,55.0,8.0,Liverpool
2024-04-04,19:30,Matchweek 31,Thu,Home,W,3,1,Sheffield Utd,1.8,0.6,82.0,9.0,Liverpool
2024-04-07,15:30,Matchweek 32,Sun,Away,D,2,2,Manchester Utd,3.6,0.7,62.0,6.0,Liverpool
2024-04-14,14:00,Matchweek 33,Sun,Home,L,0,1,Crystal Palace,2.7,2.0,69.0,5.0,Liverpool
2024-04-21,16:30,Matchweek 34,Sun,Away,W,3,1,Fulham,1.0,0.8,60.0,7.0,Liverpool
2024-04-24,20:00,Matchweek 29,Wed,Away,L,0,2,Everton,2.1,1.2,75.0,7.0,Liverpool
2024-04-27,12:30,Matchweek 35,Sat,Away,D,2,2,West Ham,1.7,0.7,71.0,8.0,Liverpool
2024-05-05,16:30,Matchweek 36,Sun,Home,W,4,2,Tottenham,3.3,1.2,44.0,12.0,Liverpool
2024-05-13,20:00,Matchweek 37,Mon,Away,D,3,3,Aston Villa,1.7,3.1,59.0,7.0,Liverpool
2024-05-19,16:00,Matchweek 38,Sun,Home,W,2,0,Wolves,4.5,0.5,67.0,13.0,Liverpool
2024-08-17,12:30,Matchweek 1,Sat,Away,W,2,0,Ipswich Town,2.6,0.5,62.0,5.0,Liverpool
2024-08-25,16:30,Matchweek 2,Sun,Home,W,2,0,Brentford,2.5,0.5,62.0,8.0,Liverpool
2024-09-01,16:00,Matchweek 3,Sun,Away,W,3,0,Manchester Utd,1.8,1.4,47.0,3.0,Liverpool
2024-09-14,15:00,Matchweek 4,Sat,Home,L,0,1,Nott'ham Forest,0.9,0.4,68.0,5.0,Liverpool
2024-09-21,15:00,Matchweek 5,Sat,Home,W,3,0,Bournemouth,2.0,1.1,58.0,12.0,Liverpool
2024-09-28,17:30,Matchweek 6,Sat,Away,W,2,1,Wolves,2.5,0.6,55.0,5.0,Liverpool
2024-10-05,12:30,Matchweek 7,Sat,Away,W,1,0,Crystal Palace,1.4,0.6,68.0,4.0,Liverpool
2024-10-20,16:30,Matchweek 8,Sun,Home,W,2,1,Chelsea,1.9,1.0,43.0,4.0,Liverpool
2024-10-27,16:30,Matchweek 9,Sun,Away,D,2,2,Arsenal,0.8,0.9,55.0,4.0,Liverpool
2024-11-02,15:00,Matchweek 10,Sat,Home,W,2,1,Brighton,1.6,1.0,49.0,8.0,Liverpool
2024-11-09,20:00,Matchweek 11,Sat,Home,W,2,0,Aston Villa,2.0,1.2,62.0,5.0,Liverpool
2024-11-24,14:00,Matchweek 12,Sun,Away,W,3,2,Southampton,3.1,1.3,62.0,10.0,Liverpool
2024-12-01,16:00,Matchweek 13,Sun,Home,W,2,0,Manchester City,3.4,0.8,44.0,6.0,Liverpool
2024-12-04,19:30,Matchweek 14,Wed,Away,D,3,3,Newcastle Utd,1.9,2.1,58.0,5.0,Liverpool
2024-12-14,15:00,Matchweek 16,Sat,Home,D,2,2,Fulham,2.1,1.2,61.0,4.0,Liverpool
2024-12-22,16:30,Matchweek 17,Sun,Away,W,6,3,Tottenham,5.6,1.3,48.0,11.0,Liverpool
2024-12-26,20:00,Matchweek 18,Thu,Home,W,3,1,Leicester City,2.0,0.3,68.0,7.0,Liverpool
2024-12-29,17:15,Matchweek 19,Sun,Away,W,5,0,West Ham,3.1,0.4,54.0,13.0,Liverpool
2025-01-05,16:30,Matchweek 20,Sun,Home,D,2,2,Manchester Utd,2.7,1.0,53.0,5.0,Liverpool
2025-01-14,20:00,Matchweek 21,Tue,Away,D,1,1,Nott'ham Forest,2.0,0.3,70.0,6.0,Liverpool
2025-01-18,15:00,Matchweek 22,Sat,Away,W,2,0,Brentford,3.4,0.7,60.0,8.0,Liverpool
2025-01-25,15:00,Matchweek 23,Sat,Home,W,4,1,Ipswich Town,2.0,0.5,70.0,6.0,Liverpool
2025-02-01,15:00,Matchweek 24,Sat,Away,W,2,0,Bournemouth,2.5,1.6,51.0,6.0,Liverpool
2025-02-12,19:30,Matchweek 15,Wed,Away,D,2,2,Everton,0.6,1.0,63.0,4.0,Liverpool
2025-02-16,14:00,Matchweek 25,Sun,Home,W,2,1,Wolves,1.7,1.5,50.0,2.0,Liverpool
2025-02-19,19:30,Matchweek 29,Wed,Away,D,2,2,Aston Villa,2.5,0.6,48.0,3.0,Liverpool
2025-02-23,16:30,Matchweek 26,Sun,Away,W,2,0,Manchester City,0.7,0.6,34.0,4.0,Liverpool
2025-02-26,20:15,Matchweek 27,Wed,Home,W,2,0,Newcastle Utd,1.7,0.2,61.0,3.0,Liverpool
2025-03-08,15:00,Matchweek 28,Sat,Home,W,3,1,Southampton,3.9,0.4,71.0,5.0,Liverpool
2025-04-02,20:00,Matchweek 30,Wed,Home,W,1,0,Everton,1.5,0.9,73.0,3.0,Liverpool
2025-04-06,14:00,Matchweek 31,Sun,Away,L,2,3,Fulham,1.5,0.7,63.0,6.0,Liverpool
2025-04-13,14:00,Matchweek 32,Sun,Home,W,2,1,West Ham,1.8,1.4,55.0,6.0,Liverpool
2025-04-20,16:30,Matchweek 33,Sun,Away,W,1,0,Leicester City,2.5,0.3,58.0,8.0,Liverpool
2025-04-27,16:30,Matchweek 34,Sun,Home,W,5,1,Tottenham,2.2,0.5,61.0,6.0,Liverpool
2025-05-04,16:30,Matchweek 35,Sun,Away,L,1,3,Chelsea,1.0,3.1,64.0,2.0,Liverpool
2025-05-11,16:30,Matchweek 36,Sun,Home,D,2,2,Arsenal,2.4,2.6,45.0,5.0,Liverpool
2025-05-19,20:00,Matchweek 37,Mon,Away,L,2,3,Brighton,2.2,2.2,51.0,5.0,Liverpool
2025-05-25,16:00,Matchweek 38,Sun,Home,D,1,1,Crystal Palace,2.1,1.8,69.0,3.0,Liverpool
2023-08-12,15:00,Matchweek 1,Sat,Away,L,1,4,Brighton,1.5,4.0,30.0,2.0,Luton Town
2023-08-25,20:00,Matchweek 3,Fri,Away,L,0,3,Chelsea,0.4,2.2,33.0,1.0,Luton Town
2023-09-01,20:00,Matchweek 4,Fri,Home,L,1,2,West Ham,1.4,1.0,39.0,1.0,Luton Town
2023-09-16,15:00,Matchweek 5,Sat,Away,L,0,1,Fulham,1.1,1.0,23.0,2.0,Luton Town
2023-09-23,15:00,Matchweek 6,Sat,Home,D,1,1,Wolves,2.1,0.6,57.0,3.0,Luton Town
2023-09-30,15:00,Matchweek 7,Sat,Away,W,2,1,Everton,0.9,2.9,33.0,2.0,Luton Town
2023-10-03,19:30,Matchweek 2,Tue,Home,L,1,2,Burnley,1.3,1.1,49.0,2.0,Luton Town
2023-10-07,12:30,Matchweek 8,Sat,Home,L,0,1,Tottenham,0.8,1.9,34.0,2.0,Luton Town
2023-10-21,15:00,Matchweek 9,Sat,Away,D,2,2,Nott'ham Forest,1.7,2.9,43.0,4.0,Luton Town
2023-10-29,14:00,Matchweek 10,Sun,Away,L,1,3,Aston Villa,0.5,2.3,30.0,1.0,Luton Town
2023-11-05,16:30,Matchweek 11,Sun,Home,D,1,1,Liverpool,0.8,2.6,27.0,5.0,Luton Town
2023-11-11,15:00,Matchweek 12,Sat,Away,L,0,1,Manchester Utd,0.4,2.2,36.0,4.0,Luton Town
2023-11-25,15:00,Matchweek 13,Sat,Home,W,2,1,Crystal Palace,0.9,1.6,39.0,3.0,Luton Town
2023-12-02,15:00,Matchweek 14,Sat,Away,L,1,3,Brentford,0.2,3.1,32.0,1.0,Luton Town
2023-12-05,20:15,Matchweek 15,Tue,Home,L,3,4,Arsenal,0.5,2.2,34.0,4.0,Luton Town
2023-12-10,14:00,Matchweek 16,Sun,Home,L,1,2,Manchester City,0.3,1.6,35.0,2.0,Luton Town
2023-12-23,15:00,Matchweek 18,Sat,Home,W,1,0,Newcastle Utd,1.4,1.4,35.0,5.0,Luton Town
2023-12-26,15:00,Matchweek 19,Tue,Away,W,3,2,Sheffield Utd,0.6,2.4,49.0,4.0,Luton Town
2023-12-30,12:30,Matchweek 20,Sat,Home,L,2,3,Chelsea,2.3,1.5,52.0,6.0,Luton Town
2024-01-12,19:45,Matchweek 21,Fri,Away,D,1,1,Burnley,0.9,1.1,61.0,5.0,Luton Town
2024-01-30,19:45,Matchweek 22,Tue,Home,W,4,0,Brighton,3.1,0.9,41.0,8.0,Luton Town
2024-02-03,15:00,Matchweek 23,Sat,Away,D,4,4,Newcastle Utd,2.4,2.3,45.0,7.0,Luton Town
2024-02-10,15:00,Matchweek 24,Sat,Home,L,1,3,Sheffield Utd,1.8,1.7,74.0,4.0,Luton Town
2024-02-18,16:30,Matchweek 25,Sun,Home,L,1,2,Manchester Utd,1.8,2.9,58.0,4.0,Luton Town
2024-02-21,19:30,Matchweek 26,Wed,Away,L,1,4,Liverpool,0.9,3.3,40.0,3.0,Luton Town
2024-03-02,17:30,Matchweek 27,Sat,Home,L,2,3,Aston Villa,1.8,1.9,46.0,4.0,Luton Town
2024-03-09,15:00,Matchweek 28,Sat,Away,D,1,1,Crystal Palace,0.8,2.7,51.0,2.0,Luton Town
2024-03-13,19:30,Matchweek 17,Wed,Away,L,3,4,Bournemouth,2.0,2.3,41.0,4.0,Luton Town
2024-03-16,15:00,Matchweek 29,Sat,Home,D,1,1,Nott'ham Forest,0.6,2.0,60.0,4.0,Luton Town
2024-03-30,15:00,Matchweek 30,Sat,Away,L,1,2,Tottenham,0.5,2.9,30.0,3.0,Luton Town
2024-04-03,19:30,Matchweek 31,Wed,Away,L,0,2,Arsenal,0.3,0.7,42.0,1.0,Luton Town
2024-04-06,15:00,Matchweek 32,Sat,Home,W,2,1,Bournemouth,1.5,0.4,55.0,9.0,Luton Town
2024-04-13,15:00,Matchweek 33,Sat,Away,L,1,5,Manchester City,0.5,4.2,27.0,2.0,Luton Town
2024-04-20,15:00,Matchweek 34,Sat,Home,L,1,5,Brentford,0.6,3.1,53.0,3.0,Luton Town
2024-04-27,15:00,Matchweek 35,Sat,Away,L,1,2,Wolves,0.6,1.2,42.0,6.0,Luton Town
2024-05-03,20:00,Matchweek 36,Fri,Home,D,1,1,Everton,0.8,1.4,51.0,5.0,Luton Town
2024-05-11,15:00,Matchweek 37,Sat,Away,L,1,3,West Ham,0.3,3.2,42.0,1.0,Luton Town
2024-05-19,16:00,Matchweek 38,Sun,Home,L,2,4,Fulham,2.0,1.1,41.0,5.0,Luton Town
2020-09-21,20:15,Matchweek 2,Mon,Away,W,3,1,Wolves,1.9,0.6,65.0,8.0,Manchester City
2020-09-27,16:30,Matchweek 3,Sun,Home,L,2,5,Leicester City,0.9,2.9,72.0,5.0,Manchester City
2020-10-03,17:30,Matchweek 4,Sat,Away,D,1,1,Leeds United,1.2,2.4,49.0,1.0,Manchester City
2020-10-17,17:30,Matchweek 5,Sat,Home,W,1,0,Arsenal,1.3,0.9,58.0,5.0,Manchester City
2020-10-24,12:30,Matchweek 6,Sat,Away,D,1,1,West Ham,1.0,0.3,69.0,7.0,Manchester City
2020-10-31,12:30,Matchweek 7,Sat,Away,W,1,0,Sheffield Utd,1.6,0.5,65.0,8.0,Manchester City
2020-11-08,16:30,Matchweek 8,Sun,Home,D,1,1,Liverpool,1.4,1.2,54.0,2.0,Manchester City
2020-11-21,17:30,Matchweek 9,Sat,Away,L,0,2,Tottenham,1.4,0.7,66.0,5.0,Manchester City
2020-11-28,15:00,Matchweek 10,Sat,Home,W,5,0,Burnley,1.7,0.5,68.0,6.0,Manchester City
2020-12-05,15:00,Matchweek 11,Sat,Home,W,2,0,Fulham,2.9,0.3,69.0,4.0,Manchester City
2020-12-12,17:30,Matchweek 12,Sat,Away,D,0,0,Manchester Utd,1.3,0.6,54.0,2.0,Manchester City
2020-12-15,20:00,Matchweek 13,Tue,Home,D,1,1,West Brom,2.2,0.4,77.0,7.0,Manchester City
2020-12-19,15:00,Matchweek 14,Sat,Away,W,1,0,Southampton,0.9,0.7,52.0,5.0,Manchester City
2020-12-26,20:00,Matchweek 15,Sat,Home,W,2,0,Newcastle Utd,3.0,0.3,74.0,6.0,Manchester City
2021-01-03,16:30,Matchweek 17,Sun,Away,W,3,1,Chelsea,2.7,0.8,46.0,6.0,Manchester City
2021-01-13,18:00,Matchweek 18,Wed,Home,W,1,0,Brighton,2.0,0.2,65.0,6.0,Manchester City
2021-01-17,19:15,Matchweek 19,Sun,Home,W,4,0,Crystal Palace,0.7,0.1,71.0,6.0,Manchester City
2021-01-20,18:00,Matchweek 1,Wed,Home,W,2,0,Aston Villa,3.4,0.6,69.0,8.0,Manchester City
2021-01-26,20:15,Matchweek 20,Tue,Away,W,5,0,West Brom,1.8,0.5,77.0,7.0,Manchester City
2021-01-30,15:00,Matchweek 21,Sat,Home,W,1,0,Sheffield Utd,1.5,0.2,75.0,5.0,Manchester City
2021-02-03,18:00,Matchweek 22,Wed,Away,W,2,0,Burnley,2.0,0.1,74.0,6.0,Manchester City
2021-02-07,16:30,Matchweek 23,Sun,Away,W,4,1,Liverpool,3.5,1.2,44.0,5.0,Manchester City
2021-02-13,17:30,Matchweek 24,Sat,Home,W,3,0,Tottenham,2.2,0.3,60.0,5.0,Manchester City
2021-02-17,20:15,Matchweek 16,Wed,Away,W,3,1,Everton,1.0,1.0,71.0,7.0,Manchester City
2021-02-21,16:30,Matchweek 25,Sun,Away,W,1,0,Arsenal,1.8,0.3,55.0,3.0,Manchester City
2021-02-27,12:30,Matchweek 26,Sat,Home,W,2,1,West Ham,0.5,1.5,63.0,3.0,Manchester City
2021-03-02,20:00,Matchweek 29,Tue,Home,W,4,1,Wolves,3.3,0.3,72.0,10.0,Manchester City
2021-03-07,16:30,Matchweek 27,Sun,Home,L,0,2,Manchester Utd,1.3,1.7,66.0,6.0,Manchester City
2021-03-10,18:00,Matchweek 33,Wed,Home,W,5,2,Southampton,2.6,1.6,58.0,10.0,Manchester City
2021-03-13,20:00,Matchweek 28,Sat,Away,W,3,0,Fulham,2.2,0.3,54.0,6.0,Manchester City
2021-04-03,17:30,Matchweek 30,Sat,Away,W,2,0,Leicester City,1.4,0.3,56.0,4.0,Manchester City
2021-04-10,12:30,Matchweek 31,Sat,Home,L,1,2,Leeds United,2.1,0.1,71.0,7.0,Manchester City
2021-04-21,20:15,Matchweek 32,Wed,Away,W,2,1,Aston Villa,1.2,0.7,72.0,3.0,Manchester City
2021-05-01,12:30,Matchweek 34,Sat,Away,W,2,0,Crystal Palace,1.7,0.9,68.0,3.0,Manchester City
2021-05-08,17:30,Matchweek 35,Sat,Home,L,1,2,Chelsea,1.8,0.7,48.0,3.0,Manchester City
2021-05-14,20:00,Matchweek 36,Fri,Away,W,4,3,Newcastle Utd,1.5,2.2,82.0,6.0,Manchester City
2021-05-18,19:00,Matchweek 37,Tue,Away,L,2,3,Brighton,0.9,1.1,37.0,4.0,Manchester City
2021-05-23,16:00,Matchweek 38,Sun,Home,W,5,0,Everton,2.5,1.1,67.0,11.0,Manchester City
2021-08-15,16:30,Matchweek 1,Sun,Away,L,0,1,Tottenham,1.8,1.0,65.0,4.0,Manchester City
2021-08-21,15:00,Matchweek 2,Sat,Home,W,5,0,Norwich City,2.6,0.1,67.0,4.0,Manchester City
2021-08-28,12:30,Matchweek 3,Sat,Home,W,5,0,Arsenal,4.4,0.2,80.0,10.0,Manchester City
2021-09-11,15:00,Matchweek 4,Sat,Away,W,1,0,Leicester City,2.8,0.6,61.0,8.0,Manchester City
2021-09-18,15:00,Matchweek 5,Sat,Home,D,0,0,Southampton,1.0,0.4,64.0,1.0,Manchester City
2021-09-25,12:30,Matchweek 6,Sat,Away,W,1,0,Chelsea,1.7,0.2,59.0,3.0,Manchester City
2021-10-03,16:30,Matchweek 7,Sun,Away,D,2,2,Liverpool,1.2,0.9,51.0,3.0,Manchester City
2021-10-16,15:00,Matchweek 8,Sat,Home,W,2,0,Burnley,2.1,0.9,70.0,6.0,Manchester City
2021-10-23,17:30,Matchweek 9,Sat,Away,W,4,1,Brighton,3.8,1.3,52.0,12.0,Manchester City
2021-10-30,15:00,Matchweek 10,Sat,Home,L,0,2,Crystal Palace,0.7,0.7,68.0,3.0,Manchester City
2021-11-06,12:30,Matchweek 11,Sat,Away,W,2,0,Manchester Utd,1.6,0.9,67.0,5.0,Manchester City
2021-11-21,14:00,Matchweek 12,Sun,Home,W,3,0,Everton,2.5,0.2,77.0,7.0,Manchester City
2021-11-28,14:00,Matchweek 13,Sun,Home,W,2,1,West Ham,2.1,0.2,68.0,8.0,Manchester City
2021-12-01,20:15,Matchweek 14,Wed,Away,W,2,1,Aston Villa,1.0,0.8,64.0,7.0,Manchester City
2021-12-04,17:30,Matchweek 15,Sat,Away,W,3,1,Watford,3.1,0.8,77.0,12.0,Manchester City
2021-12-11,12:30,Matchweek 16,Sat,Home,W,1,0,Wolves,3.2,0.2,71.0,8.0,Manchester City
2021-12-14,20:00,Matchweek 17,Tue,Home,W,7,0,Leeds United,3.1,0.3,63.0,15.0,Manchester City
2021-12-19,14:15,Matchweek 18,Sun,Away,W,4,0,Newcastle Utd,2.9,0.3,71.0,7.0,Manchester City
2021-12-26,15:00,Matchweek 19,Sun,Home,W,6,3,Leicester City,3.6,2.7,72.0,6.0,Manchester City
2021-12-29,20:15,Matchweek 20,Wed,Away,W,1,0,Brentford,1.1,0.4,76.0,3.0,Manchester City
2022-01-01,12:30,Matchweek 21,Sat,Away,W,2,1,Arsenal,2.0,0.8,71.0,1.0,Manchester City
2022-01-15,12:30,Matchweek 22,Sat,Home,W,1,0,Chelsea,1.0,0.3,56.0,6.0,Manchester City
2022-01-22,17:30,Matchweek 23,Sat,Away,D,1,1,Southampton,1.8,0.8,74.0,5.0,Manchester City
2022-02-09,19:45,Matchweek 24,Wed,Home,W,2,0,Brentford,1.9,0.4,74.0,6.0,Manchester City
2022-02-12,17:30,Matchweek 25,Sat,Away,W,4,0,Norwich City,4.6,0.4,71.0,8.0,Manchester City
2022-02-19,17:30,Matchweek 26,Sat,Home,L,2,3,Tottenham,2.1,1.4,71.0,3.0,Manchester City
2022-02-26,17:30,Matchweek 27,Sat,Away,W,1,0,Everton,1.8,0.5,67.0,8.0,Manchester City
2022-03-06,16:30,Matchweek 28,Sun,Home,W,4,1,Manchester Utd,2.7,0.5,69.0,10.0,Manchester City
2022-03-14,20:00,Matchweek 29,Mon,Away,D,0,0,Crystal Palace,2.8,0.6,73.0,4.0,Manchester City
2022-04-02,15:00,Matchweek 31,Sat,Away,W,2,0,Burnley,1.8,0.1,76.0,6.0,Manchester City
2022-04-10,16:30,Matchweek 32,Sun,Home,D,2,2,Liverpool,1.3,1.3,55.0,4.0,Manchester City
2022-04-20,20:00,Matchweek 30,Wed,Home,W,3,0,Brighton,1.3,0.2,65.0,5.0,Manchester City
2022-04-23,15:00,Matchweek 34,Sat,Home,W,5,1,Watford,3.6,0.5,73.0,7.0,Manchester City
2022-04-30,17:30,Matchweek 35,Sat,Away,W,4,0,Leeds United,2.4,1.3,58.0,6.0,Manchester City
2022-05-08,16:30,Matchweek 36,Sun,Home,W,5,0,Newcastle Utd,3.1,0.8,71.0,9.0,Manchester City
2022-05-11,20:15,Matchweek 33,Wed,Away,W,5,1,Wolves,2.3,0.5,66.0,5.0,Manchester City
2022-05-15,14:00,Matchweek 37,Sun,Away,D,2,2,West Ham,2.4,1.1,78.0,7.0,Manchester City
2022-05-22,16:00,Matchweek 38,Sun,Home,W,3,2,Aston Villa,3.4,0.2,71.0,5.0,Manchester City
2022-08-07,16:30,Matchweek 1,Sun,Away,W,2,0,West Ham,2.2,0.5,75.0,1.0,Manchester City
2022-08-13,15:00,Matchweek 2,Sat,Home,W,4,0,Bournemouth,1.7,0.1,67.0,7.0,Manchester City
2022-08-21,16:30,Matchweek 3,Sun,Away,D,3,3,Newcastle Utd,2.1,1.8,69.0,10.0,Manchester City
2022-08-27,15:00,Matchweek 4,Sat,Home,W,4,2,Crystal Palace,2.2,0.1,74.0,5.0,Manchester City
2022-08-31,19:30,Matchweek 5,Wed,Home,W,6,0,Nott'ham Forest,3.3,0.7,74.0,9.0,Manchester City
2022-09-03,17:30,Matchweek 6,Sat,Away,D,1,1,Aston Villa,2.1,0.3,71.0,4.0,Manchester City
2022-09-17,12:30,Matchweek 8,Sat,Away,W,3,0,Wolves,1.1,0.4,59.0,7.0,Manchester City
2022-10-02,14:00,Matchweek 9,Sun,Home,W,6,3,Manchester Utd,3.2,1.7,53.0,9.0,Manchester City
2022-10-08,15:00,Matchweek 10,Sat,Home,W,4,0,Southampton,2.4,0.2,65.0,8.0,Manchester City
2022-10-16,16:30,Matchweek 11,Sun,Away,L,0,1,Liverpool,1.0,2.1,63.0,6.0,Manchester City
2022-10-22,15:00,Matchweek 13,Sat,Home,W,3,1,Brighton,1.6,0.5,48.0,3.0,Manchester City
2022-10-29,12:30,Matchweek 14,Sat,Away,W,1,0,Leicester City,1.0,0.7,64.0,5.0,Manchester City
2022-11-05,15:00,Matchweek 15,Sat,Home,W,2,1,Fulham,2.1,1.0,70.0,4.0,Manchester City
2022-11-12,12:30,Matchweek 16,Sat,Home,L,1,2,Brentford,1.6,1.3,74.0,6.0,Manchester City
2022-12-28,20:00,Matchweek 17,Wed,Away,W,3,1,Leeds United,4.3,0.6,69.0,9.0,Manchester City
2022-12-31,15:00,Matchweek 18,Sat,Home,D,1,1,Everton,1.7,0.1,74.0,3.0,Manchester City
2023-01-05,20:00,Matchweek 19,Thu,Away,W,1,0,Chelsea,2.0,0.4,52.0,3.0,Manchester City
2023-01-14,12:30,Matchweek 20,Sat,Away,L,1,2,Manchester Utd,0.6,1.7,70.0,1.0,Manchester City
2023-01-19,20:00,Matchweek 7,Thu,Home,W,4,2,Tottenham,2.3,0.8,58.0,6.0,Manchester City
2023-01-22,14:00,Matchweek 21,Sun,Home,W,3,0,Wolves,2.8,0.8,55.0,5.0,Manchester City
2023-02-05,16:30,Matchweek 22,Sun,Away,L,0,1,Tottenham,1.3,1.4,64.0,5.0,Manchester City
2023-02-12,16:30,Matchweek 23,Sun,Home,W,3,1,Aston Villa,3.3,0.3,67.0,7.0,Manchester City
2023-02-15,19:30,Matchweek 12,Wed,Away,W,3,1,Arsenal,1.8,1.6,37.0,5.0,Manchester City
2023-02-18,15:00,Matchweek 24,Sat,Away,D,1,1,Nott'ham Forest,2.4,0.9,73.0,6.0,Manchester City
2023-02-25,17:30,Matchweek 25,Sat,Away,W,4,1,Bournemouth,2.4,1.0,66.0,5.0,Manchester City
2023-03-04,12:30,Matchweek 26,Sat,Home,W,2,0,Newcastle Utd,1.3,0.4,56.0,3.0,Manchester City
2023-03-11,17:30,Matchweek 27,Sat,Away,W,1,0,Crystal Palace,2.1,0.2,67.0,3.0,Manchester City
2023-04-01,12:30,Matchweek 29,Sat,Home,W,4,1,Liverpool,2.9,0.3,68.0,8.0,Manchester City
2023-04-08,17:30,Matchweek 30,Sat,Away,W,4,1,Southampton,2.9,0.4,73.0,7.0,Manchester City
2023-04-15,17:30,Matchweek 31,Sat,Home,W,3,1,Leicester City,1.6,2.3,70.0,3.0,Manchester City
2023-04-26,20:00,Matchweek 33,Wed,Home,W,4,1,Arsenal,2.5,0.5,52.0,9.0,Manchester City
2023-04-30,14:00,Matchweek 34,Sun,Away,W,2,1,Fulham,2.5,0.2,62.0,8.0,Manchester City
2023-05-03,20:00,Matchweek 28,Wed,Home,W,3,0,West Ham,2.3,0.4,69.0,7.0,Manchester City
2023-05-06,15:00,Matchweek 35,Sat,Home,W,2,1,Leeds United,2.6,0.2,80.0,6.0,Manchester City
2023-05-14,14:00,Matchweek 36,Sun,Away,W,3,0,Everton,0.8,1.6,63.0,4.0,Manchester City
2023-05-21,16:00,Matchweek 37,Sun,Home,W,1,0,Chelsea,1.2,1.2,64.0,2.0,Manchester City
2023-05-24,20:00,Matchweek 32,Wed,Away,D,1,1,Brighton,1.8,2.2,60.0,4.0,Manchester City
2023-05-28,16:30,Matchweek 38,Sun,Away,L,0,1,Brentford,1.6,1.3,65.0,2.0,Manchester City
2023-08-11,20:00,Matchweek 1,Fri,Away,W,3,0,Burnley,1.9,0.3,65.0,8.0,Manchester City
2023-08-19,20:00,Matchweek 2,Sat,Home,W,1,0,Newcastle Utd,1.0,0.3,59.0,4.0,Manchester City
2023-08-27,14:00,Matchweek 3,Sun,Away,W,2,1,Sheffield Utd,3.5,0.7,79.0,9.0,Manchester City
2023-09-02,15:00,Matchweek 4,Sat,Home,W,5,1,Fulham,2.2,1.4,68.0,4.0,Manchester City
2023-09-16,15:00,Matchweek 5,Sat,Away,W,3,1,West Ham,3.6,0.9,68.0,13.0,Manchester City
2023-09-23,15:00,Matchweek 6,Sat,Home,W,2,0,Nott'ham Forest,1.3,1.0,57.0,4.0,Manchester City
2023-09-30,15:00,Matchweek 7,Sat,Away,L,1,2,Wolves,0.9,0.4,68.0,8.0,Manchester City
2023-10-08,16:30,Matchweek 8,Sun,Away,L,0,1,Arsenal,0.5,0.4,51.0,0.0,Manchester City
2023-10-21,15:00,Matchweek 9,Sat,Home,W,2,1,Brighton,0.8,0.8,55.0,5.0,Manchester City
2023-10-29,15:30,Matchweek 10,Sun,Away,W,3,0,Manchester Utd,4.0,0.9,60.0,9.0,Manchester City
2023-11-04,15:00,Matchweek 11,Sat,Home,W,6,1,Bournemouth,1.9,0.9,65.0,8.0,Manchester City
2023-11-12,16:30,Matchweek 12,Sun,Away,D,4,4,Chelsea,2.9,2.9,55.0,9.0,Manchester City
2023-11-25,12:30,Matchweek 13,Sat,Home,D,1,1,Liverpool,1.3,0.6,59.0,5.0,Manchester City
2023-12-03,16:30,Matchweek 14,Sun,Home,D,3,3,Tottenham,2.6,0.5,55.0,4.0,Manchester City
2023-12-06,20:15,Matchweek 15,Wed,Away,L,0,1,Aston Villa,0.6,2.3,54.0,2.0,Manchester City
2023-12-10,14:00,Matchweek 16,Sun,Away,W,2,1,Luton Town,1.6,0.3,65.0,6.0,Manchester City
2023-12-16,15:00,Matchweek 17,Sat,Home,D,2,2,Crystal Palace,1.6,1.8,74.0,9.0,Manchester City
2023-12-27,20:15,Matchweek 19,Wed,Away,W,3,1,Everton,2.4,1.0,72.0,8.0,Manchester City
2023-12-30,15:00,Matchweek 20,Sat,Home,W,2,0,Sheffield Utd,2.2,0.3,80.0,4.0,Manchester City
2024-01-13,17:30,Matchweek 21,Sat,Away,W,3,2,Newcastle Utd,3.0,1.3,72.0,11.0,Manchester City
2024-01-31,19:30,Matchweek 22,Wed,Home,W,3,1,Burnley,1.7,1.4,74.0,4.0,Manchester City
2024-02-05,20:00,Matchweek 23,Mon,Away,W,3,1,Brentford,2.1,1.0,72.0,15.0,Manchester City
2024-02-10,12:30,Matchweek 24,Sat,Home,W,2,0,Everton,1.6,0.3,72.0,3.0,Manchester City
2024-02-17,17:30,Matchweek 25,Sat,Home,D,1,1,Chelsea,2.6,1.4,70.0,5.0,Manchester City
2024-02-20,19:30,Matchweek 18,Tue,Home,W,1,0,Brentford,2.3,0.4,70.0,10.0,Manchester City
2024-02-24,17:30,Matchweek 26,Sat,Away,W,1,0,Bournemouth,1.6,0.9,62.0,6.0,Manchester City
2024-03-03,15:30,Matchweek 27,Sun,Home,W,3,1,Manchester Utd,3.3,0.2,73.0,8.0,Manchester City
2024-03-10,15:45,Matchweek 28,Sun,Away,D,1,1,Liverpool,1.6,2.7,47.0,6.0,Manchester City
2024-03-31,16:30,Matchweek 30,Sun,Home,D,0,0,Arsenal,1.0,0.7,72.0,1.0,Manchester City
2024-04-03,20:15,Matchweek 31,Wed,Home,W,4,1,Aston Villa,3.4,0.8,67.0,11.0,Manchester City
2024-04-06,12:30,Matchweek 32,Sat,Away,W,4,2,Crystal Palace,1.9,1.1,75.0,8.0,Manchester City
2024-04-13,15:00,Matchweek 33,Sat,Home,W,5,1,Luton Town,4.2,0.5,73.0,12.0,Manchester City
2024-04-25,20:00,Matchweek 29,Thu,Away,W,4,0,Brighton,1.4,0.6,64.0,6.0,Manchester City
2024-04-28,16:30,Matchweek 35,Sun,Away,W,2,0,Nott'ham Forest,0.9,1.9,66.0,5.0,Manchester City
2024-05-04,17:30,Matchweek 36,Sat,Home,W,5,1,Wolves,3.7,0.3,58.0,10.0,Manchester City
2024-05-11,12:30,Matchweek 37,Sat,Away,W,4,0,Fulham,3.2,0.1,64.0,8.0,Manchester City
2024-05-14,20:00,Matchweek 34,Tue,Away,W,2,0,Tottenham,2.4,1.7,47.0,4.0,Manchester City
2024-05-19,16:00,Matchweek 38,Sun,Home,W,3,1,West Ham,1.9,0.4,71.0,12.0,Manchester City
2024-08-18,16:30,Matchweek 1,Sun,Away,W,2,0,Chelsea,0.8,1.0,52.0,5.0,Manchester City
2024-08-24,15:00,Matchweek 2,Sat,Home,W,4,1,Ipswich Town,3.3,0.3,75.0,4.0,Manchester City
2024-08-31,17:30,Matchweek 3,Sat,Away,W,3,1,West Ham,3.0,0.7,67.0,8.0,Manchester City
2024-09-14,15:00,Matchweek 4,Sat,Home,W,2,1,Brentford,2.1,1.0,54.0,7.0,Manchester City
2024-09-22,16:30,Matchweek 5,Sun,Home,D,2,2,Arsenal,2.1,0.7,77.0,11.0,Manchester City
2024-09-28,12:30,Matchweek 6,Sat,Away,D,1,1,Newcastle Utd,0.9,1.6,62.0,6.0,Manchester City
2024-10-05,15:00,Matchweek 7,Sat,Home,W,3,2,Fulham,1.6,2.6,58.0,7.0,Manchester City
2024-10-20,14:00,Matchweek 8,Sun,Away,W,2,1,Wolves,1.6,0.8,77.0,7.0,Manchester City
2024-10-26,15:00,Matchweek 9,Sat,Home,W,1,0,Southampton,2.9,0.2,57.0,7.0,Manchester City
2024-11-02,15:00,Matchweek 10,Sat,Away,L,1,2,Bournemouth,1.6,2.0,64.0,4.0,Manchester City
2024-11-09,17:30,Matchweek 11,Sat,Away,L,1,2,Brighton,2.1,2.3,60.0,6.0,Manchester City
2024-11-23,17:30,Matchweek 12,Sat,Home,L,0,4,Tottenham,2.1,2.5,58.0,5.0,Manchester City
2024-12-01,16:00,Matchweek 13,Sun,Away,L,0,2,Liverpool,0.8,3.4,56.0,2.0,Manchester City
2024-12-04,19:30,Matchweek 14,Wed,Home,W,3,0,Nott'ham Forest,2.4,1.0,66.0,6.0,Manchester City
2024-12-07,15:00,Matchweek 15,Sat,Away,D,2,2,Crystal Palace,1.4,1.3,68.0,4.0,Manchester City
2024-12-15,16:30,Matchweek 16,Sun,Home,L,1,2,Manchester Utd,0.9,2.1,52.0,3.0,Manchester City
2024-12-21,12:30,Matchweek 17,Sat,Away,L,1,2,Aston Villa,1.0,1.6,56.0,6.0,Manchester City
2024-12-26,12:30,Matchweek 18,Thu,Home,D,1,1,Everton,2.1,0.7,66.0,4.0,Manchester City
2024-12-29,14:30,Matchweek 19,Sun,Away,W,2,0,Leicester City,1.3,1.3,47.0,5.0,Manchester City
2025-01-04,15:00,Matchweek 20,Sat,Home,W,4,1,West Ham,1.9,1.4,56.0,7.0,Manchester City
2025-01-14,19:30,Matchweek 21,Tue,Away,D,2,2,Brentford,2.2,2.5,55.0,8.0,Manchester City
2025-01-19,16:30,Matchweek 22,Sun,Away,W,6,0,Ipswich Town,3.0,0.5,67.0,9.0,Manchester City
2025-01-25,17:30,Matchweek 23,Sat,Home,W,3,1,Chelsea,2.2,1.8,56.0,6.0,Manchester City
2025-02-02,16:30,Matchweek 24,Sun,Away,L,1,5,Arsenal,0.8,1.0,54.0,4.0,Manchester City
2025-02-15,15:00,Matchweek 25,Sat,Home,W,4,0,Newcastle Utd,1.9,0.5,61.0,7.0,Manchester City
2025-02-23,16:30,Matchweek 26,Sun,Home,L,0,2,Liverpool,0.6,0.7,66.0,5.0,Manchester City
2025-02-26,19:30,Matchweek 27,Wed,Away,W,1,0,Tottenham,2.1,1.3,45.0,5.0,Manchester City
2025-03-08,12:30,Matchweek 28,Sat,Away,L,0,1,Nott'ham Forest,0.9,0.7,69.0,3.0,Manchester City
2025-03-15,15:00,Matchweek 29,Sat,Home,D,2,2,Brighton,1.7,2.0,60.0,2.0,Manchester City
2025-04-02,19:45,Matchweek 30,Wed,Home,W,2,0,Leicester City,2.2,0.1,72.0,5.0,Manchester City
2025-04-06,16:30,Matchweek 31,Sun,Away,D,0,0,Manchester Utd,0.5,0.9,58.0,5.0,Manchester City
2025-04-12,12:30,Matchweek 32,Sat,Home,W,5,2,Crystal Palace,3.7,1.8,67.0,8.0,Manchester City
2025-04-19,15:00,Matchweek 33,Sat,Away,W,2,0,Everton,2.0,0.9,67.0,6.0,Manchester City
2025-04-22,20:00,Matchweek 34,Tue,Home,W,2,1,Aston Villa,1.3,1.8,61.0,6.0,Manchester City
2025-05-02,20:00,Matchweek 35,Fri,Home,W,1,0,Wolves,0.7,0.4,63.0,2.0,Manchester City
2025-05-10,15:00,Matchweek 36,Sat,Away,D,0,0,Southampton,1.7,0.1,72.0,4.0,Manchester City
2025-05-20,20:00,Matchweek 37,Tue,Home,W,3,1,Bournemouth,1.5,1.1,57.0,5.0,Manchester City
2025-05-25,16:00,Matchweek 38,Sun,Away,W,2,0,Fulham,3.0,1.3,53.0,4.0,Manchester City
2020-09-19,17:30,Matchweek 2,Sat,Home,L,1,3,Crystal Palace,1.2,1.6,75.0,4.0,Manchester United
2020-09-26,12:30,Matchweek 3,Sat,Away,W,3,2,Brighton,1.5,2.5,47.0,2.0,Manchester United
2020-10-04,16:30,Matchweek 4,Sun,Home,L,1,6,Tottenham,0.9,3.4,39.0,1.0,Manchester United
2020-10-17,20:00,Matchweek 5,Sat,Away,W,4,1,Newcastle Utd,2.3,0.9,63.0,11.0,Manchester United
2020-10-24,17:30,Matchweek 6,Sat,Home,D,0,0,Chelsea,0.6,0.2,51.0,4.0,Manchester United
2020-11-01,16:30,Matchweek 7,Sun,Home,L,0,1,Arsenal,0.4,1.0,54.0,2.0,Manchester United
2020-11-07,12:30,Matchweek 8,Sat,Away,W,3,1,Everton,1.5,0.4,45.0,5.0,Manchester United
2020-11-21,20:00,Matchweek 9,Sat,Home,W,1,0,West Brom,2.4,0.6,63.0,6.0,Manchester United
2020-11-29,14:00,Matchweek 10,Sun,Away,W,3,2,Southampton,2.1,0.5,50.0,6.0,Manchester United
2020-12-05,17:30,Matchweek 11,Sat,Away,W,3,1,West Ham,1.7,2.0,60.0,6.0,Manchester United
2020-12-12,17:30,Matchweek 12,Sat,Home,D,0,0,Manchester City,0.6,1.3,46.0,2.0,Manchester United
2020-12-17,20:00,Matchweek 13,Thu,Away,W,3,2,Sheffield Utd,1.9,1.5,60.0,8.0,Manchester United
2020-12-20,16:30,Matchweek 14,Sun,Home,W,6,2,Leeds United,3.6,1.8,41.0,13.0,Manchester United
2020-12-26,12:30,Matchweek 15,Sat,Away,D,2,2,Leicester City,1.7,0.9,46.0,4.0,Manchester United
2020-12-29,20:00,Matchweek 16,Tue,Home,W,1,0,Wolves,1.5,0.5,58.0,3.0,Manchester United
2021-01-01,20:00,Matchweek 17,Fri,Home,W,2,1,Aston Villa,2.1,1.4,48.0,8.0,Manchester United
2021-01-12,20:15,Matchweek 1,Tue,Away,W,1,0,Burnley,1.2,0.9,62.0,7.0,Manchester United
2021-01-17,16:30,Matchweek 19,Sun,Away,D,0,0,Liverpool,1.1,1.2,35.0,4.0,Manchester United
2021-01-20,20:15,Matchweek 18,Wed,Away,W,2,1,Fulham,1.7,0.9,62.0,5.0,Manchester United
2021-01-27,20:15,Matchweek 20,Wed,Home,L,1,2,Sheffield Utd,1.1,1.0,75.0,4.0,Manchester United
2021-01-30,17:30,Matchweek 21,Sat,Away,D,0,0,Arsenal,1.6,0.9,57.0,3.0,Manchester United
2021-02-02,20:15,Matchweek 22,Tue,Home,W,9,0,Southampton,4.7,0.5,74.0,13.0,Manchester United
2021-02-06,20:00,Matchweek 23,Sat,Home,D,3,3,Everton,1.8,1.5,61.0,5.0,Manchester United
2021-02-14,14:00,Matchweek 24,Sun,Away,D,1,1,West Brom,0.5,1.0,73.0,6.0,Manchester United
2021-02-21,19:00,Matchweek 25,Sun,Home,W,3,1,Newcastle Utd,1.7,0.4,71.0,6.0,Manchester United
2021-02-28,16:30,Matchweek 26,Sun,Away,D,0,0,Chelsea,0.4,1.1,43.0,4.0,Manchester United
2021-03-03,20:15,Matchweek 29,Wed,Away,D,0,0,Crystal Palace,0.9,0.9,63.0,1.0,Manchester United
2021-03-07,16:30,Matchweek 27,Sun,Away,W,2,0,Manchester City,1.7,1.3,34.0,5.0,Manchester United
2021-03-14,19:15,Matchweek 28,Sun,Home,W,1,0,West Ham,1.5,0.6,61.0,4.0,Manchester United
2021-04-04,19:30,Matchweek 30,Sun,Home,W,2,1,Brighton,1.5,1.2,57.0,7.0,Manchester United
2021-04-11,16:30,Matchweek 31,Sun,Away,W,3,1,Tottenham,2.1,0.9,53.0,7.0,Manchester United
2021-04-18,16:00,Matchweek 32,Sun,Home,W,3,1,Burnley,2.5,0.9,69.0,8.0,Manchester United
2021-04-25,14:00,Matchweek 33,Sun,Away,D,0,0,Leeds United,1.2,0.3,56.0,4.0,Manchester United
2021-05-09,14:05,Matchweek 35,Sun,Away,W,3,1,Aston Villa,1.7,0.5,59.0,6.0,Manchester United
2021-05-11,18:00,Matchweek 36,Tue,Home,L,1,2,Leicester City,0.2,0.9,53.0,1.0,Manchester United
2021-05-13,20:15,Matchweek 34,Thu,Home,L,2,4,Liverpool,1.9,2.7,53.0,2.0,Manchester United
2021-05-18,18:00,Matchweek 37,Tue,Home,D,1,1,Fulham,0.9,0.9,57.0,6.0,Manchester United
2021-05-23,16:00,Matchweek 38,Sun,Away,W,2,1,Wolves,2.0,0.9,43.0,3.0,Manchester United
2021-08-14,12:30,Matchweek 1,Sat,Home,W,5,1,Leeds United,1.5,0.5,49.0,8.0,Manchester United
2021-08-22,14:00,Matchweek 2,Sun,Away,D,1,1,Southampton,1.8,0.7,63.0,3.0,Manchester United
2021-08-29,16:30,Matchweek 3,Sun,Away,W,1,0,Wolves,0.6,2.1,56.0,3.0,Manchester United
2021-09-11,15:00,Matchweek 4,Sat,Home,W,4,1,Newcastle Utd,2.5,0.4,63.0,6.0,Manchester United
2021-09-19,14:00,Matchweek 5,Sun,Away,W,2,1,West Ham,2.0,1.6,60.0,10.0,Manchester United
2021-09-25,12:30,Matchweek 6,Sat,Home,L,0,1,Aston Villa,2.2,1.0,59.0,4.0,Manchester United
2021-10-02,12:30,Matchweek 7,Sat,Home,D,1,1,Everton,1.0,1.3,72.0,6.0,Manchester United
2021-10-16,15:00,Matchweek 8,Sat,Away,L,2,4,Leicester City,1.2,2.4,51.0,6.0,Manchester United
2021-10-24,16:30,Matchweek 9,Sun,Home,L,0,5,Liverpool,1.6,3.4,38.0,3.0,Manchester United
2021-10-30,17:30,Matchweek 10,Sat,Away,W,3,0,Tottenham,1.5,1.0,42.0,4.0,Manchester United
2021-11-06,12:30,Matchweek 11,Sat,Home,L,0,2,Manchester City,0.9,1.6,33.0,1.0,Manchester United
2021-11-20,15:00,Matchweek 12,Sat,Away,L,1,4,Watford,1.4,2.7,61.0,3.0,Manchester United
2021-11-28,16:30,Matchweek 13,Sun,Away,D,1,1,Chelsea,0.9,2.7,35.0,2.0,Manchester United
2021-12-02,20:15,Matchweek 14,Thu,Home,W,3,2,Arsenal,1.9,1.4,44.0,9.0,Manchester United
2021-12-05,14:00,Matchweek 15,Sun,Home,W,1,0,Crystal Palace,0.9,0.5,61.0,3.0,Manchester United
2021-12-11,17:30,Matchweek 16,Sat,Away,W,1,0,Norwich City,2.0,1.2,52.0,4.0,Manchester United
2021-12-27,20:00,Matchweek 19,Mon,Away,D,1,1,Newcastle Utd,1.6,1.3,68.0,3.0,Manchester United
2021-12-30,20:15,Matchweek 20,Thu,Home,W,3,1,Burnley,2.4,1.1,57.0,6.0,Manchester United
2022-01-03,17:30,Matchweek 21,Mon,Home,L,0,1,Wolves,0.8,0.7,51.0,2.0,Manchester United
2022-01-15,17:30,Matchweek 22,Sat,Away,D,2,2,Aston Villa,1.0,1.9,46.0,6.0,Manchester United
2022-01-19,20:00,Matchweek 17,Wed,Away,W,3,1,Brentford,2.3,2.3,56.0,5.0,Manchester United
2022-01-22,15:00,Matchweek 23,Sat,Home,W,1,0,West Ham,1.9,0.3,57.0,3.0,Manchester United
2022-02-08,20:00,Matchweek 24,Tue,Away,D,1,1,Burnley,1.8,0.4,63.0,5.0,Manchester United
2022-02-12,12:30,Matchweek 25,Sat,Home,D,1,1,Southampton,2.1,0.8,53.0,7.0,Manchester United
2022-02-15,20:15,Matchweek 18,Tue,Home,W,2,0,Brighton,1.7,0.7,50.0,7.0,Manchester United
2022-02-20,14:00,Matchweek 26,Sun,Away,W,4,2,Leeds United,2.2,1.8,46.0,9.0,Manchester United
2022-02-26,15:00,Matchweek 27,Sat,Home,D,0,0,Watford,2.8,0.6,67.0,3.0,Manchester United
2022-03-06,16:30,Matchweek 28,Sun,Away,L,1,4,Manchester City,0.5,2.7,31.0,2.0,Manchester United
2022-03-12,17:30,Matchweek 29,Sat,Home,W,3,2,Tottenham,1.0,1.5,43.0,6.0,Manchester United
2022-04-02,17:30,Matchweek 31,Sat,Home,D,1,1,Leicester City,0.9,0.8,54.0,5.0,Manchester United
2022-04-09,12:30,Matchweek 32,Sat,Away,L,0,1,Everton,0.8,0.4,67.0,4.0,Manchester United
2022-04-16,15:00,Matchweek 33,Sat,Home,W,3,2,Norwich City,1.9,1.5,61.0,9.0,Manchester United
2022-04-19,20:00,Matchweek 30,Tue,Away,L,0,4,Liverpool,0.1,2.0,29.0,1.0,Manchester United
2022-04-23,12:30,Matchweek 34,Sat,Away,L,1,3,Arsenal,1.8,2.3,46.0,5.0,Manchester United
2022-04-28,19:45,Matchweek 37,Thu,Home,D,1,1,Chelsea,0.5,1.9,36.0,3.0,Manchester United
2022-05-02,20:00,Matchweek 35,Mon,Home,W,3,0,Brentford,2.0,0.6,63.0,4.0,Manchester United
2022-05-07,17:30,Matchweek 36,Sat,Away,L,0,4,Brighton,0.9,2.3,58.0,5.0,Manchester United
2022-05-22,16:00,Matchweek 38,Sun,Away,L,0,1,Crystal Palace,0.7,0.6,61.0,4.0,Manchester United
2022-08-07,14:00,Matchweek 1,Sun,Home,L,1,2,Brighton,1.4,1.5,62.0,5.0,Manchester United
2022-08-13,17:30,Matchweek 2,Sat,Away,L,0,4,Brentford,0.9,1.6,66.0,4.0,Manchester United
2022-08-22,20:00,Matchweek 3,Mon,Home,W,2,1,Liverpool,1.8,1.3,30.0,5.0,Manchester United
2022-08-27,12:30,Matchweek 4,Sat,Away,W,1,0,Southampton,1.1,1.4,51.0,4.0,Manchester United
2022-09-01,20:00,Matchweek 5,Thu,Away,W,1,0,Leicester City,1.5,0.7,47.0,2.0,Manchester United
2022-09-04,16:30,Matchweek 6,Sun,Home,W,3,1,Arsenal,1.5,1.3,40.0,6.0,Manchester United
2022-10-02,14:00,Matchweek 9,Sun,Away,L,3,6,Manchester City,1.7,3.2,47.0,7.0,Manchester United
2022-10-09,19:00,Matchweek 10,Sun,Away,W,2,1,Everton,1.4,0.6,60.0,4.0,Manchester United
2022-10-16,14:00,Matchweek 11,Sun,Home,D,0,0,Newcastle Utd,0.8,0.8,63.0,2.0,Manchester United
2022-10-19,20:15,Matchweek 12,Wed,Home,W,2,0,Tottenham,1.5,0.6,52.0,10.0,Manchester United
2022-10-22,17:30,Matchweek 13,Sat,Away,D,1,1,Chelsea,0.8,1.1,52.0,6.0,Manchester United
2022-10-30,16:15,Matchweek 14,Sun,Home,W,1,0,West Ham,1.2,1.1,53.0,3.0,Manchester United
2022-11-06,14:00,Matchweek 15,Sun,Away,L,1,3,Aston Villa,0.5,0.6,58.0,3.0,Manchester United
2022-11-13,16:30,Matchweek 16,Sun,Away,W,2,1,Fulham,2.5,1.4,47.0,9.0,Manchester United
2022-12-27,20:00,Matchweek 17,Tue,Home,W,3,0,Nott'ham Forest,2.4,0.7,65.0,8.0,Manchester United
2022-12-31,12:30,Matchweek 18,Sat,Away,W,1,0,Wolves,2.0,0.7,54.0,6.0,Manchester United
2023-01-03,20:00,Matchweek 19,Tue,Home,W,3,0,Bournemouth,2.2,0.6,58.0,6.0,Manchester United
2023-01-14,12:30,Matchweek 20,Sat,Home,W,2,1,Manchester City,1.7,0.6,30.0,3.0,Manchester United
2023-01-18,20:00,Matchweek 7,Wed,Away,D,1,1,Crystal Palace,2.1,0.5,60.0,4.0,Manchester United
2023-01-22,16:30,Matchweek 21,Sun,Away,L,2,3,Arsenal,0.4,3.1,43.0,4.0,Manchester United
2023-02-04,15:00,Matchweek 22,Sat,Home,W,2,1,Crystal Palace,2.0,1.3,52.0,4.0,Manchester United
2023-02-08,20:00,Matchweek 8,Wed,Home,D,2,2,Leeds United,2.0,0.6,66.0,6.0,Manchester United
2023-02-12,14:00,Matchweek 23,Sun,Away,W,2,0,Leeds United,1.1,1.8,66.0,5.0,Manchester United
2023-02-19,14:00,Matchweek 24,Sun,Home,W,3,0,Leicester City,4.4,1.6,57.0,8.0,Manchester United
2023-03-05,16:30,Matchweek 26,Sun,Away,L,0,7,Liverpool,0.8,2.8,41.0,4.0,Manchester United
2023-03-12,14:00,Matchweek 27,Sun,Home,D,0,0,Southampton,0.8,1.0,47.0,4.0,Manchester United
2023-04-02,16:30,Matchweek 29,Sun,Away,L,0,2,Newcastle Utd,0.4,3.7,54.0,1.0,Manchester United
2023-04-05,20:00,Matchweek 25,Wed,Home,W,1,0,Brentford,1.2,0.7,64.0,3.0,Manchester United
2023-04-08,12:30,Matchweek 30,Sat,Home,W,2,0,Everton,3.4,1.0,63.0,11.0,Manchester United
2023-04-16,16:30,Matchweek 31,Sun,Away,W,2,0,Nott'ham Forest,3.5,0.7,68.0,7.0,Manchester United
2023-04-27,20:15,Matchweek 33,Thu,Away,D,2,2,Tottenham,2.0,2.5,60.0,7.0,Manchester United
2023-04-30,14:00,Matchweek 34,Sun,Home,W,1,0,Aston Villa,1.2,0.6,57.0,6.0,Manchester United
2023-05-04,20:00,Matchweek 28,Thu,Away,L,0,1,Brighton,1.4,2.3,41.0,5.0,Manchester United
2023-05-07,19:00,Matchweek 35,Sun,Away,L,0,1,West Ham,1.2,1.3,65.0,4.0,Manchester United
2023-05-13,15:00,Matchweek 36,Sat,Home,W,2,0,Wolves,3.2,0.3,48.0,9.0,Manchester United
2023-05-20,15:00,Matchweek 37,Sat,Away,W,1,0,Bournemouth,1.4,1.0,59.0,5.0,Manchester United
2023-05-25,20:00,Matchweek 32,Thu,Home,W,4,1,Chelsea,5.2,1.9,42.0,8.0,Manchester United
2023-05-28,16:30,Matchweek 38,Sun,Home,W,2,1,Fulham,2.9,1.8,53.0,8.0,Manchester United
2023-08-14,20:00,Matchweek 1,Mon,Home,W,1,0,Wolves,2.2,2.2,51.0,2.0,Manchester United
2023-08-19,17:30,Matchweek 2,Sat,Away,L,0,2,Tottenham,2.1,1.7,45.0,6.0,Manchester United
2023-08-26,15:00,Matchweek 3,Sat,Home,W,3,2,Nott'ham Forest,2.8,1.2,66.0,8.0,Manchester United
2023-09-03,16:30,Matchweek 4,Sun,Away,L,1,3,Arsenal,0.9,2.3,45.0,2.0,Manchester United
2023-09-16,15:00,Matchweek 5,Sat,Home,L,1,3,Brighton,1.0,1.7,44.0,4.0,Manchester United
2023-09-23,20:00,Matchweek 6,Sat,Away,W,1,0,Burnley,1.0,1.1,39.0,4.0,Manchester United
2023-09-30,15:00,Matchweek 7,Sat,Home,L,0,1,Crystal Palace,1.3,0.9,77.0,3.0,Manchester United
2023-10-07,15:00,Matchweek 8,Sat,Home,W,2,1,Brentford,1.4,0.9,64.0,8.0,Manchester United
2023-10-21,20:00,Matchweek 9,Sat,Away,W,2,1,Sheffield Utd,1.1,1.4,62.0,5.0,Manchester United
2023-10-29,15:30,Matchweek 10,Sun,Home,L,0,3,Manchester City,0.9,4.0,40.0,3.0,Manchester United
2023-11-04,12:30,Matchweek 11,Sat,Away,W,1,0,Fulham,0.7,1.0,55.0,5.0,Manchester United
2023-11-11,15:00,Matchweek 12,Sat,Home,W,1,0,Luton Town,2.2,0.4,64.0,4.0,Manchester United
2023-11-26,16:30,Matchweek 13,Sun,Away,W,3,0,Everton,2.2,2.4,49.0,3.0,Manchester United
2023-12-02,20:00,Matchweek 14,Sat,Away,L,0,1,Newcastle Utd,0.5,2.4,42.0,1.0,Manchester United
2023-12-06,20:15,Matchweek 15,Wed,Home,W,2,1,Chelsea,4.1,1.5,45.0,8.0,Manchester United
2023-12-09,15:00,Matchweek 16,Sat,Home,L,0,3,Bournemouth,1.1,1.5,68.0,3.0,Manchester United
2023-12-17,16:30,Matchweek 17,Sun,Away,D,0,0,Liverpool,0.8,2.3,32.0,1.0,Manchester United
2023-12-23,12:30,Matchweek 18,Sat,Away,L,0,2,West Ham,1.0,1.2,65.0,3.0,Manchester United
2023-12-26,20:00,Matchweek 19,Tue,Home,W,3,2,Aston Villa,1.1,1.7,46.0,7.0,Manchester United
2023-12-30,17:30,Matchweek 20,Sat,Away,L,1,2,Nott'ham Forest,0.8,0.7,56.0,5.0,Manchester United
2024-01-14,16:30,Matchweek 21,Sun,Home,D,2,2,Tottenham,0.8,1.2,37.0,2.0,Manchester United
2024-02-01,20:15,Matchweek 22,Thu,Away,W,4,3,Wolves,3.3,2.1,47.0,8.0,Manchester United
2024-02-04,14:00,Matchweek 23,Sun,Home,W,3,0,West Ham,0.7,1.4,51.0,5.0,Manchester United
2024-02-11,16:30,Matchweek 24,Sun,Away,W,2,1,Aston Villa,1.8,2.4,44.0,5.0,Manchester United
2024-02-18,16:30,Matchweek 25,Sun,Away,W,2,1,Luton Town,2.9,1.8,42.0,8.0,Manchester United
2024-02-24,15:00,Matchweek 26,Sat,Home,L,1,2,Fulham,1.7,1.2,57.0,8.0,Manchester United
2024-03-03,15:30,Matchweek 27,Sun,Away,L,1,3,Manchester City,0.2,3.3,27.0,1.0,Manchester United
2024-03-09,12:30,Matchweek 28,Sat,Home,W,2,0,Everton,2.7,1.6,51.0,6.0,Manchester United
2024-03-30,20:00,Matchweek 30,Sat,Away,D,1,1,Brentford,0.6,3.2,53.0,5.0,Manchester United
2024-04-04,20:15,Matchweek 31,Thu,Away,L,3,4,Chelsea,1.5,3.0,43.0,5.0,Manchester United
2024-04-07,15:30,Matchweek 32,Sun,Home,D,2,2,Liverpool,0.7,3.6,38.0,5.0,Manchester United
2024-04-13,17:30,Matchweek 33,Sat,Away,D,2,2,Bournemouth,1.2,1.6,57.0,1.0,Manchester United
2024-04-24,20:00,Matchweek 29,Wed,Home,W,4,2,Sheffield Utd,2.9,0.8,71.0,12.0,Manchester United
2024-04-27,15:00,Matchweek 35,Sat,Home,D,1,1,Burnley,2.7,2.1,48.0,10.0,Manchester United
2024-05-06,20:00,Matchweek 36,Mon,Away,L,0,4,Crystal Palace,0.4,1.7,57.0,2.0,Manchester United
2024-05-12,16:30,Matchweek 37,Sun,Home,L,0,1,Arsenal,0.5,1.5,54.0,2.0,Manchester United
2024-05-15,20:00,Matchweek 34,Wed,Home,W,3,2,Newcastle Utd,1.5,2.2,45.0,8.0,Manchester United
2024-05-19,16:00,Matchweek 38,Sun,Away,W,2,0,Brighton,1.3,1.7,45.0,4.0,Manchester United
2024-08-16,20:00,Matchweek 1,Fri,Home,W,1,0,Fulham,2.4,0.4,55.0,5.0,Manchester United
2024-08-24,12:30,Matchweek 2,Sat,Away,L,1,2,Brighton,1.4,2.1,52.0,3.0,Manchester United
2024-09-01,16:00,Matchweek 3,Sun,Home,L,0,3,Liverpool,1.4,1.8,53.0,3.0,Manchester United
2024-09-14,12:30,Matchweek 4,Sat,Away,W,3,0,Southampton,2.6,1.1,56.0,10.0,Manchester United
2024-09-21,17:30,Matchweek 5,Sat,Away,D,0,0,Crystal Palace,1.6,1.0,67.0,6.0,Manchester United
2024-09-29,16:30,Matchweek 6,Sun,Home,L,0,3,Tottenham,1.0,4.4,39.0,2.0,Manchester United
2024-10-06,14:00,Matchweek 7,Sun,Away,D,0,0,Aston Villa,0.6,0.5,47.0,4.0,Manchester United
2024-10-19,15:00,Matchweek 8,Sat,Home,W,2,1,Brentford,1.3,0.9,50.0,11.0,Manchester United
2024-10-27,14:00,Matchweek 9,Sun,Away,L,1,2,West Ham,2.3,2.8,58.0,5.0,Manchester United
2024-11-03,16:30,Matchweek 10,Sun,Home,D,1,1,Chelsea,2.0,1.1,46.0,3.0,Manchester United
2024-11-10,14:00,Matchweek 11,Sun,Home,W,3,0,Leicester City,0.8,0.6,51.0,3.0,Manchester United
2024-11-24,16:30,Matchweek 12,Sun,Away,D,1,1,Ipswich Town,0.8,1.6,60.0,4.0,Manchester United
2024-12-01,13:30,Matchweek 13,Sun,Home,W,4,0,Everton,1.1,0.6,60.0,5.0,Manchester United
2024-12-04,20:15,Matchweek 14,Wed,Away,L,0,2,Arsenal,0.2,2.1,49.0,2.0,Manchester United
2024-12-07,17:30,Matchweek 15,Sat,Home,L,2,3,Nott'ham Forest,1.6,0.8,71.0,7.0,Manchester United
2024-12-15,16:30,Matchweek 16,Sun,Away,W,2,1,Manchester City,2.1,0.9,48.0,2.0,Manchester United
2024-12-22,14:00,Matchweek 17,Sun,Home,L,0,3,Bournemouth,2.2,1.6,60.0,7.0,Manchester United
2024-12-26,17:30,Matchweek 18,Thu,Away,L,0,2,Wolves,0.4,0.9,49.0,4.0,Manchester United
2024-12-30,20:00,Matchweek 19,Mon,Home,L,0,2,Newcastle Utd,0.8,1.9,52.0,0.0,Manchester United
2025-01-05,16:30,Matchweek 20,Sun,Away,D,2,2,Liverpool,1.0,2.7,47.0,4.0,Manchester United
2025-01-16,20:00,Matchweek 21,Thu,Home,W,3,1,Southampton,3.4,1.4,60.0,9.0,Manchester United
2025-01-19,14:00,Matchweek 22,Sun,Home,L,1,3,Brighton,1.5,1.9,51.0,0.0,Manchester United
2025-01-26,19:00,Matchweek 23,Sun,Away,W,1,0,Fulham,0.3,0.7,49.0,1.0,Manchester United
2025-02-02,14:00,Matchweek 24,Sun,Home,L,0,2,Crystal Palace,1.1,2.6,66.0,2.0,Manchester United
2025-02-16,16:30,Matchweek 25,Sun,Away,L,0,1,Tottenham,1.5,2.2,45.0,6.0,Manchester United
2025-02-22,12:30,Matchweek 26,Sat,Away,D,2,2,Everton,0.4,1.6,62.0,3.0,Manchester United
2025-02-26,19:30,Matchweek 27,Wed,Home,W,3,2,Ipswich Town,0.7,1.4,45.0,6.0,Manchester United
2025-03-09,16:30,Matchweek 28,Sun,Home,D,1,1,Arsenal,1.5,1.6,32.0,6.0,Manchester United
2025-03-16,19:00,Matchweek 29,Sun,Away,W,3,0,Leicester City,0.9,1.0,47.0,5.0,Manchester United
2025-04-01,20:00,Matchweek 30,Tue,Away,L,0,1,Nott'ham Forest,1.6,0.5,68.0,5.0,Manchester United
2025-04-06,16:30,Matchweek 31,Sun,Home,D,0,0,Manchester City,0.9,0.5,42.0,2.0,Manchester United
2025-04-13,16:30,Matchweek 32,Sun,Away,L,1,4,Newcastle Utd,0.7,2.2,52.0,5.0,Manchester United
2025-04-20,14:00,Matchweek 33,Sun,Home,L,0,1,Wolves,1.3,0.2,59.0,2.0,Manchester United
2025-04-27,14:00,Matchweek 34,Sun,Away,D,1,1,Bournemouth,2.3,0.5,61.0,6.0,Manchester United
2025-05-04,14:00,Matchweek 35,Sun,Away,L,3,4,Brentford,1.5,2.8,53.0,5.0,Manchester United
2025-05-11,14:15,Matchweek 36,Sun,Home,L,0,2,West Ham,2.1,1.7,52.0,5.0,Manchester United
2025-05-16,20:15,Matchweek 37,Fri,Away,L,0,1,Chelsea,0.3,0.8,53.0,1.0,Manchester United
2025-05-25,16:00,Matchweek 38,Sun,Home,W,2,0,Aston Villa,2.9,0.4,67.0,9.0,Manchester United
2020-09-12,20:00,Matchweek 1,Sat,Away,W,2,0,West Ham,1.6,1.0,42.0,2.0,Newcastle United
2020-09-20,14:00,Matchweek 2,Sun,Home,L,0,3,Brighton,0.5,1.8,47.0,0.0,Newcastle United
2020-09-27,14:00,Matchweek 3,Sun,Away,D,1,1,Tottenham,1.0,2.9,34.0,0.0,Newcastle United
2020-10-03,20:00,Matchweek 4,Sat,Home,W,3,1,Burnley,1.8,0.4,48.0,4.0,Newcastle United
2020-10-17,20:00,Matchweek 5,Sat,Home,L,1,4,Manchester Utd,0.9,2.3,37.0,4.0,Newcastle United
2020-10-25,16:30,Matchweek 6,Sun,Away,D,1,1,Wolves,0.3,0.7,37.0,2.0,Newcastle United
2020-11-01,14:00,Matchweek 7,Sun,Home,W,2,1,Everton,2.9,1.5,39.0,3.0,Newcastle United
2020-11-06,20:00,Matchweek 8,Fri,Away,L,0,2,Southampton,0.3,0.7,39.0,2.0,Newcastle United
2020-11-21,12:30,Matchweek 9,Sat,Home,L,0,2,Chelsea,0.3,1.5,30.0,1.0,Newcastle United
2020-11-27,20:00,Matchweek 10,Fri,Away,W,2,0,Crystal Palace,1.3,0.6,43.0,7.0,Newcastle United
2020-12-12,15:00,Matchweek 12,Sat,Home,W,2,1,West Brom,0.8,0.6,46.0,6.0,Newcastle United
2020-12-16,18:00,Matchweek 13,Wed,Away,L,2,5,Leeds United,1.5,2.7,32.0,4.0,Newcastle United
2020-12-19,20:00,Matchweek 14,Sat,Home,D,1,1,Fulham,1.4,1.0,49.0,4.0,Newcastle United
2020-12-26,20:00,Matchweek 15,Sat,Away,L,0,2,Manchester City,0.3,3.0,26.0,2.0,Newcastle United
2020-12-30,20:00,Matchweek 16,Wed,Home,D,0,0,Liverpool,0.5,1.4,28.0,2.0,Newcastle United
2021-01-03,14:15,Matchweek 17,Sun,Home,L,1,2,Leicester City,0.5,0.6,44.0,2.0,Newcastle United
2021-01-12,18:00,Matchweek 18,Tue,Away,L,0,1,Sheffield Utd,0.6,2.1,35.0,3.0,Newcastle United
2021-01-18,20:00,Matchweek 19,Mon,Away,L,0,3,Arsenal,0.2,2.4,34.0,1.0,Newcastle United
2021-01-23,20:00,Matchweek 11,Sat,Away,L,0,2,Aston Villa,0.5,2.3,42.0,1.0,Newcastle United
2021-01-26,18:00,Matchweek 20,Tue,Home,L,1,2,Leeds United,1.4,0.7,42.0,5.0,Newcastle United
2021-01-30,12:30,Matchweek 21,Sat,Away,W,2,0,Everton,1.7,0.8,40.0,3.0,Newcastle United
2021-02-02,20:15,Matchweek 22,Tue,Home,L,1,2,Crystal Palace,1.9,0.7,61.0,5.0,Newcastle United
2021-02-06,15:00,Matchweek 23,Sat,Home,W,3,2,Southampton,0.7,1.3,27.0,4.0,Newcastle United
2021-02-15,20:00,Matchweek 24,Mon,Away,L,0,2,Chelsea,0.6,2.2,36.0,4.0,Newcastle United
2021-02-21,19:00,Matchweek 25,Sun,Away,L,1,3,Manchester Utd,0.4,1.7,29.0,6.0,Newcastle United
2021-02-27,20:00,Matchweek 26,Sat,Home,D,1,1,Wolves,1.7,1.1,48.0,6.0,Newcastle United
2021-03-07,12:00,Matchweek 27,Sun,Away,D,0,0,West Brom,0.5,2.0,47.0,5.0,Newcastle United
2021-03-12,20:00,Matchweek 28,Fri,Home,D,1,1,Aston Villa,1.5,0.9,49.0,3.0,Newcastle United
2021-03-20,20:00,Matchweek 29,Sat,Away,L,0,3,Brighton,0.1,0.9,35.0,1.0,Newcastle United
2021-04-04,14:05,Matchweek 30,Sun,Home,D,2,2,Tottenham,3.4,2.7,42.0,6.0,Newcastle United
2021-04-11,12:00,Matchweek 31,Sun,Away,W,2,1,Burnley,1.2,2.0,44.0,4.0,Newcastle United
2021-04-17,12:30,Matchweek 32,Sat,Home,W,3,2,West Ham,2.2,1.9,34.0,6.0,Newcastle United
2021-04-24,12:30,Matchweek 33,Sat,Away,D,1,1,Liverpool,1.0,2.4,32.0,4.0,Newcastle United
2021-05-02,14:00,Matchweek 34,Sun,Home,L,0,2,Arsenal,0.3,2.0,39.0,1.0,Newcastle United
2021-05-07,20:00,Matchweek 35,Fri,Away,W,4,2,Leicester City,2.7,2.2,32.0,6.0,Newcastle United
2021-05-14,20:00,Matchweek 36,Fri,Home,L,3,4,Manchester City,2.2,1.5,18.0,3.0,Newcastle United
2021-05-19,18:00,Matchweek 37,Wed,Home,W,1,0,Sheffield Utd,1.6,0.9,51.0,5.0,Newcastle United
2021-05-23,16:00,Matchweek 38,Sun,Away,W,2,0,Fulham,1.3,1.0,36.0,3.0,Newcastle United
2021-08-15,14:00,Matchweek 1,Sun,Home,L,2,4,West Ham,1.8,2.7,46.0,3.0,Newcastle United
2021-08-21,15:00,Matchweek 2,Sat,Away,L,0,2,Aston Villa,0.7,1.2,53.0,1.0,Newcastle United
2021-08-28,15:00,Matchweek 3,Sat,Home,D,2,2,Southampton,1.0,3.6,37.0,4.0,Newcastle United
2021-09-11,15:00,Matchweek 4,Sat,Away,L,1,4,Manchester Utd,0.4,2.5,37.0,3.0,Newcastle United
2021-09-17,20:00,Matchweek 5,Fri,Home,D,1,1,Leeds United,1.3,1.5,35.0,7.0,Newcastle United
2021-09-25,15:00,Matchweek 6,Sat,Away,D,1,1,Watford,1.9,0.9,47.0,6.0,Newcastle United
2021-10-02,15:00,Matchweek 7,Sat,Away,L,1,2,Wolves,0.6,1.0,48.0,2.0,Newcastle United
2021-10-17,16:30,Matchweek 8,Sun,Home,L,2,3,Tottenham,0.4,1.7,36.0,1.0,Newcastle United
2021-10-23,15:00,Matchweek 9,Sat,Away,D,1,1,Crystal Palace,0.3,1.9,26.0,1.0,Newcastle United
2021-10-30,15:00,Matchweek 10,Sat,Home,L,0,3,Chelsea,0.2,2.2,21.0,1.0,Newcastle United
2021-11-06,17:30,Matchweek 11,Sat,Away,D,1,1,Brighton,0.3,1.5,35.0,1.0,Newcastle United
2021-11-20,15:00,Matchweek 12,Sat,Home,D,3,3,Brentford,1.5,0.9,53.0,8.0,Newcastle United
2021-11-27,12:30,Matchweek 13,Sat,Away,L,0,2,Arsenal,0.3,2.5,34.0,5.0,Newcastle United
2021-11-30,19:30,Matchweek 14,Tue,Home,D,1,1,Norwich City,1.1,1.2,32.0,0.0,Newcastle United
2021-12-04,15:00,Matchweek 15,Sat,Home,W,1,0,Burnley,1.0,0.6,48.0,4.0,Newcastle United
2021-12-12,14:00,Matchweek 16,Sun,Away,L,0,4,Leicester City,1.0,2.6,53.0,3.0,Newcastle United
2021-12-16,20:00,Matchweek 17,Thu,Away,L,1,3,Liverpool,0.3,2.7,26.0,3.0,Newcastle United
2021-12-19,14:15,Matchweek 18,Sun,Home,L,0,4,Manchester City,0.3,2.9,29.0,1.0,Newcastle United
2021-12-27,20:00,Matchweek 19,Mon,Home,D,1,1,Manchester Utd,1.3,1.6,32.0,8.0,Newcastle United
2022-01-15,15:00,Matchweek 22,Sat,Home,D,1,1,Watford,1.2,1.4,52.0,1.0,Newcastle United
2022-01-22,15:00,Matchweek 23,Sat,Away,W,1,0,Leeds United,0.9,0.7,38.0,3.0,Newcastle United
2022-02-08,19:45,Matchweek 24,Tue,Home,W,3,1,Everton,1.9,0.7,40.0,9.0,Newcastle United
2022-02-13,14:00,Matchweek 25,Sun,Home,W,1,0,Aston Villa,0.5,0.6,38.0,2.0,Newcastle United
2022-02-19,12:30,Matchweek 26,Sat,Away,D,1,1,West Ham,0.8,0.6,53.0,3.0,Newcastle United
2022-02-26,15:00,Matchweek 27,Sat,Away,W,2,0,Brentford,2.7,0.4,63.0,11.0,Newcastle United
2022-03-05,15:00,Matchweek 28,Sat,Home,W,2,1,Brighton,1.7,1.5,32.0,4.0,Newcastle United
2022-03-10,19:30,Matchweek 21,Thu,Away,W,2,1,Southampton,0.6,1.1,33.0,3.0,Newcastle United
2022-03-13,14:00,Matchweek 29,Sun,Away,L,0,1,Chelsea,0.3,1.1,29.0,2.0,Newcastle United
2022-03-17,19:45,Matchweek 20,Thu,Away,L,0,1,Everton,0.9,0.7,61.0,6.0,Newcastle United
2022-04-03,16:30,Matchweek 31,Sun,Away,L,1,5,Tottenham,0.5,3.1,40.0,1.0,Newcastle United
2022-04-08,20:00,Matchweek 32,Fri,Home,W,1,0,Wolves,1.5,0.4,42.0,3.0,Newcastle United
2022-04-17,14:15,Matchweek 33,Sun,Home,W,2,1,Leicester City,1.8,0.6,32.0,7.0,Newcastle United
2022-04-20,19:45,Matchweek 30,Wed,Home,W,1,0,Crystal Palace,0.9,0.5,37.0,4.0,Newcastle United
2022-04-23,15:00,Matchweek 34,Sat,Away,W,3,0,Norwich City,1.9,0.6,54.0,7.0,Newcastle United
2022-04-30,12:30,Matchweek 35,Sat,Home,L,0,1,Liverpool,0.2,2.3,36.0,2.0,Newcastle United
2022-05-08,16:30,Matchweek 36,Sun,Away,L,0,5,Manchester City,0.8,3.1,29.0,3.0,Newcastle United
2022-05-16,20:00,Matchweek 37,Mon,Home,W,2,0,Arsenal,1.6,0.6,51.0,4.0,Newcastle United
2022-05-22,16:00,Matchweek 38,Sun,Away,W,2,1,Burnley,1.8,1.6,48.0,5.0,Newcastle United
2022-08-06,15:00,Matchweek 1,Sat,Home,W,2,0,Nott'ham Forest,1.7,0.3,61.0,9.0,Newcastle United
2022-08-13,15:00,Matchweek 2,Sat,Away,D,0,0,Brighton,0.2,1.5,46.0,1.0,Newcastle United
2022-08-21,16:30,Matchweek 3,Sun,Home,D,3,3,Manchester City,1.8,2.1,31.0,5.0,Newcastle United
2022-08-28,14:00,Matchweek 4,Sun,Away,D,1,1,Wolves,1.7,0.7,63.0,6.0,Newcastle United
2022-08-31,20:00,Matchweek 5,Wed,Away,L,1,2,Liverpool,0.7,1.5,28.0,2.0,Newcastle United
2022-09-03,15:00,Matchweek 6,Sat,Home,D,0,0,Crystal Palace,2.8,1.0,52.0,5.0,Newcastle United
2022-09-17,15:00,Matchweek 8,Sat,Home,D,1,1,Bournemouth,1.9,0.7,72.0,6.0,Newcastle United
2022-10-01,15:00,Matchweek 9,Sat,Away,W,4,1,Fulham,3.3,0.5,67.0,10.0,Newcastle United
2022-10-08,15:00,Matchweek 10,Sat,Home,W,5,1,Brentford,1.5,1.2,54.0,6.0,Newcastle United
2022-10-16,14:00,Matchweek 11,Sun,Away,D,0,0,Manchester Utd,0.8,0.8,37.0,2.0,Newcastle United
2022-10-19,19:30,Matchweek 12,Wed,Home,W,1,0,Everton,1.5,0.2,49.0,4.0,Newcastle United
2022-10-23,16:30,Matchweek 13,Sun,Away,W,2,1,Tottenham,1.2,1.6,47.0,5.0,Newcastle United
2022-10-29,15:00,Matchweek 14,Sat,Home,W,4,0,Aston Villa,3.4,0.4,59.0,6.0,Newcastle United
2022-11-06,14:00,Matchweek 15,Sun,Away,W,4,1,Southampton,0.9,1.7,45.0,4.0,Newcastle United
2022-11-12,17:30,Matchweek 16,Sat,Home,W,1,0,Chelsea,1.0,0.3,49.0,3.0,Newcastle United
2022-12-26,15:00,Matchweek 17,Mon,Away,W,3,0,Leicester City,1.9,0.5,40.0,4.0,Newcastle United
2022-12-31,15:00,Matchweek 18,Sat,Home,D,0,0,Leeds United,2.2,0.4,60.0,5.0,Newcastle United
2023-01-03,19:45,Matchweek 19,Tue,Away,D,0,0,Arsenal,1.0,1.1,34.0,1.0,Newcastle United
2023-01-15,14:00,Matchweek 20,Sun,Home,W,1,0,Fulham,2.2,1.1,62.0,5.0,Newcastle United
2023-01-21,17:30,Matchweek 21,Sat,Away,D,0,0,Crystal Palace,1.2,0.3,60.0,7.0,Newcastle United
2023-02-04,17:30,Matchweek 22,Sat,Home,D,1,1,West Ham,1.0,1.0,62.0,2.0,Newcastle United
2023-02-11,17:30,Matchweek 23,Sat,Away,D,1,1,Bournemouth,1.3,1.5,66.0,7.0,Newcastle United
2023-02-18,17:30,Matchweek 24,Sat,Home,L,0,2,Liverpool,2.0,1.9,38.0,4.0,Newcastle United
2023-03-04,12:30,Matchweek 26,Sat,Away,L,0,2,Manchester City,0.4,1.3,44.0,2.0,Newcastle United
2023-03-12,16:30,Matchweek 27,Sun,Home,W,2,1,Wolves,1.8,1.1,43.0,8.0,Newcastle United
2023-03-17,20:00,Matchweek 28,Fri,Away,W,2,1,Nott'ham Forest,2.4,0.4,61.0,3.0,Newcastle United
2023-04-02,16:30,Matchweek 29,Sun,Home,W,2,0,Manchester Utd,3.7,0.4,46.0,6.0,Newcastle United
2023-04-05,20:00,Matchweek 7,Wed,Away,W,5,1,West Ham,3.3,1.0,58.0,7.0,Newcastle United
2023-04-08,15:00,Matchweek 30,Sat,Away,W,2,1,Brentford,1.3,2.6,58.0,4.0,Newcastle United
2023-04-15,12:30,Matchweek 31,Sat,Away,L,0,3,Aston Villa,0.5,1.9,48.0,2.0,Newcastle United
2023-04-23,14:00,Matchweek 32,Sun,Home,W,6,1,Tottenham,3.7,1.0,56.0,8.0,Newcastle United
2023-04-27,19:45,Matchweek 33,Thu,Away,W,4,1,Everton,2.4,0.9,60.0,7.0,Newcastle United
2023-04-30,14:00,Matchweek 34,Sun,Home,W,3,1,Southampton,4.3,0.8,63.0,5.0,Newcastle United
2023-05-07,16:30,Matchweek 35,Sun,Home,L,0,2,Arsenal,1.3,1.3,55.0,5.0,Newcastle United
2023-05-13,12:30,Matchweek 36,Sat,Away,D,2,2,Leeds United,2.3,2.0,64.0,3.0,Newcastle United
2023-05-18,19:30,Matchweek 25,Thu,Home,W,4,1,Brighton,3.6,0.5,35.0,8.0,Newcastle United
2023-05-22,20:00,Matchweek 37,Mon,Home,D,0,0,Leicester City,2.1,0.1,77.0,3.0,Newcastle United
2023-05-28,16:30,Matchweek 38,Sun,Away,D,1,1,Chelsea,1.7,2.2,36.0,4.0,Newcastle United
2023-08-12,17:30,Matchweek 1,Sat,Home,W,5,1,Aston Villa,3.3,1.8,52.0,12.0,Newcastle United
2023-08-19,20:00,Matchweek 2,Sat,Away,L,0,1,Manchester City,0.3,1.0,41.0,1.0,Newcastle United
2023-08-27,16:30,Matchweek 3,Sun,Home,L,1,2,Liverpool,2.0,0.9,59.0,8.0,Newcastle United
2023-09-02,17:30,Matchweek 4,Sat,Away,L,1,3,Brighton,1.2,1.3,44.0,2.0,Newcastle United
2023-09-16,17:30,Matchweek 5,Sat,Home,W,1,0,Brentford,1.4,0.5,56.0,1.0,Newcastle United
2023-09-24,16:30,Matchweek 6,Sun,Away,W,8,0,Sheffield Utd,3.9,0.9,58.0,15.0,Newcastle United
2023-09-30,15:00,Matchweek 7,Sat,Home,W,2,0,Burnley,3.1,0.6,53.0,6.0,Newcastle United
2023-10-08,14:00,Matchweek 8,Sun,Away,D,2,2,West Ham,2.0,1.2,64.0,3.0,Newcastle United
2023-10-21,15:00,Matchweek 9,Sat,Home,W,4,0,Crystal Palace,2.4,1.2,59.0,7.0,Newcastle United
2023-10-28,17:30,Matchweek 10,Sat,Away,D,2,2,Wolves,2.2,0.9,57.0,3.0,Newcastle United
2023-11-04,17:30,Matchweek 11,Sat,Home,W,1,0,Arsenal,1.0,0.6,42.0,1.0,Newcastle United
2023-11-11,17:30,Matchweek 12,Sat,Away,L,0,2,Bournemouth,0.5,2.4,52.0,5.0,Newcastle United
2023-11-25,15:00,Matchweek 13,Sat,Home,W,4,1,Chelsea,2.4,0.5,54.0,5.0,Newcastle United
2023-12-02,20:00,Matchweek 14,Sat,Home,W,1,0,Manchester Utd,2.4,0.5,58.0,4.0,Newcastle United
2023-12-07,19:30,Matchweek 15,Thu,Away,L,0,3,Everton,1.5,3.3,62.0,3.0,Newcastle United
2023-12-10,16:30,Matchweek 16,Sun,Away,L,1,4,Tottenham,1.7,3.8,44.0,3.0,Newcastle United
2023-12-16,15:00,Matchweek 17,Sat,Home,W,3,0,Fulham,3.5,0.3,70.0,10.0,Newcastle United
2023-12-23,15:00,Matchweek 18,Sat,Away,L,0,1,Luton Town,1.4,1.4,65.0,2.0,Newcastle United
2023-12-26,12:30,Matchweek 19,Tue,Home,L,1,3,Nott'ham Forest,2.4,3.5,62.0,5.0,Newcastle United
2024-01-01,20:00,Matchweek 20,Mon,Away,L,2,4,Liverpool,0.6,7.0,39.0,3.0,Newcastle United
2024-01-13,17:30,Matchweek 21,Sat,Home,L,2,3,Manchester City,1.3,3.0,28.0,5.0,Newcastle United
2024-01-30,20:15,Matchweek 22,Tue,Away,W,3,1,Aston Villa,2.6,1.4,39.0,5.0,Newcastle United
2024-02-03,15:00,Matchweek 23,Sat,Home,D,4,4,Luton Town,2.3,2.4,55.0,6.0,Newcastle United
2024-02-10,17:30,Matchweek 24,Sat,Away,W,3,2,Nott'ham Forest,0.5,1.5,61.0,5.0,Newcastle United
2024-02-17,15:00,Matchweek 25,Sat,Home,D,2,2,Bournemouth,2.2,2.2,62.0,4.0,Newcastle United
2024-02-24,20:00,Matchweek 26,Sat,Away,L,1,4,Arsenal,0.2,2.8,45.0,2.0,Newcastle United
2024-03-02,15:00,Matchweek 27,Sat,Home,W,3,0,Wolves,2.1,0.8,44.0,6.0,Newcastle United
2024-03-11,20:00,Matchweek 28,Mon,Away,L,2,3,Chelsea,0.7,1.6,56.0,3.0,Newcastle United
2024-03-30,12:30,Matchweek 30,Sat,Home,W,4,3,West Ham,4.1,1.4,60.0,7.0,Newcastle United
2024-04-02,19:30,Matchweek 31,Tue,Home,D,1,1,Everton,2.4,1.4,57.0,5.0,Newcastle United
2024-04-06,15:00,Matchweek 32,Sat,Away,W,1,0,Fulham,1.0,1.2,34.0,5.0,Newcastle United
2024-04-13,12:30,Matchweek 33,Sat,Home,W,4,0,Tottenham,2.8,0.8,28.0,5.0,Newcastle United
2024-04-24,20:00,Matchweek 29,Wed,Away,L,0,2,Crystal Palace,0.4,0.9,53.0,2.0,Newcastle United
2024-04-27,15:00,Matchweek 35,Sat,Home,W,5,1,Sheffield Utd,3.1,1.5,60.0,6.0,Newcastle United
2024-05-04,15:00,Matchweek 36,Sat,Away,W,4,1,Burnley,3.4,1.0,53.0,10.0,Newcastle United
2024-05-11,15:00,Matchweek 37,Sat,Home,D,1,1,Brighton,2.2,1.4,57.0,7.0,Newcastle United
2024-05-15,20:00,Matchweek 34,Wed,Away,L,2,3,Manchester Utd,2.2,1.5,55.0,7.0,Newcastle United
2024-05-19,16:00,Matchweek 38,Sun,Away,W,4,2,Brentford,3.4,1.1,46.0,7.0,Newcastle United
2024-08-17,15:00,Matchweek 1,Sat,Home,W,1,0,Southampton,0.3,1.8,23.0,1.0,Newcastle United
2024-08-25,14:00,Matchweek 2,Sun,Away,D,1,1,Bournemouth,1.6,2.2,61.0,5.0,Newcastle United
2024-09-01,13:30,Matchweek 3,Sun,Home,W,2,1,Tottenham,1.8,1.2,35.0,3.0,Newcastle United
2024-09-15,16:30,Matchweek 4,Sun,Away,W,2,1,Wolves,1.5,1.2,51.0,6.0,Newcastle United
2024-09-21,15:00,Matchweek 5,Sat,Away,L,1,3,Fulham,1.5,2.2,61.0,5.0,Newcastle United
2024-09-28,12:30,Matchweek 6,Sat,Home,D,1,1,Manchester City,1.6,0.9,38.0,3.0,Newcastle United
2024-10-05,17:30,Matchweek 7,Sat,Away,D,0,0,Everton,2.1,0.7,67.0,1.0,Newcastle United
2024-10-19,15:00,Matchweek 8,Sat,Home,L,0,1,Brighton,2.0,1.1,60.0,6.0,Newcastle United
2024-10-27,14:00,Matchweek 9,Sun,Away,L,1,2,Chelsea,1.8,1.6,50.0,2.0,Newcastle United
2024-11-02,12:30,Matchweek 10,Sat,Home,W,1,0,Arsenal,0.5,1.1,37.0,4.0,Newcastle United
2024-11-10,14:00,Matchweek 11,Sun,Away,W,3,1,Nott'ham Forest,1.6,0.6,56.0,6.0,Newcastle United
2024-11-25,20:00,Matchweek 12,Mon,Home,L,0,2,West Ham,1.6,0.9,53.0,2.0,Newcastle United
2024-11-30,15:00,Matchweek 13,Sat,Away,D,1,1,Crystal Palace,0.0,1.7,51.0,0.0,Newcastle United
2024-12-04,19:30,Matchweek 14,Wed,Home,D,3,3,Liverpool,2.1,1.9,42.0,6.0,Newcastle United
2024-12-07,15:00,Matchweek 15,Sat,Away,L,2,4,Brentford,1.5,1.2,57.0,3.0,Newcastle United
2024-12-14,15:00,Matchweek 16,Sat,Home,W,4,0,Leicester City,3.8,0.2,59.0,11.0,Newcastle United
2024-12-21,15:00,Matchweek 17,Sat,Away,W,4,0,Ipswich Town,2.3,0.7,58.0,7.0,Newcastle United
2024-12-26,15:00,Matchweek 18,Thu,Home,W,3,0,Aston Villa,2.7,0.3,62.0,7.0,Newcastle United
2024-12-30,20:00,Matchweek 19,Mon,Away,W,2,0,Manchester Utd,1.9,0.8,48.0,4.0,Newcastle United
2025-01-04,12:30,Matchweek 20,Sat,Away,W,2,1,Tottenham,2.5,0.9,44.0,4.0,Newcastle United
2025-01-15,19:30,Matchweek 21,Wed,Home,W,3,0,Wolves,2.1,1.6,60.0,5.0,Newcastle United
2025-01-18,12:30,Matchweek 22,Sat,Home,L,1,4,Bournemouth,0.8,2.0,56.0,4.0,Newcastle United
2025-01-25,15:00,Matchweek 23,Sat,Away,W,3,1,Southampton,2.9,0.8,47.0,7.0,Newcastle United
2025-02-01,15:00,Matchweek 24,Sat,Home,L,1,2,Fulham,0.8,1.6,49.0,4.0,Newcastle United
2025-02-15,15:00,Matchweek 25,Sat,Away,L,0,4,Manchester City,0.5,1.9,39.0,1.0,Newcastle United
2025-02-23,14:00,Matchweek 26,Sun,Home,W,4,3,Nott'ham Forest,2.9,1.7,57.0,4.0,Newcastle United
2025-02-26,20:15,Matchweek 27,Wed,Away,L,0,2,Liverpool,0.2,1.7,39.0,0.0,Newcastle United
2025-03-10,20:00,Matchweek 28,Mon,Away,W,1,0,West Ham,1.4,0.7,49.0,3.0,Newcastle United
2025-04-02,19:45,Matchweek 30,Wed,Home,W,2,1,Brentford,1.3,1.5,49.0,4.0,Newcastle United
2025-04-07,20:00,Matchweek 31,Mon,Away,W,3,0,Leicester City,3.2,0.5,42.0,5.0,Newcastle United
2025-04-13,16:30,Matchweek 32,Sun,Home,W,4,1,Manchester Utd,2.2,0.7,48.0,6.0,Newcastle United
2025-04-16,19:30,Matchweek 29,Wed,Home,W,5,0,Crystal Palace,1.5,2.0,59.0,7.0,Newcastle United
2025-04-19,17:30,Matchweek 33,Sat,Away,L,1,4,Aston Villa,1.0,2.2,52.0,3.0,Newcastle United
2025-04-26,15:00,Matchweek 34,Sat,Home,W,3,0,Ipswich Town,2.4,0.1,77.0,3.0,Newcastle United
2025-05-04,14:00,Matchweek 35,Sun,Away,D,1,1,Brighton,1.7,0.7,55.0,4.0,Newcastle United
2025-05-11,12:00,Matchweek 36,Sun,Home,W,2,0,Chelsea,1.6,0.7,45.0,6.0,Newcastle United
2025-05-18,16:30,Matchweek 37,Sun,Away,L,0,1,Arsenal,1.5,0.6,49.0,5.0,Newcastle United
2025-05-25,16:00,Matchweek 38,Sun,Home,L,0,1,Everton,1.2,1.2,65.0,6.0,Newcastle United
2021-08-14,17:30,Matchweek 1,Sat,Home,L,0,3,Liverpool,1.4,1.6,50.0,3.0,Norwich City
2021-08-21,15:00,Matchweek 2,Sat,Away,L,0,5,Manchester City,0.1,2.6,33.0,0.0,Norwich City
2021-08-28,15:00,Matchweek 3,Sat,Home,L,1,2,Leicester City,1.5,1.5,45.0,3.0,Norwich City
2021-09-11,15:00,Matchweek 4,Sat,Away,L,0,1,Arsenal,0.7,2.7,49.0,1.0,Norwich City
2021-09-18,15:00,Matchweek 5,Sat,Home,L,1,3,Watford,1.0,2.4,49.0,5.0,Norwich City
2021-09-25,15:00,Matchweek 6,Sat,Away,L,0,2,Everton,0.5,1.9,53.0,2.0,Norwich City
2021-10-02,15:00,Matchweek 7,Sat,Away,D,0,0,Burnley,0.6,1.2,44.0,2.0,Norwich City
2021-10-16,15:00,Matchweek 8,Sat,Home,D,0,0,Brighton,1.2,0.8,36.0,2.0,Norwich City
2021-10-23,12:30,Matchweek 9,Sat,Away,L,0,7,Chelsea,0.1,3.1,38.0,1.0,Norwich City
2021-10-31,14:00,Matchweek 10,Sun,Home,L,1,2,Leeds United,0.8,0.7,48.0,3.0,Norwich City
2021-11-06,15:00,Matchweek 11,Sat,Away,W,2,1,Brentford,1.2,2.5,36.0,4.0,Norwich City
2021-11-20,15:00,Matchweek 12,Sat,Home,W,2,1,Southampton,0.5,1.0,38.0,4.0,Norwich City
2021-11-27,15:00,Matchweek 13,Sat,Home,D,0,0,Wolves,1.6,0.3,43.0,4.0,Norwich City
2021-11-30,19:30,Matchweek 14,Tue,Away,D,1,1,Newcastle Utd,1.2,1.1,68.0,6.0,Norwich City
2021-12-05,14:00,Matchweek 15,Sun,Away,L,0,3,Tottenham,1.2,1.6,59.0,1.0,Norwich City
2021-12-11,17:30,Matchweek 16,Sat,Home,L,0,1,Manchester Utd,1.2,2.0,48.0,5.0,Norwich City
2021-12-14,19:45,Matchweek 17,Tue,Home,L,0,2,Aston Villa,0.5,2.0,50.0,3.0,Norwich City
2021-12-26,15:00,Matchweek 19,Sun,Home,L,0,5,Arsenal,0.1,2.5,36.0,2.0,Norwich City
2021-12-28,15:00,Matchweek 20,Tue,Away,L,0,3,Crystal Palace,0.9,1.9,49.0,2.0,Norwich City
2022-01-12,19:45,Matchweek 18,Wed,Away,L,0,2,West Ham,0.3,2.5,38.0,3.0,Norwich City
2022-01-15,15:00,Matchweek 22,Sat,Home,W,2,1,Everton,1.0,0.6,41.0,3.0,Norwich City
2022-01-21,20:00,Matchweek 23,Fri,Away,W,3,0,Watford,1.1,1.2,33.0,2.0,Norwich City
2022-02-09,19:45,Matchweek 24,Wed,Home,D,1,1,Crystal Palace,0.4,1.3,30.0,1.0,Norwich City
2022-02-12,17:30,Matchweek 25,Sat,Home,L,0,4,Manchester City,0.4,4.6,29.0,3.0,Norwich City
2022-02-19,15:00,Matchweek 26,Sat,Away,L,1,3,Liverpool,0.6,3.6,31.0,1.0,Norwich City
2022-02-25,20:00,Matchweek 27,Fri,Away,L,0,2,Southampton,0.6,2.6,42.0,1.0,Norwich City
2022-03-05,15:00,Matchweek 28,Sat,Home,L,1,3,Brentford,1.0,2.0,60.0,7.0,Norwich City
2022-03-10,19:30,Matchweek 30,Thu,Home,L,1,3,Chelsea,1.0,1.8,34.0,2.0,Norwich City
2022-03-13,14:00,Matchweek 29,Sun,Away,L,1,2,Leeds United,1.5,2.5,48.0,4.0,Norwich City
2022-04-02,15:00,Matchweek 31,Sat,Away,D,0,0,Brighton,0.4,2.8,37.0,0.0,Norwich City
2022-04-10,14:00,Matchweek 32,Sun,Home,W,2,0,Burnley,1.7,1.7,45.0,6.0,Norwich City
2022-04-16,15:00,Matchweek 33,Sat,Away,L,2,3,Manchester Utd,1.5,1.9,39.0,4.0,Norwich City
2022-04-23,15:00,Matchweek 34,Sat,Home,L,0,3,Newcastle Utd,0.6,1.9,46.0,2.0,Norwich City
2022-04-30,15:00,Matchweek 35,Sat,Away,L,0,2,Aston Villa,0.5,1.8,55.0,3.0,Norwich City
2022-05-08,14:00,Matchweek 36,Sun,Home,L,0,4,West Ham,0.8,3.0,37.0,2.0,Norwich City
2022-05-11,19:45,Matchweek 21,Wed,Away,L,0,3,Leicester City,1.1,2.0,35.0,5.0,Norwich City
2022-05-15,14:00,Matchweek 37,Sun,Away,D,1,1,Wolves,1.1,0.9,36.0,2.0,Norwich City
2022-05-22,16:00,Matchweek 38,Sun,Home,L,0,5,Tottenham,0.5,3.4,41.0,0.0,Norwich City
2022-08-06,15:00,Matchweek 1,Sat,Away,L,0,2,Newcastle Utd,0.3,1.7,39.0,0.0,Nottingham Forest
2022-08-14,14:00,Matchweek 2,Sun,Home,W,1,0,West Ham,1.3,2.1,43.0,6.0,Nottingham Forest
2022-08-20,15:00,Matchweek 3,Sat,Away,D,1,1,Everton,1.0,1.5,51.0,5.0,Nottingham Forest
2022-08-28,16:30,Matchweek 4,Sun,Home,L,0,2,Tottenham,0.9,2.4,55.0,1.0,Nottingham Forest
2022-08-31,19:30,Matchweek 5,Wed,Away,L,0,6,Manchester City,0.7,3.3,26.0,1.0,Nottingham Forest
2022-09-03,15:00,Matchweek 6,Sat,Home,L,2,3,Bournemouth,1.9,0.8,52.0,2.0,Nottingham Forest
2022-09-16,20:00,Matchweek 8,Fri,Home,L,2,3,Fulham,1.4,0.9,41.0,3.0,Nottingham Forest
2022-10-03,20:00,Matchweek 9,Mon,Away,L,0,4,Leicester City,1.1,1.3,49.0,3.0,Nottingham Forest
2022-10-10,20:00,Matchweek 10,Mon,Home,D,1,1,Aston Villa,0.3,0.7,40.0,3.0,Nottingham Forest
2022-10-15,15:00,Matchweek 11,Sat,Away,L,0,1,Wolves,1.5,1.3,42.0,1.0,Nottingham Forest
2022-10-18,19:30,Matchweek 12,Tue,Away,D,0,0,Brighton,0.1,1.7,30.0,0.0,Nottingham Forest
2022-10-22,12:30,Matchweek 13,Sat,Home,W,1,0,Liverpool,1.9,1.6,25.0,7.0,Nottingham Forest
2022-10-30,14:00,Matchweek 14,Sun,Away,L,0,5,Arsenal,0.4,2.3,31.0,2.0,Nottingham Forest
2022-11-05,15:00,Matchweek 15,Sat,Home,D,2,2,Brentford,1.5,1.5,48.0,6.0,Nottingham Forest
2022-11-12,15:00,Matchweek 16,Sat,Home,W,1,0,Crystal Palace,1.1,1.2,32.0,2.0,Nottingham Forest
2022-12-27,20:00,Matchweek 17,Tue,Away,L,0,3,Manchester Utd,0.7,2.4,35.0,3.0,Nottingham Forest
2023-01-01,16:30,Matchweek 18,Sun,Home,D,1,1,Chelsea,1.4,0.9,29.0,5.0,Nottingham Forest
2023-01-04,19:30,Matchweek 19,Wed,Away,W,1,0,Southampton,1.4,0.5,37.0,1.0,Nottingham Forest
2023-01-14,15:00,Matchweek 20,Sat,Home,W,2,0,Leicester City,2.4,1.0,39.0,5.0,Nottingham Forest
2023-01-21,15:00,Matchweek 21,Sat,Away,D,1,1,Bournemouth,1.9,1.4,57.0,5.0,Nottingham Forest
2023-02-05,14:00,Matchweek 22,Sun,Home,W,1,0,Leeds United,0.4,0.9,30.0,2.0,Nottingham Forest
2023-02-11,15:00,Matchweek 23,Sat,Away,L,0,2,Fulham,0.7,1.5,50.0,1.0,Nottingham Forest
2023-02-18,15:00,Matchweek 24,Sat,Home,D,1,1,Manchester City,0.9,2.4,27.0,1.0,Nottingham Forest
2023-02-25,15:00,Matchweek 25,Sat,Away,L,0,4,West Ham,0.4,2.7,51.0,3.0,Nottingham Forest
2023-03-05,14:00,Matchweek 26,Sun,Home,D,2,2,Everton,0.8,1.7,57.0,4.0,Nottingham Forest
2023-03-11,15:00,Matchweek 27,Sat,Away,L,1,3,Tottenham,1.5,2.0,45.0,4.0,Nottingham Forest
2023-03-17,20:00,Matchweek 28,Fri,Home,L,1,2,Newcastle Utd,0.4,2.4,39.0,3.0,Nottingham Forest
2023-04-01,15:00,Matchweek 29,Sat,Home,D,1,1,Wolves,1.3,0.5,29.0,7.0,Nottingham Forest
2023-04-04,19:45,Matchweek 7,Tue,Away,L,1,2,Leeds United,0.8,1.8,39.0,1.0,Nottingham Forest
2023-04-08,15:00,Matchweek 30,Sat,Away,L,0,2,Aston Villa,0.2,1.3,37.0,2.0,Nottingham Forest
2023-04-16,16:30,Matchweek 31,Sun,Home,L,0,2,Manchester Utd,0.7,3.5,32.0,0.0,Nottingham Forest
2023-04-22,15:00,Matchweek 32,Sat,Away,L,2,3,Liverpool,0.9,2.8,20.0,5.0,Nottingham Forest
2023-04-26,19:30,Matchweek 33,Wed,Home,W,3,1,Brighton,2.4,2.3,26.0,3.0,Nottingham Forest
2023-04-29,15:00,Matchweek 34,Sat,Away,L,1,2,Brentford,0.7,1.6,32.0,3.0,Nottingham Forest
2023-05-08,20:00,Matchweek 35,Mon,Home,W,4,3,Southampton,1.8,3.1,36.0,3.0,Nottingham Forest
2023-05-13,15:00,Matchweek 36,Sat,Away,D,2,2,Chelsea,1.3,1.2,25.0,2.0,Nottingham Forest
2023-05-20,17:30,Matchweek 37,Sat,Home,W,1,0,Arsenal,0.6,0.6,19.0,2.0,Nottingham Forest
2023-05-28,16:30,Matchweek 38,Sun,Away,D,1,1,Crystal Palace,0.5,1.4,34.0,4.0,Nottingham Forest
2023-08-12,12:30,Matchweek 1,Sat,Away,L,1,2,Arsenal,1.2,0.8,22.0,2.0,Nottingham Forest
2023-08-18,19:45,Matchweek 2,Fri,Home,W,2,1,Sheffield Utd,1.4,0.5,50.0,4.0,Nottingham Forest
2023-08-26,15:00,Matchweek 3,Sat,Away,L,2,3,Manchester Utd,1.2,2.8,34.0,4.0,Nottingham Forest
2023-09-02,15:00,Matchweek 4,Sat,Away,W,1,0,Chelsea,0.8,2.3,25.0,3.0,Nottingham Forest
2023-09-18,19:45,Matchweek 5,Mon,Home,D,1,1,Burnley,0.7,0.5,46.0,4.0,Nottingham Forest
2023-09-23,15:00,Matchweek 6,Sat,Away,L,0,2,Manchester City,1.0,1.3,43.0,3.0,Nottingham Forest
2023-10-01,14:00,Matchweek 7,Sun,Home,D,1,1,Brentford,0.5,1.6,41.0,1.0,Nottingham Forest
2023-10-07,17:30,Matchweek 8,Sat,Away,D,0,0,Crystal Palace,1.0,0.8,48.0,5.0,Nottingham Forest
2023-10-21,15:00,Matchweek 9,Sat,Home,D,2,2,Luton Town,2.9,1.7,57.0,8.0,Nottingham Forest
2023-10-29,14:00,Matchweek 10,Sun,Away,L,0,3,Liverpool,0.4,3.2,28.0,1.0,Nottingham Forest
2023-11-05,14:00,Matchweek 11,Sun,Home,W,2,0,Aston Villa,0.4,1.2,27.0,3.0,Nottingham Forest
2023-11-12,14:00,Matchweek 12,Sun,Away,L,2,3,West Ham,1.7,1.8,46.0,5.0,Nottingham Forest
2023-11-25,15:00,Matchweek 13,Sat,Home,L,2,3,Brighton,1.9,1.3,47.0,4.0,Nottingham Forest
2023-12-02,17:30,Matchweek 14,Sat,Home,L,0,1,Everton,0.7,0.7,61.0,2.0,Nottingham Forest
2023-12-06,19:30,Matchweek 15,Wed,Away,L,0,5,Fulham,0.3,2.5,37.0,1.0,Nottingham Forest
2023-12-09,15:00,Matchweek 16,Sat,Away,D,1,1,Wolves,1.3,1.2,32.0,2.0,Nottingham Forest
2023-12-15,20:00,Matchweek 17,Fri,Home,L,0,2,Tottenham,1.3,1.5,34.0,1.0,Nottingham Forest
2023-12-23,15:00,Matchweek 18,Sat,Home,L,2,3,Bournemouth,1.0,1.6,34.0,4.0,Nottingham Forest
2023-12-26,12:30,Matchweek 19,Tue,Away,W,3,1,Newcastle Utd,3.5,2.4,38.0,6.0,Nottingham Forest
2023-12-30,17:30,Matchweek 20,Sat,Home,W,2,1,Manchester Utd,0.7,0.8,44.0,2.0,Nottingham Forest
2024-01-20,17:30,Matchweek 21,Sat,Away,L,2,3,Brentford,1.2,1.2,52.0,3.0,Nottingham Forest
2024-01-30,19:30,Matchweek 22,Tue,Home,L,1,2,Arsenal,0.5,1.2,27.0,3.0,Nottingham Forest
2024-02-04,14:00,Matchweek 23,Sun,Away,D,1,1,Bournemouth,0.5,1.3,55.0,6.0,Nottingham Forest
2024-02-10,17:30,Matchweek 24,Sat,Home,L,2,3,Newcastle Utd,1.5,0.5,39.0,3.0,Nottingham Forest
2024-02-17,15:00,Matchweek 25,Sat,Home,W,2,0,West Ham,2.8,0.5,49.0,8.0,Nottingham Forest
2024-02-24,15:00,Matchweek 26,Sat,Away,L,2,4,Aston Villa,2.6,3.6,42.0,3.0,Nottingham Forest
2024-03-02,15:00,Matchweek 27,Sat,Home,L,0,1,Liverpool,1.0,2.0,31.0,2.0,Nottingham Forest
2024-03-10,14:00,Matchweek 28,Sun,Away,L,0,1,Brighton,0.7,0.4,37.0,4.0,Nottingham Forest
2024-03-16,15:00,Matchweek 29,Sat,Away,D,1,1,Luton Town,2.0,0.6,40.0,3.0,Nottingham Forest
2024-03-30,15:00,Matchweek 30,Sat,Home,D,1,1,Crystal Palace,0.9,1.2,59.0,5.0,Nottingham Forest
2024-04-02,19:30,Matchweek 31,Tue,Home,W,3,1,Fulham,1.5,1.5,34.0,4.0,Nottingham Forest
2024-04-07,18:00,Matchweek 32,Sun,Away,L,1,3,Tottenham,1.5,1.5,37.0,6.0,Nottingham Forest
2024-04-13,15:00,Matchweek 33,Sat,Home,D,2,2,Wolves,1.9,1.0,46.0,9.0,Nottingham Forest
2024-04-21,13:30,Matchweek 34,Sun,Away,L,0,2,Everton,0.9,0.3,59.0,3.0,Nottingham Forest
2024-04-28,16:30,Matchweek 35,Sun,Home,L,0,2,Manchester City,1.9,0.9,34.0,2.0,Nottingham Forest
2024-05-04,15:00,Matchweek 36,Sat,Away,W,3,1,Sheffield Utd,1.4,2.2,46.0,4.0,Nottingham Forest
2024-05-11,17:30,Matchweek 37,Sat,Home,L,2,3,Chelsea,1.5,1.6,33.0,4.0,Nottingham Forest
2024-05-19,16:00,Matchweek 38,Sun,Away,W,2,1,Burnley,1.7,1.2,28.0,6.0,Nottingham Forest
2024-08-17,15:00,Matchweek 1,Sat,Home,D,1,1,Bournemouth,1.3,1.2,53.0,8.0,Nottingham Forest
2024-08-24,15:00,Matchweek 2,Sat,Away,W,1,0,Southampton,2.2,0.1,36.0,8.0,Nottingham Forest
2024-08-31,15:00,Matchweek 3,Sat,Home,D,1,1,Wolves,1.0,0.7,52.0,5.0,Nottingham Forest
2024-09-14,15:00,Matchweek 4,Sat,Away,W,1,0,Liverpool,0.4,0.9,32.0,3.0,Nottingham Forest
2024-09-22,14:00,Matchweek 5,Sun,Away,D,2,2,Brighton,1.4,1.0,30.0,2.0,Nottingham Forest
2024-09-28,15:00,Matchweek 6,Sat,Home,L,0,1,Fulham,0.8,1.3,41.0,1.0,Nottingham Forest
2024-10-06,14:00,Matchweek 7,Sun,Away,D,1,1,Chelsea,0.9,2.3,35.0,9.0,Nottingham Forest
2024-10-21,20:00,Matchweek 8,Mon,Home,W,1,0,Crystal Palace,1.7,1.0,51.0,6.0,Nottingham Forest
2024-10-25,20:00,Matchweek 9,Fri,Away,W,3,1,Leicester City,1.7,0.8,35.0,5.0,Nottingham Forest
2024-11-02,15:00,Matchweek 10,Sat,Home,W,3,0,West Ham,2.2,0.1,54.0,6.0,Nottingham Forest
2024-11-10,14:00,Matchweek 11,Sun,Home,L,1,3,Newcastle Utd,0.6,1.6,44.0,3.0,Nottingham Forest
2024-11-23,15:00,Matchweek 12,Sat,Away,L,0,3,Arsenal,0.3,1.2,34.0,0.0,Nottingham Forest
2024-11-30,15:00,Matchweek 13,Sat,Home,W,1,0,Ipswich Town,1.6,0.6,45.0,4.0,Nottingham Forest
2024-12-04,19:30,Matchweek 14,Wed,Away,L,0,3,Manchester City,1.0,2.4,34.0,3.0,Nottingham Forest
2024-12-07,17:30,Matchweek 15,Sat,Away,W,3,2,Manchester Utd,0.8,1.6,29.0,3.0,Nottingham Forest
2024-12-14,17:30,Matchweek 16,Sat,Home,W,2,1,Aston Villa,1.7,0.4,50.0,6.0,Nottingham Forest
2024-12-21,15:00,Matchweek 17,Sat,Away,W,2,0,Brentford,0.9,0.7,36.0,6.0,Nottingham Forest
2024-12-26,15:00,Matchweek 18,Thu,Home,W,1,0,Tottenham,1.1,0.9,30.0,3.0,Nottingham Forest
2024-12-29,15:00,Matchweek 19,Sun,Away,W,2,0,Everton,1.5,0.9,36.0,7.0,Nottingham Forest
2025-01-06,20:00,Matchweek 20,Mon,Away,W,3,0,Wolves,2.1,1.5,40.0,3.0,Nottingham Forest
2025-01-14,20:00,Matchweek 21,Tue,Home,D,1,1,Liverpool,0.3,2.0,30.0,3.0,Nottingham Forest
2025-01-19,14:00,Matchweek 22,Sun,Home,W,3,2,Southampton,1.8,0.9,45.0,4.0,Nottingham Forest
2025-01-25,15:00,Matchweek 23,Sat,Away,L,0,5,Bournemouth,1.0,1.7,50.0,4.0,Nottingham Forest
2025-02-01,12:30,Matchweek 24,Sat,Home,W,7,0,Brighton,3.3,0.9,38.0,8.0,Nottingham Forest
2025-02-15,15:00,Matchweek 25,Sat,Away,L,1,2,Fulham,0.4,2.1,45.0,2.0,Nottingham Forest
2025-02-23,14:00,Matchweek 26,Sun,Away,L,3,4,Newcastle Utd,1.7,2.9,43.0,5.0,Nottingham Forest
2025-02-26,19:30,Matchweek 27,Wed,Home,D,0,0,Arsenal,0.4,1.0,36.0,2.0,Nottingham Forest
2025-03-08,12:30,Matchweek 28,Sat,Home,W,1,0,Manchester City,0.7,0.9,31.0,4.0,Nottingham Forest
2025-03-15,15:00,Matchweek 29,Sat,Away,W,4,2,Ipswich Town,1.5,0.4,45.0,6.0,Nottingham Forest
2025-04-01,20:00,Matchweek 30,Tue,Home,W,1,0,Manchester Utd,0.5,1.6,32.0,2.0,Nottingham Forest
2025-04-05,17:30,Matchweek 31,Sat,Away,L,1,2,Aston Villa,1.5,3.0,48.0,3.0,Nottingham Forest
2025-04-12,15:00,Matchweek 32,Sat,Home,L,0,1,Everton,0.5,1.4,43.0,5.0,Nottingham Forest
2025-04-21,20:00,Matchweek 33,Mon,Away,W,2,1,Tottenham,0.5,2.1,31.0,3.0,Nottingham Forest
2025-05-01,19:30,Matchweek 34,Thu,Home,L,0,2,Brentford,0.9,1.3,55.0,5.0,Nottingham Forest
2025-05-05,20:00,Matchweek 35,Mon,Away,D,1,1,Crystal Palace,0.7,2.3,50.0,4.0,Nottingham Forest
2025-05-11,14:15,Matchweek 36,Sun,Home,D,2,2,Leicester City,1.3,1.1,55.0,4.0,Nottingham Forest
2025-05-18,14:15,Matchweek 37,Sun,Away,W,2,1,West Ham,1.9,1.1,40.0,5.0,Nottingham Forest
2025-05-25,16:00,Matchweek 38,Sun,Home,L,0,1,Chelsea,1.2,1.1,52.0,2.0,Nottingham Forest
2020-09-14,18:00,Matchweek 1,Mon,Home,L,0,2,Wolves,1.0,1.4,55.0,1.0,Sheffield United
2020-09-21,18:00,Matchweek 2,Mon,Away,L,0,1,Aston Villa,0.9,1.0,29.0,0.0,Sheffield United
2020-09-27,12:00,Matchweek 3,Sun,Home,L,0,1,Leeds United,1.4,1.2,36.0,4.0,Sheffield United
2020-10-04,14:00,Matchweek 4,Sun,Away,L,1,2,Arsenal,0.2,0.6,36.0,2.0,Sheffield United
2020-10-18,12:00,Matchweek 5,Sun,Home,D,1,1,Fulham,1.7,1.5,42.0,5.0,Sheffield United
2020-10-24,20:00,Matchweek 6,Sat,Away,L,1,2,Liverpool,1.6,2.3,38.0,1.0,Sheffield United
2020-10-31,12:30,Matchweek 7,Sat,Home,L,0,1,Manchester City,0.5,1.6,35.0,1.0,Sheffield United
2020-11-07,17:30,Matchweek 8,Sat,Away,L,1,4,Chelsea,0.4,2.2,31.0,3.0,Sheffield United
2020-11-22,14:00,Matchweek 9,Sun,Home,L,0,1,West Ham,0.9,2.1,51.0,5.0,Sheffield United
2020-11-28,20:00,Matchweek 10,Sat,Away,L,0,1,West Brom,2.9,1.2,51.0,5.0,Sheffield United
2020-12-06,14:15,Matchweek 11,Sun,Home,L,1,2,Leicester City,0.2,1.4,31.0,1.0,Sheffield United
2020-12-13,12:00,Matchweek 12,Sun,Away,L,0,3,Southampton,0.3,2.0,33.0,0.0,Sheffield United
2020-12-17,20:00,Matchweek 13,Thu,Home,L,2,3,Manchester Utd,1.5,1.9,40.0,6.0,Sheffield United
2020-12-20,12:00,Matchweek 14,Sun,Away,D,1,1,Brighton,0.5,2.8,27.0,3.0,Sheffield United
2020-12-26,20:00,Matchweek 15,Sat,Home,L,0,1,Everton,1.4,0.7,44.0,1.0,Sheffield United
2020-12-29,18:00,Matchweek 16,Tue,Away,L,0,1,Burnley,0.7,1.0,63.0,2.0,Sheffield United
2021-01-02,15:00,Matchweek 17,Sat,Away,L,0,2,Crystal Palace,0.4,0.6,56.0,2.0,Sheffield United
2021-01-12,18:00,Matchweek 18,Tue,Home,W,1,0,Newcastle Utd,2.1,0.6,65.0,3.0,Sheffield United
2021-01-17,14:00,Matchweek 19,Sun,Home,L,1,3,Tottenham,0.9,1.0,43.0,5.0,Sheffield United
2021-01-27,20:15,Matchweek 20,Wed,Away,W,2,1,Manchester Utd,1.0,1.1,25.0,3.0,Sheffield United
2021-01-30,15:00,Matchweek 21,Sat,Away,L,0,1,Manchester City,0.2,1.5,25.0,1.0,Sheffield United
2021-02-02,18:00,Matchweek 22,Tue,Home,W,2,1,West Brom,1.3,1.6,68.0,6.0,Sheffield United
2021-02-07,19:15,Matchweek 23,Sun,Home,L,1,2,Chelsea,0.6,1.6,32.0,3.0,Sheffield United
2021-02-15,18:00,Matchweek 24,Mon,Away,L,0,3,West Ham,0.7,1.9,54.0,5.0,Sheffield United
2021-02-20,20:00,Matchweek 25,Sat,Away,L,0,1,Fulham,0.9,1.2,36.0,2.0,Sheffield United
2021-02-28,19:15,Matchweek 26,Sun,Home,L,0,2,Liverpool,0.7,2.7,40.0,2.0,Sheffield United
2021-03-03,18:00,Matchweek 29,Wed,Home,W,1,0,Aston Villa,0.9,2.3,28.0,2.0,Sheffield United
2021-03-06,15:00,Matchweek 27,Sat,Home,L,0,2,Southampton,0.7,1.9,51.0,2.0,Sheffield United
2021-03-14,14:00,Matchweek 28,Sun,Away,L,0,5,Leicester City,0.1,4.0,29.0,0.0,Sheffield United
2021-04-03,15:00,Matchweek 30,Sat,Away,L,1,2,Leeds United,1.1,2.4,46.0,1.0,Sheffield United
2021-04-11,19:00,Matchweek 31,Sun,Home,L,0,3,Arsenal,0.3,1.7,45.0,2.0,Sheffield United
2021-04-17,20:15,Matchweek 32,Sat,Away,L,0,1,Wolves,0.5,1.1,52.0,2.0,Sheffield United
2021-04-24,20:00,Matchweek 33,Sat,Home,W,1,0,Brighton,0.7,2.0,32.0,3.0,Sheffield United
2021-05-02,19:15,Matchweek 34,Sun,Away,L,0,4,Tottenham,0.5,2.2,34.0,1.0,Sheffield United
2021-05-08,15:00,Matchweek 35,Sat,Home,L,0,2,Crystal Palace,0.7,2.0,50.0,0.0,Sheffield United
2021-05-16,19:00,Matchweek 36,Sun,Away,W,1,0,Everton,1.2,1.4,38.0,3.0,Sheffield United
2021-05-19,18:00,Matchweek 37,Wed,Away,L,0,1,Newcastle Utd,0.9,1.6,49.0,1.0,Sheffield United
2021-05-23,16:00,Matchweek 38,Sun,Home,W,1,0,Burnley,0.5,1.1,43.0,3.0,Sheffield United
2023-08-12,15:00,Matchweek 1,Sat,Home,L,0,1,Crystal Palace,0.5,1.9,32.0,1.0,Sheffield United
2023-08-18,19:45,Matchweek 2,Fri,Away,L,1,2,Nott'ham Forest,0.5,1.4,50.0,3.0,Sheffield United
2023-08-27,14:00,Matchweek 3,Sun,Home,L,1,2,Manchester City,0.7,3.5,21.0,1.0,Sheffield United
2023-09-02,12:30,Matchweek 4,Sat,Home,D,2,2,Everton,1.2,2.5,46.0,7.0,Sheffield United
2023-09-16,15:00,Matchweek 5,Sat,Away,L,1,2,Tottenham,0.7,2.1,30.0,5.0,Sheffield United
2023-09-24,16:30,Matchweek 6,Sun,Home,L,0,8,Newcastle Utd,0.9,3.9,42.0,1.0,Sheffield United
2023-09-30,15:00,Matchweek 7,Sat,Away,L,0,2,West Ham,1.1,2.1,48.0,2.0,Sheffield United
2023-10-07,15:00,Matchweek 8,Sat,Away,L,1,3,Fulham,0.6,2.2,40.0,2.0,Sheffield United
2023-10-21,20:00,Matchweek 9,Sat,Home,L,1,2,Manchester Utd,1.4,1.1,38.0,5.0,Sheffield United
2023-10-28,15:00,Matchweek 10,Sat,Away,L,0,5,Arsenal,0.0,2.8,33.0,0.0,Sheffield United
2023-11-04,15:00,Matchweek 11,Sat,Home,W,2,1,Wolves,1.0,1.2,39.0,1.0,Sheffield United
2023-11-12,14:00,Matchweek 12,Sun,Away,D,1,1,Brighton,1.1,1.5,39.0,1.0,Sheffield United
2023-11-25,15:00,Matchweek 13,Sat,Home,L,1,3,Bournemouth,0.8,2.9,46.0,2.0,Sheffield United
2023-12-02,15:00,Matchweek 14,Sat,Away,L,0,5,Burnley,0.4,1.8,37.0,3.0,Sheffield United
2023-12-06,19:30,Matchweek 15,Wed,Home,L,0,2,Liverpool,1.0,1.7,25.0,1.0,Sheffield United
2023-12-09,15:00,Matchweek 16,Sat,Home,W,1,0,Brentford,0.8,0.6,41.0,4.0,Sheffield United
2023-12-16,15:00,Matchweek 17,Sat,Away,L,0,2,Chelsea,0.4,3.1,22.0,1.0,Sheffield United
2023-12-22,20:00,Matchweek 18,Fri,Away,D,1,1,Aston Villa,0.6,0.9,23.0,2.0,Sheffield United
2023-12-26,15:00,Matchweek 19,Tue,Home,L,2,3,Luton Town,2.4,0.6,51.0,4.0,Sheffield United
2023-12-30,15:00,Matchweek 20,Sat,Away,L,0,2,Manchester City,0.3,2.2,20.0,2.0,Sheffield United
2024-01-21,14:00,Matchweek 21,Sun,Home,D,2,2,West Ham,2.5,2.3,57.0,5.0,Sheffield United
2024-01-30,20:00,Matchweek 22,Tue,Away,L,2,3,Crystal Palace,0.8,1.1,47.0,5.0,Sheffield United
2024-02-03,17:30,Matchweek 23,Sat,Home,L,0,5,Aston Villa,1.4,2.2,37.0,4.0,Sheffield United
2024-02-10,15:00,Matchweek 24,Sat,Away,W,3,1,Luton Town,1.7,1.8,26.0,2.0,Sheffield United
2024-02-18,14:00,Matchweek 25,Sun,Home,L,0,5,Brighton,0.6,2.9,21.0,1.0,Sheffield United
2024-02-25,13:30,Matchweek 26,Sun,Away,L,0,1,Wolves,0.6,1.3,37.0,4.0,Sheffield United
2024-03-04,20:00,Matchweek 27,Mon,Home,L,0,6,Arsenal,0.2,2.3,20.0,0.0,Sheffield United
2024-03-09,15:00,Matchweek 28,Sat,Away,D,2,2,Bournemouth,1.2,3.3,31.0,9.0,Sheffield United
2024-03-30,15:00,Matchweek 30,Sat,Home,D,3,3,Fulham,1.9,1.3,27.0,4.0,Sheffield United
2024-04-04,19:30,Matchweek 31,Thu,Away,L,1,3,Liverpool,0.6,1.8,18.0,3.0,Sheffield United
2024-04-07,17:30,Matchweek 32,Sun,Home,D,2,2,Chelsea,1.4,0.3,32.0,5.0,Sheffield United
2024-04-13,15:00,Matchweek 33,Sat,Away,L,0,2,Brentford,0.8,1.0,47.0,2.0,Sheffield United
2024-04-20,15:00,Matchweek 34,Sat,Home,L,1,4,Burnley,2.4,2.2,49.0,11.0,Sheffield United
2024-04-24,20:00,Matchweek 29,Wed,Away,L,2,4,Manchester Utd,0.8,2.9,29.0,4.0,Sheffield United
2024-04-27,15:00,Matchweek 35,Sat,Away,L,1,5,Newcastle Utd,1.5,3.1,40.0,4.0,Sheffield United
2024-05-04,15:00,Matchweek 36,Sat,Home,L,1,3,Nott'ham Forest,2.2,1.4,54.0,4.0,Sheffield United
2024-05-11,15:00,Matchweek 37,Sat,Away,L,0,1,Everton,0.6,2.3,42.0,1.0,Sheffield United
2024-05-19,16:00,Matchweek 38,Sun,Home,L,0,3,Tottenham,1.0,3.1,25.0,1.0,Sheffield United
2020-09-12,15:00,Matchweek 1,Sat,Away,L,0,1,Crystal Palace,0.9,1.1,69.0,5.0,Southampton
2020-09-20,12:00,Matchweek 2,Sun,Home,L,2,5,Tottenham,2.0,2.1,51.0,6.0,Southampton
2020-09-26,20:00,Matchweek 3,Sat,Away,W,1,0,Burnley,0.6,0.5,47.0,1.0,Southampton
2020-10-04,12:00,Matchweek 4,Sun,Home,W,2,0,West Brom,1.2,0.2,62.0,7.0,Southampton
2020-10-17,15:00,Matchweek 5,Sat,Away,D,3,3,Chelsea,1.9,1.8,47.0,6.0,Southampton
2020-10-25,14:00,Matchweek 6,Sun,Home,W,2,0,Everton,0.7,0.4,54.0,6.0,Southampton
2020-11-01,12:00,Matchweek 7,Sun,Away,W,4,3,Aston Villa,0.7,1.9,44.0,4.0,Southampton
2020-11-06,20:00,Matchweek 8,Fri,Home,W,2,0,Newcastle Utd,0.7,0.3,61.0,7.0,Southampton
2020-11-23,20:00,Matchweek 9,Mon,Away,D,1,1,Wolves,1.0,1.5,54.0,2.0,Southampton
2020-11-29,14:00,Matchweek 10,Sun,Home,L,2,3,Manchester Utd,0.5,2.1,50.0,5.0,Southampton
2020-12-07,20:00,Matchweek 11,Mon,Away,W,2,1,Brighton,1.4,1.9,52.0,2.0,Southampton
2020-12-13,12:00,Matchweek 12,Sun,Home,W,3,0,Sheffield Utd,2.0,0.3,67.0,6.0,Southampton
2020-12-16,18:00,Matchweek 13,Wed,Away,D,1,1,Arsenal,1.2,0.6,64.0,3.0,Southampton
2020-12-19,15:00,Matchweek 14,Sat,Home,L,0,1,Manchester City,0.7,0.9,48.0,3.0,Southampton
2020-12-26,15:00,Matchweek 15,Sat,Away,D,0,0,Fulham,0.2,0.7,53.0,2.0,Southampton
2020-12-29,18:00,Matchweek 16,Tue,Home,D,0,0,West Ham,0.6,1.2,62.0,3.0,Southampton
2021-01-04,20:00,Matchweek 17,Mon,Home,W,1,0,Liverpool,0.4,1.5,34.0,2.0,Southampton
2021-01-16,20:00,Matchweek 19,Sat,Away,L,0,2,Leicester City,0.6,2.2,53.0,3.0,Southampton
2021-01-26,20:15,Matchweek 20,Tue,Home,L,1,3,Arsenal,0.8,2.2,58.0,5.0,Southampton
2021-01-30,20:00,Matchweek 21,Sat,Home,L,0,1,Aston Villa,1.9,0.6,59.0,4.0,Southampton
2021-02-02,20:15,Matchweek 22,Tue,Away,L,0,9,Manchester Utd,0.5,4.7,26.0,1.0,Southampton
2021-02-06,15:00,Matchweek 23,Sat,Away,L,2,3,Newcastle Utd,1.3,0.7,73.0,5.0,Southampton
2021-02-14,12:00,Matchweek 24,Sun,Home,L,1,2,Wolves,0.8,1.1,51.0,3.0,Southampton
2021-02-20,12:30,Matchweek 25,Sat,Home,D,1,1,Chelsea,0.6,1.2,30.0,1.0,Southampton
2021-02-23,18:00,Matchweek 18,Tue,Away,L,0,3,Leeds United,0.9,1.3,54.0,5.0,Southampton
2021-03-01,20:00,Matchweek 26,Mon,Away,L,0,1,Everton,0.6,1.2,53.0,1.0,Southampton
2021-03-06,15:00,Matchweek 27,Sat,Away,W,2,0,Sheffield Utd,1.9,0.7,49.0,6.0,Southampton
2021-03-10,18:00,Matchweek 33,Wed,Away,L,2,5,Manchester City,1.6,2.6,42.0,5.0,Southampton
2021-03-14,12:00,Matchweek 28,Sun,Home,L,1,2,Brighton,0.6,0.8,59.0,4.0,Southampton
2021-04-04,12:00,Matchweek 30,Sun,Home,W,3,2,Burnley,2.2,1.5,53.0,8.0,Southampton
2021-04-12,18:00,Matchweek 31,Mon,Away,L,0,3,West Brom,1.5,3.0,60.0,3.0,Southampton
2021-04-21,18:00,Matchweek 29,Wed,Away,L,1,2,Tottenham,0.8,1.4,38.0,5.0,Southampton
2021-04-30,20:00,Matchweek 34,Fri,Home,D,1,1,Leicester City,0.9,1.9,30.0,2.0,Southampton
2021-05-08,20:15,Matchweek 35,Sat,Away,L,0,2,Liverpool,1.1,1.7,46.0,6.0,Southampton
2021-05-11,20:15,Matchweek 32,Tue,Home,W,3,1,Crystal Palace,1.2,1.5,62.0,6.0,Southampton
2021-05-15,15:00,Matchweek 36,Sat,Home,W,3,1,Fulham,1.6,0.8,47.0,6.0,Southampton
2021-05-18,18:00,Matchweek 37,Tue,Home,L,0,2,Leeds United,1.6,1.7,51.0,3.0,Southampton
2021-05-23,16:00,Matchweek 38,Sun,Away,L,0,3,West Ham,1.5,1.3,62.0,5.0,Southampton
2021-08-14,15:00,Matchweek 1,Sat,Away,L,1,3,Everton,0.8,2.4,52.0,3.0,Southampton
2021-08-22,14:00,Matchweek 2,Sun,Home,D,1,1,Manchester Utd,0.7,1.8,37.0,3.0,Southampton
2021-08-28,15:00,Matchweek 3,Sat,Away,D,2,2,Newcastle Utd,3.6,1.0,63.0,5.0,Southampton
2021-09-11,15:00,Matchweek 4,Sat,Home,D,0,0,West Ham,0.7,0.7,42.0,2.0,Southampton
2021-09-18,15:00,Matchweek 5,Sat,Away,D,0,0,Manchester City,0.4,1.0,36.0,2.0,Southampton
2021-09-26,14:00,Matchweek 6,Sun,Home,L,0,1,Wolves,1.0,1.0,57.0,6.0,Southampton
2021-10-02,15:00,Matchweek 7,Sat,Away,L,1,3,Chelsea,1.3,3.3,38.0,1.0,Southampton
2021-10-16,15:00,Matchweek 8,Sat,Home,W,1,0,Leeds United,1.9,0.2,46.0,4.0,Southampton
2021-10-23,15:00,Matchweek 9,Sat,Home,D,2,2,Burnley,1.6,0.7,61.0,4.0,Southampton
2021-10-30,15:00,Matchweek 10,Sat,Away,W,1,0,Watford,1.8,1.0,60.0,1.0,Southampton
2021-11-05,20:00,Matchweek 11,Fri,Home,W,1,0,Aston Villa,0.6,0.6,56.0,3.0,Southampton
2021-11-20,15:00,Matchweek 12,Sat,Away,L,1,2,Norwich City,1.0,0.5,62.0,5.0,Southampton
2021-11-27,15:00,Matchweek 13,Sat,Away,L,0,4,Liverpool,1.0,2.9,36.0,3.0,Southampton
2021-12-01,19:30,Matchweek 14,Wed,Home,D,2,2,Leicester City,1.5,1.5,45.0,7.0,Southampton
2021-12-04,15:00,Matchweek 15,Sat,Home,D,1,1,Brighton,1.6,1.6,44.0,4.0,Southampton
2021-12-11,15:00,Matchweek 16,Sat,Away,L,0,3,Arsenal,0.6,1.8,39.0,6.0,Southampton
2021-12-15,19:30,Matchweek 17,Wed,Away,D,2,2,Crystal Palace,0.6,1.2,41.0,4.0,Southampton
2021-12-26,15:00,Matchweek 19,Sun,Away,W,3,2,West Ham,1.2,1.6,44.0,5.0,Southampton
2021-12-28,15:00,Matchweek 20,Tue,Home,D,1,1,Tottenham,0.4,2.3,35.0,2.0,Southampton
2022-01-11,19:45,Matchweek 18,Tue,Home,W,4,1,Brentford,1.4,0.5,48.0,6.0,Southampton
2022-01-15,15:00,Matchweek 22,Sat,Away,L,1,3,Wolves,0.8,2.5,57.0,10.0,Southampton
2022-01-22,17:30,Matchweek 23,Sat,Home,D,1,1,Manchester City,0.8,1.8,26.0,3.0,Southampton
2022-02-09,19:45,Matchweek 24,Wed,Away,W,3,2,Tottenham,2.2,1.4,52.0,9.0,Southampton
2022-02-12,12:30,Matchweek 25,Sat,Away,D,1,1,Manchester Utd,0.8,2.1,47.0,4.0,Southampton
2022-02-19,15:00,Matchweek 26,Sat,Home,W,2,0,Everton,2.5,0.3,55.0,11.0,Southampton
2022-02-25,20:00,Matchweek 27,Fri,Home,W,2,0,Norwich City,2.6,0.6,58.0,9.0,Southampton
2022-03-05,15:00,Matchweek 28,Sat,Away,L,0,4,Aston Villa,1.1,2.5,62.0,1.0,Southampton
2022-03-10,19:30,Matchweek 21,Thu,Home,L,1,2,Newcastle Utd,1.1,0.6,67.0,5.0,Southampton
2022-03-13,14:00,Matchweek 29,Sun,Home,L,1,2,Watford,1.4,1.7,63.0,6.0,Southampton
2022-04-02,15:00,Matchweek 31,Sat,Away,D,1,1,Leeds United,1.4,1.2,44.0,5.0,Southampton
2022-04-09,15:00,Matchweek 32,Sat,Home,L,0,6,Chelsea,0.5,4.2,30.0,1.0,Southampton
2022-04-16,15:00,Matchweek 33,Sat,Home,W,1,0,Arsenal,0.8,1.7,25.0,3.0,Southampton
2022-04-21,19:45,Matchweek 30,Thu,Away,L,0,2,Burnley,0.9,1.5,56.0,3.0,Southampton
2022-04-24,14:00,Matchweek 34,Sun,Away,D,2,2,Brighton,0.9,1.7,52.0,5.0,Southampton
2022-04-30,15:00,Matchweek 35,Sat,Home,L,1,2,Crystal Palace,0.6,1.1,38.0,3.0,Southampton
2022-05-07,15:00,Matchweek 36,Sat,Away,L,0,3,Brentford,1.4,2.6,59.0,4.0,Southampton
2022-05-17,19:45,Matchweek 37,Tue,Home,L,1,2,Liverpool,0.1,1.3,30.0,2.0,Southampton
2022-05-22,16:00,Matchweek 38,Sun,Away,L,1,4,Leicester City,1.1,3.4,49.0,1.0,Southampton
2022-08-06,15:00,Matchweek 1,Sat,Away,L,1,4,Tottenham,0.5,1.5,42.0,2.0,Southampton
2022-08-13,15:00,Matchweek 2,Sat,Home,D,2,2,Leeds United,1.2,1.8,43.0,4.0,Southampton
2022-08-20,15:00,Matchweek 3,Sat,Away,W,2,1,Leicester City,0.9,0.3,38.0,3.0,Southampton
2022-08-27,12:30,Matchweek 4,Sat,Home,L,0,1,Manchester Utd,1.4,1.1,49.0,4.0,Southampton
2022-08-30,19:45,Matchweek 5,Tue,Home,W,2,1,Chelsea,1.1,1.1,33.0,5.0,Southampton
2022-09-03,15:00,Matchweek 6,Sat,Away,L,0,1,Wolves,1.2,0.8,49.0,1.0,Southampton
2022-09-16,20:00,Matchweek 8,Fri,Away,L,0,1,Aston Villa,0.3,1.5,47.0,1.0,Southampton
2022-10-01,15:00,Matchweek 9,Sat,Home,L,1,2,Everton,1.7,2.0,55.0,6.0,Southampton
2022-10-08,15:00,Matchweek 10,Sat,Away,L,0,4,Manchester City,0.2,2.4,35.0,0.0,Southampton
2022-10-16,14:00,Matchweek 11,Sun,Home,D,1,1,West Ham,0.5,1.7,39.0,8.0,Southampton
2022-10-19,19:30,Matchweek 12,Wed,Away,W,1,0,Bournemouth,1.0,1.0,46.0,3.0,Southampton
2022-10-23,14:00,Matchweek 13,Sun,Home,D,1,1,Arsenal,0.7,1.0,41.0,3.0,Southampton
2022-10-29,15:00,Matchweek 14,Sat,Away,L,0,1,Crystal Palace,1.3,0.9,56.0,4.0,Southampton
2022-11-06,14:00,Matchweek 15,Sun,Home,L,1,4,Newcastle Utd,1.7,0.9,55.0,5.0,Southampton
2022-11-12,15:00,Matchweek 16,Sat,Away,L,1,3,Liverpool,1.1,1.9,40.0,5.0,Southampton
2022-12-26,15:00,Matchweek 17,Mon,Home,L,1,3,Brighton,1.9,0.6,34.0,3.0,Southampton
2022-12-31,15:00,Matchweek 18,Sat,Away,L,1,2,Fulham,0.8,1.5,38.0,3.0,Southampton
2023-01-04,19:30,Matchweek 19,Wed,Home,L,0,1,Nott'ham Forest,0.5,1.4,63.0,0.0,Southampton
2023-01-14,15:00,Matchweek 20,Sat,Away,W,2,1,Everton,1.2,1.4,48.0,5.0,Southampton
2023-01-21,15:00,Matchweek 21,Sat,Home,L,0,1,Aston Villa,0.6,1.4,37.0,5.0,Southampton
2023-02-04,15:00,Matchweek 22,Sat,Away,L,0,3,Brentford,0.7,2.0,51.0,5.0,Southampton
2023-02-11,15:00,Matchweek 23,Sat,Home,L,1,2,Wolves,1.1,0.8,41.0,2.0,Southampton
2023-02-18,15:00,Matchweek 24,Sat,Away,W,1,0,Chelsea,0.6,1.6,38.0,4.0,Southampton
2023-02-25,15:00,Matchweek 25,Sat,Away,L,0,1,Leeds United,0.4,0.9,39.0,2.0,Southampton
2023-03-04,17:30,Matchweek 26,Sat,Home,W,1,0,Leicester City,1.4,1.9,35.0,4.0,Southampton
2023-03-12,14:00,Matchweek 27,Sun,Away,D,0,0,Manchester Utd,1.0,0.8,53.0,4.0,Southampton
2023-03-15,19:30,Matchweek 7,Wed,Home,L,0,2,Brentford,0.5,1.9,66.0,0.0,Southampton
2023-03-18,15:00,Matchweek 28,Sat,Home,D,3,3,Tottenham,2.4,2.3,51.0,6.0,Southampton
2023-04-02,14:00,Matchweek 29,Sun,Away,L,0,1,West Ham,0.3,1.4,57.0,3.0,Southampton
2023-04-08,17:30,Matchweek 30,Sat,Home,L,1,4,Manchester City,0.4,2.9,27.0,1.0,Southampton
2023-04-15,15:00,Matchweek 31,Sat,Home,L,0,2,Crystal Palace,0.8,0.9,58.0,4.0,Southampton
2023-04-21,20:00,Matchweek 32,Fri,Away,D,3,3,Arsenal,1.3,2.4,26.0,6.0,Southampton
2023-04-27,19:45,Matchweek 33,Thu,Home,L,0,1,Bournemouth,0.5,0.9,57.0,2.0,Southampton
2023-04-30,14:00,Matchweek 34,Sun,Away,L,1,3,Newcastle Utd,0.8,4.3,37.0,3.0,Southampton
2023-05-08,20:00,Matchweek 35,Mon,Away,L,3,4,Nott'ham Forest,3.1,1.8,64.0,4.0,Southampton
2023-05-13,15:00,Matchweek 36,Sat,Home,L,0,2,Fulham,0.4,1.4,36.0,1.0,Southampton
2023-05-21,14:00,Matchweek 37,Sun,Away,L,1,3,Brighton,0.6,2.5,37.0,1.0,Southampton
2023-05-28,16:30,Matchweek 38,Sun,Home,D,4,4,Liverpool,1.8,4.0,31.0,10.0,Southampton
2024-08-17,15:00,Matchweek 1,Sat,Away,L,0,1,Newcastle Utd,1.8,0.3,77.0,3.0,Southampton
2024-08-24,15:00,Matchweek 2,Sat,Home,L,0,1,Nott'ham Forest,0.1,2.2,64.0,1.0,Southampton
2024-08-31,15:00,Matchweek 3,Sat,Away,L,1,3,Brentford,1.5,2.8,63.0,6.0,Southampton
2024-09-14,12:30,Matchweek 4,Sat,Home,L,0,3,Manchester Utd,1.1,2.6,44.0,2.0,Southampton
2024-09-21,15:00,Matchweek 5,Sat,Home,D,1,1,Ipswich Town,2.4,1.6,53.0,3.0,Southampton
2024-09-30,20:00,Matchweek 6,Mon,Away,L,1,3,Bournemouth,0.6,1.3,60.0,3.0,Southampton
2024-10-05,15:00,Matchweek 7,Sat,Away,L,1,3,Arsenal,0.6,2.8,41.0,2.0,Southampton
2024-10-19,15:00,Matchweek 8,Sat,Home,L,2,3,Leicester City,2.1,3.1,42.0,7.0,Southampton
2024-10-26,15:00,Matchweek 9,Sat,Away,L,0,1,Manchester City,0.2,2.9,43.0,2.0,Southampton
2024-11-02,15:00,Matchweek 10,Sat,Home,W,1,0,Everton,0.7,1.6,65.0,2.0,Southampton
2024-11-09,15:00,Matchweek 11,Sat,Away,L,0,2,Wolves,0.6,1.3,71.0,0.0,Southampton
2024-11-24,14:00,Matchweek 12,Sun,Home,L,2,3,Liverpool,1.3,3.1,38.0,4.0,Southampton
2024-11-29,20:00,Matchweek 13,Fri,Away,D,1,1,Brighton,1.0,1.7,47.0,2.0,Southampton
2024-12-04,19:30,Matchweek 14,Wed,Home,L,1,5,Chelsea,1.6,5.2,45.0,4.0,Southampton
2024-12-07,15:00,Matchweek 15,Sat,Away,L,0,1,Aston Villa,0.3,2.3,53.0,0.0,Southampton
2024-12-15,19:00,Matchweek 16,Sun,Home,L,0,5,Tottenham,0.8,2.3,42.0,3.0,Southampton
2024-12-22,14:00,Matchweek 17,Sun,Away,D,0,0,Fulham,0.3,0.9,43.0,1.0,Southampton
2024-12-26,15:00,Matchweek 18,Thu,Home,L,0,1,West Ham,1.4,1.7,54.0,5.0,Southampton
2024-12-29,15:00,Matchweek 19,Sun,Away,L,1,2,Crystal Palace,0.9,2.0,53.0,3.0,Southampton
2025-01-04,15:00,Matchweek 20,Sat,Home,L,0,5,Brentford,0.3,4.4,50.0,1.0,Southampton
2025-01-16,20:00,Matchweek 21,Thu,Away,L,1,3,Manchester Utd,1.4,3.4,40.0,5.0,Southampton
2025-01-19,14:00,Matchweek 22,Sun,Away,L,2,3,Nott'ham Forest,0.9,1.8,55.0,3.0,Southampton
2025-01-25,15:00,Matchweek 23,Sat,Home,L,1,3,Newcastle Utd,0.8,2.9,53.0,5.0,Southampton
2025-02-01,15:00,Matchweek 24,Sat,Away,W,2,1,Ipswich Town,0.9,1.8,43.0,4.0,Southampton
2025-02-15,15:00,Matchweek 25,Sat,Home,L,1,3,Bournemouth,0.8,1.2,44.0,4.0,Southampton
2025-02-22,15:00,Matchweek 26,Sat,Home,L,0,4,Brighton,0.1,3.9,50.0,1.0,Southampton
2025-02-25,20:15,Matchweek 27,Tue,Away,L,0,4,Chelsea,0.7,2.4,40.0,2.0,Southampton
2025-03-08,15:00,Matchweek 28,Sat,Away,L,1,3,Liverpool,0.4,3.9,29.0,4.0,Southampton
2025-03-15,15:00,Matchweek 29,Sat,Home,L,1,2,Wolves,1.3,0.4,60.0,3.0,Southampton
2025-04-02,19:45,Matchweek 30,Wed,Home,D,1,1,Crystal Palace,0.7,0.7,43.0,2.0,Southampton
2025-04-06,14:00,Matchweek 31,Sun,Away,L,1,3,Tottenham,1.0,2.1,49.0,4.0,Southampton
2025-04-12,15:00,Matchweek 32,Sat,Home,L,0,3,Aston Villa,0.3,3.0,40.0,2.0,Southampton
2025-04-19,15:00,Matchweek 33,Sat,Away,D,1,1,West Ham,0.6,0.9,48.0,4.0,Southampton
2025-04-26,15:00,Matchweek 34,Sat,Home,L,1,2,Fulham,0.6,2.4,35.0,3.0,Southampton
2025-05-03,15:00,Matchweek 35,Sat,Away,L,0,2,Leicester City,0.5,1.4,51.0,2.0,Southampton
2025-05-10,15:00,Matchweek 36,Sat,Home,D,0,0,Manchester City,0.1,1.7,28.0,0.0,Southampton
2025-05-18,12:00,Matchweek 37,Sun,Away,L,0,2,Everton,1.2,2.7,50.0,2.0,Southampton
2025-05-25,16:00,Matchweek 38,Sun,Home,L,1,2,Arsenal,0.6,2.3,38.0,2.0,Southampton
2020-09-13,16:30,Matchweek 1,Sun,Home,L,0,1,Everton,1.1,1.2,52.0,5.0,Tottenham Hotspur
2020-09-20,12:00,Matchweek 2,Sun,Away,W,5,2,Southampton,2.1,2.0,49.0,6.0,Tottenham Hotspur
2020-09-27,14:00,Matchweek 3,Sun,Home,D,1,1,Newcastle Utd,2.9,1.0,66.0,12.0,Tottenham Hotspur
2020-10-04,16:30,Matchweek 4,Sun,Away,W,6,1,Manchester Utd,3.4,0.9,61.0,7.0,Tottenham Hotspur
2020-10-18,16:30,Matchweek 5,Sun,Home,D,3,3,West Ham,1.7,1.9,50.0,6.0,Tottenham Hotspur
2020-10-26,20:00,Matchweek 6,Mon,Away,W,1,0,Burnley,0.6,1.0,61.0,3.0,Tottenham Hotspur
2020-11-01,19:15,Matchweek 7,Sun,Home,W,2,1,Brighton,1.7,0.3,44.0,2.0,Tottenham Hotspur
2020-11-08,12:00,Matchweek 8,Sun,Away,W,1,0,West Brom,1.9,0.8,58.0,5.0,Tottenham Hotspur
2020-11-21,17:30,Matchweek 9,Sat,Home,W,2,0,Manchester City,0.7,1.4,34.0,2.0,Tottenham Hotspur
2020-11-29,16:30,Matchweek 10,Sun,Away,D,0,0,Chelsea,0.2,0.8,40.0,1.0,Tottenham Hotspur
2020-12-06,16:30,Matchweek 11,Sun,Home,W,2,0,Arsenal,0.3,0.6,31.0,3.0,Tottenham Hotspur
2020-12-13,14:15,Matchweek 12,Sun,Away,D,1,1,Crystal Palace,0.9,1.6,56.0,6.0,Tottenham Hotspur
2020-12-16,20:00,Matchweek 13,Wed,Away,L,1,2,Liverpool,1.1,1.0,25.0,2.0,Tottenham Hotspur
2020-12-20,14:15,Matchweek 14,Sun,Home,L,0,2,Leicester City,0.7,1.7,56.0,3.0,Tottenham Hotspur
2020-12-27,19:15,Matchweek 15,Sun,Away,D,1,1,Wolves,0.4,0.9,45.0,3.0,Tottenham Hotspur
2021-01-02,12:30,Matchweek 17,Sat,Home,W,3,0,Leeds United,2.6,1.1,37.0,6.0,Tottenham Hotspur
2021-01-13,20:15,Matchweek 16,Wed,Home,D,1,1,Fulham,2.4,1.1,53.0,6.0,Tottenham Hotspur
2021-01-17,14:00,Matchweek 19,Sun,Away,W,3,1,Sheffield Utd,1.0,0.9,57.0,5.0,Tottenham Hotspur
2021-01-28,20:00,Matchweek 20,Thu,Home,L,1,3,Liverpool,0.1,2.5,50.0,2.0,Tottenham Hotspur
2021-01-31,19:15,Matchweek 21,Sun,Away,L,0,1,Brighton,0.4,1.6,57.0,4.0,Tottenham Hotspur
2021-02-04,20:00,Matchweek 22,Thu,Home,L,0,1,Chelsea,0.6,1.6,43.0,2.0,Tottenham Hotspur
2021-02-07,12:00,Matchweek 23,Sun,Home,W,2,0,West Brom,1.5,0.6,65.0,6.0,Tottenham Hotspur
2021-02-13,17:30,Matchweek 24,Sat,Away,L,0,3,Manchester City,0.3,2.2,40.0,3.0,Tottenham Hotspur
2021-02-21,12:00,Matchweek 25,Sun,Away,L,1,2,West Ham,1.1,1.1,68.0,4.0,Tottenham Hotspur
2021-02-28,14:00,Matchweek 26,Sun,Home,W,4,0,Burnley,2.1,0.7,58.0,7.0,Tottenham Hotspur
2021-03-04,18:00,Matchweek 33,Thu,Away,W,1,0,Fulham,1.6,0.7,40.0,2.0,Tottenham Hotspur
2021-03-07,19:15,Matchweek 27,Sun,Home,W,4,1,Crystal Palace,2.7,0.5,63.0,5.0,Tottenham Hotspur
2021-03-14,16:30,Matchweek 28,Sun,Away,L,1,2,Arsenal,0.4,1.7,48.0,3.0,Tottenham Hotspur
2021-03-21,19:30,Matchweek 18,Sun,Away,W,2,0,Aston Villa,1.8,0.4,50.0,2.0,Tottenham Hotspur
2021-04-04,14:05,Matchweek 30,Sun,Away,D,2,2,Newcastle Utd,2.7,3.4,58.0,4.0,Tottenham Hotspur
2021-04-11,16:30,Matchweek 31,Sun,Home,L,1,3,Manchester Utd,0.9,2.1,47.0,3.0,Tottenham Hotspur
2021-04-16,20:00,Matchweek 32,Fri,Away,D,2,2,Everton,1.4,1.8,47.0,3.0,Tottenham Hotspur
2021-04-21,18:00,Matchweek 29,Wed,Home,W,2,1,Southampton,1.4,0.8,62.0,2.0,Tottenham Hotspur
2021-05-02,19:15,Matchweek 34,Sun,Home,W,4,0,Sheffield Utd,2.2,0.5,66.0,10.0,Tottenham Hotspur
2021-05-08,12:30,Matchweek 35,Sat,Away,L,1,3,Leeds United,0.9,2.5,47.0,3.0,Tottenham Hotspur
2021-05-16,14:05,Matchweek 36,Sun,Home,W,2,0,Wolves,3.2,0.9,62.0,11.0,Tottenham Hotspur
2021-05-19,18:00,Matchweek 37,Wed,Home,L,1,2,Aston Villa,0.8,1.4,60.0,4.0,Tottenham Hotspur
2021-05-23,16:00,Matchweek 38,Sun,Away,W,4,2,Leicester City,1.5,1.9,53.0,4.0,Tottenham Hotspur
2021-08-15,16:30,Matchweek 1,Sun,Home,W,1,0,Manchester City,1.0,1.8,35.0,2.0,Tottenham Hotspur
2021-08-22,14:00,Matchweek 2,Sun,Away,W,1,0,Wolves,1.7,1.7,42.0,5.0,Tottenham Hotspur
2021-08-29,14:00,Matchweek 3,Sun,Home,W,1,0,Watford,1.0,0.8,57.0,8.0,Tottenham Hotspur
2021-09-11,12:30,Matchweek 4,Sat,Away,L,0,3,Crystal Palace,0.1,2.1,38.0,1.0,Tottenham Hotspur
2021-09-19,16:30,Matchweek 5,Sun,Home,L,0,3,Chelsea,0.5,2.1,47.0,2.0,Tottenham Hotspur
2021-09-26,16:30,Matchweek 6,Sun,Away,L,1,3,Arsenal,1.0,1.1,54.0,4.0,Tottenham Hotspur
2021-10-03,14:00,Matchweek 7,Sun,Home,W,2,1,Aston Villa,1.3,1.2,56.0,7.0,Tottenham Hotspur
2021-10-17,16:30,Matchweek 8,Sun,Away,W,3,2,Newcastle Utd,1.7,0.4,64.0,4.0,Tottenham Hotspur
2021-10-24,14:00,Matchweek 9,Sun,Away,L,0,1,West Ham,0.7,1.3,62.0,4.0,Tottenham Hotspur
2021-10-30,17:30,Matchweek 10,Sat,Home,L,0,3,Manchester Utd,1.0,1.5,58.0,0.0,Tottenham Hotspur
2021-11-07,14:00,Matchweek 11,Sun,Away,D,0,0,Everton,0.7,0.6,55.0,0.0,Tottenham Hotspur
2021-11-21,16:30,Matchweek 12,Sun,Home,W,2,1,Leeds United,2.1,1.4,43.0,4.0,Tottenham Hotspur
2021-12-02,19:30,Matchweek 14,Thu,Home,W,2,0,Brentford,1.9,0.3,47.0,6.0,Tottenham Hotspur
2021-12-05,14:00,Matchweek 15,Sun,Home,W,3,0,Norwich City,1.6,1.2,41.0,7.0,Tottenham Hotspur
2021-12-19,16:30,Matchweek 18,Sun,Home,D,2,2,Liverpool,3.0,1.1,44.0,5.0,Tottenham Hotspur
2021-12-26,15:00,Matchweek 19,Sun,Home,W,3,0,Crystal Palace,2.3,0.2,60.0,6.0,Tottenham Hotspur
2021-12-28,15:00,Matchweek 20,Tue,Away,D,1,1,Southampton,2.3,0.4,65.0,10.0,Tottenham Hotspur
2022-01-01,15:00,Matchweek 21,Sat,Away,W,1,0,Watford,2.2,0.3,74.0,9.0,Tottenham Hotspur
2022-01-19,19:30,Matchweek 17,Wed,Away,W,3,2,Leicester City,3.1,1.2,51.0,8.0,Tottenham Hotspur
2022-01-23,16:30,Matchweek 23,Sun,Away,L,0,2,Chelsea,0.5,1.2,36.0,3.0,Tottenham Hotspur
2022-02-09,19:45,Matchweek 24,Wed,Home,L,2,3,Southampton,1.4,2.2,48.0,3.0,Tottenham Hotspur
2022-02-13,14:00,Matchweek 25,Sun,Home,L,0,2,Wolves,1.2,1.3,58.0,7.0,Tottenham Hotspur
2022-02-19,17:30,Matchweek 26,Sat,Away,W,3,2,Manchester City,1.4,2.1,29.0,5.0,Tottenham Hotspur
2022-02-23,19:30,Matchweek 13,Wed,Away,L,0,1,Burnley,0.7,0.9,66.0,2.0,Tottenham Hotspur
2022-02-26,12:30,Matchweek 27,Sat,Away,W,4,0,Leeds United,1.9,1.5,50.0,10.0,Tottenham Hotspur
2022-03-07,20:00,Matchweek 28,Mon,Home,W,5,0,Everton,2.5,0.2,55.0,7.0,Tottenham Hotspur
2022-03-12,17:30,Matchweek 29,Sat,Away,L,2,3,Manchester Utd,1.5,1.0,57.0,1.0,Tottenham Hotspur
2022-03-16,19:30,Matchweek 16,Wed,Away,W,2,0,Brighton,2.2,0.7,52.0,7.0,Tottenham Hotspur
2022-03-20,16:30,Matchweek 30,Sun,Home,W,3,1,West Ham,3.0,0.6,53.0,4.0,Tottenham Hotspur
2022-04-03,16:30,Matchweek 31,Sun,Home,W,5,1,Newcastle Utd,3.1,0.5,60.0,6.0,Tottenham Hotspur
2022-04-09,17:30,Matchweek 32,Sat,Away,W,4,0,Aston Villa,1.1,1.6,48.0,5.0,Tottenham Hotspur
2022-04-16,12:30,Matchweek 33,Sat,Home,L,0,1,Brighton,0.5,0.6,49.0,0.0,Tottenham Hotspur
2022-04-23,17:30,Matchweek 34,Sat,Away,D,0,0,Brentford,0.6,0.9,56.0,0.0,Tottenham Hotspur
2022-05-01,14:00,Matchweek 35,Sun,Home,W,3,1,Leicester City,1.2,0.5,40.0,7.0,Tottenham Hotspur
2022-05-07,19:45,Matchweek 36,Sat,Away,D,1,1,Liverpool,0.9,1.3,36.0,3.0,Tottenham Hotspur
2022-05-12,19:45,Matchweek 22,Thu,Home,W,3,0,Arsenal,2.7,0.5,57.0,5.0,Tottenham Hotspur
2022-05-15,12:00,Matchweek 37,Sun,Home,W,1,0,Burnley,2.2,0.7,68.0,6.0,Tottenham Hotspur
2022-05-22,16:00,Matchweek 38,Sun,Away,W,5,0,Norwich City,3.4,0.5,59.0,12.0,Tottenham Hotspur
2022-08-06,15:00,Matchweek 1,Sat,Home,W,4,1,Southampton,1.5,0.5,58.0,8.0,Tottenham Hotspur
2022-08-14,16:30,Matchweek 2,Sun,Away,D,2,2,Chelsea,1.0,1.6,37.0,5.0,Tottenham Hotspur
2022-08-20,12:30,Matchweek 3,Sat,Home,W,1,0,Wolves,1.7,0.7,50.0,4.0,Tottenham Hotspur
2022-08-28,16:30,Matchweek 4,Sun,Away,W,2,0,Nott'ham Forest,2.4,0.9,45.0,5.0,Tottenham Hotspur
2022-08-31,19:45,Matchweek 5,Wed,Away,D,1,1,West Ham,0.6,1.2,61.0,3.0,Tottenham Hotspur
2022-09-03,15:00,Matchweek 6,Sat,Home,W,2,1,Fulham,2.9,0.7,52.0,10.0,Tottenham Hotspur
2022-09-17,17:30,Matchweek 8,Sat,Home,W,6,2,Leicester City,2.2,1.8,44.0,11.0,Tottenham Hotspur
2022-10-01,12:30,Matchweek 9,Sat,Away,L,1,3,Arsenal,1.6,2.4,36.0,2.0,Tottenham Hotspur
2022-10-08,17:30,Matchweek 10,Sat,Away,W,1,0,Brighton,0.8,0.7,41.0,3.0,Tottenham Hotspur
2022-10-15,17:30,Matchweek 11,Sat,Home,W,2,0,Everton,2.2,0.4,62.0,6.0,Tottenham Hotspur
2022-10-19,20:15,Matchweek 12,Wed,Away,L,0,2,Manchester Utd,0.6,1.5,48.0,2.0,Tottenham Hotspur
2022-10-23,16:30,Matchweek 13,Sun,Home,L,1,2,Newcastle Utd,1.6,1.2,53.0,4.0,Tottenham Hotspur
2022-10-29,15:00,Matchweek 14,Sat,Away,W,3,2,Bournemouth,2.0,0.5,69.0,7.0,Tottenham Hotspur
2022-11-06,16:30,Matchweek 15,Sun,Home,L,1,2,Liverpool,1.2,1.2,47.0,5.0,Tottenham Hotspur
2022-11-12,15:00,Matchweek 16,Sat,Home,W,4,3,Leeds United,1.8,1.1,55.0,7.0,Tottenham Hotspur
2022-12-26,12:30,Matchweek 17,Mon,Away,D,2,2,Brentford,1.1,2.0,61.0,8.0,Tottenham Hotspur
2023-01-01,14:00,Matchweek 18,Sun,Home,L,0,2,Aston Villa,0.7,1.0,59.0,1.0,Tottenham Hotspur
2023-01-04,20:00,Matchweek 19,Wed,Away,W,4,0,Crystal Palace,1.4,0.8,53.0,6.0,Tottenham Hotspur
2023-01-15,16:30,Matchweek 20,Sun,Home,L,0,2,Arsenal,1.6,1.8,51.0,7.0,Tottenham Hotspur
2023-01-19,20:00,Matchweek 7,Thu,Away,L,2,4,Manchester City,0.8,2.3,42.0,3.0,Tottenham Hotspur
2023-01-23,20:00,Matchweek 21,Mon,Away,W,1,0,Fulham,0.9,1.0,46.0,3.0,Tottenham Hotspur
2023-02-05,16:30,Matchweek 22,Sun,Home,W,1,0,Manchester City,1.4,1.3,36.0,3.0,Tottenham Hotspur
2023-02-11,15:00,Matchweek 23,Sat,Away,L,1,4,Leicester City,1.3,1.7,51.0,4.0,Tottenham Hotspur
2023-02-19,16:30,Matchweek 24,Sun,Home,W,2,0,West Ham,1.5,0.5,57.0,6.0,Tottenham Hotspur
2023-02-26,13:30,Matchweek 25,Sun,Home,W,2,0,Chelsea,0.8,0.4,41.0,3.0,Tottenham Hotspur
2023-03-04,15:00,Matchweek 26,Sat,Away,L,0,1,Wolves,1.2,0.5,54.0,6.0,Tottenham Hotspur
2023-03-11,15:00,Matchweek 27,Sat,Home,W,3,1,Nott'ham Forest,2.0,1.5,55.0,6.0,Tottenham Hotspur
2023-03-18,15:00,Matchweek 28,Sat,Away,D,3,3,Southampton,2.3,2.4,49.0,3.0,Tottenham Hotspur
2023-04-03,20:00,Matchweek 29,Mon,Away,D,1,1,Everton,1.4,0.9,61.0,0.0,Tottenham Hotspur
2023-04-08,15:00,Matchweek 30,Sat,Home,W,2,1,Brighton,0.8,1.4,35.0,3.0,Tottenham Hotspur
2023-04-15,15:00,Matchweek 31,Sat,Home,L,2,3,Bournemouth,2.2,1.3,58.0,8.0,Tottenham Hotspur
2023-04-23,14:00,Matchweek 32,Sun,Away,L,1,6,Newcastle Utd,1.0,3.7,44.0,3.0,Tottenham Hotspur
2023-04-27,20:15,Matchweek 33,Thu,Home,D,2,2,Manchester Utd,2.5,2.0,40.0,7.0,Tottenham Hotspur
2023-04-30,16:30,Matchweek 34,Sun,Away,L,3,4,Liverpool,2.0,2.2,33.0,6.0,Tottenham Hotspur
2023-05-06,15:00,Matchweek 35,Sat,Home,W,1,0,Crystal Palace,0.9,0.4,56.0,3.0,Tottenham Hotspur
2023-05-13,15:00,Matchweek 36,Sat,Away,L,1,2,Aston Villa,1.4,1.2,52.0,1.0,Tottenham Hotspur
2023-05-20,12:30,Matchweek 37,Sat,Home,L,1,3,Brentford,1.7,1.2,61.0,7.0,Tottenham Hotspur
2023-05-28,16:30,Matchweek 38,Sun,Away,W,4,1,Leeds United,2.2,1.5,48.0,7.0,Tottenham Hotspur
2023-08-13,14:00,Matchweek 1,Sun,Away,D,2,2,Brentford,1.3,2.2,69.0,6.0,Tottenham Hotspur
2023-08-19,17:30,Matchweek 2,Sat,Home,W,2,0,Manchester Utd,1.7,2.1,55.0,6.0,Tottenham Hotspur
2023-08-26,12:30,Matchweek 3,Sat,Away,W,2,0,Bournemouth,2.1,0.7,56.0,6.0,Tottenham Hotspur
2023-09-02,15:00,Matchweek 4,Sat,Away,W,5,2,Burnley,2.2,1.3,53.0,11.0,Tottenham Hotspur
2023-09-16,15:00,Matchweek 5,Sat,Home,W,2,1,Sheffield Utd,2.1,0.7,70.0,10.0,Tottenham Hotspur
2023-09-24,14:00,Matchweek 6,Sun,Away,D,2,2,Arsenal,1.4,1.8,53.0,5.0,Tottenham Hotspur
2023-09-30,17:30,Matchweek 7,Sat,Home,W,2,1,Liverpool,2.2,1.3,64.0,8.0,Tottenham Hotspur
2023-10-07,12:30,Matchweek 8,Sat,Away,W,1,0,Luton Town,1.9,0.8,66.0,4.0,Tottenham Hotspur
2023-10-23,20:00,Matchweek 9,Mon,Home,W,2,0,Fulham,1.5,1.0,55.0,5.0,Tottenham Hotspur
2023-10-27,20:00,Matchweek 10,Fri,Away,W,2,1,Crystal Palace,1.1,0.6,75.0,1.0,Tottenham Hotspur
2023-11-06,20:00,Matchweek 11,Mon,Home,L,1,4,Chelsea,0.9,4.1,40.0,5.0,Tottenham Hotspur
2023-11-11,12:30,Matchweek 12,Sat,Away,L,1,2,Wolves,0.7,2.1,58.0,2.0,Tottenham Hotspur
2023-11-26,14:00,Matchweek 13,Sun,Home,L,1,2,Aston Villa,2.3,1.7,62.0,7.0,Tottenham Hotspur
2023-12-03,16:30,Matchweek 14,Sun,Away,D,3,3,Manchester City,0.5,2.6,45.0,4.0,Tottenham Hotspur
2023-12-07,20:15,Matchweek 15,Thu,Home,L,1,2,West Ham,1.8,2.2,74.0,6.0,Tottenham Hotspur
2023-12-10,16:30,Matchweek 16,Sun,Home,W,4,1,Newcastle Utd,3.8,1.7,56.0,10.0,Tottenham Hotspur
2023-12-15,20:00,Matchweek 17,Fri,Away,W,2,0,Nott'ham Forest,1.5,1.3,66.0,6.0,Tottenham Hotspur
2023-12-23,15:00,Matchweek 18,Sat,Home,W,2,1,Everton,1.5,1.8,61.0,6.0,Tottenham Hotspur
2023-12-28,19:30,Matchweek 19,Thu,Away,L,2,4,Brighton,2.3,3.2,55.0,3.0,Tottenham Hotspur
2023-12-31,14:00,Matchweek 20,Sun,Home,W,3,1,Bournemouth,2.3,1.7,50.0,6.0,Tottenham Hotspur
2024-01-14,16:30,Matchweek 21,Sun,Away,D,2,2,Manchester Utd,1.2,0.8,63.0,5.0,Tottenham Hotspur
2024-01-31,19:30,Matchweek 22,Wed,Home,W,3,2,Brentford,2.9,1.6,67.0,5.0,Tottenham Hotspur
2024-02-03,12:30,Matchweek 23,Sat,Away,D,2,2,Everton,1.0,2.6,57.0,6.0,Tottenham Hotspur
2024-02-10,15:00,Matchweek 24,Sat,Home,W,2,1,Brighton,1.6,1.2,52.0,6.0,Tottenham Hotspur
2024-02-17,15:00,Matchweek 25,Sat,Home,L,1,2,Wolves,1.6,1.8,71.0,4.0,Tottenham Hotspur
2024-03-02,15:00,Matchweek 27,Sat,Home,W,3,1,Crystal Palace,1.9,0.3,78.0,6.0,Tottenham Hotspur
2024-03-10,13:00,Matchweek 28,Sun,Away,W,4,0,Aston Villa,1.5,0.8,68.0,5.0,Tottenham Hotspur
2024-03-16,17:30,Matchweek 29,Sat,Away,L,0,3,Fulham,2.4,2.6,57.0,5.0,Tottenham Hotspur
2024-03-30,15:00,Matchweek 30,Sat,Home,W,2,1,Luton Town,2.9,0.5,70.0,2.0,Tottenham Hotspur
2024-04-02,20:15,Matchweek 31,Tue,Away,D,1,1,West Ham,1.0,1.5,67.0,4.0,Tottenham Hotspur
2024-04-07,18:00,Matchweek 32,Sun,Home,W,3,1,Nott'ham Forest,1.5,1.5,63.0,7.0,Tottenham Hotspur
2024-04-13,12:30,Matchweek 33,Sat,Away,L,0,4,Newcastle Utd,0.8,2.8,72.0,2.0,Tottenham Hotspur
2024-04-28,14:00,Matchweek 35,Sun,Home,L,2,3,Arsenal,2.3,1.0,62.0,1.0,Tottenham Hotspur
2024-05-02,19:30,Matchweek 26,Thu,Away,L,0,2,Chelsea,1.6,2.2,63.0,3.0,Tottenham Hotspur
2024-05-05,16:30,Matchweek 36,Sun,Away,L,2,4,Liverpool,1.2,3.3,56.0,6.0,Tottenham Hotspur
2024-05-11,15:00,Matchweek 37,Sat,Home,W,2,1,Burnley,2.7,0.7,63.0,9.0,Tottenham Hotspur
2024-05-14,20:00,Matchweek 34,Tue,Home,L,0,2,Manchester City,1.7,2.4,53.0,5.0,Tottenham Hotspur
2024-05-19,16:00,Matchweek 38,Sun,Away,W,3,0,Sheffield Utd,3.1,1.0,75.0,9.0,Tottenham Hotspur
2024-08-19,20:00,Matchweek 1,Mon,Away,D,1,1,Leicester City,1.2,1.0,70.0,6.0,Tottenham Hotspur
2024-08-24,15:00,Matchweek 2,Sat,Home,W,4,0,Everton,2.4,1.0,70.0,7.0,Tottenham Hotspur
2024-09-01,13:30,Matchweek 3,Sun,Away,L,1,2,Newcastle Utd,1.2,1.8,65.0,6.0,Tottenham Hotspur
2024-09-15,14:00,Matchweek 4,Sun,Home,L,0,1,Arsenal,0.7,0.7,63.0,5.0,Tottenham Hotspur
2024-09-21,15:00,Matchweek 5,Sat,Home,W,3,1,Brentford,3.5,0.8,48.0,9.0,Tottenham Hotspur
2024-09-29,16:30,Matchweek 6,Sun,Away,W,3,0,Manchester Utd,4.4,1.0,61.0,10.0,Tottenham Hotspur
2024-10-06,16:30,Matchweek 7,Sun,Away,L,2,3,Brighton,1.3,1.8,59.0,3.0,Tottenham Hotspur
2024-10-19,12:30,Matchweek 8,Sat,Home,W,4,1,West Ham,1.9,0.8,57.0,7.0,Tottenham Hotspur
2024-10-27,14:00,Matchweek 9,Sun,Away,L,0,1,Crystal Palace,0.7,0.8,66.0,3.0,Tottenham Hotspur
2024-11-03,14:00,Matchweek 10,Sun,Home,W,4,1,Aston Villa,2.4,1.8,51.0,6.0,Tottenham Hotspur
2024-11-10,14:00,Matchweek 11,Sun,Home,L,1,2,Ipswich Town,1.5,1.6,66.0,5.0,Tottenham Hotspur
2024-11-23,17:30,Matchweek 12,Sat,Away,W,4,0,Manchester City,2.5,2.1,42.0,7.0,Tottenham Hotspur
2024-12-01,13:30,Matchweek 13,Sun,Home,D,1,1,Fulham,0.8,1.5,51.0,3.0,Tottenham Hotspur
2024-12-05,20:15,Matchweek 14,Thu,Away,L,0,1,Bournemouth,0.9,3.5,65.0,4.0,Tottenham Hotspur
2024-12-08,16:30,Matchweek 15,Sun,Home,L,3,4,Chelsea,2.8,2.8,39.0,5.0,Tottenham Hotspur
2024-12-15,19:00,Matchweek 16,Sun,Away,W,5,0,Southampton,2.3,0.8,58.0,9.0,Tottenham Hotspur
2024-12-22,16:30,Matchweek 17,Sun,Home,L,3,6,Liverpool,1.3,5.6,52.0,5.0,Tottenham Hotspur
2024-12-26,15:00,Matchweek 18,Thu,Away,L,0,1,Nott'ham Forest,0.9,1.1,70.0,4.0,Tottenham Hotspur
2024-12-29,15:00,Matchweek 19,Sun,Home,D,2,2,Wolves,2.2,0.7,48.0,2.0,Tottenham Hotspur
2025-01-04,12:30,Matchweek 20,Sat,Home,L,1,2,Newcastle Utd,0.9,2.5,56.0,4.0,Tottenham Hotspur
2025-01-15,20:00,Matchweek 21,Wed,Away,L,1,2,Arsenal,0.8,1.4,47.0,2.0,Tottenham Hotspur
2025-01-19,14:00,Matchweek 22,Sun,Away,L,2,3,Everton,1.1,1.8,64.0,5.0,Tottenham Hotspur
2025-01-26,14:00,Matchweek 23,Sun,Home,L,1,2,Leicester City,1.0,1.6,61.0,6.0,Tottenham Hotspur
2025-02-02,14:00,Matchweek 24,Sun,Away,W,2,0,Brentford,0.8,2.1,46.0,2.0,Tottenham Hotspur
2025-02-16,16:30,Matchweek 25,Sun,Home,W,1,0,Manchester Utd,2.2,1.5,55.0,7.0,Tottenham Hotspur
2025-02-22,15:00,Matchweek 26,Sat,Away,W,4,1,Ipswich Town,1.7,1.1,58.0,6.0,Tottenham Hotspur
2025-02-26,19:30,Matchweek 27,Wed,Home,L,0,1,Manchester City,1.3,2.1,55.0,6.0,Tottenham Hotspur
2025-03-09,14:00,Matchweek 28,Sun,Home,D,2,2,Bournemouth,1.5,2.2,61.0,3.0,Tottenham Hotspur
2025-03-16,13:30,Matchweek 29,Sun,Away,L,0,2,Fulham,0.9,1.0,43.0,4.0,Tottenham Hotspur
2025-04-03,20:00,Matchweek 30,Thu,Away,L,0,1,Chelsea,0.9,1.0,49.0,2.0,Tottenham Hotspur
2025-04-06,14:00,Matchweek 31,Sun,Home,W,3,1,Southampton,2.1,1.0,51.0,7.0,Tottenham Hotspur
2025-04-13,14:00,Matchweek 32,Sun,Away,L,2,4,Wolves,2.0,2.4,63.0,4.0,Tottenham Hotspur
2025-04-21,20:00,Matchweek 33,Mon,Home,L,1,2,Nott'ham Forest,2.1,0.5,69.0,5.0,Tottenham Hotspur
2025-04-27,16:30,Matchweek 34,Sun,Away,L,1,5,Liverpool,0.5,2.2,39.0,3.0,Tottenham Hotspur
2025-05-04,14:00,Matchweek 35,Sun,Away,D,1,1,West Ham,0.8,0.8,45.0,2.0,Tottenham Hotspur
2025-05-11,14:15,Matchweek 36,Sun,Home,L,0,2,Crystal Palace,0.7,3.3,48.0,1.0,Tottenham Hotspur
2025-05-16,19:30,Matchweek 37,Fri,Away,L,0,2,Aston Villa,0.5,1.4,33.0,1.0,Tottenham Hotspur
2025-05-25,16:00,Matchweek 38,Sun,Home,L,1,4,Brighton,2.0,2.2,34.0,1.0,Tottenham Hotspur
2021-08-14,15:00,Matchweek 1,Sat,Home,W,3,2,Aston Villa,1.2,1.2,38.0,7.0,Watford
2021-08-21,17:30,Matchweek 2,Sat,Away,L,0,2,Brighton,0.5,1.3,44.0,1.0,Watford
2021-08-29,14:00,Matchweek 3,Sun,Away,L,0,1,Tottenham,0.8,1.0,43.0,2.0,Watford
2021-09-11,15:00,Matchweek 4,Sat,Home,L,0,2,Wolves,0.2,2.2,45.0,2.0,Watford
2021-09-18,15:00,Matchweek 5,Sat,Away,W,3,1,Norwich City,2.4,1.0,51.0,8.0,Watford
2021-09-25,15:00,Matchweek 6,Sat,Home,D,1,1,Newcastle Utd,0.9,1.9,53.0,4.0,Watford
2021-10-02,15:00,Matchweek 7,Sat,Away,L,0,1,Leeds United,0.2,1.3,34.0,1.0,Watford
2021-10-16,12:30,Matchweek 8,Sat,Home,L,0,5,Liverpool,0.5,3.3,25.0,2.0,Watford
2021-10-23,15:00,Matchweek 9,Sat,Away,W,5,2,Everton,3.7,1.5,51.0,8.0,Watford
2021-10-30,15:00,Matchweek 10,Sat,Home,L,0,1,Southampton,1.0,1.8,40.0,3.0,Watford
2021-11-07,14:00,Matchweek 11,Sun,Away,L,0,1,Arsenal,0.5,1.6,40.0,1.0,Watford
2021-11-20,15:00,Matchweek 12,Sat,Home,W,4,1,Manchester Utd,2.7,1.4,39.0,6.0,Watford
2021-11-28,14:00,Matchweek 13,Sun,Away,L,2,4,Leicester City,2.8,2.1,44.0,4.0,Watford
2021-12-01,19:30,Matchweek 14,Wed,Home,L,1,2,Chelsea,1.0,0.9,51.0,6.0,Watford
2021-12-04,17:30,Matchweek 15,Sat,Home,L,1,3,Manchester City,0.8,3.1,23.0,4.0,Watford
2021-12-10,20:00,Matchweek 16,Fri,Away,L,1,2,Brentford,0.5,1.6,37.0,2.0,Watford
2021-12-28,15:00,Matchweek 20,Tue,Home,L,1,4,West Ham,1.6,3.6,43.0,5.0,Watford
2022-01-01,15:00,Matchweek 21,Sat,Home,L,0,1,Tottenham,0.3,2.2,26.0,4.0,Watford
2022-01-15,15:00,Matchweek 22,Sat,Away,D,1,1,Newcastle Utd,1.4,1.2,48.0,5.0,Watford
2022-01-21,20:00,Matchweek 23,Fri,Home,L,0,3,Norwich City,1.2,1.1,67.0,3.0,Watford
2022-02-05,18:00,Matchweek 17,Sat,Away,D,0,0,Burnley,0.8,0.6,47.0,5.0,Watford
2022-02-08,19:45,Matchweek 24,Tue,Away,L,0,1,West Ham,0.3,0.8,36.0,1.0,Watford
2022-02-12,15:00,Matchweek 25,Sat,Home,L,0,2,Brighton,0.5,1.6,36.0,1.0,Watford
2022-02-19,15:00,Matchweek 26,Sat,Away,W,1,0,Aston Villa,1.2,1.3,41.0,4.0,Watford
2022-02-23,19:30,Matchweek 18,Wed,Home,L,1,4,Crystal Palace,1.4,1.1,46.0,1.0,Watford
2022-02-26,15:00,Matchweek 27,Sat,Away,D,0,0,Manchester Utd,0.6,2.8,33.0,2.0,Watford
2022-03-06,14:00,Matchweek 28,Sun,Home,L,2,3,Arsenal,1.0,1.0,44.0,7.0,Watford
2022-03-10,19:30,Matchweek 19,Thu,Away,L,0,4,Wolves,0.6,0.7,34.0,0.0,Watford
2022-03-13,14:00,Matchweek 29,Sun,Away,W,2,1,Southampton,1.7,1.4,37.0,5.0,Watford
2022-04-02,12:30,Matchweek 31,Sat,Away,L,0,2,Liverpool,0.6,2.2,27.0,2.0,Watford
2022-04-09,15:00,Matchweek 32,Sat,Home,L,0,3,Leeds United,1.1,0.7,49.0,1.0,Watford
2022-04-16,15:00,Matchweek 33,Sat,Home,L,1,2,Brentford,1.7,1.9,50.0,4.0,Watford
2022-04-23,15:00,Matchweek 34,Sat,Away,L,1,5,Manchester City,0.5,3.6,27.0,2.0,Watford
2022-04-30,15:00,Matchweek 35,Sat,Home,L,1,2,Burnley,1.0,1.6,47.0,1.0,Watford
2022-05-07,15:00,Matchweek 36,Sat,Away,L,0,1,Crystal Palace,0.4,2.2,33.0,1.0,Watford
2022-05-11,19:45,Matchweek 30,Wed,Home,D,0,0,Everton,0.3,0.7,48.0,0.0,Watford
2022-05-15,14:00,Matchweek 37,Sun,Home,L,1,5,Leicester City,1.4,2.5,41.0,5.0,Watford
2022-05-22,16:00,Matchweek 38,Sun,Away,L,1,2,Chelsea,0.6,2.2,29.0,3.0,Watford
2020-09-13,14:00,Matchweek 1,Sun,Home,L,0,3,Leicester City,0.4,2.8,36.0,1.0,West Bromwich Albion
2020-09-19,12:30,Matchweek 2,Sat,Away,L,2,5,Everton,0.3,3.9,29.0,4.0,West Bromwich Albion
2020-09-26,17:30,Matchweek 3,Sat,Home,D,3,3,Chelsea,0.6,2.0,25.0,3.0,West Bromwich Albion
2020-10-04,12:00,Matchweek 4,Sun,Away,L,0,2,Southampton,0.2,1.2,38.0,2.0,West Bromwich Albion
2020-10-19,17:30,Matchweek 5,Mon,Home,D,0,0,Burnley,0.8,1.1,57.0,6.0,West Bromwich Albion
2020-10-26,17:30,Matchweek 6,Mon,Away,D,1,1,Brighton,0.4,0.5,50.0,3.0,West Bromwich Albion
2020-11-02,17:30,Matchweek 7,Mon,Away,L,0,2,Fulham,0.5,1.5,53.0,1.0,West Bromwich Albion
2020-11-08,12:00,Matchweek 8,Sun,Home,L,0,1,Tottenham,0.8,1.9,42.0,2.0,West Bromwich Albion
2020-11-21,20:00,Matchweek 9,Sat,Away,L,0,1,Manchester Utd,0.6,2.4,37.0,2.0,West Bromwich Albion
2020-11-28,20:00,Matchweek 10,Sat,Home,W,1,0,Sheffield Utd,1.2,2.9,49.0,6.0,West Bromwich Albion
2020-12-06,12:00,Matchweek 11,Sun,Home,L,1,5,Crystal Palace,0.7,1.6,50.0,4.0,West Bromwich Albion
2020-12-12,15:00,Matchweek 12,Sat,Away,L,1,2,Newcastle Utd,0.6,0.8,54.0,3.0,West Bromwich Albion
2020-12-15,20:00,Matchweek 13,Tue,Away,D,1,1,Manchester City,0.4,2.2,23.0,1.0,West Bromwich Albion
2020-12-20,19:15,Matchweek 14,Sun,Home,L,0,3,Aston Villa,0.0,2.4,33.0,1.0,West Bromwich Albion
2020-12-27,16:30,Matchweek 15,Sun,Away,D,1,1,Liverpool,0.6,1.5,23.0,3.0,West Bromwich Albion
2020-12-29,18:00,Matchweek 16,Tue,Home,L,0,5,Leeds United,0.5,1.2,25.0,1.0,West Bromwich Albion
2021-01-02,20:00,Matchweek 17,Sat,Home,L,0,4,Arsenal,1.0,3.7,39.0,3.0,West Bromwich Albion
2021-01-16,12:30,Matchweek 19,Sat,Away,W,3,2,Wolves,2.4,1.5,33.0,3.0,West Bromwich Albion
2021-01-19,18:00,Matchweek 18,Tue,Away,L,1,2,West Ham,0.5,2.0,41.0,2.0,West Bromwich Albion
2021-01-26,20:15,Matchweek 20,Tue,Home,L,0,5,Manchester City,0.5,1.8,23.0,1.0,West Bromwich Albion
2021-01-30,15:00,Matchweek 21,Sat,Home,D,2,2,Fulham,1.0,1.3,38.0,3.0,West Bromwich Albion
2021-02-02,18:00,Matchweek 22,Tue,Away,L,1,2,Sheffield Utd,1.6,1.3,32.0,4.0,West Bromwich Albion
2021-02-07,12:00,Matchweek 23,Sun,Away,L,0,2,Tottenham,0.6,1.5,35.0,1.0,West Bromwich Albion
2021-02-14,14:00,Matchweek 24,Sun,Home,D,1,1,Manchester Utd,1.0,0.5,27.0,3.0,West Bromwich Albion
2021-02-20,15:00,Matchweek 25,Sat,Away,D,0,0,Burnley,1.6,0.5,38.0,2.0,West Bromwich Albion
2021-02-27,15:00,Matchweek 26,Sat,Home,W,1,0,Brighton,0.8,2.9,32.0,2.0,West Bromwich Albion
2021-03-04,18:00,Matchweek 29,Thu,Home,L,0,1,Everton,1.0,1.0,49.0,3.0,West Bromwich Albion
2021-03-07,12:00,Matchweek 27,Sun,Home,D,0,0,Newcastle Utd,2.0,0.5,53.0,3.0,West Bromwich Albion
2021-03-13,15:00,Matchweek 28,Sat,Away,L,0,1,Crystal Palace,0.8,1.2,55.0,1.0,West Bromwich Albion
2021-04-03,12:30,Matchweek 30,Sat,Away,W,5,2,Chelsea,1.6,2.1,35.0,7.0,West Bromwich Albion
2021-04-12,18:00,Matchweek 31,Mon,Home,W,3,0,Southampton,3.0,1.5,40.0,5.0,West Bromwich Albion
2021-04-22,20:00,Matchweek 32,Thu,Away,L,0,3,Leicester City,0.5,2.1,28.0,1.0,West Bromwich Albion
2021-04-25,19:00,Matchweek 33,Sun,Away,D,2,2,Aston Villa,1.5,3.2,30.0,3.0,West Bromwich Albion
2021-05-03,18:00,Matchweek 34,Mon,Home,D,1,1,Wolves,1.1,1.0,43.0,3.0,West Bromwich Albion
2021-05-09,19:00,Matchweek 35,Sun,Away,L,1,3,Arsenal,1.8,0.9,35.0,1.0,West Bromwich Albion
2021-05-16,16:30,Matchweek 36,Sun,Home,L,1,2,Liverpool,1.0,1.9,24.0,3.0,West Bromwich Albion
2021-05-19,20:15,Matchweek 37,Wed,Home,L,1,3,West Ham,1.1,3.4,52.0,4.0,West Bromwich Albion
2021-05-23,16:00,Matchweek 38,Sun,Away,L,1,3,Leeds United,1.0,2.3,36.0,5.0,West Bromwich Albion
2020-09-12,20:00,Matchweek 1,Sat,Home,L,0,2,Newcastle Utd,1.0,1.6,58.0,3.0,West Ham United
2020-09-19,20:00,Matchweek 2,Sat,Away,L,1,2,Arsenal,2.0,1.1,38.0,2.0,West Ham United
2020-09-27,19:00,Matchweek 3,Sun,Home,W,4,0,Wolves,2.4,0.5,37.0,7.0,West Ham United
2020-10-04,12:00,Matchweek 4,Sun,Away,W,3,0,Leicester City,2.0,0.6,31.0,6.0,West Ham United
2020-10-18,16:30,Matchweek 5,Sun,Away,D,3,3,Tottenham,1.9,1.7,50.0,4.0,West Ham United
2020-10-24,12:30,Matchweek 6,Sat,Home,D,1,1,Manchester City,0.3,1.0,31.0,2.0,West Ham United
2020-10-31,17:30,Matchweek 7,Sat,Away,L,1,2,Liverpool,0.3,1.7,28.0,3.0,West Ham United
2020-11-07,20:00,Matchweek 8,Sat,Home,W,1,0,Fulham,1.3,1.7,53.0,7.0,West Ham United
2020-11-22,14:00,Matchweek 9,Sun,Away,W,1,0,Sheffield Utd,2.1,0.9,49.0,3.0,West Ham United
2020-11-30,20:00,Matchweek 10,Mon,Home,W,2,1,Aston Villa,0.4,2.5,34.0,2.0,West Ham United
2020-12-05,17:30,Matchweek 11,Sat,Home,L,1,3,Manchester Utd,2.0,1.7,40.0,6.0,West Ham United
2020-12-11,20:00,Matchweek 12,Fri,Away,W,2,1,Leeds United,1.3,1.6,37.0,8.0,West Ham United
2020-12-16,20:00,Matchweek 13,Wed,Home,D,1,1,Crystal Palace,0.4,1.1,52.0,2.0,West Ham United
2020-12-21,20:00,Matchweek 14,Mon,Away,L,0,3,Chelsea,0.4,2.0,47.0,0.0,West Ham United
2020-12-27,14:15,Matchweek 15,Sun,Home,D,2,2,Brighton,1.3,1.1,44.0,4.0,West Ham United
2020-12-29,18:00,Matchweek 16,Tue,Away,D,0,0,Southampton,1.2,0.6,38.0,3.0,West Ham United
2021-01-01,17:30,Matchweek 17,Fri,Away,W,1,0,Everton,1.3,0.4,40.0,5.0,West Ham United
2021-01-16,15:00,Matchweek 19,Sat,Home,W,1,0,Burnley,1.7,0.5,45.0,3.0,West Ham United
2021-01-19,18:00,Matchweek 18,Tue,Home,W,2,1,West Brom,2.0,0.5,59.0,6.0,West Ham United
2021-01-26,18:00,Matchweek 20,Tue,Away,W,3,2,Crystal Palace,2.8,0.7,46.0,7.0,West Ham United
2021-01-31,16:30,Matchweek 21,Sun,Home,L,1,3,Liverpool,0.8,2.0,33.0,2.0,West Ham United
2021-02-03,20:15,Matchweek 22,Wed,Away,W,3,1,Aston Villa,1.7,0.7,44.0,9.0,West Ham United
2021-02-06,17:30,Matchweek 23,Sat,Away,D,0,0,Fulham,1.0,1.5,40.0,1.0,West Ham United
2021-02-15,18:00,Matchweek 24,Mon,Home,W,3,0,Sheffield Utd,1.9,0.7,46.0,8.0,West Ham United
2021-02-21,12:00,Matchweek 25,Sun,Home,W,2,1,Tottenham,1.1,1.1,32.0,4.0,West Ham United
2021-02-27,12:30,Matchweek 26,Sat,Away,L,1,2,Manchester City,1.5,0.5,37.0,3.0,West Ham United
2021-03-08,20:00,Matchweek 27,Mon,Home,W,2,0,Leeds United,1.8,1.4,35.0,4.0,West Ham United
2021-03-14,19:15,Matchweek 28,Sun,Away,L,0,1,Manchester Utd,0.6,1.5,39.0,0.0,West Ham United
2021-03-21,15:00,Matchweek 29,Sun,Home,D,3,3,Arsenal,2.4,1.4,38.0,5.0,West Ham United
2021-04-05,20:15,Matchweek 30,Mon,Away,W,3,2,Wolves,1.2,2.1,35.0,6.0,West Ham United
2021-04-11,14:05,Matchweek 31,Sun,Home,W,3,2,Leicester City,0.8,0.9,37.0,4.0,West Ham United
2021-04-17,12:30,Matchweek 32,Sat,Away,L,2,3,Newcastle Utd,1.9,2.2,66.0,5.0,West Ham United
2021-04-24,17:30,Matchweek 33,Sat,Home,L,0,1,Chelsea,0.4,2.5,45.0,2.0,West Ham United
2021-05-03,20:15,Matchweek 34,Mon,Away,W,2,1,Burnley,2.3,2.0,55.0,4.0,West Ham United
2021-05-09,16:30,Matchweek 35,Sun,Home,L,0,1,Everton,1.3,1.5,68.0,0.0,West Ham United
2021-05-15,20:00,Matchweek 36,Sat,Away,D,1,1,Brighton,1.7,0.8,49.0,2.0,West Ham United
2021-05-19,20:15,Matchweek 37,Wed,Away,W,3,1,West Brom,3.4,1.1,48.0,9.0,West Ham United
2021-05-23,16:00,Matchweek 38,Sun,Home,W,3,0,Southampton,1.3,1.5,38.0,7.0,West Ham United
2021-08-15,14:00,Matchweek 1,Sun,Away,W,4,2,Newcastle Utd,2.7,1.8,54.0,7.0,West Ham United
2021-08-23,20:00,Matchweek 2,Mon,Home,W,4,1,Leicester City,2.3,0.6,52.0,7.0,West Ham United
2021-08-28,15:00,Matchweek 3,Sat,Home,D,2,2,Crystal Palace,1.3,1.1,47.0,4.0,West Ham United
2021-09-11,15:00,Matchweek 4,Sat,Away,D,0,0,Southampton,0.7,0.7,58.0,3.0,West Ham United
2021-09-19,14:00,Matchweek 5,Sun,Home,L,1,2,Manchester Utd,1.6,2.0,40.0,3.0,West Ham United
2021-09-25,15:00,Matchweek 6,Sat,Away,W,2,1,Leeds United,1.6,1.2,47.0,6.0,West Ham United
2021-10-03,14:00,Matchweek 7,Sun,Home,L,1,2,Brentford,1.5,1.2,59.0,5.0,West Ham United
2021-10-17,14:00,Matchweek 8,Sun,Away,W,1,0,Everton,1.2,0.9,61.0,4.0,West Ham United
2021-10-24,14:00,Matchweek 9,Sun,Home,W,1,0,Tottenham,1.3,0.7,38.0,4.0,West Ham United
2021-10-31,16:30,Matchweek 10,Sun,Away,W,4,1,Aston Villa,2.3,0.7,57.0,8.0,West Ham United
2021-11-07,16:30,Matchweek 11,Sun,Home,W,3,2,Liverpool,1.0,1.2,31.0,3.0,West Ham United
2021-11-20,15:00,Matchweek 12,Sat,Away,L,0,1,Wolves,0.4,1.4,48.0,3.0,West Ham United
2021-11-28,14:00,Matchweek 13,Sun,Away,L,1,2,Manchester City,0.2,2.1,32.0,3.0,West Ham United
2021-12-01,19:30,Matchweek 14,Wed,Home,D,1,1,Brighton,1.3,1.3,35.0,5.0,West Ham United
2021-12-04,12:30,Matchweek 15,Sat,Home,W,3,2,Chelsea,1.8,1.1,37.0,3.0,West Ham United
2021-12-12,14:00,Matchweek 16,Sun,Away,D,0,0,Burnley,0.8,0.8,60.0,3.0,West Ham United
2021-12-15,20:00,Matchweek 17,Wed,Away,L,0,2,Arsenal,0.4,2.8,45.0,1.0,West Ham United
2021-12-26,15:00,Matchweek 19,Sun,Home,L,2,3,Southampton,1.6,1.2,56.0,4.0,West Ham United
2021-12-28,15:00,Matchweek 20,Tue,Away,W,4,1,Watford,3.6,1.6,57.0,5.0,West Ham United
2022-01-01,17:30,Matchweek 21,Sat,Away,W,3,2,Crystal Palace,2.2,2.4,38.0,4.0,West Ham United
2022-01-12,19:45,Matchweek 18,Wed,Home,W,2,0,Norwich City,2.5,0.3,62.0,5.0,West Ham United
2022-01-16,14:00,Matchweek 22,Sun,Home,L,2,3,Leeds United,2.4,2.2,48.0,5.0,West Ham United
2022-01-22,15:00,Matchweek 23,Sat,Away,L,0,1,Manchester Utd,0.3,1.9,43.0,1.0,West Ham United
2022-02-08,19:45,Matchweek 24,Tue,Home,W,1,0,Watford,0.8,0.3,64.0,2.0,West Ham United
2022-02-13,16:30,Matchweek 25,Sun,Away,D,2,2,Leicester City,1.1,1.4,45.0,3.0,West Ham United
2022-02-19,12:30,Matchweek 26,Sat,Home,D,1,1,Newcastle Utd,0.6,0.8,47.0,3.0,West Ham United
2022-02-27,14:00,Matchweek 27,Sun,Home,W,1,0,Wolves,1.8,0.7,39.0,4.0,West Ham United
2022-03-05,17:30,Matchweek 28,Sat,Away,L,0,1,Liverpool,1.3,2.4,32.0,4.0,West Ham United
2022-03-13,14:00,Matchweek 29,Sun,Home,W,2,1,Aston Villa,1.2,1.1,47.0,4.0,West Ham United
2022-03-20,16:30,Matchweek 30,Sun,Away,L,1,3,Tottenham,0.6,3.0,47.0,1.0,West Ham United
2022-04-03,14:00,Matchweek 31,Sun,Home,W,2,1,Everton,1.2,0.7,55.0,5.0,West Ham United
2022-04-10,14:00,Matchweek 32,Sun,Away,L,0,2,Brentford,0.3,1.4,53.0,1.0,West Ham United
2022-04-17,14:15,Matchweek 33,Sun,Home,D,1,1,Burnley,2.2,1.8,61.0,6.0,West Ham United
2022-04-24,14:00,Matchweek 34,Sun,Away,L,0,1,Chelsea,0.5,3.0,34.0,2.0,West Ham United
2022-05-01,16:30,Matchweek 35,Sun,Home,L,1,2,Arsenal,0.5,0.9,57.0,3.0,West Ham United
2022-05-08,14:00,Matchweek 36,Sun,Away,W,4,0,Norwich City,3.0,0.8,63.0,4.0,West Ham United
2022-05-15,14:00,Matchweek 37,Sun,Home,D,2,2,Manchester City,1.1,2.4,22.0,2.0,West Ham United
2022-05-22,16:00,Matchweek 38,Sun,Away,L,1,3,Brighton,0.2,1.6,50.0,2.0,West Ham United
2022-08-07,16:30,Matchweek 1,Sun,Home,L,0,2,Manchester City,0.5,2.2,25.0,1.0,West Ham United
2022-08-14,14:00,Matchweek 2,Sun,Away,L,0,1,Nott'ham Forest,2.1,1.3,57.0,3.0,West Ham United
2022-08-21,14:00,Matchweek 3,Sun,Home,L,0,2,Brighton,0.8,1.7,50.0,3.0,West Ham United
2022-08-28,14:00,Matchweek 4,Sun,Away,W,1,0,Aston Villa,0.6,0.5,42.0,2.0,West Ham United
2022-08-31,19:45,Matchweek 5,Wed,Home,D,1,1,Tottenham,1.2,0.6,39.0,4.0,West Ham United
2022-09-03,15:00,Matchweek 6,Sat,Away,L,1,2,Chelsea,1.1,0.9,33.0,3.0,West Ham United
2022-09-18,14:15,Matchweek 8,Sun,Away,L,0,1,Everton,1.0,0.4,47.0,4.0,West Ham United
2022-10-01,17:30,Matchweek 9,Sat,Home,W,2,0,Wolves,0.9,0.7,39.0,5.0,West Ham United
2022-10-09,14:00,Matchweek 10,Sun,Home,W,3,1,Fulham,2.4,0.7,50.0,7.0,West Ham United
2022-10-16,14:00,Matchweek 11,Sun,Away,D,1,1,Southampton,1.7,0.5,61.0,4.0,West Ham United
2022-10-19,19:30,Matchweek 12,Wed,Away,L,0,1,Liverpool,1.7,1.7,46.0,2.0,West Ham United
2022-10-24,20:00,Matchweek 13,Mon,Home,W,2,0,Bournemouth,1.9,0.4,55.0,3.0,West Ham United
2022-10-30,16:15,Matchweek 14,Sun,Away,L,0,1,Manchester Utd,1.1,1.2,47.0,4.0,West Ham United
2022-11-06,14:00,Matchweek 15,Sun,Home,L,1,2,Crystal Palace,0.3,1.0,42.0,2.0,West Ham United
2022-11-12,15:00,Matchweek 16,Sat,Home,L,0,2,Leicester City,1.4,1.8,54.0,6.0,West Ham United
2022-12-26,20:00,Matchweek 17,Mon,Away,L,1,3,Arsenal,1.0,2.1,34.0,3.0,West Ham United
2022-12-30,19:45,Matchweek 18,Fri,Home,L,0,2,Brentford,1.3,1.6,63.0,5.0,West Ham United
2023-01-04,19:45,Matchweek 19,Wed,Away,D,2,2,Leeds United,1.4,1.6,38.0,1.0,West Ham United
2023-01-14,15:00,Matchweek 20,Sat,Away,L,0,1,Wolves,1.1,0.9,42.0,3.0,West Ham United
2023-01-21,15:00,Matchweek 21,Sat,Home,W,2,0,Everton,2.2,0.5,33.0,4.0,West Ham United
2023-02-04,17:30,Matchweek 22,Sat,Away,D,1,1,Newcastle Utd,1.0,1.0,38.0,1.0,West Ham United
2023-02-11,12:30,Matchweek 23,Sat,Home,D,1,1,Chelsea,1.3,1.1,29.0,2.0,West Ham United
2023-02-19,16:30,Matchweek 24,Sun,Away,L,0,2,Tottenham,0.5,1.5,43.0,1.0,West Ham United
2023-02-25,15:00,Matchweek 25,Sat,Home,W,4,0,Nott'ham Forest,2.7,0.4,49.0,5.0,West Ham United
2023-03-04,15:00,Matchweek 26,Sat,Away,L,0,4,Brighton,0.3,3.5,35.0,2.0,West Ham United
2023-03-12,14:00,Matchweek 27,Sun,Home,D,1,1,Aston Villa,2.1,1.5,41.0,4.0,West Ham United
2023-04-02,14:00,Matchweek 29,Sun,Home,W,1,0,Southampton,1.4,0.3,43.0,2.0,West Ham United
2023-04-05,20:00,Matchweek 7,Wed,Home,L,1,5,Newcastle Utd,1.0,3.3,42.0,2.0,West Ham United
2023-04-08,15:00,Matchweek 30,Sat,Away,W,1,0,Fulham,1.1,0.7,24.0,5.0,West Ham United
2023-04-16,14:00,Matchweek 31,Sun,Home,D,2,2,Arsenal,1.8,2.7,30.0,2.0,West Ham United
2023-04-23,14:00,Matchweek 32,Sun,Away,W,4,0,Bournemouth,2.4,1.5,36.0,10.0,West Ham United
2023-04-26,19:45,Matchweek 33,Wed,Home,L,1,2,Liverpool,0.8,1.9,28.0,2.0,West Ham United
2023-04-29,12:30,Matchweek 34,Sat,Away,L,3,4,Crystal Palace,1.7,2.1,41.0,4.0,West Ham United
2023-05-03,20:00,Matchweek 28,Wed,Away,L,0,3,Manchester City,0.4,2.3,31.0,2.0,West Ham United
2023-05-07,19:00,Matchweek 35,Sun,Home,W,1,0,Manchester Utd,1.3,1.2,35.0,4.0,West Ham United
2023-05-14,14:00,Matchweek 36,Sun,Away,L,0,2,Brentford,0.2,3.4,47.0,4.0,West Ham United
2023-05-21,13:30,Matchweek 37,Sun,Home,W,3,1,Leeds United,2.1,0.9,59.0,9.0,West Ham United
2023-05-28,16:30,Matchweek 38,Sun,Away,L,1,2,Leicester City,1.4,1.4,52.0,3.0,West Ham United
2023-08-12,15:00,Matchweek 1,Sat,Away,D,1,1,Bournemouth,1.1,1.3,38.0,2.0,West Ham United
2023-08-20,16:30,Matchweek 2,Sun,Home,W,3,1,Chelsea,1.8,2.5,25.0,5.0,West Ham United
2023-08-26,17:30,Matchweek 3,Sat,Away,W,3,1,Brighton,3.0,1.5,22.0,7.0,West Ham United
2023-09-01,20:00,Matchweek 4,Fri,Away,W,2,1,Luton Town,1.0,1.4,61.0,3.0,West Ham United
2023-09-16,15:00,Matchweek 5,Sat,Home,L,1,3,Manchester City,0.9,3.6,32.0,3.0,West Ham United
2023-09-24,14:00,Matchweek 6,Sun,Away,L,1,3,Liverpool,1.1,3.0,37.0,4.0,West Ham United
2023-09-30,15:00,Matchweek 7,Sat,Home,W,2,0,Sheffield Utd,2.1,1.1,52.0,8.0,West Ham United
2023-10-08,14:00,Matchweek 8,Sun,Home,D,2,2,Newcastle Utd,1.2,2.0,36.0,3.0,West Ham United
2023-10-22,16:30,Matchweek 9,Sun,Away,L,1,4,Aston Villa,1.1,1.9,42.0,4.0,West Ham United
2023-10-29,13:00,Matchweek 10,Sun,Home,L,0,1,Everton,0.7,0.8,64.0,2.0,West Ham United
2023-11-04,15:00,Matchweek 11,Sat,Away,L,2,3,Brentford,1.8,1.5,42.0,2.0,West Ham United
2023-11-12,14:00,Matchweek 12,Sun,Home,W,3,2,Nott'ham Forest,1.8,1.7,54.0,6.0,West Ham United
2023-11-25,15:00,Matchweek 13,Sat,Away,W,2,1,Burnley,0.9,1.3,50.0,3.0,West Ham United
2023-12-03,14:00,Matchweek 14,Sun,Home,D,1,1,Crystal Palace,1.1,0.9,55.0,3.0,West Ham United
2023-12-07,20:15,Matchweek 15,Thu,Away,W,2,1,Tottenham,2.2,1.8,26.0,5.0,West Ham United
2023-12-10,14:00,Matchweek 16,Sun,Away,L,0,5,Fulham,1.3,2.3,37.0,5.0,West Ham United
2023-12-17,14:00,Matchweek 17,Sun,Home,W,3,0,Wolves,1.1,0.7,45.0,4.0,West Ham United
2023-12-23,12:30,Matchweek 18,Sat,Home,W,2,0,Manchester Utd,1.2,1.0,35.0,5.0,West Ham United
2023-12-28,20:15,Matchweek 19,Thu,Away,W,2,0,Arsenal,1.4,2.7,27.0,2.0,West Ham United
2024-01-02,19:30,Matchweek 20,Tue,Home,D,0,0,Brighton,0.7,2.3,32.0,2.0,West Ham United
2024-01-21,14:00,Matchweek 21,Sun,Away,D,2,2,Sheffield Utd,2.3,2.5,43.0,4.0,West Ham United
2024-02-01,19:30,Matchweek 22,Thu,Home,D,1,1,Bournemouth,1.4,1.2,48.0,2.0,West Ham United
2024-02-04,14:00,Matchweek 23,Sun,Away,L,0,3,Manchester Utd,1.4,0.7,49.0,3.0,West Ham United
2024-02-11,14:00,Matchweek 24,Sun,Home,L,0,6,Arsenal,0.2,3.6,30.0,1.0,West Ham United
2024-02-17,15:00,Matchweek 25,Sat,Away,L,0,2,Nott'ham Forest,0.5,2.8,51.0,3.0,West Ham United
2024-02-26,20:00,Matchweek 26,Mon,Home,W,4,2,Brentford,1.7,0.9,41.0,6.0,West Ham United
2024-03-02,15:00,Matchweek 27,Sat,Away,W,3,1,Everton,1.9,2.7,45.0,5.0,West Ham United
2024-03-10,14:00,Matchweek 28,Sun,Home,D,2,2,Burnley,2.1,0.7,52.0,4.0,West Ham United
2024-03-17,14:00,Matchweek 29,Sun,Home,D,1,1,Aston Villa,2.0,0.7,31.0,4.0,West Ham United
2024-03-30,12:30,Matchweek 30,Sat,Away,L,3,4,Newcastle Utd,1.4,4.1,40.0,4.0,West Ham United
2024-04-02,20:15,Matchweek 31,Tue,Home,D,1,1,Tottenham,1.5,1.0,33.0,4.0,West Ham United
2024-04-06,15:00,Matchweek 32,Sat,Away,W,2,1,Wolves,1.2,1.5,42.0,3.0,West Ham United
2024-04-14,14:00,Matchweek 33,Sun,Home,L,0,2,Fulham,0.9,3.2,58.0,4.0,West Ham United
2024-04-21,15:00,Matchweek 34,Sun,Away,L,2,5,Crystal Palace,1.3,2.4,40.0,1.0,West Ham United
2024-04-27,12:30,Matchweek 35,Sat,Home,D,2,2,Liverpool,0.7,1.7,29.0,8.0,West Ham United
2024-05-05,14:00,Matchweek 36,Sun,Away,L,0,5,Chelsea,0.9,4.1,31.0,2.0,West Ham United
2024-05-11,15:00,Matchweek 37,Sat,Home,W,3,1,Luton Town,3.2,0.3,58.0,8.0,West Ham United
2024-05-19,16:00,Matchweek 38,Sun,Away,L,1,3,Manchester City,0.4,1.9,29.0,2.0,West Ham United
2024-08-17,17:30,Matchweek 1,Sat,Home,L,1,2,Aston Villa,2.3,2.0,52.0,2.0,West Ham United
2024-08-24,15:00,Matchweek 2,Sat,Away,W,2,0,Crystal Palace,1.4,1.3,42.0,3.0,West Ham United
2024-08-31,17:30,Matchweek 3,Sat,Home,L,1,3,Manchester City,0.7,3.0,33.0,2.0,West Ham United
2024-09-14,15:00,Matchweek 4,Sat,Away,D,1,1,Fulham,0.8,1.5,46.0,3.0,West Ham United
2024-09-21,12:30,Matchweek 5,Sat,Home,L,0,3,Chelsea,0.9,2.2,53.0,7.0,West Ham United
2024-09-28,15:00,Matchweek 6,Sat,Away,D,1,1,Brentford,1.0,0.4,43.0,3.0,West Ham United
2024-10-05,15:00,Matchweek 7,Sat,Home,W,4,1,Ipswich Town,3.6,0.6,52.0,12.0,West Ham United
2024-10-19,12:30,Matchweek 8,Sat,Away,L,1,4,Tottenham,0.8,1.9,43.0,3.0,West Ham United
2024-10-27,14:00,Matchweek 9,Sun,Home,W,2,1,Manchester Utd,2.8,2.3,42.0,2.0,West Ham United
2024-11-02,15:00,Matchweek 10,Sat,Away,L,0,3,Nott'ham Forest,0.1,2.2,46.0,1.0,West Ham United
2024-11-09,15:00,Matchweek 11,Sat,Home,D,0,0,Everton,0.8,1.1,49.0,6.0,West Ham United
2024-11-25,20:00,Matchweek 12,Mon,Away,W,2,0,Newcastle Utd,0.9,1.6,47.0,6.0,West Ham United
2024-11-30,17:30,Matchweek 13,Sat,Home,L,2,5,Arsenal,1.5,3.5,40.0,5.0,West Ham United
2024-12-03,20:15,Matchweek 14,Tue,Away,L,1,3,Leicester City,3.0,1.7,61.0,8.0,West Ham United
2024-12-09,20:00,Matchweek 15,Mon,Home,W,2,1,Wolves,1.0,1.4,54.0,4.0,West Ham United
2024-12-16,20:00,Matchweek 16,Mon,Away,D,1,1,Bournemouth,2.1,1.9,48.0,2.0,West Ham United
2024-12-21,15:00,Matchweek 17,Sat,Home,D,1,1,Brighton,1.2,0.9,47.0,4.0,West Ham United
2024-12-26,15:00,Matchweek 18,Thu,Away,W,1,0,Southampton,1.7,1.4,46.0,2.0,West Ham United
2024-12-29,17:15,Matchweek 19,Sun,Home,L,0,5,Liverpool,0.4,3.1,46.0,0.0,West Ham United
2025-01-04,15:00,Matchweek 20,Sat,Away,L,1,4,Manchester City,1.4,1.9,44.0,4.0,West Ham United
2025-01-14,19:30,Matchweek 21,Tue,Home,W,3,2,Fulham,1.0,1.7,44.0,3.0,West Ham United
2025-01-18,15:00,Matchweek 22,Sat,Home,L,0,2,Crystal Palace,0.3,1.3,53.0,0.0,West Ham United
2025-01-26,16:30,Matchweek 23,Sun,Away,D,1,1,Aston Villa,1.3,0.9,54.0,3.0,West Ham United
2025-02-03,20:00,Matchweek 24,Mon,Away,L,1,2,Chelsea,1.2,1.6,32.0,5.0,West Ham United
2025-02-15,15:00,Matchweek 25,Sat,Home,L,0,1,Brentford,0.8,1.6,58.0,3.0,West Ham United
2025-02-22,15:00,Matchweek 26,Sat,Away,W,1,0,Arsenal,1.1,1.2,32.0,2.0,West Ham United
2025-02-27,20:00,Matchweek 27,Thu,Home,W,2,0,Leicester City,1.3,0.4,58.0,2.0,West Ham United
2025-03-10,20:00,Matchweek 28,Mon,Home,L,0,1,Newcastle Utd,0.7,1.4,51.0,2.0,West Ham United
2025-03-15,15:00,Matchweek 29,Sat,Away,D,1,1,Everton,0.8,1.0,46.0,5.0,West Ham United
2025-04-01,19:45,Matchweek 30,Tue,Away,L,0,1,Wolves,1.3,1.2,58.0,1.0,West Ham United
2025-04-05,15:00,Matchweek 31,Sat,Home,D,2,2,Bournemouth,0.7,2.1,56.0,3.0,West Ham United
2025-04-13,14:00,Matchweek 32,Sun,Away,L,1,2,Liverpool,1.4,1.8,45.0,4.0,West Ham United
2025-04-19,15:00,Matchweek 33,Sat,Home,D,1,1,Southampton,0.9,0.6,52.0,4.0,West Ham United
2025-04-26,15:00,Matchweek 34,Sat,Away,L,2,3,Brighton,1.3,1.3,47.0,4.0,West Ham United
2025-05-04,14:00,Matchweek 35,Sun,Home,D,1,1,Tottenham,0.8,0.8,55.0,2.0,West Ham United
2025-05-11,14:15,Matchweek 36,Sun,Away,W,2,0,Manchester Utd,1.7,2.1,48.0,4.0,West Ham United
2025-05-18,14:15,Matchweek 37,Sun,Home,L,1,2,Nott'ham Forest,1.1,1.9,60.0,5.0,West Ham United
2025-05-25,16:00,Matchweek 38,Sun,Away,W,3,1,Ipswich Town,1.1,0.7,58.0,6.0,West Ham United
2020-09-14,18:00,Matchweek 1,Mon,Away,W,2,0,Sheffield Utd,1.4,1.0,45.0,4.0,Wolverhampton Wanderers
2020-09-21,20:15,Matchweek 2,Mon,Home,L,1,3,Manchester City,0.6,1.9,35.0,1.0,Wolverhampton Wanderers
2020-09-27,19:00,Matchweek 3,Sun,Away,L,0,4,West Ham,0.5,2.4,63.0,2.0,Wolverhampton Wanderers
2020-10-04,14:00,Matchweek 4,Sun,Home,W,1,0,Fulham,1.2,0.9,48.0,5.0,Wolverhampton Wanderers
2020-10-19,20:00,Matchweek 5,Mon,Away,W,1,0,Leeds United,0.4,1.0,34.0,3.0,Wolverhampton Wanderers
2020-10-25,16:30,Matchweek 6,Sun,Home,D,1,1,Newcastle Utd,0.7,0.3,63.0,3.0,Wolverhampton Wanderers
2020-10-30,20:00,Matchweek 7,Fri,Home,W,2,0,Crystal Palace,1.3,0.7,45.0,5.0,Wolverhampton Wanderers
2020-11-08,14:00,Matchweek 8,Sun,Away,L,0,1,Leicester City,0.8,2.0,51.0,2.0,Wolverhampton Wanderers
2020-11-23,20:00,Matchweek 9,Mon,Home,D,1,1,Southampton,1.5,1.0,46.0,9.0,Wolverhampton Wanderers
2020-11-29,19:15,Matchweek 10,Sun,Away,W,2,1,Arsenal,1.8,1.5,44.0,5.0,Wolverhampton Wanderers
2020-12-06,19:15,Matchweek 11,Sun,Away,L,0,4,Liverpool,0.4,1.2,40.0,3.0,Wolverhampton Wanderers
2020-12-12,12:30,Matchweek 12,Sat,Home,L,0,1,Aston Villa,1.1,1.4,50.0,7.0,Wolverhampton Wanderers
2020-12-15,18:00,Matchweek 13,Tue,Home,W,2,1,Chelsea,0.5,1.0,45.0,4.0,Wolverhampton Wanderers
2020-12-21,17:30,Matchweek 14,Mon,Away,L,1,2,Burnley,1.5,1.7,63.0,2.0,Wolverhampton Wanderers
2020-12-27,19:15,Matchweek 15,Sun,Home,D,1,1,Tottenham,0.9,0.4,55.0,6.0,Wolverhampton Wanderers
2020-12-29,20:00,Matchweek 16,Tue,Away,L,0,1,Manchester Utd,0.5,1.5,42.0,5.0,Wolverhampton Wanderers
2021-01-02,17:30,Matchweek 17,Sat,Away,D,3,3,Brighton,1.6,2.2,46.0,3.0,Wolverhampton Wanderers
2021-01-12,20:15,Matchweek 18,Tue,Home,L,1,2,Everton,0.7,0.6,52.0,3.0,Wolverhampton Wanderers
2021-01-16,12:30,Matchweek 19,Sat,Home,L,2,3,West Brom,1.5,2.4,67.0,6.0,Wolverhampton Wanderers
2021-01-27,18:00,Matchweek 20,Wed,Away,D,0,0,Chelsea,0.5,0.7,22.0,0.0,Wolverhampton Wanderers
2021-01-30,15:00,Matchweek 21,Sat,Away,L,0,1,Crystal Palace,0.4,1.4,52.0,4.0,Wolverhampton Wanderers
2021-02-02,18:00,Matchweek 22,Tue,Home,W,2,1,Arsenal,1.5,0.8,55.0,6.0,Wolverhampton Wanderers
2021-02-07,14:00,Matchweek 23,Sun,Home,D,0,0,Leicester City,1.1,0.8,44.0,1.0,Wolverhampton Wanderers
2021-02-14,12:00,Matchweek 24,Sun,Away,W,2,1,Southampton,1.1,0.8,49.0,3.0,Wolverhampton Wanderers
2021-02-19,20:00,Matchweek 25,Fri,Home,W,1,0,Leeds United,0.6,1.7,42.0,5.0,Wolverhampton Wanderers
2021-02-27,20:00,Matchweek 26,Sat,Away,D,1,1,Newcastle Utd,1.1,1.7,52.0,4.0,Wolverhampton Wanderers
2021-03-02,20:00,Matchweek 29,Tue,Away,L,1,4,Manchester City,0.3,3.3,28.0,1.0,Wolverhampton Wanderers
2021-03-06,17:30,Matchweek 27,Sat,Away,D,0,0,Aston Villa,1.6,0.6,51.0,2.0,Wolverhampton Wanderers
2021-03-15,20:00,Matchweek 28,Mon,Home,L,0,1,Liverpool,1.1,0.9,53.0,5.0,Wolverhampton Wanderers
2021-04-05,20:15,Matchweek 30,Mon,Home,L,2,3,West Ham,2.1,1.2,65.0,5.0,Wolverhampton Wanderers
2021-04-09,20:00,Matchweek 31,Fri,Away,W,1,0,Fulham,0.5,0.9,50.0,3.0,Wolverhampton Wanderers
2021-04-17,20:15,Matchweek 32,Sat,Home,W,1,0,Sheffield Utd,1.1,0.5,48.0,4.0,Wolverhampton Wanderers
2021-04-25,12:00,Matchweek 33,Sun,Home,L,0,4,Burnley,0.4,2.0,58.0,2.0,Wolverhampton Wanderers
2021-05-03,18:00,Matchweek 34,Mon,Away,D,1,1,West Brom,1.0,1.1,57.0,10.0,Wolverhampton Wanderers
2021-05-09,12:00,Matchweek 35,Sun,Home,W,2,1,Brighton,1.1,0.3,61.0,6.0,Wolverhampton Wanderers
2021-05-16,14:05,Matchweek 36,Sun,Away,L,0,2,Tottenham,0.9,3.2,38.0,3.0,Wolverhampton Wanderers
2021-05-19,18:00,Matchweek 37,Wed,Away,L,0,1,Everton,0.3,0.7,59.0,3.0,Wolverhampton Wanderers
2021-05-23,16:00,Matchweek 38,Sun,Home,L,1,2,Manchester Utd,0.9,2.0,57.0,4.0,Wolverhampton Wanderers
2021-08-14,15:00,Matchweek 1,Sat,Away,L,0,1,Leicester City,1.3,0.5,44.0,3.0,Wolverhampton Wanderers
2021-08-22,14:00,Matchweek 2,Sun,Home,L,0,1,Tottenham,1.7,1.7,58.0,6.0,Wolverhampton Wanderers
2021-08-29,16:30,Matchweek 3,Sun,Home,L,0,1,Manchester Utd,2.1,0.6,44.0,5.0,Wolverhampton Wanderers
2021-09-11,15:00,Matchweek 4,Sat,Away,W,2,0,Watford,2.2,0.2,55.0,5.0,Wolverhampton Wanderers
2021-09-18,12:30,Matchweek 5,Sat,Home,L,0,2,Brentford,0.6,2.5,62.0,0.0,Wolverhampton Wanderers
2021-09-26,14:00,Matchweek 6,Sun,Away,W,1,0,Southampton,1.0,1.0,43.0,3.0,Wolverhampton Wanderers
2021-10-02,15:00,Matchweek 7,Sat,Home,W,2,1,Newcastle Utd,1.0,0.6,52.0,3.0,Wolverhampton Wanderers
2021-10-16,15:00,Matchweek 8,Sat,Away,W,3,2,Aston Villa,2.0,1.0,52.0,4.0,Wolverhampton Wanderers
2021-10-23,15:00,Matchweek 9,Sat,Away,D,1,1,Leeds United,0.9,1.6,38.0,4.0,Wolverhampton Wanderers
2021-11-01,20:00,Matchweek 10,Mon,Home,W,2,1,Everton,1.7,1.5,61.0,4.0,Wolverhampton Wanderers
2021-11-06,15:00,Matchweek 11,Sat,Away,L,0,2,Crystal Palace,0.3,1.9,40.0,2.0,Wolverhampton Wanderers
2021-11-20,15:00,Matchweek 12,Sat,Home,W,1,0,West Ham,1.4,0.4,52.0,5.0,Wolverhampton Wanderers
2021-11-27,15:00,Matchweek 13,Sat,Away,D,0,0,Norwich City,0.3,1.6,57.0,2.0,Wolverhampton Wanderers
2021-12-01,19:30,Matchweek 14,Wed,Home,D,0,0,Burnley,0.7,0.2,65.0,2.0,Wolverhampton Wanderers
2021-12-04,15:00,Matchweek 15,Sat,Home,L,0,1,Liverpool,0.1,2.7,34.0,1.0,Wolverhampton Wanderers
2021-12-11,12:30,Matchweek 16,Sat,Away,L,0,1,Manchester City,0.2,3.2,29.0,1.0,Wolverhampton Wanderers
2021-12-15,19:30,Matchweek 17,Wed,Away,W,1,0,Brighton,1.0,1.2,41.0,5.0,Wolverhampton Wanderers
2021-12-19,14:00,Matchweek 18,Sun,Home,D,0,0,Chelsea,0.2,0.9,37.0,1.0,Wolverhampton Wanderers
2022-01-03,17:30,Matchweek 21,Mon,Away,W,1,0,Manchester Utd,0.7,0.8,49.0,6.0,Wolverhampton Wanderers
2022-01-15,15:00,Matchweek 22,Sat,Home,W,3,1,Southampton,2.5,0.8,43.0,4.0,Wolverhampton Wanderers
2022-01-22,15:00,Matchweek 23,Sat,Away,W,2,1,Brentford,0.2,1.1,50.0,2.0,Wolverhampton Wanderers
2022-02-10,19:45,Matchweek 24,Thu,Home,L,0,1,Arsenal,0.8,1.8,58.0,4.0,Wolverhampton Wanderers
2022-02-13,14:00,Matchweek 25,Sun,Away,W,2,0,Tottenham,1.3,1.2,42.0,7.0,Wolverhampton Wanderers
2022-02-20,16:30,Matchweek 26,Sun,Home,W,2,1,Leicester City,0.5,1.7,37.0,3.0,Wolverhampton Wanderers
2022-02-24,19:45,Matchweek 20,Thu,Away,L,1,2,Arsenal,1.0,3.1,44.0,2.0,Wolverhampton Wanderers
2022-02-27,14:00,Matchweek 27,Sun,Away,L,0,1,West Ham,0.7,1.8,61.0,1.0,Wolverhampton Wanderers
2022-03-05,15:00,Matchweek 28,Sat,Home,L,0,2,Crystal Palace,0.7,2.7,63.0,5.0,Wolverhampton Wanderers
2022-03-10,19:30,Matchweek 19,Thu,Home,W,4,0,Watford,0.7,0.6,66.0,5.0,Wolverhampton Wanderers
2022-03-13,14:00,Matchweek 29,Sun,Away,W,1,0,Everton,0.8,0.4,61.0,3.0,Wolverhampton Wanderers
2022-03-18,20:00,Matchweek 30,Fri,Home,L,2,3,Leeds United,1.2,2.0,48.0,8.0,Wolverhampton Wanderers
2022-04-02,15:00,Matchweek 31,Sat,Home,W,2,1,Aston Villa,1.3,2.1,49.0,4.0,Wolverhampton Wanderers
2022-04-08,20:00,Matchweek 32,Fri,Away,L,0,1,Newcastle Utd,0.4,1.5,58.0,2.0,Wolverhampton Wanderers
2022-04-24,14:00,Matchweek 34,Sun,Away,L,0,1,Burnley,0.6,1.4,64.0,4.0,Wolverhampton Wanderers
2022-04-30,15:00,Matchweek 35,Sat,Home,L,0,3,Brighton,0.7,2.6,49.0,1.0,Wolverhampton Wanderers
2022-05-07,15:00,Matchweek 36,Sat,Away,D,2,2,Chelsea,2.0,1.7,41.0,4.0,Wolverhampton Wanderers
2022-05-11,20:15,Matchweek 33,Wed,Home,L,1,5,Manchester City,0.5,2.3,34.0,3.0,Wolverhampton Wanderers
2022-05-15,14:00,Matchweek 37,Sun,Home,D,1,1,Norwich City,0.9,1.1,64.0,4.0,Wolverhampton Wanderers
2022-05-22,16:00,Matchweek 38,Sun,Away,L,1,3,Liverpool,1.3,2.7,37.0,5.0,Wolverhampton Wanderers
2022-08-06,15:00,Matchweek 1,Sat,Away,L,1,2,Leeds United,1.3,0.8,60.0,6.0,Wolverhampton Wanderers
2022-08-13,15:00,Matchweek 2,Sat,Home,D,0,0,Fulham,0.9,1.5,59.0,1.0,Wolverhampton Wanderers
2022-08-20,12:30,Matchweek 3,Sat,Away,L,0,1,Tottenham,0.7,1.7,50.0,3.0,Wolverhampton Wanderers
2022-08-28,14:00,Matchweek 4,Sun,Home,D,1,1,Newcastle Utd,0.7,1.7,37.0,4.0,Wolverhampton Wanderers
2022-08-31,19:30,Matchweek 5,Wed,Away,D,0,0,Bournemouth,1.5,0.4,65.0,3.0,Wolverhampton Wanderers
2022-09-03,15:00,Matchweek 6,Sat,Home,W,1,0,Southampton,0.8,1.2,51.0,2.0,Wolverhampton Wanderers
2022-09-17,12:30,Matchweek 8,Sat,Home,L,0,3,Manchester City,0.4,1.1,41.0,1.0,Wolverhampton Wanderers
2022-10-01,17:30,Matchweek 9,Sat,Away,L,0,2,West Ham,0.7,0.9,61.0,4.0,Wolverhampton Wanderers
2022-10-08,15:00,Matchweek 10,Sat,Away,L,0,3,Chelsea,1.1,1.9,43.0,2.0,Wolverhampton Wanderers
2022-10-15,15:00,Matchweek 11,Sat,Home,W,1,0,Nott'ham Forest,1.3,1.5,58.0,1.0,Wolverhampton Wanderers
2022-10-18,20:15,Matchweek 12,Tue,Away,L,1,2,Crystal Palace,0.8,1.2,49.0,4.0,Wolverhampton Wanderers
2022-10-23,14:00,Matchweek 13,Sun,Home,L,0,4,Leicester City,2.1,0.9,60.0,5.0,Wolverhampton Wanderers
2022-10-29,15:00,Matchweek 14,Sat,Away,D,1,1,Brentford,0.6,1.4,42.0,4.0,Wolverhampton Wanderers
2022-11-05,15:00,Matchweek 15,Sat,Home,L,2,3,Brighton,1.2,1.5,29.0,4.0,Wolverhampton Wanderers
2022-11-12,19:45,Matchweek 16,Sat,Home,L,0,2,Arsenal,0.7,2.1,38.0,2.0,Wolverhampton Wanderers
2022-12-26,15:00,Matchweek 17,Mon,Away,W,2,1,Everton,0.8,1.7,42.0,4.0,Wolverhampton Wanderers
2022-12-31,12:30,Matchweek 18,Sat,Home,L,0,1,Manchester Utd,0.7,2.0,46.0,3.0,Wolverhampton Wanderers
2023-01-04,20:00,Matchweek 19,Wed,Away,D,1,1,Aston Villa,0.9,1.8,44.0,3.0,Wolverhampton Wanderers
2023-01-14,15:00,Matchweek 20,Sat,Home,W,1,0,West Ham,0.9,1.1,58.0,4.0,Wolverhampton Wanderers
2023-01-22,14:00,Matchweek 21,Sun,Away,L,0,3,Manchester City,0.8,2.8,45.0,1.0,Wolverhampton Wanderers
2023-02-04,15:00,Matchweek 22,Sat,Home,W,3,0,Liverpool,2.0,1.8,41.0,5.0,Wolverhampton Wanderers
2023-02-11,15:00,Matchweek 23,Sat,Away,W,2,1,Southampton,0.8,1.1,59.0,1.0,Wolverhampton Wanderers
2023-02-18,15:00,Matchweek 24,Sat,Home,L,0,1,Bournemouth,1.3,1.1,68.0,4.0,Wolverhampton Wanderers
2023-02-24,20:00,Matchweek 25,Fri,Away,D,1,1,Fulham,0.8,0.5,49.0,2.0,Wolverhampton Wanderers
2023-03-01,20:00,Matchweek 7,Wed,Away,L,0,2,Liverpool,0.8,2.6,43.0,1.0,Wolverhampton Wanderers
2023-03-04,15:00,Matchweek 26,Sat,Home,W,1,0,Tottenham,0.5,1.2,46.0,5.0,Wolverhampton Wanderers
2023-03-12,16:30,Matchweek 27,Sun,Away,L,1,2,Newcastle Utd,1.1,1.8,57.0,4.0,Wolverhampton Wanderers
2023-03-18,15:00,Matchweek 28,Sat,Home,L,2,4,Leeds United,2.7,1.6,65.0,8.0,Wolverhampton Wanderers
2023-04-01,15:00,Matchweek 29,Sat,Away,D,1,1,Nott'ham Forest,0.5,1.3,71.0,1.0,Wolverhampton Wanderers
2023-04-08,15:00,Matchweek 30,Sat,Home,W,1,0,Chelsea,0.6,1.1,38.0,4.0,Wolverhampton Wanderers
2023-04-15,15:00,Matchweek 31,Sat,Home,W,2,0,Brentford,0.8,1.1,50.0,9.0,Wolverhampton Wanderers
2023-04-22,15:00,Matchweek 32,Sat,Away,L,1,2,Leicester City,0.9,2.4,58.0,3.0,Wolverhampton Wanderers
2023-04-25,19:30,Matchweek 33,Tue,Home,W,2,0,Crystal Palace,1.4,0.8,41.0,2.0,Wolverhampton Wanderers
2023-04-29,15:00,Matchweek 34,Sat,Away,L,0,6,Brighton,0.8,3.3,43.0,2.0,Wolverhampton Wanderers
2023-05-06,15:00,Matchweek 35,Sat,Home,W,1,0,Aston Villa,0.8,1.5,38.0,2.0,Wolverhampton Wanderers
2023-05-13,15:00,Matchweek 36,Sat,Away,L,0,2,Manchester Utd,0.3,3.2,52.0,0.0,Wolverhampton Wanderers
2023-05-20,15:00,Matchweek 37,Sat,Home,D,1,1,Everton,1.6,2.0,52.0,5.0,Wolverhampton Wanderers
2023-05-28,16:30,Matchweek 38,Sun,Away,L,0,5,Arsenal,0.5,2.8,49.0,0.0,Wolverhampton Wanderers
2023-08-14,20:00,Matchweek 1,Mon,Away,L,0,1,Manchester Utd,2.2,2.2,49.0,6.0,Wolverhampton Wanderers
2023-08-19,15:00,Matchweek 2,Sat,Home,L,1,4,Brighton,2.1,2.2,47.0,5.0,Wolverhampton Wanderers
2023-08-26,15:00,Matchweek 3,Sat,Away,W,1,0,Everton,1.1,1.3,53.0,2.0,Wolverhampton Wanderers
2023-09-03,14:00,Matchweek 4,Sun,Away,L,2,3,Crystal Palace,1.2,2.1,57.0,4.0,Wolverhampton Wanderers
2023-09-16,12:30,Matchweek 5,Sat,Home,L,1,3,Liverpool,0.6,2.5,35.0,2.0,Wolverhampton Wanderers
2023-09-23,15:00,Matchweek 6,Sat,Away,D,1,1,Luton Town,0.6,2.1,43.0,3.0,Wolverhampton Wanderers
2023-09-30,15:00,Matchweek 7,Sat,Home,W,2,1,Manchester City,0.4,0.9,32.0,1.0,Wolverhampton Wanderers
2023-10-08,14:00,Matchweek 8,Sun,Home,D,1,1,Aston Villa,1.7,1.6,47.0,3.0,Wolverhampton Wanderers
2023-10-21,15:00,Matchweek 9,Sat,Away,W,2,1,Bournemouth,2.4,0.6,65.0,7.0,Wolverhampton Wanderers
2023-10-28,17:30,Matchweek 10,Sat,Home,D,2,2,Newcastle Utd,0.9,2.2,43.0,6.0,Wolverhampton Wanderers
2023-11-04,15:00,Matchweek 11,Sat,Away,L,1,2,Sheffield Utd,1.2,1.0,61.0,3.0,Wolverhampton Wanderers
2023-11-11,12:30,Matchweek 12,Sat,Home,W,2,1,Tottenham,2.1,0.7,42.0,4.0,Wolverhampton Wanderers
2023-11-27,20:00,Matchweek 13,Mon,Away,L,2,3,Fulham,1.4,2.9,40.0,5.0,Wolverhampton Wanderers
2023-12-02,15:00,Matchweek 14,Sat,Away,L,1,2,Arsenal,0.7,2.8,43.0,3.0,Wolverhampton Wanderers
2023-12-05,19:30,Matchweek 15,Tue,Home,W,1,0,Burnley,0.8,0.9,51.0,4.0,Wolverhampton Wanderers
2023-12-09,15:00,Matchweek 16,Sat,Home,D,1,1,Nott'ham Forest,1.2,1.3,68.0,4.0,Wolverhampton Wanderers
2023-12-17,14:00,Matchweek 17,Sun,Away,L,0,3,West Ham,0.7,1.1,55.0,3.0,Wolverhampton Wanderers
2023-12-24,13:00,Matchweek 18,Sun,Home,W,2,1,Chelsea,1.3,2.0,32.0,6.0,Wolverhampton Wanderers
2023-12-27,19:30,Matchweek 19,Wed,Away,W,4,1,Brentford,2.4,2.2,40.0,5.0,Wolverhampton Wanderers
2023-12-30,15:00,Matchweek 20,Sat,Home,W,3,0,Everton,1.9,0.4,53.0,6.0,Wolverhampton Wanderers
2024-01-22,19:45,Matchweek 21,Mon,Away,D,0,0,Brighton,1.1,1.0,28.0,3.0,Wolverhampton Wanderers
2024-02-01,20:15,Matchweek 22,Thu,Home,L,3,4,Manchester Utd,2.1,3.3,53.0,5.0,Wolverhampton Wanderers
2024-02-04,14:00,Matchweek 23,Sun,Away,W,4,2,Chelsea,2.0,1.7,36.0,6.0,Wolverhampton Wanderers
2024-02-10,15:00,Matchweek 24,Sat,Home,L,0,2,Brentford,1.0,1.9,71.0,5.0,Wolverhampton Wanderers
2024-02-17,15:00,Matchweek 25,Sat,Away,W,2,1,Tottenham,1.8,1.6,29.0,7.0,Wolverhampton Wanderers
2024-02-25,13:30,Matchweek 26,Sun,Home,W,1,0,Sheffield Utd,1.3,0.6,63.0,2.0,Wolverhampton Wanderers
2024-03-02,15:00,Matchweek 27,Sat,Away,L,0,3,Newcastle Utd,0.8,2.1,56.0,3.0,Wolverhampton Wanderers
2024-03-09,15:00,Matchweek 28,Sat,Home,W,2,1,Fulham,0.8,2.6,48.0,3.0,Wolverhampton Wanderers
2024-03-30,17:30,Matchweek 30,Sat,Away,L,0,2,Aston Villa,1.5,1.0,52.0,3.0,Wolverhampton Wanderers
2024-04-02,19:45,Matchweek 31,Tue,Away,D,1,1,Burnley,0.9,1.3,49.0,2.0,Wolverhampton Wanderers
2024-04-06,15:00,Matchweek 32,Sat,Home,L,1,2,West Ham,1.5,1.2,58.0,6.0,Wolverhampton Wanderers
2024-04-13,15:00,Matchweek 33,Sat,Away,D,2,2,Nott'ham Forest,1.0,1.9,54.0,3.0,Wolverhampton Wanderers
2024-04-20,19:30,Matchweek 34,Sat,Home,L,0,2,Arsenal,0.2,1.2,46.0,3.0,Wolverhampton Wanderers
2024-04-24,19:45,Matchweek 29,Wed,Home,L,0,1,Bournemouth,0.5,1.9,63.0,4.0,Wolverhampton Wanderers
2024-04-27,15:00,Matchweek 35,Sat,Home,W,2,1,Luton Town,1.2,0.6,58.0,5.0,Wolverhampton Wanderers
2024-05-04,17:30,Matchweek 36,Sat,Away,L,1,5,Manchester City,0.3,3.7,42.0,1.0,Wolverhampton Wanderers
2024-05-11,15:00,Matchweek 37,Sat,Home,L,1,3,Crystal Palace,1.6,2.6,62.0,8.0,Wolverhampton Wanderers
2024-05-19,16:00,Matchweek 38,Sun,Away,L,0,2,Liverpool,0.5,4.5,33.0,2.0,Wolverhampton Wanderers
2024-08-17,15:00,Matchweek 1,Sat,Away,L,0,2,Arsenal,0.5,1.2,47.0,3.0,Wolverhampton Wanderers
2024-08-25,14:00,Matchweek 2,Sun,Home,L,2,6,Chelsea,1.9,1.6,40.0,4.0,Wolverhampton Wanderers
2024-08-31,15:00,Matchweek 3,Sat,Away,D,1,1,Nott'ham Forest,0.7,1.0,48.0,2.0,Wolverhampton Wanderers
2024-09-15,16:30,Matchweek 4,Sun,Home,L,1,2,Newcastle Utd,1.2,1.5,49.0,5.0,Wolverhampton Wanderers
2024-09-21,15:00,Matchweek 5,Sat,Away,L,1,3,Aston Villa,0.5,1.7,47.0,4.0,Wolverhampton Wanderers
2024-09-28,17:30,Matchweek 6,Sat,Home,L,1,2,Liverpool,0.6,2.5,45.0,3.0,Wolverhampton Wanderers
2024-10-05,15:00,Matchweek 7,Sat,Away,L,3,5,Brentford,1.0,4.2,56.0,6.0,Wolverhampton Wanderers
2024-10-20,14:00,Matchweek 8,Sun,Home,L,1,2,Manchester City,0.8,1.6,23.0,2.0,Wolverhampton Wanderers
2024-10-26,15:00,Matchweek 9,Sat,Away,D,2,2,Brighton,1.3,1.3,49.0,7.0,Wolverhampton Wanderers
2024-11-02,17:30,Matchweek 10,Sat,Home,D,2,2,Crystal Palace,1.5,2.4,57.0,6.0,Wolverhampton Wanderers
2024-11-09,15:00,Matchweek 11,Sat,Home,W,2,0,Southampton,1.3,0.6,29.0,4.0,Wolverhampton Wanderers
2024-11-23,15:00,Matchweek 12,Sat,Away,W,4,1,Fulham,1.3,1.0,41.0,5.0,Wolverhampton Wanderers
2024-11-30,15:00,Matchweek 13,Sat,Home,L,2,4,Bournemouth,0.5,3.3,60.0,3.0,Wolverhampton Wanderers
2024-12-04,19:30,Matchweek 14,Wed,Away,L,0,4,Everton,0.8,1.0,56.0,2.0,Wolverhampton Wanderers
2024-12-09,20:00,Matchweek 15,Mon,Away,L,1,2,West Ham,1.4,1.0,46.0,5.0,Wolverhampton Wanderers
2024-12-14,15:00,Matchweek 16,Sat,Home,L,1,2,Ipswich Town,1.3,1.1,54.0,6.0,Wolverhampton Wanderers
2024-12-22,14:00,Matchweek 17,Sun,Away,W,3,0,Leicester City,1.1,0.8,46.0,4.0,Wolverhampton Wanderers
2024-12-26,17:30,Matchweek 18,Thu,Home,W,2,0,Manchester Utd,0.9,0.4,51.0,4.0,Wolverhampton Wanderers
2024-12-29,15:00,Matchweek 19,Sun,Away,D,2,2,Tottenham,0.7,2.2,52.0,3.0,Wolverhampton Wanderers
2025-01-06,20:00,Matchweek 20,Mon,Home,L,0,3,Nott'ham Forest,1.5,2.1,60.0,5.0,Wolverhampton Wanderers
2025-01-15,19:30,Matchweek 21,Wed,Away,L,0,3,Newcastle Utd,1.6,2.1,40.0,7.0,Wolverhampton Wanderers
2025-01-20,20:00,Matchweek 22,Mon,Away,L,1,3,Chelsea,0.8,3.1,37.0,4.0,Wolverhampton Wanderers
2025-01-25,15:00,Matchweek 23,Sat,Home,L,0,1,Arsenal,0.7,1.0,51.0,4.0,Wolverhampton Wanderers
2025-02-01,17:30,Matchweek 24,Sat,Home,W,2,0,Aston Villa,1.6,0.4,32.0,5.0,Wolverhampton Wanderers
2025-02-16,14:00,Matchweek 25,Sun,Away,L,1,2,Liverpool,1.5,1.7,50.0,4.0,Wolverhampton Wanderers
2025-02-22,15:00,Matchweek 26,Sat,Away,W,1,0,Bournemouth,2.0,0.9,54.0,5.0,Wolverhampton Wanderers
2025-02-25,19:30,Matchweek 27,Tue,Home,L,1,2,Fulham,1.3,1.7,60.0,5.0,Wolverhampton Wanderers
2025-03-08,20:00,Matchweek 28,Sat,Home,D,1,1,Everton,0.8,1.2,66.0,3.0,Wolverhampton Wanderers
2025-03-15,15:00,Matchweek 29,Sat,Away,W,2,1,Southampton,0.4,1.3,40.0,3.0,Wolverhampton Wanderers
2025-04-01,19:45,Matchweek 30,Tue,Home,W,1,0,West Ham,1.2,1.3,42.0,2.0,Wolverhampton Wanderers
2025-04-05,15:00,Matchweek 31,Sat,Away,W,2,1,Ipswich Town,2.6,0.8,55.0,6.0,Wolverhampton Wanderers
2025-04-13,14:00,Matchweek 32,Sun,Home,W,4,2,Tottenham,2.4,2.0,37.0,5.0,Wolverhampton Wanderers
2025-04-20,14:00,Matchweek 33,Sun,Away,W,1,0,Manchester Utd,0.2,1.3,41.0,2.0,Wolverhampton Wanderers
2025-04-26,15:00,Matchweek 34,Sat,Home,W,3,0,Leicester City,2.0,1.1,56.0,5.0,Wolverhampton Wanderers
2025-05-02,20:00,Matchweek 35,Fri,Away,L,0,1,Manchester City,0.4,0.7,37.0,0.0,Wolverhampton Wanderers
2025-05-10,15:00,Matchweek 36,Sat,Home,L,0,2,Brighton,0.9,1.6,56.0,3.0,Wolverhampton Wanderers
2025-05-20,20:00,Matchweek 37,Tue,Away,L,2,4,Crystal Palace,1.4,1.7,69.0,3.0,Wolverhampton Wanderers
2025-05-25,16:00,Matchweek 38,Sun,Home,D,1,1,Brentford,1.0,1.4,49.0,6.0,Wolverhampton Wanderers
