"id","matchDate","Country","League","Season","homeTeam","awayTeam","FTHG","FTAG","FTR","1HHG","1HAG","1HR","2HHG","2HAG","2HR"
"7328","08-08-15 13:45","England","Premier League","2015/2016","Manchester Utd","Tottenham","1","0","H","1","0","H","0","0","D"
"7324","08-08-15 16:00","England","Premier League","2015/2016","Bournemouth","Aston Villa","0","1","A","0","0","D","0","1","A"
"7325","08-08-15 16:00","England","Premier League","2015/2016","Everton","Watford","2","2","D","0","1","A","2","1","H"
"7326","08-08-15 16:00","England","Premier League","2015/2016","Leicester","Sunderland","4","2","H","3","0","H","1","2","A"
"7327","08-08-15 16:00","England","Premier League","2015/2016","Norwich","Crystal Palace","1","3","A","0","1","A","1","2","A"
"7323","08-08-15 18:30","England","Premier League","2015/2016","Chelsea","Swansea","2","2","D","2","1","H","0","1","A"
"7321","09-08-15 14:30","England","Premier League","2015/2016","Arsenal","West Ham","0","2","A","0","1","A","0","1","A"
"7322","09-08-15 14:30","England","Premier League","2015/2016","Newcastle","Southampton","2","2","D","1","1","D","1","1","D"
"7320","09-08-15 17:00","England","Premier League","2015/2016","Stoke","Liverpool","0","1","A","0","0","D","0","1","A"
"7319","10-08-15 21:00","England","Premier League","2015/2016","West Brom","Manchester City","0","3","A","0","2","A","0","1","A"
"7318","14-08-15 20:45","England","Premier League","2015/2016","Aston Villa","Manchester Utd","0","1","A","0","1","A","0","0","D"
"7317","15-08-15 13:45","England","Premier League","2015/2016","Southampton","Everton","0","3","A","0","2","A","0","1","A"
"7312","15-08-15 16:00","England","Premier League","2015/2016","Sunderland","Norwich","1","3","A","0","2","A","1","1","D"
"7313","15-08-15 16:00","England","Premier League","2015/2016","Swansea","Newcastle","2","0","H","1","0","H","1","0","H"
"7314","15-08-15 16:00","England","Premier League","2015/2016","Tottenham","Stoke","2","2","D","2","0","H","0","2","A"
"7315","15-08-15 16:00","England","Premier League","2015/2016","Watford","West Brom","0","0","D","0","0","D","0","0","D"
"7316","15-08-15 16:00","England","Premier League","2015/2016","West Ham","Leicester","1","2","A","0","2","A","1","0","H"
"7311","16-08-15 14:30","England","Premier League","2015/2016","Crystal Palace","Arsenal","1","2","A","1","1","D","0","1","A"
"7310","16-08-15 17:00","England","Premier League","2015/2016","Manchester City","Chelsea","3","0","H","1","0","H","2","0","H"
"7309","17-08-15 21:00","England","Premier League","2015/2016","Liverpool","Bournemouth","1","0","H","1","0","H","0","0","D"
"7308","22-08-15 13:45","England","Premier League","2015/2016","Manchester Utd","Newcastle","0","0","D","0","0","D","0","0","D"
"7303","22-08-15 16:00","England","Premier League","2015/2016","Crystal Palace","Aston Villa","2","1","H","0","0","D","2","1","H"
"7304","22-08-15 16:00","England","Premier League","2015/2016","Leicester","Tottenham","1","1","D","0","0","D","1","1","D"
"7305","22-08-15 16:00","England","Premier League","2015/2016","Norwich","Stoke","1","1","D","1","1","D","0","0","D"
"7306","22-08-15 16:00","England","Premier League","2015/2016","Sunderland","Swansea","1","1","D","0","1","A","1","0","H"
"7307","22-08-15 16:00","England","Premier League","2015/2016","West Ham","Bournemouth","3","4","A","0","2","A","3","2","H"
"7302","23-08-15 14:30","England","Premier League","2015/2016","West Brom","Chelsea","2","3","A","1","3","A","1","0","H"
"7300","23-08-15 17:00","England","Premier League","2015/2016","Everton","Manchester City","0","2","A","0","0","D","0","2","A"
"7301","23-08-15 17:00","England","Premier League","2015/2016","Watford","Southampton","0","0","D","0","0","D","0","0","D"
"7299","24-08-15 21:00","England","Premier League","2015/2016","Arsenal","Liverpool","0","0","D","0","0","D","0","0","D"
"7298","29-08-15 13:45","England","Premier League","2015/2016","Newcastle","Arsenal","0","1","A","0","0","D","0","1","A"
"7292","29-08-15 16:00","England","Premier League","2015/2016","Aston Villa","Sunderland","2","2","D","2","1","H","0","1","A"
"7293","29-08-15 16:00","England","Premier League","2015/2016","Bournemouth","Leicester","1","1","D","1","0","H","0","1","A"
"7294","29-08-15 16:00","England","Premier League","2015/2016","Chelsea","Crystal Palace","1","2","A","0","0","D","1","2","A"
"7295","29-08-15 16:00","England","Premier League","2015/2016","Liverpool","West Ham","0","3","A","0","2","A","0","1","A"
"7296","29-08-15 16:00","England","Premier League","2015/2016","Manchester City","Watford","2","0","H","0","0","D","2","0","H"
"7297","29-08-15 16:00","England","Premier League","2015/2016","Stoke","West Brom","0","1","A","0","1","A","0","0","D"
"7291","29-08-15 18:30","England","Premier League","2015/2016","Tottenham","Everton","0","0","D","0","0","D","0","0","D"
"7290","30-08-15 14:30","England","Premier League","2015/2016","Southampton","Norwich","3","0","H","1","0","H","2","0","H"
"7289","30-08-15 17:00","England","Premier League","2015/2016","Swansea","Manchester Utd","2","1","H","0","0","D","2","1","H"
"7288","12-09-15 13:45","England","Premier League","2015/2016","Everton","Chelsea","3","1","H","2","1","H","1","0","H"
"7283","12-09-15 16:00","England","Premier League","2015/2016","Arsenal","Stoke","2","0","H","1","0","H","1","0","H"
"7284","12-09-15 16:00","England","Premier League","2015/2016","Crystal Palace","Manchester City","0","1","A","0","0","D","0","1","A"
"7285","12-09-15 16:00","England","Premier League","2015/2016","Norwich","Bournemouth","3","1","H","1","0","H","2","1","H"
"7286","12-09-15 16:00","England","Premier League","2015/2016","Watford","Swansea","1","0","H","0","0","D","1","0","H"
"7287","12-09-15 16:00","England","Premier League","2015/2016","West Brom","Southampton","0","0","D","0","0","D","0","0","D"
"7282","12-09-15 18:30","England","Premier League","2015/2016","Manchester Utd","Liverpool","3","1","H","0","0","D","3","1","H"
"7281","13-09-15 14:30","England","Premier League","2015/2016","Sunderland","Tottenham","0","1","A","0","0","D","0","1","A"
"7280","13-09-15 17:00","England","Premier League","2015/2016","Leicester","Aston Villa","3","2","H","0","1","A","3","1","H"
"7279","14-09-15 21:00","England","Premier League","2015/2016","West Ham","Newcastle","2","0","H","1","0","H","1","0","H"
"7278","19-09-15 13:45","England","Premier League","2015/2016","Chelsea","Arsenal","2","0","H","0","0","D","2","0","H"
"7273","19-09-15 16:00","England","Premier League","2015/2016","Aston Villa","West Brom","0","1","A","0","1","A","0","0","D"
"7274","19-09-15 16:00","England","Premier League","2015/2016","Bournemouth","Sunderland","2","0","H","2","0","H","0","0","D"
"7275","19-09-15 16:00","England","Premier League","2015/2016","Newcastle","Watford","1","2","A","0","2","A","1","0","H"
"7276","19-09-15 16:00","England","Premier League","2015/2016","Stoke","Leicester","2","2","D","2","0","H","0","2","A"
"7277","19-09-15 16:00","England","Premier League","2015/2016","Swansea","Everton","0","0","D","0","0","D","0","0","D"
"7272","19-09-15 18:30","England","Premier League","2015/2016","Manchester City","West Ham","1","2","A","1","2","A","0","0","D"
"7271","20-09-15 14:30","England","Premier League","2015/2016","Tottenham","Crystal Palace","1","0","H","0","0","D","1","0","H"
"7269","20-09-15 17:00","England","Premier League","2015/2016","Liverpool","Norwich","1","1","D","0","0","D","1","1","D"
"7270","20-09-15 17:00","England","Premier League","2015/2016","Southampton","Manchester Utd","2","3","A","1","1","D","1","2","A"
"7268","26-09-15 13:45","England","Premier League","2015/2016","Tottenham","Manchester City","4","1","H","1","1","D","3","0","H"
"7262","26-09-15 16:00","England","Premier League","2015/2016","Leicester","Arsenal","2","5","A","1","2","A","1","3","A"
"7263","26-09-15 16:00","England","Premier League","2015/2016","Liverpool","Aston Villa","3","2","H","1","0","H","2","2","D"
"7264","26-09-15 16:00","England","Premier League","2015/2016","Manchester Utd","Sunderland","3","0","H","1","0","H","2","0","H"
"7265","26-09-15 16:00","England","Premier League","2015/2016","Southampton","Swansea","3","1","H","1","0","H","2","1","H"
"7266","26-09-15 16:00","England","Premier League","2015/2016","Stoke","Bournemouth","2","1","H","1","0","H","1","1","D"
"7267","26-09-15 16:00","England","Premier League","2015/2016","West Ham","Norwich","2","2","D","1","1","D","1","1","D"
"7261","26-09-15 18:30","England","Premier League","2015/2016","Newcastle","Chelsea","2","2","D","1","0","H","1","2","A"
"7260","27-09-15 17:00","England","Premier League","2015/2016","Watford","Crystal Palace","0","1","A","0","0","D","0","1","A"
"7259","28-09-15 21:00","England","Premier League","2015/2016","West Brom","Everton","2","3","A","1","0","H","1","3","A"
"7258","03-10-15 13:45","England","Premier League","2015/2016","Crystal Palace","West Brom","2","0","H","0","0","D","2","0","H"
"7253","03-10-15 16:00","England","Premier League","2015/2016","Aston Villa","Stoke","0","1","A","0","0","D","0","1","A"
"7254","03-10-15 16:00","England","Premier League","2015/2016","Bournemouth","Watford","1","1","D","1","1","D","0","0","D"
"7255","03-10-15 16:00","England","Premier League","2015/2016","Manchester City","Newcastle","6","1","H","1","1","D","5","0","H"
"7256","03-10-15 16:00","England","Premier League","2015/2016","Norwich","Leicester","1","2","A","0","1","A","1","1","D"
"7257","03-10-15 16:00","England","Premier League","2015/2016","Sunderland","West Ham","2","2","D","2","1","H","0","1","A"
"7252","03-10-15 18:30","England","Premier League","2015/2016","Chelsea","Southampton","1","3","A","1","1","D","0","2","A"
"7251","04-10-15 14:30","England","Premier League","2015/2016","Everton","Liverpool","1","1","D","1","1","D","0","0","D"
"7249","04-10-15 17:00","England","Premier League","2015/2016","Arsenal","Manchester Utd","3","0","H","3","0","H","0","0","D"
"7250","04-10-15 17:00","England","Premier League","2015/2016","Swansea","Tottenham","2","2","D","2","1","H","0","1","A"
"7248","17-10-15 13:45","England","Premier League","2015/2016","Tottenham","Liverpool","0","0","D","0","0","D","0","0","D"
"7242","17-10-15 16:00","England","Premier League","2015/2016","Chelsea","Aston Villa","2","0","H","1","0","H","1","0","H"
"7243","17-10-15 16:00","England","Premier League","2015/2016","Crystal Palace","West Ham","1","3","A","1","1","D","0","2","A"
"7244","17-10-15 16:00","England","Premier League","2015/2016","Everton","Manchester Utd","0","3","A","0","2","A","0","1","A"
"7245","17-10-15 16:00","England","Premier League","2015/2016","Manchester City","Bournemouth","5","1","H","4","1","H","1","0","H"
"7246","17-10-15 16:00","England","Premier League","2015/2016","Southampton","Leicester","2","2","D","2","0","H","0","2","A"
"7247","17-10-15 16:00","England","Premier League","2015/2016","West Brom","Sunderland","1","0","H","0","0","D","1","0","H"
"7241","17-10-15 18:30","England","Premier League","2015/2016","Watford","Arsenal","0","3","A","0","0","D","0","3","A"
"7240","18-10-15 17:00","England","Premier League","2015/2016","Newcastle","Norwich","6","2","H","3","2","H","3","0","H"
"7239","19-10-15 21:00","England","Premier League","2015/2016","Swansea","Stoke","0","1","A","0","1","A","0","0","D"
"7234","24-10-15 16:00","England","Premier League","2015/2016","Aston Villa","Swansea","1","2","A","0","0","D","1","2","A"
"7235","24-10-15 16:00","England","Premier League","2015/2016","Leicester","Crystal Palace","1","0","H","0","0","D","1","0","H"
"7236","24-10-15 16:00","England","Premier League","2015/2016","Norwich","West Brom","0","1","A","0","0","D","0","1","A"
"7237","24-10-15 16:00","England","Premier League","2015/2016","Stoke","Watford","0","2","A","0","1","A","0","1","A"
"7238","24-10-15 16:00","England","Premier League","2015/2016","West Ham","Chelsea","2","1","H","1","0","H","1","1","D"
"7233","24-10-15 18:30","England","Premier League","2015/2016","Arsenal","Everton","2","1","H","2","1","H","0","0","D"
"7232","25-10-15 13:00","England","Premier League","2015/2016","Sunderland","Newcastle","3","0","H","1","0","H","2","0","H"
"7230","25-10-15 15:05","England","Premier League","2015/2016","Bournemouth","Tottenham","1","5","A","1","3","A","0","2","A"
"7231","25-10-15 15:05","England","Premier League","2015/2016","Manchester Utd","Manchester City","0","0","D","0","0","D","0","0","D"
"7229","25-10-15 17:15","England","Premier League","2015/2016","Liverpool","Southampton","1","1","D","0","0","D","1","1","D"
"7228","31-10-15 13:45","England","Premier League","2015/2016","Chelsea","Liverpool","1","3","A","1","1","D","0","2","A"
"7222","31-10-15 16:00","England","Premier League","2015/2016","Crystal Palace","Manchester Utd","0","0","D","0","0","D","0","0","D"
"7223","31-10-15 16:00","England","Premier League","2015/2016","Manchester City","Norwich","2","1","H","0","0","D","2","1","H"
"7224","31-10-15 16:00","England","Premier League","2015/2016","Newcastle","Stoke","0","0","D","0","0","D","0","0","D"
"7225","31-10-15 16:00","England","Premier League","2015/2016","Swansea","Arsenal","0","3","A","0","0","D","0","3","A"
"7226","31-10-15 16:00","England","Premier League","2015/2016","Watford","West Ham","2","0","H","1","0","H","1","0","H"
"7227","31-10-15 16:00","England","Premier League","2015/2016","West Brom","Leicester","2","3","A","1","0","H","1","3","A"
"7221","01-11-15 14:30","England","Premier League","2015/2016","Everton","Sunderland","6","2","H","2","1","H","4","1","H"
"7220","01-11-15 17:00","England","Premier League","2015/2016","Southampton","Bournemouth","2","0","H","2","0","H","0","0","D"
"7219","02-11-15 21:00","England","Premier League","2015/2016","Tottenham","Aston Villa","3","1","H","2","0","H","1","1","D"
"7218","07-11-15 13:45","England","Premier League","2015/2016","Bournemouth","Newcastle","0","1","A","0","1","A","0","0","D"
"7213","07-11-15 16:00","England","Premier League","2015/2016","Leicester","Watford","2","1","H","0","0","D","2","1","H"
"7214","07-11-15 16:00","England","Premier League","2015/2016","Manchester Utd","West Brom","2","0","H","0","0","D","2","0","H"
"7215","07-11-15 16:00","England","Premier League","2015/2016","Norwich","Swansea","1","0","H","0","0","D","1","0","H"
"7216","07-11-15 16:00","England","Premier League","2015/2016","Sunderland","Southampton","0","1","A","0","0","D","0","1","A"
"7217","07-11-15 16:00","England","Premier League","2015/2016","West Ham","Everton","1","1","D","1","1","D","0","0","D"
"7212","07-11-15 18:30","England","Premier League","2015/2016","Stoke","Chelsea","1","0","H","0","0","D","1","0","H"
"7211","08-11-15 14:30","England","Premier League","2015/2016","Aston Villa","Manchester City","0","0","D","0","0","D","0","0","D"
"7209","08-11-15 17:00","England","Premier League","2015/2016","Arsenal","Tottenham","1","1","D","0","1","A","1","0","H"
"7210","08-11-15 17:00","England","Premier League","2015/2016","Liverpool","Crystal Palace","1","2","A","1","1","D","0","1","A"
"7208","21-11-15 13:45","England","Premier League","2015/2016","Watford","Manchester Utd","1","2","A","0","1","A","1","1","D"
"7202","21-11-15 16:00","England","Premier League","2015/2016","Chelsea","Norwich","1","0","H","0","0","D","1","0","H"
"7203","21-11-15 16:00","England","Premier League","2015/2016","Everton","Aston Villa","4","0","H","3","0","H","1","0","H"
"7204","21-11-15 16:00","England","Premier League","2015/2016","Newcastle","Leicester","0","3","A","0","1","A","0","2","A"
"7205","21-11-15 16:00","England","Premier League","2015/2016","Southampton","Stoke","0","1","A","0","1","A","0","0","D"
"7206","21-11-15 16:00","England","Premier League","2015/2016","Swansea","Bournemouth","2","2","D","2","2","D","0","0","D"
"7207","21-11-15 16:00","England","Premier League","2015/2016","West Brom","Arsenal","2","1","H","2","1","H","0","0","D"
"7201","21-11-15 18:30","England","Premier League","2015/2016","Manchester City","Liverpool","1","4","A","1","3","A","0","1","A"
"7200","22-11-15 17:00","England","Premier League","2015/2016","Tottenham","West Ham","4","1","H","2","0","H","2","1","H"
"7199","23-11-15 21:00","England","Premier League","2015/2016","Crystal Palace","Sunderland","0","1","A","0","0","D","0","1","A"
"7194","28-11-15 16:00","England","Premier League","2015/2016","Aston Villa","Watford","2","3","A","1","1","D","1","2","A"
"7195","28-11-15 16:00","England","Premier League","2015/2016","Bournemouth","Everton","3","3","D","0","2","A","3","1","H"
"7196","28-11-15 16:00","England","Premier League","2015/2016","Crystal Palace","Newcastle","5","1","H","3","1","H","2","0","H"
"7197","28-11-15 16:00","England","Premier League","2015/2016","Manchester City","Southampton","3","1","H","2","0","H","1","1","D"
"7198","28-11-15 16:00","England","Premier League","2015/2016","Sunderland","Stoke","2","0","H","0","0","D","2","0","H"
"7193","28-11-15 18:30","England","Premier League","2015/2016","Leicester","Manchester Utd","1","1","D","1","1","D","0","0","D"
"7192","29-11-15 13:00","England","Premier League","2015/2016","Tottenham","Chelsea","0","0","D","0","0","D","0","0","D"
"7191","29-11-15 15:05","England","Premier League","2015/2016","West Ham","West Brom","1","1","D","1","0","H","0","1","A"
"7189","29-11-15 17:15","England","Premier League","2015/2016","Liverpool","Swansea","1","0","H","0","0","D","1","0","H"
"7190","29-11-15 17:15","England","Premier League","2015/2016","Norwich","Arsenal","1","1","D","1","1","D","0","0","D"
"7188","05-12-15 13:45","England","Premier League","2015/2016","Stoke","Manchester City","2","0","H","2","0","H","0","0","D"
"7182","05-12-15 16:00","England","Premier League","2015/2016","Arsenal","Sunderland","3","1","H","1","1","D","2","0","H"
"7183","05-12-15 16:00","England","Premier League","2015/2016","Manchester Utd","West Ham","0","0","D","0","0","D","0","0","D"
"7184","05-12-15 16:00","England","Premier League","2015/2016","Southampton","Aston Villa","1","1","D","0","1","A","1","0","H"
"7185","05-12-15 16:00","England","Premier League","2015/2016","Swansea","Leicester","0","3","A","0","2","A","0","1","A"
"7186","05-12-15 16:00","England","Premier League","2015/2016","Watford","Norwich","2","0","H","1","0","H","1","0","H"
"7187","05-12-15 16:00","England","Premier League","2015/2016","West Brom","Tottenham","1","1","D","1","1","D","0","0","D"
"7181","05-12-15 18:30","England","Premier League","2015/2016","Chelsea","Bournemouth","0","1","A","0","0","D","0","1","A"
"7180","06-12-15 17:00","England","Premier League","2015/2016","Newcastle","Liverpool","2","0","H","0","0","D","2","0","H"
"7179","07-12-15 21:00","England","Premier League","2015/2016","Everton","Crystal Palace","1","1","D","0","0","D","1","1","D"
"7178","12-12-15 13:45","England","Premier League","2015/2016","Norwich","Everton","1","1","D","0","1","A","1","0","H"
"7174","12-12-15 16:00","England","Premier League","2015/2016","Crystal Palace","Southampton","1","0","H","1","0","H","0","0","D"
"7175","12-12-15 16:00","England","Premier League","2015/2016","Manchester City","Swansea","2","1","H","1","0","H","1","1","D"
"7176","12-12-15 16:00","England","Premier League","2015/2016","Sunderland","Watford","0","1","A","0","1","A","0","0","D"
"7177","12-12-15 16:00","England","Premier League","2015/2016","West Ham","Stoke","0","0","D","0","0","D","0","0","D"
"7173","12-12-15 18:30","England","Premier League","2015/2016","Bournemouth","Manchester Utd","2","1","H","1","1","D","1","0","H"
"7172","13-12-15 14:30","England","Premier League","2015/2016","Aston Villa","Arsenal","0","2","A","0","2","A","0","0","D"
"7170","13-12-15 17:00","England","Premier League","2015/2016","Liverpool","West Brom","2","2","D","1","1","D","1","1","D"
"7171","13-12-15 17:00","England","Premier League","2015/2016","Tottenham","Newcastle","1","2","A","1","0","H","0","2","A"
"7169","14-12-15 21:00","England","Premier League","2015/2016","Leicester","Chelsea","2","1","H","1","0","H","1","1","D"
"7163","19-12-15 16:00","England","Premier League","2015/2016","Chelsea","Sunderland","3","1","H","2","0","H","1","1","D"
"7164","19-12-15 16:00","England","Premier League","2015/2016","Everton","Leicester","2","3","A","1","1","D","1","2","A"
"7165","19-12-15 16:00","England","Premier League","2015/2016","Manchester Utd","Norwich","1","2","A","0","1","A","1","1","D"
"7166","19-12-15 16:00","England","Premier League","2015/2016","Southampton","Tottenham","0","2","A","0","2","A","0","0","D"
"7167","19-12-15 16:00","England","Premier League","2015/2016","Stoke","Crystal Palace","1","2","A","0","1","A","1","1","D"
"7168","19-12-15 16:00","England","Premier League","2015/2016","West Brom","Bournemouth","1","2","A","0","0","D","1","2","A"
"7162","19-12-15 18:30","England","Premier League","2015/2016","Newcastle","Aston Villa","1","1","D","1","0","H","0","1","A"
"7161","20-12-15 14:30","England","Premier League","2015/2016","Watford","Liverpool","3","0","H","2","0","H","1","0","H"
"7160","20-12-15 17:00","England","Premier League","2015/2016","Swansea","West Ham","0","0","D","0","0","D","0","0","D"
"7159","21-12-15 21:00","England","Premier League","2015/2016","Arsenal","Manchester City","2","1","H","2","0","H","0","1","A"
"7158","26-12-15 13:45","England","Premier League","2015/2016","Stoke","Manchester Utd","2","0","H","2","0","H","0","0","D"
"7151","26-12-15 16:00","England","Premier League","2015/2016","Aston Villa","West Ham","1","1","D","0","1","A","1","0","H"
"7152","26-12-15 16:00","England","Premier League","2015/2016","Bournemouth","Crystal Palace","0","0","D","0","0","D","0","0","D"
"7153","26-12-15 16:00","England","Premier League","2015/2016","Chelsea","Watford","2","2","D","1","1","D","1","1","D"
"7154","26-12-15 16:00","England","Premier League","2015/2016","Liverpool","Leicester","1","0","H","0","0","D","1","0","H"
"7155","26-12-15 16:00","England","Premier League","2015/2016","Manchester City","Sunderland","4","1","H","3","0","H","1","1","D"
"7156","26-12-15 16:00","England","Premier League","2015/2016","Swansea","West Brom","1","0","H","1","0","H","0","0","D"
"7157","26-12-15 16:00","England","Premier League","2015/2016","Tottenham","Norwich","3","0","H","2","0","H","1","0","H"
"7150","26-12-15 18:30","England","Premier League","2015/2016","Newcastle","Everton","0","1","A","0","0","D","0","1","A"
"7149","26-12-15 20:45","England","Premier League","2015/2016","Southampton","Arsenal","4","0","H","1","0","H","3","0","H"
"7144","28-12-15 16:00","England","Premier League","2015/2016","Crystal Palace","Swansea","0","0","D","0","0","D","0","0","D"
"7145","28-12-15 16:00","England","Premier League","2015/2016","Everton","Stoke","3","4","A","1","2","A","2","2","D"
"7146","28-12-15 16:00","England","Premier League","2015/2016","Norwich","Aston Villa","2","0","H","1","0","H","1","0","H"
"7147","28-12-15 16:00","England","Premier League","2015/2016","Watford","Tottenham","1","2","A","1","1","D","0","1","A"
"7148","28-12-15 16:00","England","Premier League","2015/2016","West Brom","Newcastle","1","0","H","0","0","D","1","0","H"
"7141","28-12-15 18:30","England","Premier League","2015/2016","Arsenal","Bournemouth","2","0","H","1","0","H","1","0","H"
"7142","28-12-15 18:30","England","Premier League","2015/2016","Manchester Utd","Chelsea","0","0","D","0","0","D","0","0","D"
"7143","28-12-15 18:30","England","Premier League","2015/2016","West Ham","Southampton","2","1","H","0","1","A","2","0","H"
"7140","29-12-15 20:45","England","Premier League","2015/2016","Leicester","Manchester City","0","0","D","0","0","D","0","0","D"
"7139","30-12-15 20:45","England","Premier League","2015/2016","Sunderland","Liverpool","0","1","A","0","0","D","0","1","A"
"7138","02-01-16 13:45","England","Premier League","2015/2016","West Ham","Liverpool","2","0","H","1","0","H","1","0","H"
"7132","02-01-16 16:00","England","Premier League","2015/2016","Arsenal","Newcastle","1","0","H","0","0","D","1","0","H"
"7133","02-01-16 16:00","England","Premier League","2015/2016","Leicester","Bournemouth","0","0","D","0","0","D","0","0","D"
"7134","02-01-16 16:00","England","Premier League","2015/2016","Manchester Utd","Swansea","2","1","H","0","0","D","2","1","H"
"7135","02-01-16 16:00","England","Premier League","2015/2016","Norwich","Southampton","1","0","H","0","0","D","1","0","H"
"7136","02-01-16 16:00","England","Premier League","2015/2016","Sunderland","Aston Villa","3","1","H","1","0","H","2","1","H"
"7137","02-01-16 16:00","England","Premier League","2015/2016","West Brom","Stoke","2","1","H","0","0","D","2","1","H"
"7131","02-01-16 18:30","England","Premier League","2015/2016","Watford","Manchester City","1","2","A","0","0","D","1","2","A"
"7130","03-01-16 14:30","England","Premier League","2015/2016","Crystal Palace","Chelsea","0","3","A","0","1","A","0","2","A"
"7129","03-01-16 17:00","England","Premier League","2015/2016","Everton","Tottenham","1","1","D","1","1","D","0","0","D"
"7126","12-01-16 20:45","England","Premier League","2015/2016","Aston Villa","Crystal Palace","1","0","H","0","0","D","1","0","H"
"7127","12-01-16 20:45","England","Premier League","2015/2016","Bournemouth","West Ham","1","3","A","1","0","H","0","3","A"
"7128","12-01-16 20:45","England","Premier League","2015/2016","Newcastle","Manchester Utd","3","3","D","1","2","A","2","1","H"
"7121","13-01-16 20:45","England","Premier League","2015/2016","Chelsea","West Brom","2","2","D","1","1","D","1","1","D"
"7122","13-01-16 20:45","England","Premier League","2015/2016","Manchester City","Everton","0","0","D","0","0","D","0","0","D"
"7123","13-01-16 20:45","England","Premier League","2015/2016","Southampton","Watford","2","0","H","1","0","H","1","0","H"
"7124","13-01-16 20:45","England","Premier League","2015/2016","Stoke","Norwich","3","1","H","0","0","D","3","1","H"
"7125","13-01-16 20:45","England","Premier League","2015/2016","Swansea","Sunderland","2","4","A","2","1","H","0","3","A"
"7119","13-01-16 21:00","England","Premier League","2015/2016","Liverpool","Arsenal","3","3","D","2","2","D","1","1","D"
"7120","13-01-16 21:00","England","Premier League","2015/2016","Tottenham","Leicester","0","1","A","0","0","D","0","1","A"
"7118","16-01-16 13:45","England","Premier League","2015/2016","Tottenham","Sunderland","4","1","H","1","1","D","3","0","H"
"7113","16-01-16 16:00","England","Premier League","2015/2016","Bournemouth","Norwich","3","0","H","1","0","H","2","0","H"
"7114","16-01-16 16:00","England","Premier League","2015/2016","Chelsea","Everton","3","3","D","0","0","D","3","3","D"
"7115","16-01-16 16:00","England","Premier League","2015/2016","Manchester City","Crystal Palace","4","0","H","2","0","H","2","0","H"
"7116","16-01-16 16:00","England","Premier League","2015/2016","Newcastle","West Ham","2","1","H","2","0","H","0","1","A"
"7117","16-01-16 16:00","England","Premier League","2015/2016","Southampton","West Brom","3","0","H","2","0","H","1","0","H"
"7112","16-01-16 18:30","England","Premier League","2015/2016","Aston Villa","Leicester","1","1","D","0","1","A","1","0","H"
"7111","17-01-16 15:05","England","Premier League","2015/2016","Liverpool","Manchester Utd","0","1","A","0","0","D","0","1","A"
"7110","17-01-16 17:15","England","Premier League","2015/2016","Stoke","Arsenal","0","0","D","0","0","D","0","0","D"
"7109","18-01-16 21:00","England","Premier League","2015/2016","Swansea","Watford","1","0","H","1","0","H","0","0","D"
"7108","23-01-16 13:45","England","Premier League","2015/2016","Norwich","Liverpool","4","5","A","2","1","H","2","4","A"
"7102","23-01-16 16:00","England","Premier League","2015/2016","Crystal Palace","Tottenham","1","3","A","1","0","H","0","3","A"
"7103","23-01-16 16:00","England","Premier League","2015/2016","Leicester","Stoke","3","0","H","1","0","H","2","0","H"
"7104","23-01-16 16:00","England","Premier League","2015/2016","Manchester Utd","Southampton","0","1","A","0","0","D","0","1","A"
"7105","23-01-16 16:00","England","Premier League","2015/2016","Sunderland","Bournemouth","1","1","D","1","1","D","0","0","D"
"7106","23-01-16 16:00","England","Premier League","2015/2016","Watford","Newcastle","2","1","H","0","0","D","2","1","H"
"7107","23-01-16 16:00","England","Premier League","2015/2016","West Brom","Aston Villa","0","0","D","0","0","D","0","0","D"
"7101","23-01-16 18:30","England","Premier League","2015/2016","West Ham","Manchester City","2","2","D","1","1","D","1","1","D"
"7100","24-01-16 14:30","England","Premier League","2015/2016","Everton","Swansea","1","2","A","1","2","A","0","0","D"
"7099","24-01-16 17:00","England","Premier League","2015/2016","Arsenal","Chelsea","0","1","A","0","1","A","0","0","D"
"7094","02-02-16 20:45","England","Premier League","2015/2016","Arsenal","Southampton","0","0","D","0","0","D","0","0","D"
"7095","02-02-16 20:45","England","Premier League","2015/2016","Leicester","Liverpool","2","0","H","0","0","D","2","0","H"
"7096","02-02-16 20:45","England","Premier League","2015/2016","Norwich","Tottenham","0","3","A","0","2","A","0","1","A"
"7097","02-02-16 20:45","England","Premier League","2015/2016","Sunderland","Manchester City","0","1","A","0","1","A","0","0","D"
"7098","02-02-16 20:45","England","Premier League","2015/2016","West Ham","Aston Villa","2","0","H","0","0","D","2","0","H"
"7091","02-02-16 21:00","England","Premier League","2015/2016","Crystal Palace","Bournemouth","1","2","A","1","1","D","0","1","A"
"7092","02-02-16 21:00","England","Premier League","2015/2016","Manchester Utd","Stoke","3","0","H","2","0","H","1","0","H"
"7093","02-02-16 21:00","England","Premier League","2015/2016","West Brom","Swansea","1","1","D","0","0","D","1","1","D"
"7089","03-02-16 20:45","England","Premier League","2015/2016","Everton","Newcastle","3","0","H","1","0","H","2","0","H"
"7090","03-02-16 20:45","England","Premier League","2015/2016","Watford","Chelsea","0","0","D","0","0","D","0","0","D"
"7088","06-02-16 13:45","England","Premier League","2015/2016","Manchester City","Leicester","1","3","A","0","1","A","1","2","A"
"7082","06-02-16 16:00","England","Premier League","2015/2016","Aston Villa","Norwich","2","0","H","1","0","H","1","0","H"
"7083","06-02-16 16:00","England","Premier League","2015/2016","Liverpool","Sunderland","2","2","D","0","0","D","2","2","D"
"7084","06-02-16 16:00","England","Premier League","2015/2016","Newcastle","West Brom","1","0","H","1","0","H","0","0","D"
"7085","06-02-16 16:00","England","Premier League","2015/2016","Stoke","Everton","0","3","A","0","3","A","0","0","D"
"7086","06-02-16 16:00","England","Premier League","2015/2016","Swansea","Crystal Palace","1","1","D","1","0","H","0","1","A"
"7087","06-02-16 16:00","England","Premier League","2015/2016","Tottenham","Watford","1","0","H","0","0","D","1","0","H"
"7081","06-02-16 18:30","England","Premier League","2015/2016","Southampton","West Ham","1","0","H","1","0","H","0","0","D"
"7080","07-02-16 14:30","England","Premier League","2015/2016","Bournemouth","Arsenal","0","2","A","0","2","A","0","0","D"
"7079","07-02-16 17:00","England","Premier League","2015/2016","Chelsea","Manchester Utd","1","1","D","0","0","D","1","1","D"
"7078","13-02-16 13:45","England","Premier League","2015/2016","Sunderland","Manchester Utd","2","1","H","1","1","D","1","0","H"
"7073","13-02-16 16:00","England","Premier League","2015/2016","Bournemouth","Stoke","1","3","A","0","1","A","1","2","A"
"7074","13-02-16 16:00","England","Premier League","2015/2016","Crystal Palace","Watford","1","2","A","1","1","D","0","1","A"
"7075","13-02-16 16:00","England","Premier League","2015/2016","Everton","West Brom","0","1","A","0","1","A","0","0","D"
"7076","13-02-16 16:00","England","Premier League","2015/2016","Norwich","West Ham","2","2","D","0","0","D","2","2","D"
"7077","13-02-16 16:00","England","Premier League","2015/2016","Swansea","Southampton","0","1","A","0","0","D","0","1","A"
"7072","13-02-16 18:30","England","Premier League","2015/2016","Chelsea","Newcastle","5","1","H","3","0","H","2","1","H"
"7071","14-02-16 13:00","England","Premier League","2015/2016","Arsenal","Leicester","2","1","H","0","1","A","2","0","H"
"7070","14-02-16 15:05","England","Premier League","2015/2016","Aston Villa","Liverpool","0","6","A","0","2","A","0","4","A"
"7069","14-02-16 17:15","England","Premier League","2015/2016","Manchester City","Tottenham","1","2","A","0","0","D","1","2","A"
"7068","27-02-16 13:45","England","Premier League","2015/2016","West Ham","Sunderland","1","0","H","1","0","H","0","0","D"
"7064","27-02-16 16:00","England","Premier League","2015/2016","Leicester","Norwich","1","0","H","0","0","D","1","0","H"
"7065","27-02-16 16:00","England","Premier League","2015/2016","Southampton","Chelsea","1","2","A","1","0","H","0","2","A"
"7066","27-02-16 16:00","England","Premier League","2015/2016","Stoke","Aston Villa","2","1","H","0","0","D","2","1","H"
"7067","27-02-16 16:00","England","Premier League","2015/2016","Watford","Bournemouth","0","0","D","0","0","D","0","0","D"
"7063","27-02-16 18:30","England","Premier League","2015/2016","West Brom","Crystal Palace","3","2","H","3","0","H","0","2","A"
"7061","28-02-16 15:05","England","Premier League","2015/2016","Manchester Utd","Arsenal","3","2","H","2","1","H","1","1","D"
"7062","28-02-16 15:05","England","Premier League","2015/2016","Tottenham","Swansea","2","1","H","0","1","A","2","0","H"
"7056","01-03-16 20:45","England","Premier League","2015/2016","Aston Villa","Everton","1","3","A","0","2","A","1","1","D"
"7057","01-03-16 20:45","England","Premier League","2015/2016","Bournemouth","Southampton","2","0","H","1","0","H","1","0","H"
"7058","01-03-16 20:45","England","Premier League","2015/2016","Leicester","West Brom","2","2","D","2","1","H","0","1","A"
"7059","01-03-16 20:45","England","Premier League","2015/2016","Norwich","Chelsea","1","2","A","0","2","A","1","0","H"
"7060","01-03-16 20:45","England","Premier League","2015/2016","Sunderland","Crystal Palace","2","2","D","1","0","H","1","2","A"
"7053","02-03-16 20:45","England","Premier League","2015/2016","Arsenal","Swansea","1","2","A","1","1","D","0","1","A"
"7054","02-03-16 20:45","England","Premier League","2015/2016","Stoke","Newcastle","1","0","H","0","0","D","1","0","H"
"7055","02-03-16 20:45","England","Premier League","2015/2016","West Ham","Tottenham","1","0","H","1","0","H","0","0","D"
"7051","02-03-16 21:00","England","Premier League","2015/2016","Liverpool","Manchester City","3","0","H","2","0","H","1","0","H"
"7052","02-03-16 21:00","England","Premier League","2015/2016","Manchester Utd","Watford","1","0","H","0","0","D","1","0","H"
"7050","05-03-16 13:45","England","Premier League","2015/2016","Tottenham","Arsenal","2","2","D","0","1","A","2","1","H"
"7044","05-03-16 16:00","England","Premier League","2015/2016","Chelsea","Stoke","1","1","D","1","0","H","0","1","A"
"7045","05-03-16 16:00","England","Premier League","2015/2016","Everton","West Ham","2","3","A","1","0","H","1","3","A"
"7046","05-03-16 16:00","England","Premier League","2015/2016","Manchester City","Aston Villa","4","0","H","0","0","D","4","0","H"
"7047","05-03-16 16:00","England","Premier League","2015/2016","Newcastle","Bournemouth","1","3","A","0","1","A","1","2","A"
"7048","05-03-16 16:00","England","Premier League","2015/2016","Southampton","Sunderland","1","1","D","0","0","D","1","1","D"
"7049","05-03-16 16:00","England","Premier League","2015/2016","Swansea","Norwich","1","0","H","0","0","D","1","0","H"
"7043","05-03-16 18:30","England","Premier League","2015/2016","Watford","Leicester","0","1","A","0","0","D","0","1","A"
"7042","06-03-16 14:30","England","Premier League","2015/2016","Crystal Palace","Liverpool","1","2","A","0","0","D","1","2","A"
"7041","06-03-16 17:00","England","Premier League","2015/2016","West Brom","Manchester Utd","1","0","H","0","0","D","1","0","H"
"7040","12-03-16 13:45","England","Premier League","2015/2016","Norwich","Manchester City","0","0","D","0","0","D","0","0","D"
"7038","12-03-16 16:00","England","Premier League","2015/2016","Bournemouth","Swansea","3","2","H","1","1","D","2","1","H"
"7039","12-03-16 16:00","England","Premier League","2015/2016","Stoke","Southampton","1","2","A","0","2","A","1","0","H"
"7037","13-03-16 17:00","England","Premier League","2015/2016","Aston Villa","Tottenham","0","2","A","0","1","A","0","1","A"
"7036","14-03-16 21:00","England","Premier League","2015/2016","Leicester","Newcastle","1","0","H","1","0","H","0","0","D"
"7035","19-03-16 13:45","England","Premier League","2015/2016","Everton","Arsenal","0","2","A","0","2","A","0","0","D"
"7031","19-03-16 16:00","England","Premier League","2015/2016","Chelsea","West Ham","2","2","D","1","1","D","1","1","D"
"7032","19-03-16 16:00","England","Premier League","2015/2016","Crystal Palace","Leicester","0","1","A","0","1","A","0","0","D"
"7033","19-03-16 16:00","England","Premier League","2015/2016","Watford","Stoke","1","2","A","0","1","A","1","1","D"
"7034","19-03-16 16:00","England","Premier League","2015/2016","West Brom","Norwich","0","1","A","0","0","D","0","1","A"
"7030","19-03-16 18:30","England","Premier League","2015/2016","Swansea","Aston Villa","1","0","H","0","0","D","1","0","H"
"7028","20-03-16 14:30","England","Premier League","2015/2016","Newcastle","Sunderland","1","1","D","0","1","A","1","0","H"
"7029","20-03-16 14:30","England","Premier League","2015/2016","Southampton","Liverpool","3","2","H","0","2","A","3","0","H"
"7026","20-03-16 17:00","England","Premier League","2015/2016","Manchester City","Manchester Utd","0","1","A","0","1","A","0","0","D"
"7027","20-03-16 17:00","England","Premier League","2015/2016","Tottenham","Bournemouth","3","0","H","2","0","H","1","0","H"
"7025","02-04-16 13:45","England","Premier League","2015/2016","Aston Villa","Chelsea","0","4","A","0","2","A","0","2","A"
"7019","02-04-16 16:00","England","Premier League","2015/2016","Arsenal","Watford","4","0","H","2","0","H","2","0","H"
"7020","02-04-16 16:00","England","Premier League","2015/2016","Bournemouth","Manchester City","0","4","A","0","3","A","0","1","A"
"7021","02-04-16 16:00","England","Premier League","2015/2016","Norwich","Newcastle","3","2","H","1","0","H","2","2","D"
"7022","02-04-16 16:00","England","Premier League","2015/2016","Stoke","Swansea","2","2","D","1","0","H","1","2","A"
"7023","02-04-16 16:00","England","Premier League","2015/2016","Sunderland","West Brom","0","0","D","0","0","D","0","0","D"
"7024","02-04-16 16:00","England","Premier League","2015/2016","West Ham","Crystal Palace","2","2","D","2","1","H","0","1","A"
"7018","02-04-16 18:30","England","Premier League","2015/2016","Liverpool","Tottenham","1","1","D","0","0","D","1","1","D"
"7017","03-04-16 14:30","England","Premier League","2015/2016","Leicester","Southampton","1","0","H","1","0","H","0","0","D"
"7016","03-04-16 17:00","England","Premier League","2015/2016","Manchester Utd","Everton","1","0","H","0","0","D","1","0","H"
"7015","09-04-16 13:45","England","Premier League","2015/2016","West Ham","Arsenal","3","3","D","2","2","D","1","1","D"
"7010","09-04-16 16:00","England","Premier League","2015/2016","Aston Villa","Bournemouth","1","2","A","0","1","A","1","1","D"
"7011","09-04-16 16:00","England","Premier League","2015/2016","Crystal Palace","Norwich","1","0","H","0","0","D","1","0","H"
"7012","09-04-16 16:00","England","Premier League","2015/2016","Southampton","Newcastle","3","1","H","2","0","H","1","1","D"
"7013","09-04-16 16:00","England","Premier League","2015/2016","Swansea","Chelsea","1","0","H","1","0","H","0","0","D"
"7014","09-04-16 16:00","England","Premier League","2015/2016","Watford","Everton","1","1","D","1","1","D","0","0","D"
"7009","09-04-16 18:30","England","Premier League","2015/2016","Manchester City","West Brom","2","1","H","1","1","D","1","0","H"
"7008","10-04-16 14:30","England","Premier League","2015/2016","Sunderland","Leicester","0","2","A","0","0","D","0","2","A"
"7006","10-04-16 17:00","England","Premier League","2015/2016","Liverpool","Stoke","4","1","H","2","1","H","2","0","H"
"7007","10-04-16 17:00","England","Premier League","2015/2016","Tottenham","Manchester Utd","3","0","H","0","0","D","3","0","H"
"7005","13-04-16 21:00","England","Premier League","2015/2016","Crystal Palace","Everton","0","0","D","0","0","D","0","0","D"
"7004","16-04-16 13:45","England","Premier League","2015/2016","Norwich","Sunderland","0","3","A","0","1","A","0","2","A"
"7000","16-04-16 16:00","England","Premier League","2015/2016","Everton","Southampton","1","1","D","0","0","D","1","1","D"
"7001","16-04-16 16:00","England","Premier League","2015/2016","Manchester Utd","Aston Villa","1","0","H","1","0","H","0","0","D"
"7002","16-04-16 16:00","England","Premier League","2015/2016","Newcastle","Swansea","3","0","H","1","0","H","2","0","H"
"7003","16-04-16 16:00","England","Premier League","2015/2016","West Brom","Watford","0","1","A","0","1","A","0","0","D"
"6999","16-04-16 18:30","England","Premier League","2015/2016","Chelsea","Manchester City","0","3","A","0","1","A","0","2","A"
"6997","17-04-16 14:30","England","Premier League","2015/2016","Bournemouth","Liverpool","1","2","A","0","2","A","1","0","H"
"6998","17-04-16 14:30","England","Premier League","2015/2016","Leicester","West Ham","2","2","D","1","0","H","1","2","A"
"6996","17-04-16 17:00","England","Premier League","2015/2016","Arsenal","Crystal Palace","1","1","D","1","0","H","0","1","A"
"6995","18-04-16 21:00","England","Premier League","2015/2016","Stoke","Tottenham","0","4","A","0","1","A","0","3","A"
"6994","19-04-16 20:45","England","Premier League","2015/2016","Newcastle","Manchester City","1","1","D","1","1","D","0","0","D"
"6993","20-04-16 20:45","England","Premier League","2015/2016","West Ham","Watford","3","1","H","2","0","H","1","1","D"
"6991","20-04-16 21:00","England","Premier League","2015/2016","Liverpool","Everton","4","0","H","2","0","H","2","0","H"
"6992","20-04-16 21:00","England","Premier League","2015/2016","Manchester Utd","Crystal Palace","2","0","H","1","0","H","1","0","H"
"6990","21-04-16 20:45","England","Premier League","2015/2016","Arsenal","West Brom","2","0","H","2","0","H","0","0","D"
"6989","23-04-16 13:45","England","Premier League","2015/2016","Manchester City","Stoke","4","0","H","2","0","H","2","0","H"
"6986","23-04-16 16:00","England","Premier League","2015/2016","Aston Villa","Southampton","2","4","A","1","2","A","1","2","A"
"6987","23-04-16 16:00","England","Premier League","2015/2016","Bournemouth","Chelsea","1","4","A","1","2","A","0","2","A"
"6988","23-04-16 16:00","England","Premier League","2015/2016","Liverpool","Newcastle","2","2","D","2","0","H","0","2","A"
"6985","24-04-16 15:05","England","Premier League","2015/2016","Sunderland","Arsenal","0","0","D","0","0","D","0","0","D"
"6984","24-04-16 17:15","England","Premier League","2015/2016","Leicester","Swansea","4","0","H","2","0","H","2","0","H"
"6983","25-04-16 21:00","England","Premier League","2015/2016","Tottenham","West Brom","1","1","D","1","0","H","0","1","A"
"6978","30-04-16 16:00","England","Premier League","2015/2016","Everton","Bournemouth","2","1","H","1","1","D","1","0","H"
"6979","30-04-16 16:00","England","Premier League","2015/2016","Newcastle","Crystal Palace","1","0","H","0","0","D","1","0","H"
"6980","30-04-16 16:00","England","Premier League","2015/2016","Stoke","Sunderland","1","1","D","0","0","D","1","1","D"
"6981","30-04-16 16:00","England","Premier League","2015/2016","Watford","Aston Villa","3","2","H","1","1","D","2","1","H"
"6982","30-04-16 16:00","England","Premier League","2015/2016","West Brom","West Ham","0","3","A","0","2","A","0","1","A"
"6977","30-04-16 18:30","England","Premier League","2015/2016","Arsenal","Norwich","1","0","H","0","0","D","1","0","H"
"6976","01-05-16 13:00","England","Premier League","2015/2016","Swansea","Liverpool","3","1","H","2","0","H","1","1","D"
"6975","01-05-16 15:05","England","Premier League","2015/2016","Manchester Utd","Leicester","1","1","D","1","1","D","0","0","D"
"6974","01-05-16 17:30","England","Premier League","2015/2016","Southampton","Manchester City","4","2","H","2","1","H","2","1","H"
"6973","02-05-16 21:00","England","Premier League","2015/2016","Chelsea","Tottenham","2","2","D","0","2","A","2","0","H"
"6972","07-05-16 13:45","England","Premier League","2015/2016","Norwich","Manchester Utd","0","1","A","0","0","D","0","1","A"
"6967","07-05-16 16:00","England","Premier League","2015/2016","Aston Villa","Newcastle","0","0","D","0","0","D","0","0","D"
"6968","07-05-16 16:00","England","Premier League","2015/2016","Bournemouth","West Brom","1","1","D","0","1","A","1","0","H"
"6969","07-05-16 16:00","England","Premier League","2015/2016","Crystal Palace","Stoke","2","1","H","0","1","A","2","0","H"
"6970","07-05-16 16:00","England","Premier League","2015/2016","Sunderland","Chelsea","3","2","H","1","2","A","2","0","H"
"6971","07-05-16 16:00","England","Premier League","2015/2016","West Ham","Swansea","1","4","A","0","2","A","1","2","A"
"6966","07-05-16 18:30","England","Premier League","2015/2016","Leicester","Everton","3","1","H","2","0","H","1","1","D"
"6965","08-05-16 14:30","England","Premier League","2015/2016","Tottenham","Southampton","1","2","A","1","1","D","0","1","A"
"6963","08-05-16 17:00","England","Premier League","2015/2016","Liverpool","Watford","2","0","H","1","0","H","1","0","H"
"6964","08-05-16 17:00","England","Premier League","2015/2016","Manchester City","Arsenal","2","2","D","1","1","D","1","1","D"
"6962","10-05-16 20:45","England","Premier League","2015/2016","West Ham","Manchester Utd","3","2","H","1","0","H","2","2","D"
"6960","11-05-16 20:45","England","Premier League","2015/2016","Norwich","Watford","4","2","H","3","1","H","1","1","D"
"6961","11-05-16 20:45","England","Premier League","2015/2016","Sunderland","Everton","3","0","H","2","0","H","1","0","H"
"6959","11-05-16 21:00","England","Premier League","2015/2016","Liverpool","Chelsea","1","1","D","0","1","A","1","0","H"
"6950","15-05-16 16:00","England","Premier League","2015/2016","Arsenal","Aston Villa","4","0","H","1","0","H","3","0","H"
"6951","15-05-16 16:00","England","Premier League","2015/2016","Chelsea","Leicester","1","1","D","0","0","D","1","1","D"
"6952","15-05-16 16:00","England","Premier League","2015/2016","Everton","Norwich","3","0","H","2","0","H","1","0","H"
"6953","15-05-16 16:00","England","Premier League","2015/2016","Newcastle","Tottenham","5","1","H","2","0","H","3","1","H"
"6954","15-05-16 16:00","England","Premier League","2015/2016","Southampton","Crystal Palace","4","1","H","1","0","H","3","1","H"
"6955","15-05-16 16:00","England","Premier League","2015/2016","Stoke","West Ham","2","1","H","0","1","A","2","0","H"
"6956","15-05-16 16:00","England","Premier League","2015/2016","Swansea","Manchester City","1","1","D","1","1","D","0","0","D"
"6957","15-05-16 16:00","England","Premier League","2015/2016","Watford","Sunderland","2","2","D","0","1","A","2","1","H"
"6958","15-05-16 16:00","England","Premier League","2015/2016","West Brom","Liverpool","1","1","D","1","1","D","0","0","D"
"6949","17-05-16 21:00","England","Premier League","2015/2016","Manchester Utd","Bournemouth","3","1","H","1","0","H","2","1","H"
"6948","13-08-16 13:30","England","Premier League","2016/2017","Hull","Leicester","2","1","H","1","0","H","1","1","D"
"6943","13-08-16 16:00","England","Premier League","2016/2017","Burnley","Swansea","0","1","A","0","0","D","0","1","A"
"6944","13-08-16 16:00","England","Premier League","2016/2017","Crystal Palace","West Brom","0","1","A","0","0","D","0","1","A"
"6945","13-08-16 16:00","England","Premier League","2016/2017","Everton","Tottenham","1","1","D","1","0","H","0","1","A"
"6946","13-08-16 16:00","England","Premier League","2016/2017","Middlesbrough","Stoke","1","1","D","1","0","H","0","1","A"
"6947","13-08-16 16:00","England","Premier League","2016/2017","Southampton","Watford","1","1","D","0","1","A","1","0","H"
"6942","13-08-16 18:30","England","Premier League","2016/2017","Manchester City","Sunderland","2","1","H","1","0","H","1","1","D"
"6941","14-08-16 14:30","England","Premier League","2016/2017","Bournemouth","Manchester Utd","1","3","A","0","1","A","1","2","A"
"6940","14-08-16 17:00","England","Premier League","2016/2017","Arsenal","Liverpool","3","4","A","1","1","D","2","3","A"
"6939","15-08-16 21:00","England","Premier League","2016/2017","Chelsea","West Ham","2","1","H","0","0","D","2","1","H"
"6938","19-08-16 21:00","England","Premier League","2016/2017","Manchester Utd","Southampton","2","0","H","1","0","H","1","0","H"
"6937","20-08-16 13:30","England","Premier League","2016/2017","Stoke","Manchester City","1","4","A","0","2","A","1","2","A"
"6932","20-08-16 16:00","England","Premier League","2016/2017","Burnley","Liverpool","2","0","H","2","0","H","0","0","D"
"6933","20-08-16 16:00","England","Premier League","2016/2017","Swansea","Hull","0","2","A","0","0","D","0","2","A"
"6934","20-08-16 16:00","England","Premier League","2016/2017","Tottenham","Crystal Palace","1","0","H","0","0","D","1","0","H"
"6935","20-08-16 16:00","England","Premier League","2016/2017","Watford","Chelsea","1","2","A","0","0","D","1","2","A"
"6936","20-08-16 16:00","England","Premier League","2016/2017","West Brom","Everton","1","2","A","1","1","D","0","1","A"
"6931","20-08-16 18:30","England","Premier League","2016/2017","Leicester","Arsenal","0","0","D","0","0","D","0","0","D"
"6930","21-08-16 14:30","England","Premier League","2016/2017","Sunderland","Middlesbrough","1","2","A","0","2","A","1","0","H"
"6929","21-08-16 17:00","England","Premier League","2016/2017","West Ham","Bournemouth","1","0","H","0","0","D","1","0","H"
"6928","27-08-16 13:30","England","Premier League","2016/2017","Tottenham","Liverpool","1","1","D","0","1","A","1","0","H"
"6922","27-08-16 16:00","England","Premier League","2016/2017","Chelsea","Burnley","3","0","H","2","0","H","1","0","H"
"6923","27-08-16 16:00","England","Premier League","2016/2017","Crystal Palace","Bournemouth","1","1","D","0","1","A","1","0","H"
"6924","27-08-16 16:00","England","Premier League","2016/2017","Everton","Stoke","1","0","H","0","0","D","1","0","H"
"6925","27-08-16 16:00","England","Premier League","2016/2017","Leicester","Swansea","2","1","H","1","0","H","1","1","D"
"6926","27-08-16 16:00","England","Premier League","2016/2017","Southampton","Sunderland","1","1","D","0","0","D","1","1","D"
"6927","27-08-16 16:00","England","Premier League","2016/2017","Watford","Arsenal","1","3","A","0","3","A","1","0","H"
"6921","27-08-16 18:30","England","Premier League","2016/2017","Hull","Manchester Utd","0","1","A","0","0","D","0","1","A"
"6920","28-08-16 14:30","England","Premier League","2016/2017","West Brom","Middlesbrough","0","0","D","0","0","D","0","0","D"
"6919","28-08-16 17:00","England","Premier League","2016/2017","Manchester City","West Ham","3","1","H","2","0","H","1","1","D"
"6918","10-09-16 13:30","England","Premier League","2016/2017","Manchester Utd","Manchester City","1","2","A","1","2","A","0","0","D"
"6912","10-09-16 16:00","England","Premier League","2016/2017","Arsenal","Southampton","2","1","H","1","1","D","1","0","H"
"6913","10-09-16 16:00","England","Premier League","2016/2017","Bournemouth","West Brom","1","0","H","0","0","D","1","0","H"
"6914","10-09-16 16:00","England","Premier League","2016/2017","Burnley","Hull","1","1","D","0","0","D","1","1","D"
"6915","10-09-16 16:00","England","Premier League","2016/2017","Middlesbrough","Crystal Palace","1","2","A","1","1","D","0","1","A"
"6916","10-09-16 16:00","England","Premier League","2016/2017","Stoke","Tottenham","0","4","A","0","1","A","0","3","A"
"6917","10-09-16 16:00","England","Premier League","2016/2017","West Ham","Watford","2","4","A","2","2","D","0","2","A"
"6911","10-09-16 18:30","England","Premier League","2016/2017","Liverpool","Leicester","4","1","H","2","1","H","2","0","H"
"6910","11-09-16 17:00","England","Premier League","2016/2017","Swansea","Chelsea","2","2","D","0","1","A","2","1","H"
"6909","12-09-16 21:00","England","Premier League","2016/2017","Sunderland","Everton","0","3","A","0","0","D","0","3","A"
"6908","16-09-16 21:00","England","Premier League","2016/2017","Chelsea","Liverpool","1","2","A","0","2","A","1","0","H"
"6904","17-09-16 16:00","England","Premier League","2016/2017","Hull","Arsenal","1","4","A","0","1","A","1","3","A"
"6905","17-09-16 16:00","England","Premier League","2016/2017","Leicester","Burnley","3","0","H","1","0","H","2","0","H"
"6906","17-09-16 16:00","England","Premier League","2016/2017","Manchester City","Bournemouth","4","0","H","2","0","H","2","0","H"
"6907","17-09-16 16:00","England","Premier League","2016/2017","West Brom","West Ham","4","2","H","3","0","H","1","2","A"
"6903","17-09-16 18:30","England","Premier League","2016/2017","Everton","Middlesbrough","3","1","H","3","1","H","0","0","D"
"6902","18-09-16 13:00","England","Premier League","2016/2017","Watford","Manchester Utd","3","1","H","1","0","H","2","1","H"
"6900","18-09-16 15:15","England","Premier League","2016/2017","Crystal Palace","Stoke","4","1","H","2","0","H","2","1","H"
"6901","18-09-16 15:15","England","Premier League","2016/2017","Southampton","Swansea","1","0","H","0","0","D","1","0","H"
"6899","18-09-16 17:30","England","Premier League","2016/2017","Tottenham","Sunderland","1","0","H","0","0","D","1","0","H"
"6898","24-09-16 13:30","England","Premier League","2016/2017","Manchester Utd","Leicester","4","1","H","4","0","H","0","1","A"
"6892","24-09-16 16:00","England","Premier League","2016/2017","Bournemouth","Everton","1","0","H","1","0","H","0","0","D"
"6893","24-09-16 16:00","England","Premier League","2016/2017","Liverpool","Hull","5","1","H","3","0","H","2","1","H"
"6894","24-09-16 16:00","England","Premier League","2016/2017","Middlesbrough","Tottenham","1","2","A","0","2","A","1","0","H"
"6895","24-09-16 16:00","England","Premier League","2016/2017","Stoke","West Brom","1","1","D","0","0","D","1","1","D"
"6896","24-09-16 16:00","England","Premier League","2016/2017","Sunderland","Crystal Palace","2","3","A","1","0","H","1","3","A"
"6897","24-09-16 16:00","England","Premier League","2016/2017","Swansea","Manchester City","1","3","A","1","1","D","0","2","A"
"6891","24-09-16 18:30","England","Premier League","2016/2017","Arsenal","Chelsea","3","0","H","3","0","H","0","0","D"
"6890","25-09-16 17:00","England","Premier League","2016/2017","West Ham","Southampton","0","3","A","0","1","A","0","2","A"
"6889","26-09-16 21:00","England","Premier League","2016/2017","Burnley","Watford","2","0","H","1","0","H","1","0","H"
"6888","30-09-16 21:00","England","Premier League","2016/2017","Everton","Crystal Palace","1","1","D","1","0","H","0","1","A"
"6887","01-10-16 13:30","England","Premier League","2016/2017","Swansea","Liverpool","1","2","A","1","0","H","0","2","A"
"6883","01-10-16 16:00","England","Premier League","2016/2017","Hull","Chelsea","0","2","A","0","0","D","0","2","A"
"6884","01-10-16 16:00","England","Premier League","2016/2017","Sunderland","West Brom","1","1","D","0","1","A","1","0","H"
"6885","01-10-16 16:00","England","Premier League","2016/2017","Watford","Bournemouth","2","2","D","0","1","A","2","1","H"
"6886","01-10-16 16:00","England","Premier League","2016/2017","West Ham","Middlesbrough","1","1","D","0","0","D","1","1","D"
"6882","02-10-16 13:00","England","Premier League","2016/2017","Manchester Utd","Stoke","1","1","D","0","0","D","1","1","D"
"6880","02-10-16 15:15","England","Premier League","2016/2017","Leicester","Southampton","0","0","D","0","0","D","0","0","D"
"6881","02-10-16 15:15","England","Premier League","2016/2017","Tottenham","Manchester City","2","0","H","2","0","H","0","0","D"
"6879","02-10-16 17:30","England","Premier League","2016/2017","Burnley","Arsenal","0","1","A","0","0","D","0","1","A"
"6878","15-10-16 13:30","England","Premier League","2016/2017","Chelsea","Leicester","3","0","H","2","0","H","1","0","H"
"6873","15-10-16 16:00","England","Premier League","2016/2017","Arsenal","Swansea","3","2","H","2","1","H","1","1","D"
"6874","15-10-16 16:00","England","Premier League","2016/2017","Bournemouth","Hull","6","1","H","3","1","H","3","0","H"
"6875","15-10-16 16:00","England","Premier League","2016/2017","Manchester City","Everton","1","1","D","0","0","D","1","1","D"
"6876","15-10-16 16:00","England","Premier League","2016/2017","Stoke","Sunderland","2","0","H","2","0","H","0","0","D"
"6877","15-10-16 16:00","England","Premier League","2016/2017","West Brom","Tottenham","1","1","D","0","0","D","1","1","D"
"6872","15-10-16 18:30","England","Premier League","2016/2017","Crystal Palace","West Ham","0","1","A","0","1","A","0","0","D"
"6871","16-10-16 14:30","England","Premier League","2016/2017","Middlesbrough","Watford","0","1","A","0","0","D","0","1","A"
"6870","16-10-16 17:00","England","Premier League","2016/2017","Southampton","Burnley","3","1","H","0","0","D","3","1","H"
"6869","17-10-16 21:00","England","Premier League","2016/2017","Liverpool","Manchester Utd","0","0","D","0","0","D","0","0","D"
"6868","22-10-16 13:30","England","Premier League","2016/2017","Bournemouth","Tottenham","0","0","D","0","0","D","0","0","D"
"6862","22-10-16 16:00","England","Premier League","2016/2017","Arsenal","Middlesbrough","0","0","D","0","0","D","0","0","D"
"6863","22-10-16 16:00","England","Premier League","2016/2017","Burnley","Everton","2","1","H","1","0","H","1","1","D"
"6864","22-10-16 16:00","England","Premier League","2016/2017","Hull","Stoke","0","2","A","0","1","A","0","1","A"
"6865","22-10-16 16:00","England","Premier League","2016/2017","Leicester","Crystal Palace","3","1","H","1","0","H","2","1","H"
"6866","22-10-16 16:00","England","Premier League","2016/2017","Swansea","Watford","0","0","D","0","0","D","0","0","D"
"6867","22-10-16 16:00","England","Premier League","2016/2017","West Ham","Sunderland","1","0","H","0","0","D","1","0","H"
"6861","22-10-16 18:30","England","Premier League","2016/2017","Liverpool","West Brom","2","1","H","2","0","H","0","1","A"
"6860","23-10-16 14:30","England","Premier League","2016/2017","Manchester City","Southampton","1","1","D","0","1","A","1","0","H"
"6859","23-10-16 17:00","England","Premier League","2016/2017","Chelsea","Manchester Utd","4","0","H","2","0","H","2","0","H"
"6858","29-10-16 13:30","England","Premier League","2016/2017","Sunderland","Arsenal","1","4","A","0","1","A","1","3","A"
"6853","29-10-16 16:00","England","Premier League","2016/2017","Manchester Utd","Burnley","0","0","D","0","0","D","0","0","D"
"6854","29-10-16 16:00","England","Premier League","2016/2017","Middlesbrough","Bournemouth","2","0","H","1","0","H","1","0","H"
"6855","29-10-16 16:00","England","Premier League","2016/2017","Tottenham","Leicester","1","1","D","1","0","H","0","1","A"
"6856","29-10-16 16:00","England","Premier League","2016/2017","Watford","Hull","1","0","H","0","0","D","1","0","H"
"6857","29-10-16 16:00","England","Premier League","2016/2017","West Brom","Manchester City","0","4","A","0","2","A","0","2","A"
"6852","29-10-16 18:30","England","Premier League","2016/2017","Crystal Palace","Liverpool","2","4","A","2","3","A","0","1","A"
"6851","30-10-16 14:30","England","Premier League","2016/2017","Everton","West Ham","2","0","H","0","0","D","2","0","H"
"6850","30-10-16 17:00","England","Premier League","2016/2017","Southampton","Chelsea","0","2","A","0","1","A","0","1","A"
"6849","31-10-16 21:00","England","Premier League","2016/2017","Stoke","Swansea","3","1","H","1","1","D","2","0","H"
"6845","05-11-16 16:00","England","Premier League","2016/2017","Bournemouth","Sunderland","1","2","A","1","1","D","0","1","A"
"6846","05-11-16 16:00","England","Premier League","2016/2017","Burnley","Crystal Palace","3","2","H","2","0","H","1","2","A"
"6847","05-11-16 16:00","England","Premier League","2016/2017","Manchester City","Middlesbrough","1","1","D","1","0","H","0","1","A"
"6848","05-11-16 16:00","England","Premier League","2016/2017","West Ham","Stoke","1","1","D","0","0","D","1","1","D"
"6844","05-11-16 18:30","England","Premier League","2016/2017","Chelsea","Everton","5","0","H","3","0","H","2","0","H"
"6843","06-11-16 13:00","England","Premier League","2016/2017","Arsenal","Tottenham","1","1","D","1","0","H","0","1","A"
"6841","06-11-16 15:15","England","Premier League","2016/2017","Hull","Southampton","2","1","H","0","1","A","2","0","H"
"6842","06-11-16 15:15","England","Premier League","2016/2017","Liverpool","Watford","6","1","H","3","0","H","3","1","H"
"6840","06-11-16 16:00","England","Premier League","2016/2017","Swansea","Manchester Utd","1","3","A","0","3","A","1","0","H"
"6839","06-11-16 17:30","England","Premier League","2016/2017","Leicester","West Brom","1","2","A","0","0","D","1","2","A"
"6838","19-11-16 13:30","England","Premier League","2016/2017","Manchester Utd","Arsenal","1","1","D","0","0","D","1","1","D"
"6832","19-11-16 16:00","England","Premier League","2016/2017","Crystal Palace","Manchester City","1","2","A","0","1","A","1","1","D"
"6833","19-11-16 16:00","England","Premier League","2016/2017","Everton","Swansea","1","1","D","0","1","A","1","0","H"
"6834","19-11-16 16:00","England","Premier League","2016/2017","Southampton","Liverpool","0","0","D","0","0","D","0","0","D"
"6835","19-11-16 16:00","England","Premier League","2016/2017","Stoke","Bournemouth","0","1","A","0","1","A","0","0","D"
"6836","19-11-16 16:00","England","Premier League","2016/2017","Sunderland","Hull","3","0","H","1","0","H","2","0","H"
"6837","19-11-16 16:00","England","Premier League","2016/2017","Watford","Leicester","2","1","H","2","1","H","0","0","D"
"6831","19-11-16 18:30","England","Premier League","2016/2017","Tottenham","West Ham","3","2","H","0","1","A","3","1","H"
"6830","20-11-16 17:00","England","Premier League","2016/2017","Middlesbrough","Chelsea","0","1","A","0","1","A","0","0","D"
"6829","21-11-16 21:00","England","Premier League","2016/2017","West Brom","Burnley","4","0","H","3","0","H","1","0","H"
"6828","26-11-16 13:30","England","Premier League","2016/2017","Burnley","Manchester City","1","2","A","1","1","D","0","1","A"
"6824","26-11-16 16:00","England","Premier League","2016/2017","Hull","West Brom","1","1","D","0","1","A","1","0","H"
"6825","26-11-16 16:00","England","Premier League","2016/2017","Leicester","Middlesbrough","2","2","D","1","1","D","1","1","D"
"6826","26-11-16 16:00","England","Premier League","2016/2017","Liverpool","Sunderland","2","0","H","0","0","D","2","0","H"
"6827","26-11-16 16:00","England","Premier League","2016/2017","Swansea","Crystal Palace","5","4","H","1","1","D","4","3","H"
"6823","26-11-16 18:30","England","Premier League","2016/2017","Chelsea","Tottenham","2","1","H","1","1","D","1","0","H"
"6822","27-11-16 13:00","England","Premier League","2016/2017","Watford","Stoke","0","1","A","0","1","A","0","0","D"
"6821","27-11-16 15:15","England","Premier League","2016/2017","Arsenal","Bournemouth","3","1","H","1","1","D","2","0","H"
"6819","27-11-16 17:30","England","Premier League","2016/2017","Manchester Utd","West Ham","1","1","D","1","1","D","0","0","D"
"6820","27-11-16 17:30","England","Premier League","2016/2017","Southampton","Everton","1","0","H","1","0","H","0","0","D"
"6818","03-12-16 13:30","England","Premier League","2016/2017","Manchester City","Chelsea","1","3","A","1","0","H","0","3","A"
"6813","03-12-16 16:00","England","Premier League","2016/2017","Crystal Palace","Southampton","3","0","H","2","0","H","1","0","H"
"6814","03-12-16 16:00","England","Premier League","2016/2017","Stoke","Burnley","2","0","H","2","0","H","0","0","D"
"6815","03-12-16 16:00","England","Premier League","2016/2017","Sunderland","Leicester","2","1","H","0","0","D","2","1","H"
"6816","03-12-16 16:00","England","Premier League","2016/2017","Tottenham","Swansea","5","0","H","2","0","H","3","0","H"
"6817","03-12-16 16:00","England","Premier League","2016/2017","West Brom","Watford","3","1","H","2","0","H","1","1","D"
"6812","03-12-16 18:30","England","Premier League","2016/2017","West Ham","Arsenal","1","5","A","0","1","A","1","4","A"
"6811","04-12-16 14:30","England","Premier League","2016/2017","Bournemouth","Liverpool","4","3","H","0","2","A","4","1","H"
"6810","04-12-16 17:00","England","Premier League","2016/2017","Everton","Manchester Utd","1","1","D","0","1","A","1","0","H"
"6809","05-12-16 21:00","England","Premier League","2016/2017","Middlesbrough","Hull","1","0","H","0","0","D","1","0","H"
"6808","10-12-16 13:30","England","Premier League","2016/2017","Watford","Everton","3","2","H","1","1","D","2","1","H"
"6804","10-12-16 16:00","England","Premier League","2016/2017","Arsenal","Stoke","3","1","H","1","1","D","2","0","H"
"6805","10-12-16 16:00","England","Premier League","2016/2017","Burnley","Bournemouth","3","2","H","2","1","H","1","1","D"
"6806","10-12-16 16:00","England","Premier League","2016/2017","Hull","Crystal Palace","3","3","D","1","0","H","2","3","A"
"6807","10-12-16 16:00","England","Premier League","2016/2017","Swansea","Sunderland","3","0","H","0","0","D","3","0","H"
"6803","10-12-16 18:30","England","Premier League","2016/2017","Leicester","Manchester City","4","2","H","3","0","H","1","2","A"
"6802","11-12-16 13:00","England","Premier League","2016/2017","Chelsea","West Brom","1","0","H","0","0","D","1","0","H"
"6800","11-12-16 15:15","England","Premier League","2016/2017","Manchester Utd","Tottenham","1","0","H","1","0","H","0","0","D"
"6801","11-12-16 15:15","England","Premier League","2016/2017","Southampton","Middlesbrough","1","0","H","0","0","D","1","0","H"
"6799","11-12-16 17:30","England","Premier League","2016/2017","Liverpool","West Ham","2","2","D","1","2","A","1","0","H"
"6797","13-12-16 20:45","England","Premier League","2016/2017","Bournemouth","Leicester","1","0","H","1","0","H","0","0","D"
"6798","13-12-16 20:45","England","Premier League","2016/2017","Everton","Arsenal","2","1","H","1","1","D","1","0","H"
"6794","14-12-16 20:45","England","Premier League","2016/2017","Middlesbrough","Liverpool","0","3","A","0","1","A","0","2","A"
"6795","14-12-16 20:45","England","Premier League","2016/2017","Sunderland","Chelsea","0","1","A","0","1","A","0","0","D"
"6796","14-12-16 20:45","England","Premier League","2016/2017","West Ham","Burnley","1","0","H","1","0","H","0","0","D"
"6789","14-12-16 21:00","England","Premier League","2016/2017","Crystal Palace","Manchester Utd","1","2","A","0","1","A","1","1","D"
"6790","14-12-16 21:00","England","Premier League","2016/2017","Manchester City","Watford","2","0","H","1","0","H","1","0","H"
"6791","14-12-16 21:00","England","Premier League","2016/2017","Stoke","Southampton","0","0","D","0","0","D","0","0","D"
"6792","14-12-16 21:00","England","Premier League","2016/2017","Tottenham","Hull","3","0","H","1","0","H","2","0","H"
"6793","14-12-16 21:00","England","Premier League","2016/2017","West Brom","Swansea","3","1","H","0","0","D","3","1","H"
"6788","17-12-16 13:30","England","Premier League","2016/2017","Crystal Palace","Chelsea","0","1","A","0","1","A","0","0","D"
"6784","17-12-16 16:00","England","Premier League","2016/2017","Middlesbrough","Swansea","3","0","H","2","0","H","1","0","H"
"6785","17-12-16 16:00","England","Premier League","2016/2017","Stoke","Leicester","2","2","D","2","0","H","0","2","A"
"6786","17-12-16 16:00","England","Premier League","2016/2017","Sunderland","Watford","1","0","H","0","0","D","1","0","H"
"6787","17-12-16 16:00","England","Premier League","2016/2017","West Ham","Hull","1","0","H","0","0","D","1","0","H"
"6783","17-12-16 18:30","England","Premier League","2016/2017","West Brom","Manchester Utd","0","2","A","0","1","A","0","1","A"
"6782","18-12-16 14:30","England","Premier League","2016/2017","Bournemouth","Southampton","1","3","A","1","1","D","0","2","A"
"6780","18-12-16 17:00","England","Premier League","2016/2017","Manchester City","Arsenal","2","1","H","0","1","A","2","0","H"
"6781","18-12-16 17:00","England","Premier League","2016/2017","Tottenham","Burnley","2","1","H","1","1","D","1","0","H"
"6779","19-12-16 21:00","England","Premier League","2016/2017","Everton","Liverpool","0","1","A","0","0","D","0","1","A"
"6778","26-12-16 13:30","England","Premier League","2016/2017","Watford","Crystal Palace","1","1","D","0","1","A","1","0","H"
"6772","26-12-16 16:00","England","Premier League","2016/2017","Arsenal","West Brom","1","0","H","0","0","D","1","0","H"
"6773","26-12-16 16:00","England","Premier League","2016/2017","Burnley","Middlesbrough","1","0","H","0","0","D","1","0","H"
"6774","26-12-16 16:00","England","Premier League","2016/2017","Chelsea","Bournemouth","3","0","H","1","0","H","2","0","H"
"6775","26-12-16 16:00","England","Premier League","2016/2017","Leicester","Everton","0","2","A","0","0","D","0","2","A"
"6776","26-12-16 16:00","England","Premier League","2016/2017","Manchester Utd","Sunderland","3","1","H","1","0","H","2","1","H"
"6777","26-12-16 16:00","England","Premier League","2016/2017","Swansea","West Ham","1","4","A","0","1","A","1","3","A"
"6771","26-12-16 18:15","England","Premier League","2016/2017","Hull","Manchester City","0","3","A","0","0","D","0","3","A"
"6770","27-12-16 18:15","England","Premier League","2016/2017","Liverpool","Stoke","4","1","H","2","1","H","2","0","H"
"6769","28-12-16 20:45","England","Premier League","2016/2017","Southampton","Tottenham","1","4","A","1","1","D","0","3","A"
"6768","30-12-16 21:00","England","Premier League","2016/2017","Hull","Everton","2","2","D","1","1","D","1","1","D"
"6762","31-12-16 16:00","England","Premier League","2016/2017","Burnley","Sunderland","4","1","H","1","0","H","3","1","H"
"6763","31-12-16 16:00","England","Premier League","2016/2017","Chelsea","Stoke","4","2","H","1","0","H","3","2","H"
"6764","31-12-16 16:00","England","Premier League","2016/2017","Leicester","West Ham","1","0","H","1","0","H","0","0","D"
"6765","31-12-16 16:00","England","Premier League","2016/2017","Manchester Utd","Middlesbrough","2","1","H","0","0","D","2","1","H"
"6766","31-12-16 16:00","England","Premier League","2016/2017","Southampton","West Brom","1","2","A","1","1","D","0","1","A"
"6767","31-12-16 16:00","England","Premier League","2016/2017","Swansea","Bournemouth","0","3","A","0","2","A","0","1","A"
"6761","31-12-16 18:30","England","Premier League","2016/2017","Liverpool","Manchester City","1","0","H","1","0","H","0","0","D"
"6760","01-01-17 14:30","England","Premier League","2016/2017","Watford","Tottenham","1","4","A","0","3","A","1","1","D"
"6759","01-01-17 17:00","England","Premier League","2016/2017","Arsenal","Crystal Palace","2","0","H","1","0","H","1","0","H"
"6758","02-01-17 13:30","England","Premier League","2016/2017","Middlesbrough","Leicester","0","0","D","0","0","D","0","0","D"
"6754","02-01-17 16:00","England","Premier League","2016/2017","Everton","Southampton","3","0","H","0","0","D","3","0","H"
"6755","02-01-17 16:00","England","Premier League","2016/2017","Manchester City","Burnley","2","1","H","0","0","D","2","1","H"
"6756","02-01-17 16:00","England","Premier League","2016/2017","Sunderland","Liverpool","2","2","D","1","1","D","1","1","D"
"6757","02-01-17 16:00","England","Premier League","2016/2017","West Brom","Hull","3","1","H","0","1","A","3","0","H"
"6753","02-01-17 18:15","England","Premier League","2016/2017","West Ham","Manchester Utd","0","2","A","0","0","D","0","2","A"
"6752","03-01-17 20:45","England","Premier League","2016/2017","Bournemouth","Arsenal","3","3","D","2","0","H","1","3","A"
"6750","03-01-17 21:00","England","Premier League","2016/2017","Crystal Palace","Swansea","1","2","A","0","1","A","1","1","D"
"6751","03-01-17 21:00","England","Premier League","2016/2017","Stoke","Watford","2","0","H","1","0","H","1","0","H"
"6749","04-01-17 21:00","England","Premier League","2016/2017","Tottenham","Chelsea","2","0","H","1","0","H","1","0","H"
"6748","14-01-17 13:30","England","Premier League","2016/2017","Tottenham","West Brom","4","0","H","2","0","H","2","0","H"
"6742","14-01-17 16:00","England","Premier League","2016/2017","Burnley","Southampton","1","0","H","0","0","D","1","0","H"
"6743","14-01-17 16:00","England","Premier League","2016/2017","Hull","Bournemouth","3","1","H","1","1","D","2","0","H"
"6744","14-01-17 16:00","England","Premier League","2016/2017","Sunderland","Stoke","1","3","A","1","3","A","0","0","D"
"6745","14-01-17 16:00","England","Premier League","2016/2017","Swansea","Arsenal","0","4","A","0","1","A","0","3","A"
"6746","14-01-17 16:00","England","Premier League","2016/2017","Watford","Middlesbrough","0","0","D","0","0","D","0","0","D"
"6747","14-01-17 16:00","England","Premier League","2016/2017","West Ham","Crystal Palace","3","0","H","0","0","D","3","0","H"
"6741","14-01-17 18:30","England","Premier League","2016/2017","Leicester","Chelsea","0","3","A","0","1","A","0","2","A"
"6740","15-01-17 14:30","England","Premier League","2016/2017","Everton","Manchester City","4","0","H","1","0","H","3","0","H"
"6739","15-01-17 17:00","England","Premier League","2016/2017","Manchester Utd","Liverpool","1","1","D","0","1","A","1","0","H"
"6738","21-01-17 13:30","England","Premier League","2016/2017","Liverpool","Swansea","2","3","A","0","0","D","2","3","A"
"6733","21-01-17 16:00","England","Premier League","2016/2017","Bournemouth","Watford","2","2","D","0","1","A","2","1","H"
"6734","21-01-17 16:00","England","Premier League","2016/2017","Crystal Palace","Everton","0","1","A","0","0","D","0","1","A"
"6735","21-01-17 16:00","England","Premier League","2016/2017","Middlesbrough","West Ham","1","3","A","1","2","A","0","1","A"
"6736","21-01-17 16:00","England","Premier League","2016/2017","Stoke","Manchester Utd","1","1","D","1","0","H","0","1","A"
"6737","21-01-17 16:00","England","Premier League","2016/2017","West Brom","Sunderland","2","0","H","2","0","H","0","0","D"
"6732","21-01-17 18:30","England","Premier League","2016/2017","Manchester City","Tottenham","2","2","D","0","0","D","2","2","D"
"6731","22-01-17 13:00","England","Premier League","2016/2017","Southampton","Leicester","3","0","H","2","0","H","1","0","H"
"6730","22-01-17 15:15","England","Premier League","2016/2017","Arsenal","Burnley","2","1","H","0","0","D","2","1","H"
"6729","22-01-17 17:30","England","Premier League","2016/2017","Chelsea","Hull","2","0","H","1","0","H","1","0","H"
"6723","31-01-17 20:45","England","Premier League","2016/2017","Arsenal","Watford","1","2","A","0","2","A","1","0","H"
"6724","31-01-17 20:45","England","Premier League","2016/2017","Bournemouth","Crystal Palace","0","2","A","0","0","D","0","2","A"
"6725","31-01-17 20:45","England","Premier League","2016/2017","Burnley","Leicester","1","0","H","0","0","D","1","0","H"
"6726","31-01-17 20:45","England","Premier League","2016/2017","Middlesbrough","West Brom","1","1","D","1","1","D","0","0","D"
"6727","31-01-17 20:45","England","Premier League","2016/2017","Sunderland","Tottenham","0","0","D","0","0","D","0","0","D"
"6728","31-01-17 20:45","England","Premier League","2016/2017","Swansea","Southampton","2","1","H","1","0","H","1","1","D"
"6722","31-01-17 21:00","England","Premier League","2016/2017","Liverpool","Chelsea","1","1","D","0","1","A","1","0","H"
"6721","01-02-17 20:45","England","Premier League","2016/2017","West Ham","Manchester City","0","4","A","0","3","A","0","1","A"
"6719","01-02-17 21:00","England","Premier League","2016/2017","Manchester Utd","Hull","0","0","D","0","0","D","0","0","D"
"6720","01-02-17 21:00","England","Premier League","2016/2017","Stoke","Everton","1","1","D","1","1","D","0","0","D"
"6718","04-02-17 13:30","England","Premier League","2016/2017","Chelsea","Arsenal","3","1","H","1","0","H","2","1","H"
"6712","04-02-17 16:00","England","Premier League","2016/2017","Crystal Palace","Sunderland","0","4","A","0","4","A","0","0","D"
"6713","04-02-17 16:00","England","Premier League","2016/2017","Everton","Bournemouth","6","3","H","3","0","H","3","3","D"
"6714","04-02-17 16:00","England","Premier League","2016/2017","Hull","Liverpool","2","0","H","1","0","H","1","0","H"
"6715","04-02-17 16:00","England","Premier League","2016/2017","Southampton","West Ham","1","3","A","1","2","A","0","1","A"
"6716","04-02-17 16:00","England","Premier League","2016/2017","Watford","Burnley","2","1","H","2","0","H","0","1","A"
"6717","04-02-17 16:00","England","Premier League","2016/2017","West Brom","Stoke","1","0","H","1","0","H","0","0","D"
"6711","04-02-17 18:30","England","Premier League","2016/2017","Tottenham","Middlesbrough","1","0","H","0","0","D","1","0","H"
"6710","05-02-17 14:30","England","Premier League","2016/2017","Manchester City","Swansea","2","1","H","1","0","H","1","1","D"
"6709","05-02-17 17:00","England","Premier League","2016/2017","Leicester","Manchester Utd","0","3","A","0","2","A","0","1","A"
"6708","11-02-17 13:30","England","Premier League","2016/2017","Arsenal","Hull","2","0","H","1","0","H","1","0","H"
"6703","11-02-17 16:00","England","Premier League","2016/2017","Manchester Utd","Watford","2","0","H","1","0","H","1","0","H"
"6704","11-02-17 16:00","England","Premier League","2016/2017","Middlesbrough","Everton","0","0","D","0","0","D","0","0","D"
"6705","11-02-17 16:00","England","Premier League","2016/2017","Stoke","Crystal Palace","1","0","H","0","0","D","1","0","H"
"6706","11-02-17 16:00","England","Premier League","2016/2017","Sunderland","Southampton","0","4","A","0","2","A","0","2","A"
"6707","11-02-17 16:00","England","Premier League","2016/2017","West Ham","West Brom","2","2","D","0","1","A","2","1","H"
"6702","11-02-17 18:30","England","Premier League","2016/2017","Liverpool","Tottenham","2","0","H","2","0","H","0","0","D"
"6701","12-02-17 14:30","England","Premier League","2016/2017","Burnley","Chelsea","1","1","D","1","1","D","0","0","D"
"6700","12-02-17 17:00","England","Premier League","2016/2017","Swansea","Leicester","2","0","H","2","0","H","0","0","D"
"6699","13-02-17 21:00","England","Premier League","2016/2017","Bournemouth","Manchester City","0","2","A","0","1","A","0","1","A"
"6694","25-02-17 16:00","England","Premier League","2016/2017","Chelsea","Swansea","3","1","H","1","1","D","2","0","H"
"6695","25-02-17 16:00","England","Premier League","2016/2017","Crystal Palace","Middlesbrough","1","0","H","1","0","H","0","0","D"
"6696","25-02-17 16:00","England","Premier League","2016/2017","Everton","Sunderland","2","0","H","1","0","H","1","0","H"
"6697","25-02-17 16:00","England","Premier League","2016/2017","Hull","Burnley","1","1","D","0","0","D","1","1","D"
"6698","25-02-17 16:00","England","Premier League","2016/2017","West Brom","Bournemouth","2","1","H","2","1","H","0","0","D"
"6693","25-02-17 18:30","England","Premier League","2016/2017","Watford","West Ham","1","1","D","1","0","H","0","1","A"
"6692","26-02-17 14:30","England","Premier League","2016/2017","Tottenham","Stoke","4","0","H","4","0","H","0","0","D"
"6691","27-02-17 21:00","England","Premier League","2016/2017","Leicester","Liverpool","3","1","H","2","0","H","1","1","D"
"6690","04-03-17 13:30","England","Premier League","2016/2017","Manchester Utd","Bournemouth","1","1","D","1","1","D","0","0","D"
"6685","04-03-17 16:00","England","Premier League","2016/2017","Leicester","Hull","3","1","H","1","1","D","2","0","H"
"6686","04-03-17 16:00","England","Premier League","2016/2017","Stoke","Middlesbrough","2","0","H","2","0","H","0","0","D"
"6687","04-03-17 16:00","England","Premier League","2016/2017","Swansea","Burnley","3","2","H","1","1","D","2","1","H"
"6688","04-03-17 16:00","England","Premier League","2016/2017","Watford","Southampton","3","4","A","1","2","A","2","2","D"
"6689","04-03-17 16:00","England","Premier League","2016/2017","West Brom","Crystal Palace","0","2","A","0","0","D","0","2","A"
"6684","04-03-17 18:30","England","Premier League","2016/2017","Liverpool","Arsenal","3","1","H","2","0","H","1","1","D"
"6683","05-03-17 14:30","England","Premier League","2016/2017","Tottenham","Everton","3","2","H","1","0","H","2","2","D"
"6682","05-03-17 17:00","England","Premier League","2016/2017","Sunderland","Manchester City","0","2","A","0","1","A","0","1","A"
"6681","06-03-17 21:00","England","Premier League","2016/2017","West Ham","Chelsea","1","2","A","0","1","A","1","1","D"
"6680","08-03-17 21:00","England","Premier League","2016/2017","Manchester City","Stoke","0","0","D","0","0","D","0","0","D"
"6677","11-03-17 16:00","England","Premier League","2016/2017","Bournemouth","West Ham","3","2","H","1","1","D","2","1","H"
"6678","11-03-17 16:00","England","Premier League","2016/2017","Everton","West Brom","3","0","H","2","0","H","1","0","H"
"6679","11-03-17 16:00","England","Premier League","2016/2017","Hull","Swansea","2","1","H","0","0","D","2","1","H"
"6676","12-03-17 17:00","England","Premier League","2016/2017","Liverpool","Burnley","2","1","H","1","1","D","1","0","H"
"6675","18-03-17 13:30","England","Premier League","2016/2017","West Brom","Arsenal","3","1","H","1","1","D","2","0","H"
"6670","18-03-17 16:00","England","Premier League","2016/2017","Crystal Palace","Watford","1","0","H","0","0","D","1","0","H"
"6671","18-03-17 16:00","England","Premier League","2016/2017","Everton","Hull","4","0","H","1","0","H","3","0","H"
"6672","18-03-17 16:00","England","Premier League","2016/2017","Stoke","Chelsea","1","2","A","1","1","D","0","1","A"
"6673","18-03-17 16:00","England","Premier League","2016/2017","Sunderland","Burnley","0","0","D","0","0","D","0","0","D"
"6674","18-03-17 16:00","England","Premier League","2016/2017","West Ham","Leicester","2","3","A","1","3","A","1","0","H"
"6669","18-03-17 18:30","England","Premier League","2016/2017","Bournemouth","Swansea","2","0","H","1","0","H","1","0","H"
"6668","19-03-17 13:00","England","Premier League","2016/2017","Middlesbrough","Manchester Utd","1","3","A","0","1","A","1","2","A"
"6667","19-03-17 15:15","England","Premier League","2016/2017","Tottenham","Southampton","2","1","H","2","0","H","0","1","A"
"6666","19-03-17 17:30","England","Premier League","2016/2017","Manchester City","Liverpool","1","1","D","0","0","D","1","1","D"
"6665","01-04-17 13:30","England","Premier League","2016/2017","Liverpool","Everton","3","1","H","2","1","H","1","0","H"
"6659","01-04-17 16:00","England","Premier League","2016/2017","Burnley","Tottenham","0","2","A","0","0","D","0","2","A"
"6660","01-04-17 16:00","England","Premier League","2016/2017","Chelsea","Crystal Palace","1","2","A","1","2","A","0","0","D"
"6661","01-04-17 16:00","England","Premier League","2016/2017","Hull","West Ham","2","1","H","0","1","A","2","0","H"
"6662","01-04-17 16:00","England","Premier League","2016/2017","Leicester","Stoke","2","0","H","1","0","H","1","0","H"
"6663","01-04-17 16:00","England","Premier League","2016/2017","Manchester Utd","West Brom","0","0","D","0","0","D","0","0","D"
"6664","01-04-17 16:00","England","Premier League","2016/2017","Watford","Sunderland","1","0","H","0","0","D","1","0","H"
"6658","01-04-17 18:30","England","Premier League","2016/2017","Southampton","Bournemouth","0","0","D","0","0","D","0","0","D"
"6657","02-04-17 14:30","England","Premier League","2016/2017","Swansea","Middlesbrough","0","0","D","0","0","D","0","0","D"
"6656","02-04-17 17:00","England","Premier League","2016/2017","Arsenal","Manchester City","2","2","D","1","2","A","1","0","H"
"6653","04-04-17 20:45","England","Premier League","2016/2017","Burnley","Stoke","1","0","H","0","0","D","1","0","H"
"6654","04-04-17 20:45","England","Premier League","2016/2017","Leicester","Sunderland","2","0","H","0","0","D","2","0","H"
"6655","04-04-17 20:45","England","Premier League","2016/2017","Watford","West Brom","2","0","H","1","0","H","1","0","H"
"6652","04-04-17 21:00","England","Premier League","2016/2017","Manchester Utd","Everton","1","1","D","0","1","A","1","0","H"
"6648","05-04-17 20:45","England","Premier League","2016/2017","Arsenal","West Ham","3","0","H","0","0","D","3","0","H"
"6649","05-04-17 20:45","England","Premier League","2016/2017","Hull","Middlesbrough","4","2","H","3","2","H","1","0","H"
"6650","05-04-17 20:45","England","Premier League","2016/2017","Southampton","Crystal Palace","3","1","H","1","1","D","2","0","H"
"6651","05-04-17 20:45","England","Premier League","2016/2017","Swansea","Tottenham","1","3","A","1","0","H","0","3","A"
"6646","05-04-17 21:00","England","Premier League","2016/2017","Chelsea","Manchester City","2","1","H","2","1","H","0","0","D"
"6647","05-04-17 21:00","England","Premier League","2016/2017","Liverpool","Bournemouth","2","2","D","1","1","D","1","1","D"
"6645","08-04-17 13:30","England","Premier League","2016/2017","Tottenham","Watford","4","0","H","3","0","H","1","0","H"
"6640","08-04-17 16:00","England","Premier League","2016/2017","Manchester City","Hull","3","1","H","1","0","H","2","1","H"
"6641","08-04-17 16:00","England","Premier League","2016/2017","Middlesbrough","Burnley","0","0","D","0","0","D","0","0","D"
"6642","08-04-17 16:00","England","Premier League","2016/2017","Stoke","Liverpool","1","2","A","1","0","H","0","2","A"
"6643","08-04-17 16:00","England","Premier League","2016/2017","West Brom","Southampton","0","1","A","0","1","A","0","0","D"
"6644","08-04-17 16:00","England","Premier League","2016/2017","West Ham","Swansea","1","0","H","1","0","H","0","0","D"
"6639","08-04-17 18:30","England","Premier League","2016/2017","Bournemouth","Chelsea","1","3","A","1","2","A","0","1","A"
"6638","09-04-17 14:30","England","Premier League","2016/2017","Sunderland","Manchester Utd","0","3","A","0","1","A","0","2","A"
"6637","09-04-17 17:00","England","Premier League","2016/2017","Everton","Leicester","4","2","H","3","2","H","1","0","H"
"6636","10-04-17 21:00","England","Premier League","2016/2017","Crystal Palace","Arsenal","3","0","H","1","0","H","2","0","H"
"6635","15-04-17 13:30","England","Premier League","2016/2017","Tottenham","Bournemouth","4","0","H","2","0","H","2","0","H"
"6630","15-04-17 16:00","England","Premier League","2016/2017","Crystal Palace","Leicester","2","2","D","0","1","A","2","1","H"
"6631","15-04-17 16:00","England","Premier League","2016/2017","Everton","Burnley","3","1","H","0","0","D","3","1","H"
"6632","15-04-17 16:00","England","Premier League","2016/2017","Stoke","Hull","3","1","H","1","0","H","2","1","H"
"6633","15-04-17 16:00","England","Premier League","2016/2017","Sunderland","West Ham","2","2","D","1","1","D","1","1","D"
"6634","15-04-17 16:00","England","Premier League","2016/2017","Watford","Swansea","1","0","H","1","0","H","0","0","D"
"6629","15-04-17 18:30","England","Premier League","2016/2017","Southampton","Manchester City","0","3","A","0","0","D","0","3","A"
"6628","16-04-17 14:30","England","Premier League","2016/2017","West Brom","Liverpool","0","1","A","0","1","A","0","0","D"
"6627","16-04-17 17:00","England","Premier League","2016/2017","Manchester Utd","Chelsea","2","0","H","1","0","H","1","0","H"
"6626","17-04-17 21:00","England","Premier League","2016/2017","Middlesbrough","Arsenal","1","2","A","0","1","A","1","1","D"
"6622","22-04-17 16:00","England","Premier League","2016/2017","Bournemouth","Middlesbrough","4","0","H","2","0","H","2","0","H"
"6623","22-04-17 16:00","England","Premier League","2016/2017","Hull","Watford","2","0","H","0","0","D","2","0","H"
"6624","22-04-17 16:00","England","Premier League","2016/2017","Swansea","Stoke","2","0","H","1","0","H","1","0","H"
"6625","22-04-17 16:00","England","Premier League","2016/2017","West Ham","Everton","0","0","D","0","0","D","0","0","D"
"6621","23-04-17 15:15","England","Premier League","2016/2017","Burnley","Manchester Utd","0","2","A","0","2","A","0","0","D"
"6620","23-04-17 17:30","England","Premier League","2016/2017","Liverpool","Crystal Palace","1","2","A","1","1","D","0","1","A"
"6619","25-04-17 20:45","England","Premier League","2016/2017","Chelsea","Southampton","4","2","H","2","1","H","2","1","H"
"6617","26-04-17 20:45","England","Premier League","2016/2017","Arsenal","Leicester","1","0","H","0","0","D","1","0","H"
"6618","26-04-17 20:45","England","Premier League","2016/2017","Middlesbrough","Sunderland","1","0","H","1","0","H","0","0","D"
"6616","26-04-17 21:00","England","Premier League","2016/2017","Crystal Palace","Tottenham","0","1","A","0","0","D","0","1","A"
"6615","27-04-17 21:00","England","Premier League","2016/2017","Manchester City","Manchester Utd","0","0","D","0","0","D","0","0","D"
"6611","29-04-17 16:00","England","Premier League","2016/2017","Southampton","Hull","0","0","D","0","0","D","0","0","D"
"6612","29-04-17 16:00","England","Premier League","2016/2017","Stoke","West Ham","0","0","D","0","0","D","0","0","D"
"6613","29-04-17 16:00","England","Premier League","2016/2017","Sunderland","Bournemouth","0","1","A","0","0","D","0","1","A"
"6614","29-04-17 16:00","England","Premier League","2016/2017","West Brom","Leicester","0","1","A","0","1","A","0","0","D"
"6610","29-04-17 18:30","England","Premier League","2016/2017","Crystal Palace","Burnley","0","2","A","0","1","A","0","1","A"
"6609","30-04-17 13:00","England","Premier League","2016/2017","Manchester Utd","Swansea","1","1","D","1","0","H","0","1","A"
"6607","30-04-17 15:05","England","Premier League","2016/2017","Everton","Chelsea","0","3","A","0","0","D","0","3","A"
"6608","30-04-17 15:05","England","Premier League","2016/2017","Middlesbrough","Manchester City","2","2","D","1","0","H","1","2","A"
"6606","30-04-17 17:30","England","Premier League","2016/2017","Tottenham","Arsenal","2","0","H","0","0","D","2","0","H"
"6605","01-05-17 21:00","England","Premier League","2016/2017","Watford","Liverpool","0","1","A","0","1","A","0","0","D"
"6604","05-05-17 21:00","England","Premier League","2016/2017","West Ham","Tottenham","1","0","H","0","0","D","1","0","H"
"6603","06-05-17 13:30","England","Premier League","2016/2017","Manchester City","Crystal Palace","5","0","H","1","0","H","4","0","H"
"6599","06-05-17 16:00","England","Premier League","2016/2017","Bournemouth","Stoke","2","2","D","0","1","A","2","1","H"
"6600","06-05-17 16:00","England","Premier League","2016/2017","Burnley","West Brom","2","2","D","0","0","D","2","2","D"
"6601","06-05-17 16:00","England","Premier League","2016/2017","Hull","Sunderland","0","2","A","0","0","D","0","2","A"
"6602","06-05-17 16:00","England","Premier League","2016/2017","Leicester","Watford","3","0","H","1","0","H","2","0","H"
"6598","06-05-17 18:30","England","Premier League","2016/2017","Swansea","Everton","1","0","H","1","0","H","0","0","D"
"6597","07-05-17 14:30","England","Premier League","2016/2017","Liverpool","Southampton","0","0","D","0","0","D","0","0","D"
"6596","07-05-17 17:00","England","Premier League","2016/2017","Arsenal","Manchester Utd","2","0","H","0","0","D","2","0","H"
"6595","08-05-17 21:00","England","Premier League","2016/2017","Chelsea","Middlesbrough","3","0","H","2","0","H","1","0","H"
"6594","10-05-17 20:45","England","Premier League","2016/2017","Southampton","Arsenal","0","2","A","0","0","D","0","2","A"
"6593","12-05-17 20:45","England","Premier League","2016/2017","Everton","Watford","1","0","H","0","0","D","1","0","H"
"6592","12-05-17 21:00","England","Premier League","2016/2017","West Brom","Chelsea","0","1","A","0","0","D","0","1","A"
"6591","13-05-17 13:30","England","Premier League","2016/2017","Manchester City","Leicester","2","1","H","2","1","H","0","0","D"
"6588","13-05-17 16:00","England","Premier League","2016/2017","Bournemouth","Burnley","2","1","H","1","0","H","1","1","D"
"6589","13-05-17 16:00","England","Premier League","2016/2017","Middlesbrough","Southampton","1","2","A","0","1","A","1","1","D"
"6590","13-05-17 16:00","England","Premier League","2016/2017","Sunderland","Swansea","0","2","A","0","2","A","0","0","D"
"6587","13-05-17 18:30","England","Premier League","2016/2017","Stoke","Arsenal","1","4","A","0","1","A","1","3","A"
"6586","14-05-17 13:00","England","Premier League","2016/2017","Crystal Palace","Hull","4","0","H","2","0","H","2","0","H"
"6585","14-05-17 15:15","England","Premier League","2016/2017","West Ham","Liverpool","0","4","A","0","1","A","0","3","A"
"6584","14-05-17 17:30","England","Premier League","2016/2017","Tottenham","Manchester Utd","2","1","H","1","0","H","1","1","D"
"6583","15-05-17 21:00","England","Premier League","2016/2017","Chelsea","Watford","4","3","H","2","1","H","2","2","D"
"6582","16-05-17 20:45","England","Premier League","2016/2017","Arsenal","Sunderland","2","0","H","0","0","D","2","0","H"
"6581","16-05-17 21:00","England","Premier League","2016/2017","Manchester City","West Brom","3","1","H","2","0","H","1","1","D"
"6580","17-05-17 20:45","England","Premier League","2016/2017","Southampton","Manchester Utd","0","0","D","0","0","D","0","0","D"
"6579","18-05-17 20:45","England","Premier League","2016/2017","Leicester","Tottenham","1","6","A","0","2","A","1","4","A"
"6569","21-05-17 16:00","England","Premier League","2016/2017","Arsenal","Everton","3","1","H","2","0","H","1","1","D"
"6570","21-05-17 16:00","England","Premier League","2016/2017","Burnley","West Ham","1","2","A","1","1","D","0","1","A"
"6571","21-05-17 16:00","England","Premier League","2016/2017","Chelsea","Sunderland","5","1","H","1","1","D","4","0","H"
"6572","21-05-17 16:00","England","Premier League","2016/2017","Hull","Tottenham","1","7","A","0","3","A","1","4","A"
"6573","21-05-17 16:00","England","Premier League","2016/2017","Leicester","Bournemouth","1","1","D","0","1","A","1","0","H"
"6574","21-05-17 16:00","England","Premier League","2016/2017","Liverpool","Middlesbrough","3","0","H","1","0","H","2","0","H"
"6575","21-05-17 16:00","England","Premier League","2016/2017","Manchester Utd","Crystal Palace","2","0","H","2","0","H","0","0","D"
"6576","21-05-17 16:00","England","Premier League","2016/2017","Southampton","Stoke","0","1","A","0","0","D","0","1","A"
"6577","21-05-17 16:00","England","Premier League","2016/2017","Swansea","West Brom","2","1","H","0","1","A","2","0","H"
"6578","21-05-17 16:00","England","Premier League","2016/2017","Watford","Manchester City","0","5","A","0","4","A","0","1","A"
"6526","11-08-17 20:45","England","Premier League","2017/2018","Arsenal","Leicester","4","3","H","2","2","D","2","1","H"
"6525","12-08-17 13:30","England","Premier League","2017/2018","Watford","Liverpool","3","3","D","2","1","H","1","2","A"
"6520","12-08-17 16:00","England","Premier League","2017/2018","Chelsea","Burnley","2","3","A","0","3","A","2","0","H"
"6521","12-08-17 16:00","England","Premier League","2017/2018","Crystal Palace","Huddersfield","0","3","A","0","2","A","0","1","A"
"6522","12-08-17 16:00","England","Premier League","2017/2018","Everton","Stoke","1","0","H","1","0","H","0","0","D"
"6523","12-08-17 16:00","England","Premier League","2017/2018","Southampton","Swansea","0","0","D","0","0","D","0","0","D"
"6524","12-08-17 16:00","England","Premier League","2017/2018","West Brom","Bournemouth","1","0","H","1","0","H","0","0","D"
"6519","12-08-17 18:30","England","Premier League","2017/2018","Brighton","Manchester City","0","2","A","0","0","D","0","2","A"
"6518","13-08-17 14:30","England","Premier League","2017/2018","Newcastle","Tottenham","0","2","A","0","0","D","0","2","A"
"6517","13-08-17 17:00","England","Premier League","2017/2018","Manchester Utd","West Ham","4","0","H","1","0","H","3","0","H"
"6516","19-08-17 13:30","England","Premier League","2017/2018","Swansea","Manchester Utd","0","4","A","0","1","A","0","3","A"
"6511","19-08-17 16:00","England","Premier League","2017/2018","Bournemouth","Watford","0","2","A","0","0","D","0","2","A"
"6512","19-08-17 16:00","England","Premier League","2017/2018","Burnley","West Brom","0","1","A","0","0","D","0","1","A"
"6513","19-08-17 16:00","England","Premier League","2017/2018","Leicester","Brighton","2","0","H","1","0","H","1","0","H"
"6514","19-08-17 16:00","England","Premier League","2017/2018","Liverpool","Crystal Palace","1","0","H","0","0","D","1","0","H"
"6515","19-08-17 16:00","England","Premier League","2017/2018","Southampton","West Ham","3","2","H","2","1","H","1","1","D"
"6510","19-08-17 18:30","England","Premier League","2017/2018","Stoke","Arsenal","1","0","H","0","0","D","1","0","H"
"6509","20-08-17 14:30","England","Premier League","2017/2018","Huddersfield","Newcastle","1","0","H","0","0","D","1","0","H"
"6508","20-08-17 17:00","England","Premier League","2017/2018","Tottenham","Chelsea","1","2","A","0","1","A","1","1","D"
"6507","21-08-17 21:00","England","Premier League","2017/2018","Manchester City","Everton","1","1","D","0","1","A","1","0","H"
"6506","26-08-17 13:30","England","Premier League","2017/2018","Bournemouth","Manchester City","1","2","A","1","1","D","0","1","A"
"6502","26-08-17 16:00","England","Premier League","2017/2018","Crystal Palace","Swansea","0","2","A","0","1","A","0","1","A"
"6503","26-08-17 16:00","England","Premier League","2017/2018","Huddersfield","Southampton","0","0","D","0","0","D","0","0","D"
"6504","26-08-17 16:00","England","Premier League","2017/2018","Newcastle","West Ham","3","0","H","1","0","H","2","0","H"
"6505","26-08-17 16:00","England","Premier League","2017/2018","Watford","Brighton","0","0","D","0","0","D","0","0","D"
"6501","26-08-17 18:30","England","Premier League","2017/2018","Manchester Utd","Leicester","2","0","H","0","0","D","2","0","H"
"6499","27-08-17 14:30","England","Premier League","2017/2018","Chelsea","Everton","2","0","H","2","0","H","0","0","D"
"6500","27-08-17 14:30","England","Premier League","2017/2018","West Brom","Stoke","1","1","D","0","0","D","1","1","D"
"6497","27-08-17 17:00","England","Premier League","2017/2018","Liverpool","Arsenal","4","0","H","2","0","H","2","0","H"
"6498","27-08-17 17:00","England","Premier League","2017/2018","Tottenham","Burnley","1","1","D","0","0","D","1","1","D"
"6496","09-09-17 13:30","England","Premier League","2017/2018","Manchester City","Liverpool","5","0","H","2","0","H","3","0","H"
"6491","09-09-17 16:00","England","Premier League","2017/2018","Arsenal","Bournemouth","3","0","H","2","0","H","1","0","H"
"6492","09-09-17 16:00","England","Premier League","2017/2018","Brighton","West Brom","3","1","H","1","0","H","2","1","H"
"6493","09-09-17 16:00","England","Premier League","2017/2018","Everton","Tottenham","0","3","A","0","2","A","0","1","A"
"6494","09-09-17 16:00","England","Premier League","2017/2018","Leicester","Chelsea","1","2","A","0","1","A","1","1","D"
"6495","09-09-17 16:00","England","Premier League","2017/2018","Southampton","Watford","0","2","A","0","1","A","0","1","A"
"6490","09-09-17 18:30","England","Premier League","2017/2018","Stoke","Manchester Utd","2","2","D","1","1","D","1","1","D"
"6489","10-09-17 14:30","England","Premier League","2017/2018","Burnley","Crystal Palace","1","0","H","1","0","H","0","0","D"
"6488","10-09-17 17:00","England","Premier League","2017/2018","Swansea","Newcastle","0","1","A","0","0","D","0","1","A"
"6487","11-09-17 21:00","England","Premier League","2017/2018","West Ham","Huddersfield","2","0","H","0","0","D","2","0","H"
"6486","15-09-17 21:00","England","Premier League","2017/2018","Bournemouth","Brighton","2","1","H","0","0","D","2","1","H"
"6485","16-09-17 13:30","England","Premier League","2017/2018","Crystal Palace","Southampton","0","1","A","0","1","A","0","0","D"
"6480","16-09-17 16:00","England","Premier League","2017/2018","Huddersfield","Leicester","1","1","D","0","0","D","1","1","D"
"6481","16-09-17 16:00","England","Premier League","2017/2018","Liverpool","Burnley","1","1","D","1","1","D","0","0","D"
"6482","16-09-17 16:00","England","Premier League","2017/2018","Newcastle","Stoke","2","1","H","1","0","H","1","1","D"
"6483","16-09-17 16:00","England","Premier League","2017/2018","Watford","Manchester City","0","6","A","0","3","A","0","3","A"
"6484","16-09-17 16:00","England","Premier League","2017/2018","West Brom","West Ham","0","0","D","0","0","D","0","0","D"
"6479","16-09-17 18:30","England","Premier League","2017/2018","Tottenham","Swansea","0","0","D","0","0","D","0","0","D"
"6478","17-09-17 14:30","England","Premier League","2017/2018","Chelsea","Arsenal","0","0","D","0","0","D","0","0","D"
"6477","17-09-17 17:00","England","Premier League","2017/2018","Manchester Utd","Everton","4","0","H","1","0","H","3","0","H"
"6476","23-09-17 13:30","England","Premier League","2017/2018","West Ham","Tottenham","2","3","A","0","2","A","2","1","H"
"6470","23-09-17 16:00","England","Premier League","2017/2018","Burnley","Huddersfield","0","0","D","0","0","D","0","0","D"
"6471","23-09-17 16:00","England","Premier League","2017/2018","Everton","Bournemouth","2","1","H","0","0","D","2","1","H"
"6472","23-09-17 16:00","England","Premier League","2017/2018","Manchester City","Crystal Palace","5","0","H","1","0","H","4","0","H"
"6473","23-09-17 16:00","England","Premier League","2017/2018","Southampton","Manchester Utd","0","1","A","0","1","A","0","0","D"
"6474","23-09-17 16:00","England","Premier League","2017/2018","Stoke","Chelsea","0","4","A","0","2","A","0","2","A"
"6475","23-09-17 16:00","England","Premier League","2017/2018","Swansea","Watford","1","2","A","0","1","A","1","1","D"
"6469","23-09-17 18:30","England","Premier League","2017/2018","Leicester","Liverpool","2","3","A","1","2","A","1","1","D"
"6468","24-09-17 17:00","England","Premier League","2017/2018","Brighton","Newcastle","1","0","H","0","0","D","1","0","H"
"6467","25-09-17 21:00","England","Premier League","2017/2018","Arsenal","West Brom","2","0","H","1","0","H","1","0","H"
"6466","30-09-17 13:30","England","Premier League","2017/2018","Huddersfield","Tottenham","0","4","A","0","3","A","0","1","A"
"6461","30-09-17 16:00","England","Premier League","2017/2018","Bournemouth","Leicester","0","0","D","0","0","D","0","0","D"
"6462","30-09-17 16:00","England","Premier League","2017/2018","Manchester Utd","Crystal Palace","4","0","H","2","0","H","2","0","H"
"6463","30-09-17 16:00","England","Premier League","2017/2018","Stoke","Southampton","2","1","H","1","0","H","1","1","D"
"6464","30-09-17 16:00","England","Premier League","2017/2018","West Brom","Watford","2","2","D","2","1","H","0","1","A"
"6465","30-09-17 16:00","England","Premier League","2017/2018","West Ham","Swansea","1","0","H","0","0","D","1","0","H"
"6460","30-09-17 18:30","England","Premier League","2017/2018","Chelsea","Manchester City","0","1","A","0","0","D","0","1","A"
"6459","01-10-17 13:00","England","Premier League","2017/2018","Arsenal","Brighton","2","0","H","1","0","H","1","0","H"
"6458","01-10-17 15:15","England","Premier League","2017/2018","Everton","Burnley","0","1","A","0","1","A","0","0","D"
"6457","01-10-17 17:30","England","Premier League","2017/2018","Newcastle","Liverpool","1","1","D","1","1","D","0","0","D"
"6456","14-10-17 13:30","England","Premier League","2017/2018","Liverpool","Manchester Utd","0","0","D","0","0","D","0","0","D"
"6451","14-10-17 16:00","England","Premier League","2017/2018","Burnley","West Ham","1","1","D","0","1","A","1","0","H"
"6452","14-10-17 16:00","England","Premier League","2017/2018","Crystal Palace","Chelsea","2","1","H","2","1","H","0","0","D"
"6453","14-10-17 16:00","England","Premier League","2017/2018","Manchester City","Stoke","7","2","H","3","1","H","4","1","H"
"6454","14-10-17 16:00","England","Premier League","2017/2018","Swansea","Huddersfield","2","0","H","1","0","H","1","0","H"
"6455","14-10-17 16:00","England","Premier League","2017/2018","Tottenham","Bournemouth","1","0","H","0","0","D","1","0","H"
"6450","14-10-17 18:30","England","Premier League","2017/2018","Watford","Arsenal","2","1","H","0","1","A","2","0","H"
"6449","15-10-17 14:30","England","Premier League","2017/2018","Brighton","Everton","1","1","D","0","0","D","1","1","D"
"6448","15-10-17 17:00","England","Premier League","2017/2018","Southampton","Newcastle","2","2","D","0","1","A","2","1","H"
"6447","16-10-17 21:00","England","Premier League","2017/2018","Leicester","West Brom","1","1","D","0","0","D","1","1","D"
"6446","20-10-17 21:00","England","Premier League","2017/2018","West Ham","Brighton","0","3","A","0","2","A","0","1","A"
"6445","21-10-17 13:30","England","Premier League","2017/2018","Chelsea","Watford","4","2","H","1","1","D","3","1","H"
"6440","21-10-17 16:00","England","Premier League","2017/2018","Huddersfield","Manchester Utd","2","1","H","2","0","H","0","1","A"
"6441","21-10-17 16:00","England","Premier League","2017/2018","Manchester City","Burnley","3","0","H","1","0","H","2","0","H"
"6442","21-10-17 16:00","England","Premier League","2017/2018","Newcastle","Crystal Palace","1","0","H","0","0","D","1","0","H"
"6443","21-10-17 16:00","England","Premier League","2017/2018","Stoke","Bournemouth","1","2","A","0","2","A","1","0","H"
"6444","21-10-17 16:00","England","Premier League","2017/2018","Swansea","Leicester","1","2","A","0","1","A","1","1","D"
"6439","21-10-17 18:30","England","Premier League","2017/2018","Southampton","West Brom","1","0","H","0","0","D","1","0","H"
"6438","22-10-17 14:30","England","Premier League","2017/2018","Everton","Arsenal","2","5","A","1","1","D","1","4","A"
"6437","22-10-17 17:00","England","Premier League","2017/2018","Tottenham","Liverpool","4","1","H","3","1","H","1","0","H"
"6436","28-10-17 13:30","England","Premier League","2017/2018","Manchester Utd","Tottenham","1","0","H","0","0","D","1","0","H"
"6431","28-10-17 16:00","England","Premier League","2017/2018","Arsenal","Swansea","2","1","H","0","1","A","2","0","H"
"6432","28-10-17 16:00","England","Premier League","2017/2018","Crystal Palace","West Ham","2","2","D","0","2","A","2","0","H"
"6433","28-10-17 16:00","England","Premier League","2017/2018","Liverpool","Huddersfield","3","0","H","0","0","D","3","0","H"
"6434","28-10-17 16:00","England","Premier League","2017/2018","Watford","Stoke","0","1","A","0","1","A","0","0","D"
"6435","28-10-17 16:00","England","Premier League","2017/2018","West Brom","Manchester City","2","3","A","1","2","A","1","1","D"
"6430","28-10-17 18:30","England","Premier League","2017/2018","Bournemouth","Chelsea","0","1","A","0","0","D","0","1","A"
"6429","29-10-17 14:30","England","Premier League","2017/2018","Brighton","Southampton","1","1","D","0","1","A","1","0","H"
"6428","29-10-17 17:00","England","Premier League","2017/2018","Leicester","Everton","2","0","H","2","0","H","0","0","D"
"6427","30-10-17 21:00","England","Premier League","2017/2018","Burnley","Newcastle","1","0","H","0","0","D","1","0","H"
"6426","04-11-17 13:30","England","Premier League","2017/2018","Stoke","Leicester","2","2","D","1","1","D","1","1","D"
"6422","04-11-17 16:00","England","Premier League","2017/2018","Huddersfield","West Brom","1","0","H","1","0","H","0","0","D"
"6423","04-11-17 16:00","England","Premier League","2017/2018","Newcastle","Bournemouth","0","1","A","0","0","D","0","1","A"
"6424","04-11-17 16:00","England","Premier League","2017/2018","Southampton","Burnley","0","1","A","0","0","D","0","1","A"
"6425","04-11-17 16:00","England","Premier League","2017/2018","Swansea","Brighton","0","1","A","0","1","A","0","0","D"
"6421","04-11-17 18:30","England","Premier League","2017/2018","West Ham","Liverpool","1","4","A","0","2","A","1","2","A"
"6420","05-11-17 13:00","England","Premier League","2017/2018","Tottenham","Crystal Palace","1","0","H","0","0","D","1","0","H"
"6419","05-11-17 15:15","England","Premier League","2017/2018","Manchester City","Arsenal","3","1","H","1","0","H","2","1","H"
"6417","05-11-17 17:30","England","Premier League","2017/2018","Chelsea","Manchester Utd","1","0","H","0","0","D","1","0","H"
"6418","05-11-17 17:30","England","Premier League","2017/2018","Everton","Watford","3","2","H","0","0","D","3","2","H"
"6416","18-11-17 13:30","England","Premier League","2017/2018","Arsenal","Tottenham","2","0","H","2","0","H","0","0","D"
"6410","18-11-17 16:00","England","Premier League","2017/2018","Bournemouth","Huddersfield","4","0","H","2","0","H","2","0","H"
"6411","18-11-17 16:00","England","Premier League","2017/2018","Burnley","Swansea","2","0","H","2","0","H","0","0","D"
"6412","18-11-17 16:00","England","Premier League","2017/2018","Crystal Palace","Everton","2","2","D","2","2","D","0","0","D"
"6413","18-11-17 16:00","England","Premier League","2017/2018","Leicester","Manchester City","0","2","A","0","1","A","0","1","A"
"6414","18-11-17 16:00","England","Premier League","2017/2018","Liverpool","Southampton","3","0","H","2","0","H","1","0","H"
"6415","18-11-17 16:00","England","Premier League","2017/2018","West Brom","Chelsea","0","4","A","0","3","A","0","1","A"
"6409","18-11-17 18:30","England","Premier League","2017/2018","Manchester Utd","Newcastle","4","1","H","2","1","H","2","0","H"
"6408","19-11-17 17:00","England","Premier League","2017/2018","Watford","West Ham","2","0","H","1","0","H","1","0","H"
"6407","20-11-17 21:00","England","Premier League","2017/2018","Brighton","Stoke","2","2","D","1","2","A","1","0","H"
"6406","24-11-17 21:00","England","Premier League","2017/2018","West Ham","Leicester","1","1","D","1","1","D","0","0","D"
"6401","25-11-17 16:00","England","Premier League","2017/2018","Crystal Palace","Stoke","2","1","H","0","0","D","2","1","H"
"6402","25-11-17 16:00","England","Premier League","2017/2018","Manchester Utd","Brighton","1","0","H","0","0","D","1","0","H"
"6403","25-11-17 16:00","England","Premier League","2017/2018","Newcastle","Watford","0","3","A","0","2","A","0","1","A"
"6404","25-11-17 16:00","England","Premier League","2017/2018","Swansea","Bournemouth","0","0","D","0","0","D","0","0","D"
"6405","25-11-17 16:00","England","Premier League","2017/2018","Tottenham","West Brom","1","1","D","0","1","A","1","0","H"
"6400","25-11-17 18:30","England","Premier League","2017/2018","Liverpool","Chelsea","1","1","D","0","0","D","1","1","D"
"6399","26-11-17 14:30","England","Premier League","2017/2018","Southampton","Everton","4","1","H","1","1","D","3","0","H"
"6398","26-11-17 15:00","England","Premier League","2017/2018","Burnley","Arsenal","0","1","A","0","0","D","0","1","A"
"6397","26-11-17 17:00","England","Premier League","2017/2018","Huddersfield","Manchester City","1","2","A","1","0","H","0","2","A"
"6395","28-11-17 20:45","England","Premier League","2017/2018","Brighton","Crystal Palace","0","0","D","0","0","D","0","0","D"
"6396","28-11-17 20:45","England","Premier League","2017/2018","Leicester","Tottenham","2","1","H","2","0","H","0","1","A"
"6393","28-11-17 21:00","England","Premier League","2017/2018","Watford","Manchester Utd","2","4","A","0","3","A","2","1","H"
"6394","28-11-17 21:00","England","Premier League","2017/2018","West Brom","Newcastle","2","2","D","1","0","H","1","2","A"
"6390","29-11-17 20:45","England","Premier League","2017/2018","Arsenal","Huddersfield","5","0","H","1","0","H","4","0","H"
"6391","29-11-17 20:45","England","Premier League","2017/2018","Bournemouth","Burnley","1","2","A","0","1","A","1","1","D"
"6392","29-11-17 20:45","England","Premier League","2017/2018","Chelsea","Swansea","1","0","H","0","0","D","1","0","H"
"6387","29-11-17 21:00","England","Premier League","2017/2018","Everton","West Ham","4","0","H","2","0","H","2","0","H"
"6388","29-11-17 21:00","England","Premier League","2017/2018","Manchester City","Southampton","2","1","H","0","0","D","2","1","H"
"6389","29-11-17 21:00","England","Premier League","2017/2018","Stoke","Liverpool","0","3","A","0","1","A","0","2","A"
"6386","02-12-17 13:30","England","Premier League","2017/2018","Chelsea","Newcastle","3","1","H","2","1","H","1","0","H"
"6380","02-12-17 16:00","England","Premier League","2017/2018","Brighton","Liverpool","1","5","A","0","2","A","1","3","A"
"6381","02-12-17 16:00","England","Premier League","2017/2018","Everton","Huddersfield","2","0","H","0","0","D","2","0","H"
"6382","02-12-17 16:00","England","Premier League","2017/2018","Leicester","Burnley","1","0","H","1","0","H","0","0","D"
"6383","02-12-17 16:00","England","Premier League","2017/2018","Stoke","Swansea","2","1","H","2","1","H","0","0","D"
"6384","02-12-17 16:00","England","Premier League","2017/2018","Watford","Tottenham","1","1","D","1","1","D","0","0","D"
"6385","02-12-17 16:00","England","Premier League","2017/2018","West Brom","Crystal Palace","0","0","D","0","0","D","0","0","D"
"6379","02-12-17 18:30","England","Premier League","2017/2018","Arsenal","Manchester Utd","1","3","A","0","2","A","1","1","D"
"6378","03-12-17 14:30","England","Premier League","2017/2018","Bournemouth","Southampton","1","1","D","1","0","H","0","1","A"
"6377","03-12-17 17:00","England","Premier League","2017/2018","Manchester City","West Ham","2","1","H","0","1","A","2","0","H"
"6376","09-12-17 13:30","England","Premier League","2017/2018","West Ham","Chelsea","1","0","H","1","0","H","0","0","D"
"6371","09-12-17 16:00","England","Premier League","2017/2018","Burnley","Watford","1","0","H","1","0","H","0","0","D"
"6372","09-12-17 16:00","England","Premier League","2017/2018","Crystal Palace","Bournemouth","2","2","D","2","2","D","0","0","D"
"6373","09-12-17 16:00","England","Premier League","2017/2018","Huddersfield","Brighton","2","0","H","2","0","H","0","0","D"
"6374","09-12-17 16:00","England","Premier League","2017/2018","Swansea","West Brom","1","0","H","0","0","D","1","0","H"
"6375","09-12-17 16:00","England","Premier League","2017/2018","Tottenham","Stoke","5","1","H","1","0","H","4","1","H"
"6370","09-12-17 18:30","England","Premier League","2017/2018","Newcastle","Leicester","2","3","A","1","1","D","1","2","A"
"6369","10-12-17 13:00","England","Premier League","2017/2018","Southampton","Arsenal","1","1","D","1","0","H","0","1","A"
"6368","10-12-17 15:15","England","Premier League","2017/2018","Liverpool","Everton","1","1","D","1","0","H","0","1","A"
"6367","10-12-17 17:30","England","Premier League","2017/2018","Manchester Utd","Manchester City","1","2","A","1","1","D","0","1","A"
"6366","12-12-17 20:45","England","Premier League","2017/2018","Burnley","Stoke","1","0","H","0","0","D","1","0","H"
"6364","12-12-17 21:00","England","Premier League","2017/2018","Crystal Palace","Watford","2","1","H","0","1","A","2","0","H"
"6365","12-12-17 21:00","England","Premier League","2017/2018","Huddersfield","Chelsea","1","3","A","0","2","A","1","1","D"
"6361","13-12-17 20:45","England","Premier League","2017/2018","Newcastle","Everton","0","1","A","0","1","A","0","0","D"
"6362","13-12-17 20:45","England","Premier League","2017/2018","Southampton","Leicester","1","4","A","0","3","A","1","1","D"
"6363","13-12-17 20:45","England","Premier League","2017/2018","Swansea","Manchester City","0","4","A","0","2","A","0","2","A"
"6357","13-12-17 21:00","England","Premier League","2017/2018","Liverpool","West Brom","0","0","D","0","0","D","0","0","D"
"6358","13-12-17 21:00","England","Premier League","2017/2018","Manchester Utd","Bournemouth","1","0","H","1","0","H","0","0","D"
"6359","13-12-17 21:00","England","Premier League","2017/2018","Tottenham","Brighton","2","0","H","1","0","H","1","0","H"
"6360","13-12-17 21:00","England","Premier League","2017/2018","West Ham","Arsenal","0","0","D","0","0","D","0","0","D"
"6356","16-12-17 13:30","England","Premier League","2017/2018","Leicester","Crystal Palace","0","3","A","0","2","A","0","1","A"
"6352","16-12-17 16:00","England","Premier League","2017/2018","Arsenal","Newcastle","1","0","H","1","0","H","0","0","D"
"6353","16-12-17 16:00","England","Premier League","2017/2018","Brighton","Burnley","0","0","D","0","0","D","0","0","D"
"6354","16-12-17 16:00","England","Premier League","2017/2018","Chelsea","Southampton","1","0","H","1","0","H","0","0","D"
"6355","16-12-17 16:00","England","Premier League","2017/2018","Watford","Huddersfield","1","4","A","0","2","A","1","2","A"
"6351","16-12-17 17:00","England","Premier League","2017/2018","Stoke","West Ham","0","3","A","0","1","A","0","2","A"
"6350","16-12-17 18:30","England","Premier League","2017/2018","Manchester City","Tottenham","4","1","H","1","0","H","3","1","H"
"6349","17-12-17 15:15","England","Premier League","2017/2018","West Brom","Manchester Utd","1","2","A","0","2","A","1","0","H"
"6348","17-12-17 17:30","England","Premier League","2017/2018","Bournemouth","Liverpool","0","4","A","0","3","A","0","1","A"
"6347","18-12-17 21:00","England","Premier League","2017/2018","Everton","Swansea","3","1","H","1","1","D","2","0","H"
"6346","22-12-17 20:45","England","Premier League","2017/2018","Arsenal","Liverpool","3","3","D","0","1","A","3","2","H"
"6345","23-12-17 13:30","England","Premier League","2017/2018","Everton","Chelsea","0","0","D","0","0","D","0","0","D"
"6339","23-12-17 16:00","England","Premier League","2017/2018","Brighton","Watford","1","0","H","0","0","D","1","0","H"
"6340","23-12-17 16:00","England","Premier League","2017/2018","Manchester City","Bournemouth","4","0","H","1","0","H","3","0","H"
"6341","23-12-17 16:00","England","Premier League","2017/2018","Southampton","Huddersfield","1","1","D","1","0","H","0","1","A"
"6342","23-12-17 16:00","England","Premier League","2017/2018","Stoke","West Brom","3","1","H","2","0","H","1","1","D"
"6343","23-12-17 16:00","England","Premier League","2017/2018","Swansea","Crystal Palace","1","1","D","0","0","D","1","1","D"
"6344","23-12-17 16:00","England","Premier League","2017/2018","West Ham","Newcastle","2","3","A","1","1","D","1","2","A"
"6338","23-12-17 18:30","England","Premier League","2017/2018","Burnley","Tottenham","0","3","A","0","1","A","0","2","A"
"6337","23-12-17 20:45","England","Premier League","2017/2018","Leicester","Manchester Utd","2","2","D","1","1","D","1","1","D"
"6336","26-12-17 13:30","England","Premier League","2017/2018","Tottenham","Southampton","5","2","H","2","0","H","3","2","H"
"6330","26-12-17 16:00","England","Premier League","2017/2018","Bournemouth","West Ham","3","3","D","1","1","D","2","2","D"
"6331","26-12-17 16:00","England","Premier League","2017/2018","Chelsea","Brighton","2","0","H","0","0","D","2","0","H"
"6332","26-12-17 16:00","England","Premier League","2017/2018","Huddersfield","Stoke","1","1","D","1","0","H","0","1","A"
"6333","26-12-17 16:00","England","Premier League","2017/2018","Manchester Utd","Burnley","2","2","D","0","2","A","2","0","H"
"6334","26-12-17 16:00","England","Premier League","2017/2018","Watford","Leicester","2","1","H","1","1","D","1","0","H"
"6335","26-12-17 16:00","England","Premier League","2017/2018","West Brom","Everton","0","0","D","0","0","D","0","0","D"
"6329","26-12-17 18:30","England","Premier League","2017/2018","Liverpool","Swansea","5","0","H","1","0","H","4","0","H"
"6328","27-12-17 20:45","England","Premier League","2017/2018","Newcastle","Manchester City","0","1","A","0","1","A","0","0","D"
"6327","28-12-17 21:00","England","Premier League","2017/2018","Crystal Palace","Arsenal","2","3","A","0","1","A","2","2","D"
"6321","30-12-17 16:00","England","Premier League","2017/2018","Bournemouth","Everton","2","1","H","1","0","H","1","1","D"
"6322","30-12-17 16:00","England","Premier League","2017/2018","Chelsea","Stoke","5","0","H","3","0","H","2","0","H"
"6323","30-12-17 16:00","England","Premier League","2017/2018","Huddersfield","Burnley","0","0","D","0","0","D","0","0","D"
"6324","30-12-17 16:00","England","Premier League","2017/2018","Liverpool","Leicester","2","1","H","0","1","A","2","0","H"
"6325","30-12-17 16:00","England","Premier League","2017/2018","Newcastle","Brighton","0","0","D","0","0","D","0","0","D"
"6326","30-12-17 16:00","England","Premier League","2017/2018","Watford","Swansea","1","2","A","1","0","H","0","2","A"
"6320","30-12-17 18:30","England","Premier League","2017/2018","Manchester Utd","Southampton","0","0","D","0","0","D","0","0","D"
"6319","31-12-17 13:00","England","Premier League","2017/2018","Crystal Palace","Manchester City","0","0","D","0","0","D","0","0","D"
"6318","31-12-17 17:30","England","Premier League","2017/2018","West Brom","Arsenal","1","1","D","0","0","D","1","1","D"
"6317","01-01-18 13:30","England","Premier League","2017/2018","Brighton","Bournemouth","2","2","D","1","1","D","1","1","D"
"6314","01-01-18 16:00","England","Premier League","2017/2018","Burnley","Liverpool","1","2","A","0","0","D","1","2","A"
"6315","01-01-18 16:00","England","Premier League","2017/2018","Leicester","Huddersfield","3","0","H","0","0","D","3","0","H"
"6316","01-01-18 16:00","England","Premier League","2017/2018","Stoke","Newcastle","0","1","A","0","0","D","0","1","A"
"6313","01-01-18 18:30","England","Premier League","2017/2018","Everton","Manchester Utd","0","2","A","0","0","D","0","2","A"
"6310","02-01-18 20:45","England","Premier League","2017/2018","Southampton","Crystal Palace","1","2","A","1","0","H","0","2","A"
"6311","02-01-18 20:45","England","Premier League","2017/2018","Swansea","Tottenham","0","2","A","0","1","A","0","1","A"
"6312","02-01-18 20:45","England","Premier League","2017/2018","West Ham","West Brom","2","1","H","0","1","A","2","0","H"
"6309","02-01-18 21:00","England","Premier League","2017/2018","Manchester City","Watford","3","1","H","2","0","H","1","1","D"
"6308","03-01-18 20:45","England","Premier League","2017/2018","Arsenal","Chelsea","2","2","D","0","0","D","2","2","D"
"6307","04-01-18 21:00","England","Premier League","2017/2018","Tottenham","West Ham","1","1","D","0","0","D","1","1","D"
"6301","13-01-18 16:00","England","Premier League","2017/2018","Chelsea","Leicester","0","0","D","0","0","D","0","0","D"
"6302","13-01-18 16:00","England","Premier League","2017/2018","Crystal Palace","Burnley","1","0","H","1","0","H","0","0","D"
"6303","13-01-18 16:00","England","Premier League","2017/2018","Huddersfield","West Ham","1","4","A","1","1","D","0","3","A"
"6304","13-01-18 16:00","England","Premier League","2017/2018","Newcastle","Swansea","1","1","D","0","0","D","1","1","D"
"6305","13-01-18 16:00","England","Premier League","2017/2018","Watford","Southampton","2","2","D","0","2","A","2","0","H"
"6306","13-01-18 16:00","England","Premier League","2017/2018","West Brom","Brighton","2","0","H","1","0","H","1","0","H"
"6300","13-01-18 18:30","England","Premier League","2017/2018","Tottenham","Everton","4","0","H","1","0","H","3","0","H"
"6299","14-01-18 14:30","England","Premier League","2017/2018","Bournemouth","Arsenal","2","1","H","0","0","D","2","1","H"
"6298","14-01-18 17:00","England","Premier League","2017/2018","Liverpool","Manchester City","4","3","H","1","1","D","3","2","H"
"6297","15-01-18 21:00","England","Premier League","2017/2018","Manchester Utd","Stoke","3","0","H","2","0","H","1","0","H"
"6296","20-01-18 13:30","England","Premier League","2017/2018","Brighton","Chelsea","0","4","A","0","2","A","0","2","A"
"6290","20-01-18 16:00","England","Premier League","2017/2018","Arsenal","Crystal Palace","4","1","H","4","0","H","0","1","A"
"6291","20-01-18 16:00","England","Premier League","2017/2018","Burnley","Manchester Utd","0","1","A","0","0","D","0","1","A"
"6292","20-01-18 16:00","England","Premier League","2017/2018","Everton","West Brom","1","1","D","0","1","A","1","0","H"
"6293","20-01-18 16:00","England","Premier League","2017/2018","Leicester","Watford","2","0","H","1","0","H","1","0","H"
"6294","20-01-18 16:00","England","Premier League","2017/2018","Stoke","Huddersfield","2","0","H","0","0","D","2","0","H"
"6295","20-01-18 16:00","England","Premier League","2017/2018","West Ham","Bournemouth","1","1","D","0","0","D","1","1","D"
"6289","20-01-18 18:30","England","Premier League","2017/2018","Manchester City","Newcastle","3","1","H","1","0","H","2","1","H"
"6288","21-01-18 17:00","England","Premier League","2017/2018","Southampton","Tottenham","1","1","D","1","1","D","0","0","D"
"6287","22-01-18 21:00","England","Premier League","2017/2018","Swansea","Liverpool","1","0","H","1","0","H","0","0","D"
"6285","30-01-18 20:45","England","Premier League","2017/2018","Swansea","Arsenal","3","1","H","1","1","D","2","0","H"
"6286","30-01-18 20:45","England","Premier League","2017/2018","West Ham","Crystal Palace","1","1","D","1","1","D","0","0","D"
"6284","30-01-18 21:00","England","Premier League","2017/2018","Huddersfield","Liverpool","0","3","A","0","2","A","0","1","A"
"6280","31-01-18 20:45","England","Premier League","2017/2018","Chelsea","Bournemouth","0","3","A","0","0","D","0","3","A"
"6281","31-01-18 20:45","England","Premier League","2017/2018","Everton","Leicester","2","1","H","2","0","H","0","1","A"
"6282","31-01-18 20:45","England","Premier League","2017/2018","Newcastle","Burnley","1","1","D","0","0","D","1","1","D"
"6283","31-01-18 20:45","England","Premier League","2017/2018","Southampton","Brighton","1","1","D","0","1","A","1","0","H"
"6277","31-01-18 21:00","England","Premier League","2017/2018","Manchester City","West Brom","3","0","H","1","0","H","2","0","H"
"6278","31-01-18 21:00","England","Premier League","2017/2018","Stoke","Watford","0","0","D","0","0","D","0","0","D"
"6279","31-01-18 21:00","England","Premier League","2017/2018","Tottenham","Manchester Utd","2","0","H","2","0","H","0","0","D"
"6276","03-02-18 13:30","England","Premier League","2017/2018","Burnley","Manchester City","1","1","D","0","1","A","1","0","H"
"6271","03-02-18 16:00","England","Premier League","2017/2018","Bournemouth","Stoke","2","1","H","0","1","A","2","0","H"
"6272","03-02-18 16:00","England","Premier League","2017/2018","Brighton","West Ham","3","1","H","1","1","D","2","0","H"
"6273","03-02-18 16:00","England","Premier League","2017/2018","Leicester","Swansea","1","1","D","1","0","H","0","1","A"
"6274","03-02-18 16:00","England","Premier League","2017/2018","Manchester Utd","Huddersfield","2","0","H","0","0","D","2","0","H"
"6275","03-02-18 16:00","England","Premier League","2017/2018","West Brom","Southampton","2","3","A","1","2","A","1","1","D"
"6270","03-02-18 18:30","England","Premier League","2017/2018","Arsenal","Everton","5","1","H","4","0","H","1","1","D"
"6269","04-02-18 15:15","England","Premier League","2017/2018","Crystal Palace","Newcastle","1","1","D","0","1","A","1","0","H"
"6268","04-02-18 17:30","England","Premier League","2017/2018","Liverpool","Tottenham","2","2","D","1","0","H","1","2","A"
"6267","05-02-18 21:00","England","Premier League","2017/2018","Watford","Chelsea","4","1","H","1","0","H","3","1","H"
"6266","10-02-18 13:30","England","Premier League","2017/2018","Tottenham","Arsenal","1","0","H","0","0","D","1","0","H"
"6262","10-02-18 16:00","England","Premier League","2017/2018","Everton","Crystal Palace","3","1","H","0","0","D","3","1","H"
"6263","10-02-18 16:00","England","Premier League","2017/2018","Stoke","Brighton","1","1","D","0","1","A","1","0","H"
"6264","10-02-18 16:00","England","Premier League","2017/2018","Swansea","Burnley","1","0","H","0","0","D","1","0","H"
"6265","10-02-18 16:00","England","Premier League","2017/2018","West Ham","Watford","2","0","H","1","0","H","1","0","H"
"6261","10-02-18 18:30","England","Premier League","2017/2018","Manchester City","Leicester","5","1","H","1","1","D","4","0","H"
"6260","11-02-18 13:00","England","Premier League","2017/2018","Huddersfield","Bournemouth","4","1","H","2","1","H","2","0","H"
"6259","11-02-18 15:15","England","Premier League","2017/2018","Newcastle","Manchester Utd","1","0","H","0","0","D","1","0","H"
"6258","11-02-18 17:30","England","Premier League","2017/2018","Southampton","Liverpool","0","2","A","0","2","A","0","0","D"
"6257","12-02-18 21:00","England","Premier League","2017/2018","Chelsea","West Brom","3","0","H","1","0","H","2","0","H"
"6256","24-02-18 13:30","England","Premier League","2017/2018","Leicester","Stoke","1","1","D","0","1","A","1","0","H"
"6251","24-02-18 16:00","England","Premier League","2017/2018","Bournemouth","Newcastle","2","2","D","0","2","A","2","0","H"
"6252","24-02-18 16:00","England","Premier League","2017/2018","Brighton","Swansea","4","1","H","1","0","H","3","1","H"
"6253","24-02-18 16:00","England","Premier League","2017/2018","Burnley","Southampton","1","1","D","0","0","D","1","1","D"
"6254","24-02-18 16:00","England","Premier League","2017/2018","Liverpool","West Ham","4","1","H","1","0","H","3","1","H"
"6255","24-02-18 16:00","England","Premier League","2017/2018","West Brom","Huddersfield","1","2","A","0","0","D","1","2","A"
"6250","24-02-18 18:30","England","Premier League","2017/2018","Watford","Everton","1","0","H","0","0","D","1","0","H"
"6249","25-02-18 13:00","England","Premier League","2017/2018","Crystal Palace","Tottenham","0","1","A","0","0","D","0","1","A"
"6248","25-02-18 15:05","England","Premier League","2017/2018","Manchester Utd","Chelsea","2","1","H","1","1","D","1","0","H"
"6247","01-03-18 20:45","England","Premier League","2017/2018","Arsenal","Manchester City","0","3","A","0","3","A","0","0","D"
"6246","03-03-18 13:30","England","Premier League","2017/2018","Burnley","Everton","2","1","H","0","1","A","2","0","H"
"6241","03-03-18 16:00","England","Premier League","2017/2018","Leicester","Bournemouth","1","1","D","0","1","A","1","0","H"
"6242","03-03-18 16:00","England","Premier League","2017/2018","Southampton","Stoke","0","0","D","0","0","D","0","0","D"
"6243","03-03-18 16:00","England","Premier League","2017/2018","Swansea","West Ham","4","1","H","2","0","H","2","1","H"
"6244","03-03-18 16:00","England","Premier League","2017/2018","Tottenham","Huddersfield","2","0","H","1","0","H","1","0","H"
"6245","03-03-18 16:00","England","Premier League","2017/2018","Watford","West Brom","1","0","H","0","0","D","1","0","H"
"6240","03-03-18 18:30","England","Premier League","2017/2018","Liverpool","Newcastle","2","0","H","1","0","H","1","0","H"
"6239","04-03-18 14:30","England","Premier League","2017/2018","Brighton","Arsenal","2","1","H","2","1","H","0","0","D"
"6238","04-03-18 17:00","England","Premier League","2017/2018","Manchester City","Chelsea","1","0","H","0","0","D","1","0","H"
"6237","05-03-18 21:00","England","Premier League","2017/2018","Crystal Palace","Manchester Utd","2","3","A","1","0","H","1","3","A"
"6236","10-03-18 13:30","England","Premier League","2017/2018","Manchester Utd","Liverpool","2","1","H","2","0","H","0","1","A"
"6231","10-03-18 16:00","England","Premier League","2017/2018","Everton","Brighton","2","0","H","0","0","D","2","0","H"
"6232","10-03-18 16:00","England","Premier League","2017/2018","Huddersfield","Swansea","0","0","D","0","0","D","0","0","D"
"6233","10-03-18 16:00","England","Premier League","2017/2018","Newcastle","Southampton","3","0","H","2","0","H","1","0","H"
"6234","10-03-18 16:00","England","Premier League","2017/2018","West Brom","Leicester","1","4","A","1","1","D","0","3","A"
"6235","10-03-18 16:00","England","Premier League","2017/2018","West Ham","Burnley","0","3","A","0","0","D","0","3","A"
"6230","10-03-18 18:30","England","Premier League","2017/2018","Chelsea","Crystal Palace","2","1","H","2","0","H","0","1","A"
"6229","11-03-18 14:30","England","Premier League","2017/2018","Arsenal","Watford","3","0","H","1","0","H","2","0","H"
"6228","11-03-18 17:00","England","Premier League","2017/2018","Bournemouth","Tottenham","1","4","A","1","1","D","0","3","A"
"6227","12-03-18 21:00","England","Premier League","2017/2018","Stoke","Manchester City","0","2","A","0","1","A","0","1","A"
"6224","17-03-18 16:00","England","Premier League","2017/2018","Bournemouth","West Brom","2","1","H","0","0","D","2","1","H"
"6225","17-03-18 16:00","England","Premier League","2017/2018","Huddersfield","Crystal Palace","0","2","A","0","1","A","0","1","A"
"6226","17-03-18 16:00","England","Premier League","2017/2018","Stoke","Everton","1","2","A","0","0","D","1","2","A"
"6223","17-03-18 18:30","England","Premier League","2017/2018","Liverpool","Watford","5","0","H","2","0","H","3","0","H"
"6222","31-03-18 13:30","England","Premier League","2017/2018","Crystal Palace","Liverpool","1","2","A","1","0","H","0","2","A"
"6216","31-03-18 16:00","England","Premier League","2017/2018","Brighton","Leicester","0","2","A","0","0","D","0","2","A"
"6217","31-03-18 16:00","England","Premier League","2017/2018","Manchester Utd","Swansea","2","0","H","2","0","H","0","0","D"
"6218","31-03-18 16:00","England","Premier League","2017/2018","Newcastle","Huddersfield","1","0","H","0","0","D","1","0","H"
"6219","31-03-18 16:00","England","Premier League","2017/2018","Watford","Bournemouth","2","2","D","1","1","D","1","1","D"
"6220","31-03-18 16:00","England","Premier League","2017/2018","West Brom","Burnley","1","2","A","0","1","A","1","1","D"
"6221","31-03-18 16:00","England","Premier League","2017/2018","West Ham","Southampton","3","0","H","3","0","H","0","0","D"
"6215","31-03-18 18:30","England","Premier League","2017/2018","Everton","Manchester City","1","3","A","0","3","A","1","0","H"
"6214","01-04-18 14:30","England","Premier League","2017/2018","Arsenal","Stoke","3","0","H","0","0","D","3","0","H"
"6213","01-04-18 17:00","England","Premier League","2017/2018","Chelsea","Tottenham","1","3","A","1","1","D","0","2","A"
"6212","07-04-18 13:30","England","Premier League","2017/2018","Everton","Liverpool","0","0","D","0","0","D","0","0","D"
"6206","07-04-18 16:00","England","Premier League","2017/2018","Bournemouth","Crystal Palace","2","2","D","0","0","D","2","2","D"
"6207","07-04-18 16:00","England","Premier League","2017/2018","Brighton","Huddersfield","1","1","D","1","1","D","0","0","D"
"6208","07-04-18 16:00","England","Premier League","2017/2018","Leicester","Newcastle","1","2","A","0","1","A","1","1","D"
"6209","07-04-18 16:00","England","Premier League","2017/2018","Stoke","Tottenham","1","2","A","0","0","D","1","2","A"
"6210","07-04-18 16:00","England","Premier League","2017/2018","Watford","Burnley","1","2","A","0","0","D","1","2","A"
"6211","07-04-18 16:00","England","Premier League","2017/2018","West Brom","Swansea","1","1","D","0","0","D","1","1","D"
"6205","07-04-18 18:30","England","Premier League","2017/2018","Manchester City","Manchester Utd","2","3","A","2","0","H","0","3","A"
"6204","08-04-18 15:15","England","Premier League","2017/2018","Arsenal","Southampton","3","2","H","2","1","H","1","1","D"
"6203","08-04-18 17:30","England","Premier League","2017/2018","Chelsea","West Ham","1","1","D","1","0","H","0","1","A"
"6202","14-04-18 13:30","England","Premier League","2017/2018","Southampton","Chelsea","2","3","A","1","0","H","1","3","A"
"6198","14-04-18 16:00","England","Premier League","2017/2018","Burnley","Leicester","2","1","H","2","0","H","0","1","A"
"6199","14-04-18 16:00","England","Premier League","2017/2018","Crystal Palace","Brighton","3","2","H","3","2","H","0","0","D"
"6200","14-04-18 16:00","England","Premier League","2017/2018","Huddersfield","Watford","1","0","H","0","0","D","1","0","H"
"6201","14-04-18 16:00","England","Premier League","2017/2018","Swansea","Everton","1","1","D","0","1","A","1","0","H"
"6197","14-04-18 18:30","England","Premier League","2017/2018","Liverpool","Bournemouth","3","0","H","1","0","H","2","0","H"
"6196","14-04-18 20:45","England","Premier League","2017/2018","Tottenham","Manchester City","1","3","A","1","2","A","0","1","A"
"6195","15-04-18 14:30","England","Premier League","2017/2018","Newcastle","Arsenal","2","1","H","1","1","D","1","0","H"
"6194","15-04-18 17:00","England","Premier League","2017/2018","Manchester Utd","West Brom","0","1","A","0","0","D","0","1","A"
"6193","16-04-18 21:00","England","Premier League","2017/2018","West Ham","Stoke","1","1","D","0","0","D","1","1","D"
"6192","17-04-18 20:45","England","Premier League","2017/2018","Brighton","Tottenham","1","1","D","0","0","D","1","1","D"
"6191","18-04-18 20:45","England","Premier League","2017/2018","Bournemouth","Manchester Utd","0","2","A","0","1","A","0","1","A"
"6189","19-04-18 20:45","England","Premier League","2017/2018","Burnley","Chelsea","1","2","A","0","1","A","1","1","D"
"6190","19-04-18 20:45","England","Premier League","2017/2018","Leicester","Southampton","0","0","D","0","0","D","0","0","D"
"6188","21-04-18 13:30","England","Premier League","2017/2018","West Brom","Liverpool","2","2","D","0","1","A","2","1","H"
"6187","21-04-18 16:00","England","Premier League","2017/2018","Watford","Crystal Palace","0","0","D","0","0","D","0","0","D"
"6185","22-04-18 14:30","England","Premier League","2017/2018","Arsenal","West Ham","4","1","H","0","0","D","4","1","H"
"6186","22-04-18 14:30","England","Premier League","2017/2018","Stoke","Burnley","1","1","D","1","0","H","0","1","A"
"6184","22-04-18 17:30","England","Premier League","2017/2018","Manchester City","Swansea","5","0","H","2","0","H","3","0","H"
"6183","23-04-18 21:00","England","Premier League","2017/2018","Everton","Newcastle","1","0","H","0","0","D","1","0","H"
"6182","28-04-18 13:30","England","Premier League","2017/2018","Liverpool","Stoke","0","0","D","0","0","D","0","0","D"
"6177","28-04-18 16:00","England","Premier League","2017/2018","Burnley","Brighton","0","0","D","0","0","D","0","0","D"
"6178","28-04-18 16:00","England","Premier League","2017/2018","Crystal Palace","Leicester","5","0","H","2","0","H","3","0","H"
"6179","28-04-18 16:00","England","Premier League","2017/2018","Huddersfield","Everton","0","2","A","0","1","A","0","1","A"
"6180","28-04-18 16:00","England","Premier League","2017/2018","Newcastle","West Brom","0","1","A","0","1","A","0","0","D"
"6181","28-04-18 16:00","England","Premier League","2017/2018","Southampton","Bournemouth","2","1","H","1","1","D","1","0","H"
"6176","28-04-18 18:30","England","Premier League","2017/2018","Swansea","Chelsea","0","1","A","0","1","A","0","0","D"
"6175","29-04-18 15:15","England","Premier League","2017/2018","West Ham","Manchester City","1","4","A","1","2","A","0","2","A"
"6174","29-04-18 17:30","England","Premier League","2017/2018","Manchester Utd","Arsenal","2","1","H","1","0","H","1","1","D"
"6173","30-04-18 21:00","England","Premier League","2017/2018","Tottenham","Watford","2","0","H","1","0","H","1","0","H"
"6172","04-05-18 21:00","England","Premier League","2017/2018","Brighton","Manchester Utd","1","0","H","0","0","D","1","0","H"
"6171","05-05-18 13:30","England","Premier League","2017/2018","Stoke","Crystal Palace","1","2","A","1","0","H","0","2","A"
"6167","05-05-18 16:00","England","Premier League","2017/2018","Bournemouth","Swansea","1","0","H","1","0","H","0","0","D"
"6168","05-05-18 16:00","England","Premier League","2017/2018","Leicester","West Ham","0","2","A","0","1","A","0","1","A"
"6169","05-05-18 16:00","England","Premier League","2017/2018","Watford","Newcastle","2","1","H","2","0","H","0","1","A"
"6170","05-05-18 16:00","England","Premier League","2017/2018","West Brom","Tottenham","1","0","H","0","0","D","1","0","H"
"6166","05-05-18 18:30","England","Premier League","2017/2018","Everton","Southampton","1","1","D","0","0","D","1","1","D"
"6165","06-05-18 14:30","England","Premier League","2017/2018","Manchester City","Huddersfield","0","0","D","0","0","D","0","0","D"
"6163","06-05-18 17:30","England","Premier League","2017/2018","Arsenal","Burnley","5","0","H","2","0","H","3","0","H"
"6164","06-05-18 17:30","England","Premier League","2017/2018","Chelsea","Liverpool","1","0","H","1","0","H","0","0","D"
"6162","08-05-18 20:45","England","Premier League","2017/2018","Swansea","Southampton","0","1","A","0","0","D","0","1","A"
"6160","09-05-18 20:45","England","Premier League","2017/2018","Chelsea","Huddersfield","1","1","D","0","0","D","1","1","D"
"6161","09-05-18 20:45","England","Premier League","2017/2018","Leicester","Arsenal","3","1","H","1","0","H","2","1","H"
"6158","09-05-18 21:00","England","Premier League","2017/2018","Manchester City","Brighton","3","1","H","2","1","H","1","0","H"
"6159","09-05-18 21:00","England","Premier League","2017/2018","Tottenham","Newcastle","1","0","H","0","0","D","1","0","H"
"6157","10-05-18 20:45","England","Premier League","2017/2018","West Ham","Manchester Utd","0","0","D","0","0","D","0","0","D"
"6147","13-05-18 16:00","England","Premier League","2017/2018","Burnley","Bournemouth","1","2","A","1","0","H","0","2","A"
"6148","13-05-18 16:00","England","Premier League","2017/2018","Crystal Palace","West Brom","2","0","H","0","0","D","2","0","H"
"6149","13-05-18 16:00","England","Premier League","2017/2018","Huddersfield","Arsenal","0","1","A","0","1","A","0","0","D"
"6150","13-05-18 16:00","England","Premier League","2017/2018","Liverpool","Brighton","4","0","H","2","0","H","2","0","H"
"6151","13-05-18 16:00","England","Premier League","2017/2018","Manchester Utd","Watford","1","0","H","1","0","H","0","0","D"
"6152","13-05-18 16:00","England","Premier League","2017/2018","Newcastle","Chelsea","3","0","H","1","0","H","2","0","H"
"6153","13-05-18 16:00","England","Premier League","2017/2018","Southampton","Manchester City","0","1","A","0","0","D","0","1","A"
"6154","13-05-18 16:00","England","Premier League","2017/2018","Swansea","Stoke","1","2","A","1","2","A","0","0","D"
"6155","13-05-18 16:00","England","Premier League","2017/2018","Tottenham","Leicester","5","4","H","1","2","A","4","2","H"
"6156","13-05-18 16:00","England","Premier League","2017/2018","West Ham","Everton","3","1","H","1","0","H","2","1","H"
"6146","10-08-18 21:00","England","Premier League","2018/2019","Manchester Utd","Leicester","2","1","H","1","0","H","1","1","D"
"6145","11-08-18 13:30","England","Premier League","2018/2019","Newcastle","Tottenham","1","2","A","1","2","A","0","0","D"
"6141","11-08-18 16:00","England","Premier League","2018/2019","Bournemouth","Cardiff","2","0","H","1","0","H","1","0","H"
"6142","11-08-18 16:00","England","Premier League","2018/2019","Fulham","Crystal Palace","0","2","A","0","1","A","0","1","A"
"6143","11-08-18 16:00","England","Premier League","2018/2019","Huddersfield","Chelsea","0","3","A","0","2","A","0","1","A"
"6144","11-08-18 16:00","England","Premier League","2018/2019","Watford","Brighton","2","0","H","1","0","H","1","0","H"
"6140","11-08-18 18:30","England","Premier League","2018/2019","Wolves","Everton","2","2","D","1","1","D","1","1","D"
"6138","12-08-18 14:30","England","Premier League","2018/2019","Liverpool","West Ham","4","0","H","2","0","H","2","0","H"
"6139","12-08-18 14:30","England","Premier League","2018/2019","Southampton","Burnley","0","0","D","0","0","D","0","0","D"
"6137","12-08-18 17:00","England","Premier League","2018/2019","Arsenal","Manchester City","0","2","A","0","1","A","0","1","A"
"6136","18-08-18 13:30","England","Premier League","2018/2019","Cardiff","Newcastle","0","0","D","0","0","D","0","0","D"
"6132","18-08-18 16:00","England","Premier League","2018/2019","Everton","Southampton","2","1","H","2","0","H","0","1","A"
"6133","18-08-18 16:00","England","Premier League","2018/2019","Leicester","Wolves","2","0","H","2","0","H","0","0","D"
"6134","18-08-18 16:00","England","Premier League","2018/2019","Tottenham","Fulham","3","1","H","1","0","H","2","1","H"
"6135","18-08-18 16:00","England","Premier League","2018/2019","West Ham","Bournemouth","1","2","A","1","0","H","0","2","A"
"6131","18-08-18 18:30","England","Premier League","2018/2019","Chelsea","Arsenal","3","2","H","2","2","D","1","0","H"
"6129","19-08-18 14:30","England","Premier League","2018/2019","Burnley","Watford","1","3","A","1","1","D","0","2","A"
"6130","19-08-18 14:30","England","Premier League","2018/2019","Manchester City","Huddersfield","6","1","H","3","1","H","3","0","H"
"6128","19-08-18 17:00","England","Premier League","2018/2019","Brighton","Manchester Utd","3","2","H","3","1","H","0","1","A"
"6127","20-08-18 21:00","England","Premier League","2018/2019","Crystal Palace","Liverpool","0","2","A","0","1","A","0","1","A"
"6126","25-08-18 13:30","England","Premier League","2018/2019","Wolves","Manchester City","1","1","D","0","0","D","1","1","D"
"6122","25-08-18 16:00","England","Premier League","2018/2019","Arsenal","West Ham","3","1","H","1","1","D","2","0","H"
"6123","25-08-18 16:00","England","Premier League","2018/2019","Bournemouth","Everton","2","2","D","0","0","D","2","2","D"
"6124","25-08-18 16:00","England","Premier League","2018/2019","Huddersfield","Cardiff","0","0","D","0","0","D","0","0","D"
"6125","25-08-18 16:00","England","Premier League","2018/2019","Southampton","Leicester","1","2","A","0","0","D","1","2","A"
"6121","25-08-18 18:30","England","Premier League","2018/2019","Liverpool","Brighton","1","0","H","1","0","H","0","0","D"
"6120","26-08-18 14:30","England","Premier League","2018/2019","Watford","Crystal Palace","2","1","H","0","0","D","2","1","H"
"6118","26-08-18 17:00","England","Premier League","2018/2019","Fulham","Burnley","4","2","H","3","2","H","1","0","H"
"6119","26-08-18 17:00","England","Premier League","2018/2019","Newcastle","Chelsea","1","2","A","0","0","D","1","2","A"
"6117","27-08-18 21:00","England","Premier League","2018/2019","Manchester Utd","Tottenham","0","3","A","0","0","D","0","3","A"
"6116","01-09-18 13:30","England","Premier League","2018/2019","Leicester","Liverpool","1","2","A","0","2","A","1","0","H"
"6111","01-09-18 16:00","England","Premier League","2018/2019","Brighton","Fulham","2","2","D","0","1","A","2","1","H"
"6112","01-09-18 16:00","England","Premier League","2018/2019","Chelsea","Bournemouth","2","0","H","0","0","D","2","0","H"
"6113","01-09-18 16:00","England","Premier League","2018/2019","Crystal Palace","Southampton","0","2","A","0","0","D","0","2","A"
"6114","01-09-18 16:00","England","Premier League","2018/2019","Everton","Huddersfield","1","1","D","1","1","D","0","0","D"
"6115","01-09-18 16:00","England","Premier League","2018/2019","West Ham","Wolves","0","1","A","0","0","D","0","1","A"
"6110","01-09-18 18:30","England","Premier League","2018/2019","Manchester City","Newcastle","2","1","H","1","1","D","1","0","H"
"6109","02-09-18 14:30","England","Premier League","2018/2019","Cardiff","Arsenal","2","3","A","1","1","D","1","2","A"
"6107","02-09-18 17:00","England","Premier League","2018/2019","Burnley","Manchester Utd","0","2","A","0","2","A","0","0","D"
"6108","02-09-18 17:00","England","Premier League","2018/2019","Watford","Tottenham","2","1","H","0","0","D","2","1","H"
"6106","15-09-18 13:30","England","Premier League","2018/2019","Tottenham","Liverpool","1","2","A","0","1","A","1","1","D"
"6101","15-09-18 16:00","England","Premier League","2018/2019","Bournemouth","Leicester","4","2","H","3","0","H","1","2","A"
"6102","15-09-18 16:00","England","Premier League","2018/2019","Chelsea","Cardiff","4","1","H","2","1","H","2","0","H"
"6103","15-09-18 16:00","England","Premier League","2018/2019","Huddersfield","Crystal Palace","0","1","A","0","1","A","0","0","D"
"6104","15-09-18 16:00","England","Premier League","2018/2019","Manchester City","Fulham","3","0","H","2","0","H","1","0","H"
"6105","15-09-18 16:00","England","Premier League","2018/2019","Newcastle","Arsenal","1","2","A","0","0","D","1","2","A"
"6100","15-09-18 18:30","England","Premier League","2018/2019","Watford","Manchester Utd","1","2","A","0","2","A","1","0","H"
"6099","16-09-18 14:30","England","Premier League","2018/2019","Wolves","Burnley","1","0","H","0","0","D","1","0","H"
"6098","16-09-18 17:00","England","Premier League","2018/2019","Everton","West Ham","1","3","A","1","2","A","0","1","A"
"6097","17-09-18 21:00","England","Premier League","2018/2019","Southampton","Brighton","2","2","D","1","0","H","1","2","A"
"6096","22-09-18 13:30","England","Premier League","2018/2019","Fulham","Watford","1","1","D","0","1","A","1","0","H"
"6090","22-09-18 16:00","England","Premier League","2018/2019","Burnley","Bournemouth","4","0","H","2","0","H","2","0","H"
"6091","22-09-18 16:00","England","Premier League","2018/2019","Cardiff","Manchester City","0","5","A","0","3","A","0","2","A"
"6092","22-09-18 16:00","England","Premier League","2018/2019","Crystal Palace","Newcastle","0","0","D","0","0","D","0","0","D"
"6093","22-09-18 16:00","England","Premier League","2018/2019","Leicester","Huddersfield","3","1","H","1","1","D","2","0","H"
"6094","22-09-18 16:00","England","Premier League","2018/2019","Liverpool","Southampton","3","0","H","3","0","H","0","0","D"
"6095","22-09-18 16:00","England","Premier League","2018/2019","Manchester Utd","Wolves","1","1","D","1","0","H","0","1","A"
"6089","22-09-18 18:30","England","Premier League","2018/2019","Brighton","Tottenham","1","2","A","0","1","A","1","1","D"
"6088","23-09-18 14:30","England","Premier League","2018/2019","West Ham","Chelsea","0","0","D","0","0","D","0","0","D"
"6087","23-09-18 17:00","England","Premier League","2018/2019","Arsenal","Everton","2","0","H","0","0","D","2","0","H"
"6086","29-09-18 13:30","England","Premier League","2018/2019","West Ham","Manchester Utd","3","1","H","2","0","H","1","1","D"
"6080","29-09-18 16:00","England","Premier League","2018/2019","Arsenal","Watford","2","0","H","0","0","D","2","0","H"
"6081","29-09-18 16:00","England","Premier League","2018/2019","Everton","Fulham","3","0","H","0","0","D","3","0","H"
"6082","29-09-18 16:00","England","Premier League","2018/2019","Huddersfield","Tottenham","0","2","A","0","2","A","0","0","D"
"6083","29-09-18 16:00","England","Premier League","2018/2019","Manchester City","Brighton","2","0","H","1","0","H","1","0","H"
"6084","29-09-18 16:00","England","Premier League","2018/2019","Newcastle","Leicester","0","2","A","0","1","A","0","1","A"
"6085","29-09-18 16:00","England","Premier League","2018/2019","Wolves","Southampton","2","0","H","0","0","D","2","0","H"
"6079","29-09-18 18:30","England","Premier League","2018/2019","Chelsea","Liverpool","1","1","D","1","0","H","0","1","A"
"6078","30-09-18 17:00","England","Premier League","2018/2019","Cardiff","Burnley","1","2","A","0","0","D","1","2","A"
"6077","01-10-18 21:00","England","Premier League","2018/2019","Bournemouth","Crystal Palace","2","1","H","1","0","H","1","1","D"
"6076","05-10-18 21:00","England","Premier League","2018/2019","Brighton","West Ham","1","0","H","1","0","H","0","0","D"
"6071","06-10-18 16:00","England","Premier League","2018/2019","Burnley","Huddersfield","1","1","D","1","0","H","0","1","A"
"6072","06-10-18 16:00","England","Premier League","2018/2019","Crystal Palace","Wolves","0","1","A","0","0","D","0","1","A"
"6073","06-10-18 16:00","England","Premier League","2018/2019","Leicester","Everton","1","2","A","1","1","D","0","1","A"
"6074","06-10-18 16:00","England","Premier League","2018/2019","Tottenham","Cardiff","1","0","H","1","0","H","0","0","D"
"6075","06-10-18 16:00","England","Premier League","2018/2019","Watford","Bournemouth","0","4","A","0","3","A","0","1","A"
"6070","06-10-18 18:30","England","Premier League","2018/2019","Manchester Utd","Newcastle","3","2","H","0","2","A","3","0","H"
"6069","07-10-18 13:00","England","Premier League","2018/2019","Fulham","Arsenal","1","5","A","1","1","D","0","4","A"
"6068","07-10-18 15:15","England","Premier League","2018/2019","Southampton","Chelsea","0","3","A","0","1","A","0","2","A"
"6067","07-10-18 17:30","England","Premier League","2018/2019","Liverpool","Manchester City","0","0","D","0","0","D","0","0","D"
"6066","20-10-18 13:30","England","Premier League","2018/2019","Chelsea","Manchester Utd","2","2","D","1","0","H","1","2","A"
"6060","20-10-18 16:00","England","Premier League","2018/2019","Bournemouth","Southampton","0","0","D","0","0","D","0","0","D"
"6061","20-10-18 16:00","England","Premier League","2018/2019","Cardiff","Fulham","4","2","H","2","2","D","2","0","H"
"6062","20-10-18 16:00","England","Premier League","2018/2019","Manchester City","Burnley","5","0","H","1","0","H","4","0","H"
"6063","20-10-18 16:00","England","Premier League","2018/2019","Newcastle","Brighton","0","1","A","0","1","A","0","0","D"
"6064","20-10-18 16:00","England","Premier League","2018/2019","West Ham","Tottenham","0","1","A","0","1","A","0","0","D"
"6065","20-10-18 16:00","England","Premier League","2018/2019","Wolves","Watford","0","2","A","0","2","A","0","0","D"
"6059","20-10-18 18:30","England","Premier League","2018/2019","Huddersfield","Liverpool","0","1","A","0","1","A","0","0","D"
"6058","21-10-18 17:00","England","Premier League","2018/2019","Everton","Crystal Palace","2","0","H","0","0","D","2","0","H"
"6057","22-10-18 21:00","England","Premier League","2018/2019","Arsenal","Leicester","3","1","H","1","1","D","2","0","H"
"6052","27-10-18 16:00","England","Premier League","2018/2019","Brighton","Wolves","1","0","H","0","0","D","1","0","H"
"6053","27-10-18 16:00","England","Premier League","2018/2019","Fulham","Bournemouth","0","3","A","0","1","A","0","2","A"
"6054","27-10-18 16:00","England","Premier League","2018/2019","Liverpool","Cardiff","4","1","H","1","0","H","3","1","H"
"6055","27-10-18 16:00","England","Premier League","2018/2019","Southampton","Newcastle","0","0","D","0","0","D","0","0","D"
"6056","27-10-18 16:00","England","Premier League","2018/2019","Watford","Huddersfield","3","0","H","2","0","H","1","0","H"
"6051","27-10-18 18:30","England","Premier League","2018/2019","Leicester","West Ham","1","1","D","0","1","A","1","0","H"
"6049","28-10-18 14:30","England","Premier League","2018/2019","Burnley","Chelsea","0","4","A","0","1","A","0","3","A"
"6050","28-10-18 14:30","England","Premier League","2018/2019","Crystal Palace","Arsenal","2","2","D","1","0","H","1","2","A"
"6048","28-10-18 17:00","England","Premier League","2018/2019","Manchester Utd","Everton","2","1","H","1","0","H","1","1","D"
"6047","29-10-18 21:00","England","Premier League","2018/2019","Tottenham","Manchester City","0","1","A","0","1","A","0","0","D"
"6046","03-11-18 13:30","England","Premier League","2018/2019","Bournemouth","Manchester Utd","1","2","A","1","1","D","0","1","A"
"6042","03-11-18 16:00","England","Premier League","2018/2019","Cardiff","Leicester","0","1","A","0","0","D","0","1","A"
"6043","03-11-18 16:00","England","Premier League","2018/2019","Everton","Brighton","3","1","H","1","1","D","2","0","H"
"6044","03-11-18 16:00","England","Premier League","2018/2019","Newcastle","Watford","1","0","H","0","0","D","1","0","H"
"6045","03-11-18 16:00","England","Premier League","2018/2019","West Ham","Burnley","4","2","H","1","1","D","3","1","H"
"6041","03-11-18 18:30","England","Premier League","2018/2019","Arsenal","Liverpool","1","1","D","0","0","D","1","1","D"
"6040","03-11-18 20:45","England","Premier League","2018/2019","Wolves","Tottenham","2","3","A","0","2","A","2","1","H"
"6039","04-11-18 16:00","England","Premier League","2018/2019","Manchester City","Southampton","6","1","H","4","1","H","2","0","H"
"6038","04-11-18 17:00","England","Premier League","2018/2019","Chelsea","Crystal Palace","3","1","H","1","0","H","2","1","H"
"6037","05-11-18 21:00","England","Premier League","2018/2019","Huddersfield","Fulham","1","0","H","1","0","H","0","0","D"
"6036","10-11-18 13:30","England","Premier League","2018/2019","Cardiff","Brighton","2","1","H","1","1","D","1","0","H"
"6032","10-11-18 16:00","England","Premier League","2018/2019","Huddersfield","West Ham","1","1","D","1","0","H","0","1","A"
"6033","10-11-18 16:00","England","Premier League","2018/2019","Leicester","Burnley","0","0","D","0","0","D","0","0","D"
"6034","10-11-18 16:00","England","Premier League","2018/2019","Newcastle","Bournemouth","2","1","H","2","1","H","0","0","D"
"6035","10-11-18 16:00","England","Premier League","2018/2019","Southampton","Watford","1","1","D","1","0","H","0","1","A"
"6031","10-11-18 18:30","England","Premier League","2018/2019","Crystal Palace","Tottenham","0","1","A","0","0","D","0","1","A"
"6030","11-11-18 13:00","England","Premier League","2018/2019","Liverpool","Fulham","2","0","H","1","0","H","1","0","H"
"6029","11-11-18 15:15","England","Premier League","2018/2019","Chelsea","Everton","0","0","D","0","0","D","0","0","D"
"6027","11-11-18 17:30","England","Premier League","2018/2019","Arsenal","Wolves","1","1","D","0","1","A","1","0","H"
"6028","11-11-18 17:30","England","Premier League","2018/2019","Manchester City","Manchester Utd","3","1","H","1","0","H","2","1","H"
"6021","24-11-18 16:00","England","Premier League","2018/2019","Brighton","Leicester","1","1","D","1","0","H","0","1","A"
"6022","24-11-18 16:00","England","Premier League","2018/2019","Everton","Cardiff","1","0","H","0","0","D","1","0","H"
"6023","24-11-18 16:00","England","Premier League","2018/2019","Fulham","Southampton","3","2","H","2","1","H","1","1","D"
"6024","24-11-18 16:00","England","Premier League","2018/2019","Manchester Utd","Crystal Palace","0","0","D","0","0","D","0","0","D"
"6025","24-11-18 16:00","England","Premier League","2018/2019","Watford","Liverpool","0","3","A","0","0","D","0","3","A"
"6026","24-11-18 16:00","England","Premier League","2018/2019","West Ham","Manchester City","0","4","A","0","3","A","0","1","A"
"6020","24-11-18 18:30","England","Premier League","2018/2019","Tottenham","Chelsea","3","1","H","2","0","H","1","1","D"
"6019","25-11-18 14:30","England","Premier League","2018/2019","Bournemouth","Arsenal","1","2","A","1","1","D","0","1","A"
"6018","25-11-18 17:00","England","Premier League","2018/2019","Wolves","Huddersfield","0","2","A","0","1","A","0","1","A"
"6017","26-11-18 21:30","England","Premier League","2018/2019","Burnley","Newcastle","1","2","A","1","2","A","0","0","D"
"6016","30-11-18 21:00","England","Premier League","2018/2019","Cardiff","Wolves","2","1","H","0","1","A","2","0","H"
"6011","01-12-18 16:00","England","Premier League","2018/2019","Crystal Palace","Burnley","2","0","H","1","0","H","1","0","H"
"6012","01-12-18 16:00","England","Premier League","2018/2019","Huddersfield","Brighton","1","2","A","1","1","D","0","1","A"
"6013","01-12-18 16:00","England","Premier League","2018/2019","Leicester","Watford","2","0","H","2","0","H","0","0","D"
"6014","01-12-18 16:00","England","Premier League","2018/2019","Manchester City","Bournemouth","3","1","H","1","1","D","2","0","H"
"6015","01-12-18 16:00","England","Premier League","2018/2019","Newcastle","West Ham","0","3","A","0","1","A","0","2","A"
"6010","01-12-18 18:30","England","Premier League","2018/2019","Southampton","Manchester Utd","2","2","D","2","2","D","0","0","D"
"6009","02-12-18 13:00","England","Premier League","2018/2019","Chelsea","Fulham","2","0","H","1","0","H","1","0","H"
"6008","02-12-18 15:05","England","Premier League","2018/2019","Arsenal","Tottenham","4","2","H","1","2","A","3","0","H"
"6007","02-12-18 17:15","England","Premier League","2018/2019","Liverpool","Everton","1","0","H","0","0","D","1","0","H"
"6004","04-12-18 20:45","England","Premier League","2018/2019","Bournemouth","Huddersfield","2","1","H","2","1","H","0","0","D"
"6005","04-12-18 20:45","England","Premier League","2018/2019","Brighton","Crystal Palace","3","1","H","3","0","H","0","1","A"
"6006","04-12-18 20:45","England","Premier League","2018/2019","West Ham","Cardiff","3","1","H","0","0","D","3","1","H"
"6003","04-12-18 21:00","England","Premier League","2018/2019","Watford","Manchester City","1","2","A","0","1","A","1","1","D"
"5999","05-12-18 20:45","England","Premier League","2018/2019","Burnley","Liverpool","1","3","A","0","0","D","1","3","A"
"6000","05-12-18 20:45","England","Premier League","2018/2019","Everton","Newcastle","1","1","D","1","1","D","0","0","D"
"6001","05-12-18 20:45","England","Premier League","2018/2019","Fulham","Leicester","1","1","D","1","0","H","0","1","A"
"6002","05-12-18 20:45","England","Premier League","2018/2019","Wolves","Chelsea","2","1","H","0","1","A","2","0","H"
"5997","05-12-18 21:00","England","Premier League","2018/2019","Manchester Utd","Arsenal","2","2","D","1","1","D","1","1","D"
"5998","05-12-18 21:00","England","Premier League","2018/2019","Tottenham","Southampton","3","1","H","1","0","H","2","1","H"
"5996","08-12-18 13:30","England","Premier League","2018/2019","Bournemouth","Liverpool","0","4","A","0","1","A","0","3","A"
"5991","08-12-18 16:00","England","Premier League","2018/2019","Arsenal","Huddersfield","1","0","H","0","0","D","1","0","H"
"5992","08-12-18 16:00","England","Premier League","2018/2019","Burnley","Brighton","1","0","H","1","0","H","0","0","D"
"5993","08-12-18 16:00","England","Premier League","2018/2019","Cardiff","Southampton","1","0","H","0","0","D","1","0","H"
"5994","08-12-18 16:00","England","Premier League","2018/2019","Manchester Utd","Fulham","4","1","H","3","0","H","1","1","D"
"5995","08-12-18 16:00","England","Premier League","2018/2019","West Ham","Crystal Palace","3","2","H","0","1","A","3","1","H"
"5990","08-12-18 18:30","England","Premier League","2018/2019","Chelsea","Manchester City","2","0","H","1","0","H","1","0","H"
"5989","08-12-18 20:45","England","Premier League","2018/2019","Leicester","Tottenham","0","2","A","0","1","A","0","1","A"
"5988","09-12-18 17:00","England","Premier League","2018/2019","Newcastle","Wolves","1","2","A","1","1","D","0","1","A"
"5987","10-12-18 21:00","England","Premier League","2018/2019","Everton","Watford","2","2","D","1","0","H","1","2","A"
"5986","15-12-18 13:30","England","Premier League","2018/2019","Manchester City","Everton","3","1","H","1","0","H","2","1","H"
"5981","15-12-18 16:00","England","Premier League","2018/2019","Crystal Palace","Leicester","1","0","H","1","0","H","0","0","D"
"5982","15-12-18 16:00","England","Premier League","2018/2019","Huddersfield","Newcastle","0","1","A","0","0","D","0","1","A"
"5983","15-12-18 16:00","England","Premier League","2018/2019","Tottenham","Burnley","1","0","H","0","0","D","1","0","H"
"5984","15-12-18 16:00","England","Premier League","2018/2019","Watford","Cardiff","3","2","H","1","0","H","2","2","D"
"5985","15-12-18 16:00","England","Premier League","2018/2019","Wolves","Bournemouth","2","0","H","1","0","H","1","0","H"
"5980","15-12-18 18:30","England","Premier League","2018/2019","Fulham","West Ham","0","2","A","0","2","A","0","0","D"
"5978","16-12-18 14:30","England","Premier League","2018/2019","Brighton","Chelsea","1","2","A","0","2","A","1","0","H"
"5979","16-12-18 14:30","England","Premier League","2018/2019","Southampton","Arsenal","3","2","H","2","1","H","1","1","D"
"5977","16-12-18 17:00","England","Premier League","2018/2019","Liverpool","Manchester Utd","3","1","H","1","1","D","2","0","H"
"5976","21-12-18 21:00","England","Premier League","2018/2019","Wolves","Liverpool","0","2","A","0","1","A","0","1","A"
"5975","22-12-18 13:30","England","Premier League","2018/2019","Arsenal","Burnley","3","1","H","1","0","H","2","1","H"
"5969","22-12-18 16:00","England","Premier League","2018/2019","Bournemouth","Brighton","2","0","H","1","0","H","1","0","H"
"5970","22-12-18 16:00","England","Premier League","2018/2019","Chelsea","Leicester","0","1","A","0","0","D","0","1","A"
"5971","22-12-18 16:00","England","Premier League","2018/2019","Huddersfield","Southampton","1","3","A","0","2","A","1","1","D"
"5972","22-12-18 16:00","England","Premier League","2018/2019","Manchester City","Crystal Palace","2","3","A","1","2","A","1","1","D"
"5973","22-12-18 16:00","England","Premier League","2018/2019","Newcastle","Fulham","0","0","D","0","0","D","0","0","D"
"5974","22-12-18 16:00","England","Premier League","2018/2019","West Ham","Watford","0","2","A","0","1","A","0","1","A"
"5968","22-12-18 18:30","England","Premier League","2018/2019","Cardiff","Manchester Utd","1","5","A","1","3","A","0","2","A"
"5967","23-12-18 17:00","England","Premier League","2018/2019","Everton","Tottenham","2","6","A","1","3","A","1","3","A"
"5966","26-12-18 13:30","England","Premier League","2018/2019","Fulham","Wolves","1","1","D","0","0","D","1","1","D"
"5960","26-12-18 16:00","England","Premier League","2018/2019","Burnley","Everton","1","5","A","1","3","A","0","2","A"
"5961","26-12-18 16:00","England","Premier League","2018/2019","Crystal Palace","Cardiff","0","0","D","0","0","D","0","0","D"
"5962","26-12-18 16:00","England","Premier League","2018/2019","Leicester","Manchester City","2","1","H","1","1","D","1","0","H"
"5963","26-12-18 16:00","England","Premier League","2018/2019","Liverpool","Newcastle","4","0","H","1","0","H","3","0","H"
"5964","26-12-18 16:00","England","Premier League","2018/2019","Manchester Utd","Huddersfield","3","1","H","1","0","H","2","1","H"
"5965","26-12-18 16:00","England","Premier League","2018/2019","Tottenham","Bournemouth","5","0","H","3","0","H","2","0","H"
"5959","26-12-18 18:15","England","Premier League","2018/2019","Brighton","Arsenal","1","1","D","1","1","D","0","0","D"
"5958","26-12-18 20:30","England","Premier League","2018/2019","Watford","Chelsea","1","2","A","1","1","D","0","1","A"
"5957","27-12-18 20:45","England","Premier League","2018/2019","Southampton","West Ham","1","2","A","0","0","D","1","2","A"
"5952","29-12-18 16:00","England","Premier League","2018/2019","Brighton","Everton","1","0","H","0","0","D","1","0","H"
"5953","29-12-18 16:00","England","Premier League","2018/2019","Fulham","Huddersfield","1","0","H","0","0","D","1","0","H"
"5954","29-12-18 16:00","England","Premier League","2018/2019","Leicester","Cardiff","0","1","A","0","0","D","0","1","A"
"5955","29-12-18 16:00","England","Premier League","2018/2019","Tottenham","Wolves","1","3","A","1","0","H","0","3","A"
"5956","29-12-18 16:00","England","Premier League","2018/2019","Watford","Newcastle","1","1","D","0","1","A","1","0","H"
"5951","29-12-18 18:30","England","Premier League","2018/2019","Liverpool","Arsenal","5","1","H","4","1","H","1","0","H"
"5950","30-12-18 13:00","England","Premier League","2018/2019","Crystal Palace","Chelsea","0","1","A","0","0","D","0","1","A"
"5948","30-12-18 15:15","England","Premier League","2018/2019","Burnley","West Ham","2","0","H","2","0","H","0","0","D"
"5949","30-12-18 15:15","England","Premier League","2018/2019","Southampton","Manchester City","1","3","A","1","3","A","0","0","D"
"5947","30-12-18 17:30","England","Premier League","2018/2019","Manchester Utd","Bournemouth","4","1","H","3","1","H","1","0","H"
"5946","01-01-19 13:30","England","Premier League","2018/2019","Everton","Leicester","0","1","A","0","0","D","0","1","A"
"5945","01-01-19 16:00","England","Premier League","2018/2019","Arsenal","Fulham","4","1","H","1","0","H","3","1","H"
"5944","01-01-19 18:30","England","Premier League","2018/2019","Cardiff","Tottenham","0","3","A","0","3","A","0","0","D"
"5939","02-01-19 20:45","England","Premier League","2018/2019","Bournemouth","Watford","3","3","D","3","3","D","0","0","D"
"5940","02-01-19 20:45","England","Premier League","2018/2019","Chelsea","Southampton","0","0","D","0","0","D","0","0","D"
"5941","02-01-19 20:45","England","Premier League","2018/2019","Huddersfield","Burnley","1","2","A","1","1","D","0","1","A"
"5942","02-01-19 20:45","England","Premier League","2018/2019","West Ham","Brighton","2","2","D","0","0","D","2","2","D"
"5943","02-01-19 20:45","England","Premier League","2018/2019","Wolves","Crystal Palace","0","2","A","0","0","D","0","2","A"
"5938","02-01-19 21:00","England","Premier League","2018/2019","Newcastle","Manchester Utd","0","2","A","0","0","D","0","2","A"
"5937","03-01-19 21:00","England","Premier League","2018/2019","Manchester City","Liverpool","2","1","H","1","0","H","1","1","D"
"5936","12-01-19 13:30","England","Premier League","2018/2019","West Ham","Arsenal","1","0","H","0","0","D","1","0","H"
"5931","12-01-19 16:00","England","Premier League","2018/2019","Brighton","Liverpool","0","1","A","0","0","D","0","1","A"
"5932","12-01-19 16:00","England","Premier League","2018/2019","Burnley","Fulham","2","1","H","2","1","H","0","0","D"
"5933","12-01-19 16:00","England","Premier League","2018/2019","Cardiff","Huddersfield","0","0","D","0","0","D","0","0","D"
"5934","12-01-19 16:00","England","Premier League","2018/2019","Crystal Palace","Watford","1","2","A","1","0","H","0","2","A"
"5935","12-01-19 16:00","England","Premier League","2018/2019","Leicester","Southampton","1","2","A","0","2","A","1","0","H"
"5930","12-01-19 18:30","England","Premier League","2018/2019","Chelsea","Newcastle","2","1","H","1","1","D","1","0","H"
"5929","13-01-19 15:15","England","Premier League","2018/2019","Everton","Bournemouth","2","0","H","0","0","D","2","0","H"
"5928","13-01-19 17:30","England","Premier League","2018/2019","Tottenham","Manchester Utd","0","1","A","0","1","A","0","0","D"
"5927","14-01-19 21:00","England","Premier League","2018/2019","Manchester City","Wolves","3","0","H","2","0","H","1","0","H"
"5926","19-01-19 13:30","England","Premier League","2018/2019","Wolves","Leicester","4","3","H","2","0","H","2","3","A"
"5920","19-01-19 16:00","England","Premier League","2018/2019","Bournemouth","West Ham","2","0","H","0","0","D","2","0","H"
"5921","19-01-19 16:00","England","Premier League","2018/2019","Liverpool","Crystal Palace","4","3","H","0","1","A","4","2","H"
"5922","19-01-19 16:00","England","Premier League","2018/2019","Manchester Utd","Brighton","2","1","H","2","0","H","0","1","A"
"5923","19-01-19 16:00","England","Premier League","2018/2019","Newcastle","Cardiff","3","0","H","1","0","H","2","0","H"
"5924","19-01-19 16:00","England","Premier League","2018/2019","Southampton","Everton","2","1","H","0","0","D","2","1","H"
"5925","19-01-19 16:00","England","Premier League","2018/2019","Watford","Burnley","0","0","D","0","0","D","0","0","D"
"5919","19-01-19 18:30","England","Premier League","2018/2019","Arsenal","Chelsea","2","0","H","2","0","H","0","0","D"
"5918","20-01-19 14:30","England","Premier League","2018/2019","Huddersfield","Manchester City","0","3","A","0","1","A","0","2","A"
"5917","20-01-19 17:00","England","Premier League","2018/2019","Fulham","Tottenham","1","2","A","1","0","H","0","2","A"
"5913","29-01-19 20:45","England","Premier League","2018/2019","Arsenal","Cardiff","2","1","H","0","0","D","2","1","H"
"5914","29-01-19 20:45","England","Premier League","2018/2019","Fulham","Brighton","4","2","H","0","2","A","4","0","H"
"5915","29-01-19 20:45","England","Premier League","2018/2019","Huddersfield","Everton","0","1","A","0","1","A","0","0","D"
"5916","29-01-19 20:45","England","Premier League","2018/2019","Wolves","West Ham","3","0","H","0","0","D","3","0","H"
"5911","29-01-19 21:00","England","Premier League","2018/2019","Manchester Utd","Burnley","2","2","D","0","0","D","2","2","D"
"5912","29-01-19 21:00","England","Premier League","2018/2019","Newcastle","Manchester City","2","1","H","0","1","A","2","0","H"
"5909","30-01-19 20:45","England","Premier League","2018/2019","Bournemouth","Chelsea","4","0","H","0","0","D","4","0","H"
"5910","30-01-19 20:45","England","Premier League","2018/2019","Southampton","Crystal Palace","1","1","D","0","1","A","1","0","H"
"5907","30-01-19 21:00","England","Premier League","2018/2019","Liverpool","Leicester","1","1","D","1","1","D","0","0","D"
"5908","30-01-19 21:00","England","Premier League","2018/2019","Tottenham","Watford","2","1","H","0","1","A","2","0","H"
"5906","02-02-19 13:30","England","Premier League","2018/2019","Tottenham","Newcastle","1","0","H","0","0","D","1","0","H"
"5901","02-02-19 16:00","England","Premier League","2018/2019","Brighton","Watford","0","0","D","0","0","D","0","0","D"
"5902","02-02-19 16:00","England","Premier League","2018/2019","Burnley","Southampton","1","1","D","0","0","D","1","1","D"
"5903","02-02-19 16:00","England","Premier League","2018/2019","Chelsea","Huddersfield","5","0","H","2","0","H","3","0","H"
"5904","02-02-19 16:00","England","Premier League","2018/2019","Crystal Palace","Fulham","2","0","H","1","0","H","1","0","H"
"5905","02-02-19 16:00","England","Premier League","2018/2019","Everton","Wolves","1","3","A","1","2","A","0","1","A"
"5900","02-02-19 18:30","England","Premier League","2018/2019","Cardiff","Bournemouth","2","0","H","1","0","H","1","0","H"
"5899","03-02-19 15:05","England","Premier League","2018/2019","Leicester","Manchester Utd","0","1","A","0","1","A","0","0","D"
"5898","03-02-19 17:30","England","Premier League","2018/2019","Manchester City","Arsenal","3","1","H","2","1","H","1","0","H"
"5897","04-02-19 21:00","England","Premier League","2018/2019","West Ham","Liverpool","1","1","D","1","1","D","0","0","D"
"5896","06-02-19 20:45","England","Premier League","2018/2019","Everton","Manchester City","0","2","A","0","1","A","0","1","A"
"5895","09-02-19 13:30","England","Premier League","2018/2019","Fulham","Manchester Utd","0","3","A","0","2","A","0","1","A"
"5890","09-02-19 16:00","England","Premier League","2018/2019","Crystal Palace","West Ham","1","1","D","0","1","A","1","0","H"
"5891","09-02-19 16:00","England","Premier League","2018/2019","Huddersfield","Arsenal","1","2","A","0","2","A","1","0","H"
"5892","09-02-19 16:00","England","Premier League","2018/2019","Liverpool","Bournemouth","3","0","H","2","0","H","1","0","H"
"5893","09-02-19 16:00","England","Premier League","2018/2019","Southampton","Cardiff","1","2","A","0","0","D","1","2","A"
"5894","09-02-19 16:00","England","Premier League","2018/2019","Watford","Everton","1","0","H","0","0","D","1","0","H"
"5889","09-02-19 18:30","England","Premier League","2018/2019","Brighton","Burnley","1","3","A","0","1","A","1","2","A"
"5888","10-02-19 14:30","England","Premier League","2018/2019","Tottenham","Leicester","3","1","H","1","0","H","2","1","H"
"5887","10-02-19 17:00","England","Premier League","2018/2019","Manchester City","Chelsea","6","0","H","4","0","H","2","0","H"
"5886","11-02-19 21:00","England","Premier League","2018/2019","Wolves","Newcastle","1","1","D","0","0","D","1","1","D"
"5884","22-02-19 20:45","England","Premier League","2018/2019","Cardiff","Watford","1","5","A","0","1","A","1","4","A"
"5885","22-02-19 20:45","England","Premier League","2018/2019","West Ham","Fulham","3","1","H","2","1","H","1","0","H"
"5883","23-02-19 13:30","England","Premier League","2018/2019","Burnley","Tottenham","2","1","H","0","0","D","2","1","H"
"5881","23-02-19 16:00","England","Premier League","2018/2019","Bournemouth","Wolves","1","1","D","1","0","H","0","1","A"
"5882","23-02-19 16:00","England","Premier League","2018/2019","Newcastle","Huddersfield","2","0","H","0","0","D","2","0","H"
"5880","23-02-19 18:30","England","Premier League","2018/2019","Leicester","Crystal Palace","1","4","A","0","1","A","1","3","A"
"5878","24-02-19 15:05","England","Premier League","2018/2019","Arsenal","Southampton","2","0","H","2","0","H","0","0","D"
"5879","24-02-19 15:05","England","Premier League","2018/2019","Manchester Utd","Liverpool","0","0","D","0","0","D","0","0","D"
"5875","26-02-19 20:45","England","Premier League","2018/2019","Cardiff","Everton","0","3","A","0","1","A","0","2","A"
"5876","26-02-19 20:45","England","Premier League","2018/2019","Huddersfield","Wolves","1","0","H","0","0","D","1","0","H"
"5877","26-02-19 20:45","England","Premier League","2018/2019","Leicester","Brighton","2","1","H","1","0","H","1","1","D"
"5874","26-02-19 21:00","England","Premier League","2018/2019","Newcastle","Burnley","2","0","H","2","0","H","0","0","D"
"5872","27-02-19 20:45","England","Premier League","2018/2019","Arsenal","Bournemouth","5","1","H","2","1","H","3","0","H"
"5873","27-02-19 20:45","England","Premier League","2018/2019","Southampton","Fulham","2","0","H","2","0","H","0","0","D"
"5868","27-02-19 21:00","England","Premier League","2018/2019","Chelsea","Tottenham","2","0","H","0","0","D","2","0","H"
"5869","27-02-19 21:00","England","Premier League","2018/2019","Crystal Palace","Manchester Utd","1","3","A","0","1","A","1","2","A"
"5870","27-02-19 21:00","England","Premier League","2018/2019","Liverpool","Watford","5","0","H","2","0","H","3","0","H"
"5871","27-02-19 21:00","England","Premier League","2018/2019","Manchester City","West Ham","1","0","H","0","0","D","1","0","H"
"5867","02-03-19 13:30","England","Premier League","2018/2019","Tottenham","Arsenal","1","1","D","0","1","A","1","0","H"
"5862","02-03-19 16:00","England","Premier League","2018/2019","Bournemouth","Manchester City","0","1","A","0","0","D","0","1","A"
"5863","02-03-19 16:00","England","Premier League","2018/2019","Brighton","Huddersfield","1","0","H","0","0","D","1","0","H"
"5864","02-03-19 16:00","England","Premier League","2018/2019","Burnley","Crystal Palace","1","3","A","0","1","A","1","2","A"
"5865","02-03-19 16:00","England","Premier League","2018/2019","Manchester Utd","Southampton","3","2","H","0","1","A","3","1","H"
"5866","02-03-19 16:00","England","Premier League","2018/2019","Wolves","Cardiff","2","0","H","2","0","H","0","0","D"
"5861","02-03-19 18:30","England","Premier League","2018/2019","West Ham","Newcastle","2","0","H","2","0","H","0","0","D"
"5860","03-03-19 13:00","England","Premier League","2018/2019","Watford","Leicester","2","1","H","1","0","H","1","1","D"
"5859","03-03-19 15:05","England","Premier League","2018/2019","Fulham","Chelsea","1","2","A","1","2","A","0","0","D"
"5858","03-03-19 17:15","England","Premier League","2018/2019","Everton","Liverpool","0","0","D","0","0","D","0","0","D"
"5857","09-03-19 13:30","England","Premier League","2018/2019","Crystal Palace","Brighton","1","2","A","0","1","A","1","1","D"
"5852","09-03-19 16:00","England","Premier League","2018/2019","Cardiff","West Ham","2","0","H","1","0","H","1","0","H"
"5853","09-03-19 16:00","England","Premier League","2018/2019","Huddersfield","Bournemouth","0","2","A","0","1","A","0","1","A"
"5854","09-03-19 16:00","England","Premier League","2018/2019","Leicester","Fulham","3","1","H","1","0","H","2","1","H"
"5855","09-03-19 16:00","England","Premier League","2018/2019","Newcastle","Everton","3","2","H","0","2","A","3","0","H"
"5856","09-03-19 16:00","England","Premier League","2018/2019","Southampton","Tottenham","2","1","H","0","1","A","2","0","H"
"5851","09-03-19 18:30","England","Premier League","2018/2019","Manchester City","Watford","3","1","H","0","0","D","3","1","H"
"5850","10-03-19 13:00","England","Premier League","2018/2019","Liverpool","Burnley","4","2","H","2","1","H","2","1","H"
"5849","10-03-19 15:05","England","Premier League","2018/2019","Chelsea","Wolves","1","1","D","0","0","D","1","1","D"
"5848","10-03-19 17:30","England","Premier League","2018/2019","Arsenal","Manchester Utd","2","0","H","1","0","H","1","0","H"
"5845","16-03-19 16:00","England","Premier League","2018/2019","Bournemouth","Newcastle","2","2","D","0","1","A","2","1","H"
"5846","16-03-19 16:00","England","Premier League","2018/2019","Burnley","Leicester","1","2","A","1","1","D","0","1","A"
"5847","16-03-19 16:00","England","Premier League","2018/2019","West Ham","Huddersfield","4","3","H","1","2","A","3","1","H"
"5844","17-03-19 15:15","England","Premier League","2018/2019","Fulham","Liverpool","1","2","A","0","1","A","1","1","D"
"5843","17-03-19 17:30","England","Premier League","2018/2019","Everton","Chelsea","2","0","H","0","0","D","2","0","H"
"5842","30-03-19 13:30","England","Premier League","2018/2019","Fulham","Manchester City","0","2","A","0","2","A","0","0","D"
"5837","30-03-19 16:00","England","Premier League","2018/2019","Brighton","Southampton","0","1","A","0","0","D","0","1","A"
"5838","30-03-19 16:00","England","Premier League","2018/2019","Burnley","Wolves","2","0","H","1","0","H","1","0","H"
"5839","30-03-19 16:00","England","Premier League","2018/2019","Crystal Palace","Huddersfield","2","0","H","0","0","D","2","0","H"
"5840","30-03-19 16:00","England","Premier League","2018/2019","Leicester","Bournemouth","2","0","H","1","0","H","1","0","H"
"5841","30-03-19 16:00","England","Premier League","2018/2019","Manchester Utd","Watford","2","1","H","1","0","H","1","1","D"
"5836","30-03-19 18:30","England","Premier League","2018/2019","West Ham","Everton","0","2","A","0","2","A","0","0","D"
"5835","31-03-19 15:05","England","Premier League","2018/2019","Cardiff","Chelsea","1","2","A","0","0","D","1","2","A"
"5834","31-03-19 17:30","England","Premier League","2018/2019","Liverpool","Tottenham","2","1","H","1","0","H","1","1","D"
"5833","01-04-19 21:00","England","Premier League","2018/2019","Arsenal","Newcastle","2","0","H","1","0","H","1","0","H"
"5831","02-04-19 20:45","England","Premier League","2018/2019","Watford","Fulham","4","1","H","1","1","D","3","0","H"
"5832","02-04-19 20:45","England","Premier League","2018/2019","Wolves","Manchester Utd","2","1","H","1","1","D","1","0","H"
"5828","03-04-19 20:45","England","Premier League","2018/2019","Chelsea","Brighton","3","0","H","1","0","H","2","0","H"
"5829","03-04-19 20:45","England","Premier League","2018/2019","Manchester City","Cardiff","2","0","H","2","0","H","0","0","D"
"5830","03-04-19 20:45","England","Premier League","2018/2019","Tottenham","Crystal Palace","2","0","H","0","0","D","2","0","H"
"5827","05-04-19 21:00","England","Premier League","2018/2019","Southampton","Liverpool","1","3","A","1","1","D","0","2","A"
"5824","06-04-19 16:00","England","Premier League","2018/2019","Bournemouth","Burnley","1","3","A","1","2","A","0","1","A"
"5825","06-04-19 16:00","England","Premier League","2018/2019","Huddersfield","Leicester","1","4","A","0","1","A","1","3","A"
"5826","06-04-19 16:00","England","Premier League","2018/2019","Newcastle","Crystal Palace","0","1","A","0","0","D","0","1","A"
"5823","07-04-19 15:05","England","Premier League","2018/2019","Everton","Arsenal","1","0","H","1","0","H","0","0","D"
"5822","08-04-19 21:00","England","Premier League","2018/2019","Chelsea","West Ham","2","0","H","1","0","H","1","0","H"
"5821","12-04-19 21:00","England","Premier League","2018/2019","Leicester","Newcastle","0","1","A","0","1","A","0","0","D"
"5820","13-04-19 13:30","England","Premier League","2018/2019","Tottenham","Huddersfield","4","0","H","2","0","H","2","0","H"
"5816","13-04-19 16:00","England","Premier League","2018/2019","Brighton","Bournemouth","0","5","A","0","1","A","0","4","A"
"5817","13-04-19 16:00","England","Premier League","2018/2019","Burnley","Cardiff","2","0","H","1","0","H","1","0","H"
"5818","13-04-19 16:00","England","Premier League","2018/2019","Fulham","Everton","2","0","H","0","0","D","2","0","H"
"5819","13-04-19 16:00","England","Premier League","2018/2019","Southampton","Wolves","3","1","H","2","1","H","1","0","H"
"5815","13-04-19 18:30","England","Premier League","2018/2019","Manchester Utd","West Ham","2","1","H","1","0","H","1","1","D"
"5814","14-04-19 15:05","England","Premier League","2018/2019","Crystal Palace","Manchester City","1","3","A","0","1","A","1","2","A"
"5813","14-04-19 17:30","England","Premier League","2018/2019","Liverpool","Chelsea","2","0","H","0","0","D","2","0","H"
"5812","15-04-19 21:00","England","Premier League","2018/2019","Watford","Arsenal","0","1","A","0","1","A","0","0","D"
"5811","16-04-19 20:45","England","Premier League","2018/2019","Brighton","Cardiff","0","2","A","0","1","A","0","1","A"
"5810","20-04-19 13:30","England","Premier League","2018/2019","Manchester City","Tottenham","1","0","H","1","0","H","0","0","D"
"5806","20-04-19 16:00","England","Premier League","2018/2019","Bournemouth","Fulham","0","1","A","0","0","D","0","1","A"
"5807","20-04-19 16:00","England","Premier League","2018/2019","Huddersfield","Watford","1","2","A","0","1","A","1","1","D"
"5808","20-04-19 16:00","England","Premier League","2018/2019","West Ham","Leicester","2","2","D","1","0","H","1","2","A"
"5809","20-04-19 16:00","England","Premier League","2018/2019","Wolves","Brighton","0","0","D","0","0","D","0","0","D"
"5805","20-04-19 18:30","England","Premier League","2018/2019","Newcastle","Southampton","3","1","H","2","0","H","1","1","D"
"5804","21-04-19 14:30","England","Premier League","2018/2019","Everton","Manchester Utd","4","0","H","2","0","H","2","0","H"
"5802","21-04-19 17:00","England","Premier League","2018/2019","Arsenal","Crystal Palace","2","3","A","0","1","A","2","2","D"
"5803","21-04-19 17:00","England","Premier League","2018/2019","Cardiff","Liverpool","0","2","A","0","0","D","0","2","A"
"5801","22-04-19 21:00","England","Premier League","2018/2019","Chelsea","Burnley","2","2","D","2","2","D","0","0","D"
"5799","23-04-19 20:45","England","Premier League","2018/2019","Tottenham","Brighton","1","0","H","0","0","D","1","0","H"
"5800","23-04-19 20:45","England","Premier League","2018/2019","Watford","Southampton","1","1","D","0","1","A","1","0","H"
"5798","24-04-19 20:45","England","Premier League","2018/2019","Wolves","Arsenal","3","1","H","3","0","H","0","1","A"
"5797","24-04-19 21:00","England","Premier League","2018/2019","Manchester Utd","Manchester City","0","2","A","0","0","D","0","2","A"
"5796","26-04-19 21:00","England","Premier League","2018/2019","Liverpool","Huddersfield","5","0","H","3","0","H","2","0","H"
"5795","27-04-19 13:30","England","Premier League","2018/2019","Tottenham","West Ham","0","1","A","0","0","D","0","1","A"
"5791","27-04-19 16:00","England","Premier League","2018/2019","Crystal Palace","Everton","0","0","D","0","0","D","0","0","D"
"5792","27-04-19 16:00","England","Premier League","2018/2019","Fulham","Cardiff","1","0","H","0","0","D","1","0","H"
"5793","27-04-19 16:00","England","Premier League","2018/2019","Southampton","Bournemouth","3","3","D","1","2","A","2","1","H"
"5794","27-04-19 16:00","England","Premier League","2018/2019","Watford","Wolves","1","2","A","0","1","A","1","1","D"
"5790","27-04-19 18:30","England","Premier League","2018/2019","Brighton","Newcastle","1","1","D","0","1","A","1","0","H"
"5789","28-04-19 13:00","England","Premier League","2018/2019","Leicester","Arsenal","3","0","H","0","0","D","3","0","H"
"5788","28-04-19 15:05","England","Premier League","2018/2019","Burnley","Manchester City","0","1","A","0","0","D","0","1","A"
"5787","28-04-19 17:30","England","Premier League","2018/2019","Manchester Utd","Chelsea","1","1","D","1","1","D","0","0","D"
"5786","03-05-19 21:00","England","Premier League","2018/2019","Everton","Burnley","2","0","H","2","0","H","0","0","D"
"5785","04-05-19 13:30","England","Premier League","2018/2019","Bournemouth","Tottenham","1","0","H","0","0","D","1","0","H"
"5783","04-05-19 16:00","England","Premier League","2018/2019","West Ham","Southampton","3","0","H","1","0","H","2","0","H"
"5784","04-05-19 16:00","England","Premier League","2018/2019","Wolves","Fulham","1","0","H","0","0","D","1","0","H"
"5782","04-05-19 18:30","England","Premier League","2018/2019","Cardiff","Crystal Palace","2","3","A","1","2","A","1","1","D"
"5781","04-05-19 20:45","England","Premier League","2018/2019","Newcastle","Liverpool","2","3","A","1","2","A","1","1","D"
"5779","05-05-19 15:00","England","Premier League","2018/2019","Chelsea","Watford","3","0","H","0","0","D","3","0","H"
"5780","05-05-19 15:00","England","Premier League","2018/2019","Huddersfield","Manchester Utd","1","1","D","0","1","A","1","0","H"
"5778","05-05-19 17:30","England","Premier League","2018/2019","Arsenal","Brighton","1","1","D","1","0","H","0","1","A"
"5777","06-05-19 21:00","England","Premier League","2018/2019","Manchester City","Leicester","1","0","H","0","0","D","1","0","H"
"5767","12-05-19 16:00","England","Premier League","2018/2019","Brighton","Manchester City","1","4","A","1","2","A","0","2","A"
"5768","12-05-19 16:00","England","Premier League","2018/2019","Burnley","Arsenal","1","3","A","0","0","D","1","3","A"
"5769","12-05-19 16:00","England","Premier League","2018/2019","Crystal Palace","Bournemouth","5","3","H","3","1","H","2","2","D"
"5770","12-05-19 16:00","England","Premier League","2018/2019","Fulham","Newcastle","0","4","A","0","2","A","0","2","A"
"5771","12-05-19 16:00","England","Premier League","2018/2019","Leicester","Chelsea","0","0","D","0","0","D","0","0","D"
"5772","12-05-19 16:00","England","Premier League","2018/2019","Liverpool","Wolves","2","0","H","1","0","H","1","0","H"
"5773","12-05-19 16:00","England","Premier League","2018/2019","Manchester Utd","Cardiff","0","2","A","0","1","A","0","1","A"
"5774","12-05-19 16:00","England","Premier League","2018/2019","Southampton","Huddersfield","1","1","D","1","0","H","0","1","A"
"5775","12-05-19 16:00","England","Premier League","2018/2019","Tottenham","Everton","2","2","D","1","0","H","1","2","A"
"5776","12-05-19 16:00","England","Premier League","2018/2019","Watford","West Ham","1","4","A","0","2","A","1","2","A"
"5766","09-08-19 21:00","England","Premier League","2019/2020","Liverpool","Norwich","4","1","H","4","0","H","0","1","A"
"6564","10-08-19 13:30","England","Premier League","2019/2020","West Ham","Manchester City","0","5","A","0","1","A","0","4","A"
"5762","10-08-19 16:00","England","Premier League","2019/2020","Bournemouth","Sheffield Utd","1","1","D","0","0","D","1","1","D"
"5763","10-08-19 16:00","England","Premier League","2019/2020","Burnley","Southampton","3","0","H","0","0","D","3","0","H"
"5764","10-08-19 16:00","England","Premier League","2019/2020","Crystal Palace","Everton","0","0","D","0","0","D","0","0","D"
"5765","10-08-19 16:00","England","Premier League","2019/2020","Watford","Brighton","0","3","A","0","1","A","0","2","A"
"5761","10-08-19 18:30","England","Premier League","2019/2020","Tottenham","Aston Villa","3","1","H","0","1","A","3","0","H"
"5759","11-08-19 15:00","England","Premier League","2019/2020","Leicester","Wolves","0","0","D","0","0","D","0","0","D"
"5760","11-08-19 15:00","England","Premier League","2019/2020","Newcastle","Arsenal","0","1","A","0","0","D","0","1","A"
"5758","11-08-19 17:30","England","Premier League","2019/2020","Manchester Utd","Chelsea","4","0","H","1","0","H","3","0","H"
"5757","17-08-19 13:30","England","Premier League","2019/2020","Arsenal","Burnley","2","1","H","1","1","D","1","0","H"
"5753","17-08-19 16:00","England","Premier League","2019/2020","Aston Villa","Bournemouth","1","2","A","0","2","A","1","0","H"
"5754","17-08-19 16:00","England","Premier League","2019/2020","Everton","Watford","1","0","H","1","0","H","0","0","D"
"5755","17-08-19 16:00","England","Premier League","2019/2020","Norwich","Newcastle","3","1","H","1","0","H","2","1","H"
"5756","17-08-19 16:00","England","Premier League","2019/2020","Southampton","Liverpool","1","2","A","0","1","A","1","1","D"
"6563","17-08-19 16:00","England","Premier League","2019/2020","Brighton","West Ham","1","1","D","0","0","D","1","1","D"
"5752","17-08-19 18:30","England","Premier League","2019/2020","Manchester City","Tottenham","2","2","D","2","1","H","0","1","A"
"5751","18-08-19 15:00","England","Premier League","2019/2020","Sheffield Utd","Crystal Palace","1","0","H","0","0","D","1","0","H"
"5750","18-08-19 17:30","England","Premier League","2019/2020","Chelsea","Leicester","1","1","D","1","0","H","0","1","A"
"5749","19-08-19 21:00","England","Premier League","2019/2020","Wolves","Manchester Utd","1","1","D","0","1","A","1","0","H"
"5748","23-08-19 21:00","England","Premier League","2019/2020","Aston Villa","Everton","2","0","H","1","0","H","1","0","H"
"5747","24-08-19 13:30","England","Premier League","2019/2020","Norwich","Chelsea","2","3","A","2","2","D","0","1","A"
"5744","24-08-19 16:00","England","Premier League","2019/2020","Brighton","Southampton","0","2","A","0","0","D","0","2","A"
"5745","24-08-19 16:00","England","Premier League","2019/2020","Manchester Utd","Crystal Palace","1","2","A","0","1","A","1","1","D"
"5746","24-08-19 16:00","England","Premier League","2019/2020","Sheffield Utd","Leicester","1","2","A","0","1","A","1","1","D"
"6562","24-08-19 16:00","England","Premier League","2019/2020","Watford","West Ham","1","3","A","1","1","D","0","2","A"
"5743","24-08-19 18:30","England","Premier League","2019/2020","Liverpool","Arsenal","3","1","H","1","0","H","2","1","H"
"5742","25-08-19 15:00","England","Premier League","2019/2020","Bournemouth","Manchester City","1","3","A","1","2","A","0","1","A"
"5740","25-08-19 17:30","England","Premier League","2019/2020","Tottenham","Newcastle","0","1","A","0","1","A","0","0","D"
"5741","25-08-19 17:30","England","Premier League","2019/2020","Wolves","Burnley","1","1","D","0","1","A","1","0","H"
"5739","31-08-19 13:30","England","Premier League","2019/2020","Southampton","Manchester Utd","1","1","D","0","1","A","1","0","H"
"5734","31-08-19 16:00","England","Premier League","2019/2020","Chelsea","Sheffield Utd","2","2","D","2","0","H","0","2","A"
"5735","31-08-19 16:00","England","Premier League","2019/2020","Crystal Palace","Aston Villa","1","0","H","0","0","D","1","0","H"
"5736","31-08-19 16:00","England","Premier League","2019/2020","Leicester","Bournemouth","3","1","H","2","1","H","1","0","H"
"5737","31-08-19 16:00","England","Premier League","2019/2020","Manchester City","Brighton","4","0","H","2","0","H","2","0","H"
"5738","31-08-19 16:00","England","Premier League","2019/2020","Newcastle","Watford","1","1","D","1","1","D","0","0","D"
"6561","31-08-19 16:00","England","Premier League","2019/2020","West Ham","Norwich","2","0","H","1","0","H","1","0","H"
"5733","31-08-19 18:30","England","Premier League","2019/2020","Burnley","Liverpool","0","3","A","0","2","A","0","1","A"
"5732","01-09-19 15:00","England","Premier League","2019/2020","Everton","Wolves","3","2","H","2","1","H","1","1","D"
"5731","01-09-19 17:30","England","Premier League","2019/2020","Arsenal","Tottenham","2","2","D","1","2","A","1","0","H"
"5730","14-09-19 13:30","England","Premier League","2019/2020","Liverpool","Newcastle","3","1","H","2","1","H","1","0","H"
"5725","14-09-19 16:00","England","Premier League","2019/2020","Brighton","Burnley","1","1","D","0","0","D","1","1","D"
"5726","14-09-19 16:00","England","Premier League","2019/2020","Manchester Utd","Leicester","1","0","H","1","0","H","0","0","D"
"5727","14-09-19 16:00","England","Premier League","2019/2020","Sheffield Utd","Southampton","0","1","A","0","0","D","0","1","A"
"5728","14-09-19 16:00","England","Premier League","2019/2020","Tottenham","Crystal Palace","4","0","H","4","0","H","0","0","D"
"5729","14-09-19 16:00","England","Premier League","2019/2020","Wolves","Chelsea","2","5","A","0","3","A","2","2","D"
"5724","14-09-19 18:30","England","Premier League","2019/2020","Norwich","Manchester City","3","2","H","2","1","H","1","1","D"
"5723","15-09-19 15:00","England","Premier League","2019/2020","Bournemouth","Everton","3","1","H","1","1","D","2","0","H"
"5722","15-09-19 17:30","England","Premier League","2019/2020","Watford","Arsenal","2","2","D","0","2","A","2","0","H"
"6560","16-09-19 21:00","England","Premier League","2019/2020","Aston Villa","West Ham","0","0","D","0","0","D","0","0","D"
"5721","20-09-19 21:00","England","Premier League","2019/2020","Southampton","Bournemouth","1","3","A","0","2","A","1","1","D"
"5720","21-09-19 13:30","England","Premier League","2019/2020","Leicester","Tottenham","2","1","H","0","1","A","2","0","H"
"5717","21-09-19 16:00","England","Premier League","2019/2020","Burnley","Norwich","2","0","H","2","0","H","0","0","D"
"5718","21-09-19 16:00","England","Premier League","2019/2020","Everton","Sheffield Utd","0","2","A","0","1","A","0","1","A"
"5719","21-09-19 16:00","England","Premier League","2019/2020","Manchester City","Watford","8","0","H","5","0","H","3","0","H"
"5716","21-09-19 18:30","England","Premier League","2019/2020","Newcastle","Brighton","0","0","D","0","0","D","0","0","D"
"5715","22-09-19 15:00","England","Premier League","2019/2020","Crystal Palace","Wolves","1","1","D","0","0","D","1","1","D"
"6559","22-09-19 15:00","England","Premier League","2019/2020","West Ham","Manchester Utd","2","0","H","1","0","H","1","0","H"
"5713","22-09-19 17:30","England","Premier League","2019/2020","Arsenal","Aston Villa","3","2","H","0","1","A","3","1","H"
"5714","22-09-19 17:30","England","Premier League","2019/2020","Chelsea","Liverpool","1","2","A","0","2","A","1","0","H"
"5712","28-09-19 13:30","England","Premier League","2019/2020","Sheffield Utd","Liverpool","0","1","A","0","0","D","0","1","A"
"5707","28-09-19 16:00","England","Premier League","2019/2020","Aston Villa","Burnley","2","2","D","1","0","H","1","2","A"
"5708","28-09-19 16:00","England","Premier League","2019/2020","Chelsea","Brighton","2","0","H","0","0","D","2","0","H"
"5709","28-09-19 16:00","England","Premier League","2019/2020","Crystal Palace","Norwich","2","0","H","1","0","H","1","0","H"
"5710","28-09-19 16:00","England","Premier League","2019/2020","Tottenham","Southampton","2","1","H","2","1","H","0","0","D"
"5711","28-09-19 16:00","England","Premier League","2019/2020","Wolves","Watford","2","0","H","1","0","H","1","0","H"
"6558","28-09-19 16:00","England","Premier League","2019/2020","Bournemouth","West Ham","2","2","D","1","1","D","1","1","D"
"5706","28-09-19 18:30","England","Premier League","2019/2020","Everton","Manchester City","1","3","A","1","1","D","0","2","A"
"5705","29-09-19 17:30","England","Premier League","2019/2020","Leicester","Newcastle","5","0","H","1","0","H","4","0","H"
"5704","30-09-19 21:00","England","Premier League","2019/2020","Manchester Utd","Arsenal","1","1","D","1","0","H","0","1","A"
"5703","05-10-19 13:30","England","Premier League","2019/2020","Brighton","Tottenham","3","0","H","2","0","H","1","0","H"
"5699","05-10-19 16:00","England","Premier League","2019/2020","Burnley","Everton","1","0","H","0","0","D","1","0","H"
"5700","05-10-19 16:00","England","Premier League","2019/2020","Liverpool","Leicester","2","1","H","1","0","H","1","1","D"
"5701","05-10-19 16:00","England","Premier League","2019/2020","Norwich","Aston Villa","1","5","A","0","2","A","1","3","A"
"5702","05-10-19 16:00","England","Premier League","2019/2020","Watford","Sheffield Utd","0","0","D","0","0","D","0","0","D"
"6557","05-10-19 18:30","England","Premier League","2019/2020","West Ham","Crystal Palace","1","2","A","0","0","D","1","2","A"
"5696","06-10-19 15:00","England","Premier League","2019/2020","Arsenal","Bournemouth","1","0","H","1","0","H","0","0","D"
"5697","06-10-19 15:00","England","Premier League","2019/2020","Manchester City","Wolves","0","2","A","0","0","D","0","2","A"
"5698","06-10-19 15:00","England","Premier League","2019/2020","Southampton","Chelsea","1","4","A","1","3","A","0","1","A"
"5695","06-10-19 17:30","England","Premier League","2019/2020","Newcastle","Manchester Utd","1","0","H","0","0","D","1","0","H"
"6556","19-10-19 13:30","England","Premier League","2019/2020","Everton","West Ham","2","0","H","1","0","H","1","0","H"
"5689","19-10-19 16:00","England","Premier League","2019/2020","Aston Villa","Brighton","2","1","H","1","1","D","1","0","H"
"5690","19-10-19 16:00","England","Premier League","2019/2020","Bournemouth","Norwich","0","0","D","0","0","D","0","0","D"
"5691","19-10-19 16:00","England","Premier League","2019/2020","Chelsea","Newcastle","1","0","H","0","0","D","1","0","H"
"5692","19-10-19 16:00","England","Premier League","2019/2020","Leicester","Burnley","2","1","H","1","1","D","1","0","H"
"5693","19-10-19 16:00","England","Premier League","2019/2020","Tottenham","Watford","1","1","D","0","1","A","1","0","H"
"5694","19-10-19 16:00","England","Premier League","2019/2020","Wolves","Southampton","1","1","D","0","0","D","1","1","D"
"5688","19-10-19 18:30","England","Premier League","2019/2020","Crystal Palace","Manchester City","0","2","A","0","2","A","0","0","D"
"5687","20-10-19 17:30","England","Premier League","2019/2020","Manchester Utd","Liverpool","1","1","D","1","0","H","0","1","A"
"5686","21-10-19 21:00","England","Premier League","2019/2020","Sheffield Utd","Arsenal","1","0","H","1","0","H","0","0","D"
"5685","25-10-19 21:00","England","Premier League","2019/2020","Southampton","Leicester","0","9","A","0","5","A","0","4","A"
"5684","26-10-19 13:30","England","Premier League","2019/2020","Manchester City","Aston Villa","3","0","H","0","0","D","3","0","H"
"5682","26-10-19 16:00","England","Premier League","2019/2020","Brighton","Everton","3","2","H","1","1","D","2","1","H"
"5683","26-10-19 16:00","England","Premier League","2019/2020","Watford","Bournemouth","0","0","D","0","0","D","0","0","D"
"6555","26-10-19 16:00","England","Premier League","2019/2020","West Ham","Sheffield Utd","1","1","D","1","0","H","0","1","A"
"5681","26-10-19 18:30","England","Premier League","2019/2020","Burnley","Chelsea","2","4","A","0","2","A","2","2","D"
"5680","27-10-19 15:00","England","Premier League","2019/2020","Newcastle","Wolves","1","1","D","1","0","H","0","1","A"
"5677","27-10-19 17:30","England","Premier League","2019/2020","Arsenal","Crystal Palace","2","2","D","2","1","H","0","1","A"
"5678","27-10-19 17:30","England","Premier League","2019/2020","Liverpool","Tottenham","2","1","H","0","1","A","2","0","H"
"5679","27-10-19 17:30","England","Premier League","2019/2020","Norwich","Manchester Utd","1","3","A","0","2","A","1","1","D"
"5676","02-11-19 13:30","England","Premier League","2019/2020","Bournemouth","Manchester Utd","1","0","H","1","0","H","0","0","D"
"5671","02-11-19 16:00","England","Premier League","2019/2020","Arsenal","Wolves","1","1","D","1","0","H","0","1","A"
"5672","02-11-19 16:00","England","Premier League","2019/2020","Aston Villa","Liverpool","1","2","A","1","0","H","0","2","A"
"5673","02-11-19 16:00","England","Premier League","2019/2020","Brighton","Norwich","2","0","H","0","0","D","2","0","H"
"5674","02-11-19 16:00","England","Premier League","2019/2020","Manchester City","Southampton","2","1","H","0","1","A","2","0","H"
"5675","02-11-19 16:00","England","Premier League","2019/2020","Sheffield Utd","Burnley","3","0","H","3","0","H","0","0","D"
"6554","02-11-19 16:00","England","Premier League","2019/2020","West Ham","Newcastle","2","3","A","0","2","A","2","1","H"
"5670","02-11-19 18:30","England","Premier League","2019/2020","Watford","Chelsea","1","2","A","0","1","A","1","1","D"
"5669","03-11-19 15:00","England","Premier League","2019/2020","Crystal Palace","Leicester","0","2","A","0","0","D","0","2","A"
"5668","03-11-19 17:30","England","Premier League","2019/2020","Everton","Tottenham","1","1","D","0","0","D","1","1","D"
"5667","08-11-19 21:00","England","Premier League","2019/2020","Norwich","Watford","0","2","A","0","1","A","0","1","A"
"5666","09-11-19 13:30","England","Premier League","2019/2020","Chelsea","Crystal Palace","2","0","H","0","0","D","2","0","H"
"5663","09-11-19 16:00","England","Premier League","2019/2020","Newcastle","Bournemouth","2","1","H","1","1","D","1","0","H"
"5664","09-11-19 16:00","England","Premier League","2019/2020","Southampton","Everton","1","2","A","0","1","A","1","1","D"
"5665","09-11-19 16:00","England","Premier League","2019/2020","Tottenham","Sheffield Utd","1","1","D","0","0","D","1","1","D"
"6553","09-11-19 16:00","England","Premier League","2019/2020","Burnley","West Ham","3","0","H","2","0","H","1","0","H"
"5662","09-11-19 18:30","England","Premier League","2019/2020","Leicester","Arsenal","2","0","H","0","0","D","2","0","H"
"5660","10-11-19 15:00","England","Premier League","2019/2020","Manchester Utd","Brighton","3","1","H","2","0","H","1","1","D"
"5661","10-11-19 15:00","England","Premier League","2019/2020","Wolves","Aston Villa","2","1","H","1","0","H","1","1","D"
"5659","10-11-19 17:30","England","Premier League","2019/2020","Liverpool","Manchester City","3","1","H","2","0","H","1","1","D"
"6552","23-11-19 13:30","England","Premier League","2019/2020","West Ham","Tottenham","2","3","A","0","2","A","2","1","H"
"5653","23-11-19 16:00","England","Premier League","2019/2020","Arsenal","Southampton","2","2","D","1","1","D","1","1","D"
"5654","23-11-19 16:00","England","Premier League","2019/2020","Bournemouth","Wolves","1","2","A","0","2","A","1","0","H"
"5655","23-11-19 16:00","England","Premier League","2019/2020","Brighton","Leicester","0","2","A","0","0","D","0","2","A"
"5656","23-11-19 16:00","England","Premier League","2019/2020","Crystal Palace","Liverpool","1","2","A","0","0","D","1","2","A"
"5657","23-11-19 16:00","England","Premier League","2019/2020","Everton","Norwich","0","2","A","0","0","D","0","2","A"
"5658","23-11-19 16:00","England","Premier League","2019/2020","Watford","Burnley","0","3","A","0","0","D","0","3","A"
"5652","23-11-19 18:30","England","Premier League","2019/2020","Manchester City","Chelsea","2","1","H","2","1","H","0","0","D"
"5651","24-11-19 17:30","England","Premier League","2019/2020","Sheffield Utd","Manchester Utd","3","3","D","1","0","H","2","3","A"
"5650","25-11-19 21:00","England","Premier League","2019/2020","Aston Villa","Newcastle","2","0","H","2","0","H","0","0","D"
"5649","30-11-19 13:30","England","Premier League","2019/2020","Newcastle","Manchester City","2","2","D","1","1","D","1","1","D"
"5646","30-11-19 16:00","England","Premier League","2019/2020","Burnley","Crystal Palace","0","2","A","0","1","A","0","1","A"
"5647","30-11-19 16:00","England","Premier League","2019/2020","Liverpool","Brighton","2","1","H","2","0","H","0","1","A"
"5648","30-11-19 16:00","England","Premier League","2019/2020","Tottenham","Bournemouth","3","2","H","1","0","H","2","2","D"
"6551","30-11-19 16:00","England","Premier League","2019/2020","Chelsea","West Ham","0","1","A","0","0","D","0","1","A"
"5645","30-11-19 18:30","England","Premier League","2019/2020","Southampton","Watford","2","1","H","0","1","A","2","0","H"
"5643","01-12-19 15:00","England","Premier League","2019/2020","Norwich","Arsenal","2","2","D","2","1","H","0","1","A"
"5644","01-12-19 15:00","England","Premier League","2019/2020","Wolves","Sheffield Utd","1","1","D","0","1","A","1","0","H"
"5641","01-12-19 17:30","England","Premier League","2019/2020","Leicester","Everton","2","1","H","0","1","A","2","0","H"
"5642","01-12-19 17:30","England","Premier League","2019/2020","Manchester Utd","Aston Villa","2","2","D","1","1","D","1","1","D"
"5640","03-12-19 20:30","England","Premier League","2019/2020","Crystal Palace","Bournemouth","1","0","H","0","0","D","1","0","H"
"5639","03-12-19 21:15","England","Premier League","2019/2020","Burnley","Manchester City","1","4","A","0","1","A","1","3","A"
"5635","04-12-19 20:30","England","Premier League","2019/2020","Chelsea","Aston Villa","2","1","H","1","1","D","1","0","H"
"5636","04-12-19 20:30","England","Premier League","2019/2020","Leicester","Watford","2","0","H","0","0","D","2","0","H"
"5637","04-12-19 20:30","England","Premier League","2019/2020","Manchester Utd","Tottenham","2","1","H","1","1","D","1","0","H"
"5638","04-12-19 20:30","England","Premier League","2019/2020","Southampton","Norwich","2","1","H","2","0","H","0","1","A"
"6550","04-12-19 20:30","England","Premier League","2019/2020","Wolves","West Ham","2","0","H","1","0","H","1","0","H"
"5634","04-12-19 21:15","England","Premier League","2019/2020","Liverpool","Everton","5","2","H","4","2","H","1","0","H"
"5633","05-12-19 20:30","England","Premier League","2019/2020","Sheffield Utd","Newcastle","0","2","A","0","1","A","0","1","A"
"5632","05-12-19 21:15","England","Premier League","2019/2020","Arsenal","Brighton","1","2","A","0","1","A","1","1","D"
"5631","07-12-19 13:30","England","Premier League","2019/2020","Everton","Chelsea","3","1","H","1","0","H","2","1","H"
"5628","07-12-19 16:00","England","Premier League","2019/2020","Bournemouth","Liverpool","0","3","A","0","2","A","0","1","A"
"5629","07-12-19 16:00","England","Premier League","2019/2020","Tottenham","Burnley","5","0","H","3","0","H","2","0","H"
"5630","07-12-19 16:00","England","Premier League","2019/2020","Watford","Crystal Palace","0","0","D","0","0","D","0","0","D"
"5627","07-12-19 18:30","England","Premier League","2019/2020","Manchester City","Manchester Utd","1","2","A","0","2","A","1","0","H"
"5624","08-12-19 15:00","England","Premier League","2019/2020","Aston Villa","Leicester","1","4","A","1","2","A","0","2","A"
"5625","08-12-19 15:00","England","Premier League","2019/2020","Newcastle","Southampton","2","1","H","0","0","D","2","1","H"
"5626","08-12-19 15:00","England","Premier League","2019/2020","Norwich","Sheffield Utd","1","2","A","1","0","H","0","2","A"
"5623","08-12-19 17:30","England","Premier League","2019/2020","Brighton","Wolves","2","2","D","2","2","D","0","0","D"
"6549","09-12-19 21:00","England","Premier League","2019/2020","West Ham","Arsenal","1","3","A","1","0","H","0","3","A"
"5622","14-12-19 13:30","England","Premier League","2019/2020","Liverpool","Watford","2","0","H","1","0","H","1","0","H"
"5618","14-12-19 16:00","England","Premier League","2019/2020","Burnley","Newcastle","1","0","H","0","0","D","1","0","H"
"5619","14-12-19 16:00","England","Premier League","2019/2020","Chelsea","Bournemouth","0","1","A","0","0","D","0","1","A"
"5620","14-12-19 16:00","England","Premier League","2019/2020","Leicester","Norwich","1","1","D","1","1","D","0","0","D"
"5621","14-12-19 16:00","England","Premier League","2019/2020","Sheffield Utd","Aston Villa","2","0","H","0","0","D","2","0","H"
"6548","14-12-19 18:30","England","Premier League","2019/2020","Southampton","West Ham","0","1","A","0","1","A","0","0","D"
"5616","15-12-19 15:00","England","Premier League","2019/2020","Manchester Utd","Everton","1","1","D","0","1","A","1","0","H"
"5617","15-12-19 15:00","England","Premier League","2019/2020","Wolves","Tottenham","1","2","A","0","1","A","1","1","D"
"5615","15-12-19 17:30","England","Premier League","2019/2020","Arsenal","Manchester City","0","3","A","0","3","A","0","0","D"
"5614","16-12-19 20:45","England","Premier League","2019/2020","Crystal Palace","Brighton","1","1","D","0","0","D","1","1","D"
"5613","21-12-19 13:30","England","Premier League","2019/2020","Everton","Arsenal","0","0","D","0","0","D","0","0","D"
"5608","21-12-19 16:00","England","Premier League","2019/2020","Aston Villa","Southampton","1","3","A","0","2","A","1","1","D"
"5609","21-12-19 16:00","England","Premier League","2019/2020","Bournemouth","Burnley","0","1","A","0","0","D","0","1","A"
"5610","21-12-19 16:00","England","Premier League","2019/2020","Brighton","Sheffield Utd","0","1","A","0","1","A","0","0","D"
"5611","21-12-19 16:00","England","Premier League","2019/2020","Newcastle","Crystal Palace","1","0","H","0","0","D","1","0","H"
"5612","21-12-19 16:00","England","Premier League","2019/2020","Norwich","Wolves","1","2","A","1","0","H","0","2","A"
"5607","21-12-19 18:30","England","Premier League","2019/2020","Manchester City","Leicester","3","1","H","2","1","H","1","0","H"
"5606","22-12-19 15:00","England","Premier League","2019/2020","Watford","Manchester Utd","2","0","H","0","0","D","2","0","H"
"5605","22-12-19 17:30","England","Premier League","2019/2020","Tottenham","Chelsea","0","2","A","0","2","A","0","0","D"
"5604","26-12-19 13:30","England","Premier League","2019/2020","Tottenham","Brighton","2","1","H","0","1","A","2","0","H"
"5599","26-12-19 16:00","England","Premier League","2019/2020","Aston Villa","Norwich","1","0","H","0","0","D","1","0","H"
"5600","26-12-19 16:00","England","Premier League","2019/2020","Bournemouth","Arsenal","1","1","D","1","0","H","0","1","A"
"5601","26-12-19 16:00","England","Premier League","2019/2020","Chelsea","Southampton","0","2","A","0","1","A","0","1","A"
"5602","26-12-19 16:00","England","Premier League","2019/2020","Everton","Burnley","1","0","H","0","0","D","1","0","H"
"5603","26-12-19 16:00","England","Premier League","2019/2020","Sheffield Utd","Watford","1","1","D","1","1","D","0","0","D"
"6547","26-12-19 16:00","England","Premier League","2019/2020","Crystal Palace","West Ham","2","1","H","0","0","D","2","1","H"
"5598","26-12-19 18:30","England","Premier League","2019/2020","Manchester Utd","Newcastle","4","1","H","3","1","H","1","0","H"
"5597","26-12-19 21:00","England","Premier League","2019/2020","Leicester","Liverpool","0","4","A","0","1","A","0","3","A"
"5596","27-12-19 20:45","England","Premier League","2019/2020","Wolves","Manchester City","3","2","H","0","1","A","3","1","H"
"5595","28-12-19 13:30","England","Premier League","2019/2020","Brighton","Bournemouth","2","0","H","1","0","H","1","0","H"
"5592","28-12-19 16:00","England","Premier League","2019/2020","Newcastle","Everton","1","2","A","0","1","A","1","1","D"
"5593","28-12-19 16:00","England","Premier League","2019/2020","Southampton","Crystal Palace","1","1","D","0","0","D","1","1","D"
"5594","28-12-19 16:00","England","Premier League","2019/2020","Watford","Aston Villa","3","0","H","1","0","H","2","0","H"
"5591","28-12-19 18:30","England","Premier League","2019/2020","Norwich","Tottenham","2","2","D","1","0","H","1","2","A"
"6546","28-12-19 18:30","England","Premier League","2019/2020","West Ham","Leicester","1","2","A","1","1","D","0","1","A"
"5590","28-12-19 20:45","England","Premier League","2019/2020","Burnley","Manchester Utd","0","2","A","0","1","A","0","1","A"
"5589","29-12-19 15:00","England","Premier League","2019/2020","Arsenal","Chelsea","1","2","A","1","0","H","0","2","A"
"5588","29-12-19 17:30","England","Premier League","2019/2020","Liverpool","Wolves","1","0","H","1","0","H","0","0","D"
"5587","29-12-19 19:00","England","Premier League","2019/2020","Manchester City","Sheffield Utd","2","0","H","0","0","D","2","0","H"
"5585","01-01-20 13:30","England","Premier League","2019/2020","Brighton","Chelsea","1","1","D","0","1","A","1","0","H"
"5586","01-01-20 13:30","England","Premier League","2019/2020","Burnley","Aston Villa","1","2","A","0","2","A","1","0","H"
"5582","01-01-20 16:00","England","Premier League","2019/2020","Newcastle","Leicester","0","3","A","0","2","A","0","1","A"
"5583","01-01-20 16:00","England","Premier League","2019/2020","Southampton","Tottenham","1","0","H","1","0","H","0","0","D"
"5584","01-01-20 16:00","England","Premier League","2019/2020","Watford","Wolves","2","1","H","1","0","H","1","1","D"
"5580","01-01-20 18:30","England","Premier League","2019/2020","Manchester City","Everton","2","1","H","0","0","D","2","1","H"
"5581","01-01-20 18:30","England","Premier League","2019/2020","Norwich","Crystal Palace","1","1","D","1","0","H","0","1","A"
"6545","01-01-20 18:30","England","Premier League","2019/2020","West Ham","Bournemouth","4","0","H","3","0","H","1","0","H"
"5579","01-01-20 21:00","England","Premier League","2019/2020","Arsenal","Manchester Utd","2","0","H","2","0","H","0","0","D"
"5578","02-01-20 21:00","England","Premier League","2019/2020","Liverpool","Sheffield Utd","2","0","H","1","0","H","1","0","H"
"6544","10-01-20 21:00","England","Premier League","2019/2020","Sheffield Utd","West Ham","1","0","H","0","0","D","1","0","H"
"5577","11-01-20 13:30","England","Premier League","2019/2020","Crystal Palace","Arsenal","1","1","D","0","1","A","1","0","H"
"5572","11-01-20 16:00","England","Premier League","2019/2020","Chelsea","Burnley","3","0","H","2","0","H","1","0","H"
"5573","11-01-20 16:00","England","Premier League","2019/2020","Everton","Brighton","1","0","H","1","0","H","0","0","D"
"5574","11-01-20 16:00","England","Premier League","2019/2020","Leicester","Southampton","1","2","A","1","1","D","0","1","A"
"5575","11-01-20 16:00","England","Premier League","2019/2020","Manchester Utd","Norwich","4","0","H","1","0","H","3","0","H"
"5576","11-01-20 16:00","England","Premier League","2019/2020","Wolves","Newcastle","1","1","D","1","1","D","0","0","D"
"5571","11-01-20 18:30","England","Premier League","2019/2020","Tottenham","Liverpool","0","1","A","0","1","A","0","0","D"
"5570","12-01-20 15:00","England","Premier League","2019/2020","Bournemouth","Watford","0","3","A","0","1","A","0","2","A"
"5569","12-01-20 17:30","England","Premier League","2019/2020","Aston Villa","Manchester City","1","6","A","0","4","A","1","2","A"
"5568","18-01-20 13:30","England","Premier League","2019/2020","Watford","Tottenham","0","0","D","0","0","D","0","0","D"
"5563","18-01-20 16:00","England","Premier League","2019/2020","Arsenal","Sheffield Utd","1","1","D","1","0","H","0","1","A"
"5564","18-01-20 16:00","England","Premier League","2019/2020","Brighton","Aston Villa","1","1","D","1","0","H","0","1","A"
"5565","18-01-20 16:00","England","Premier League","2019/2020","Manchester City","Crystal Palace","2","2","D","0","1","A","2","1","H"
"5566","18-01-20 16:00","England","Premier League","2019/2020","Norwich","Bournemouth","1","0","H","1","0","H","0","0","D"
"5567","18-01-20 16:00","England","Premier League","2019/2020","Southampton","Wolves","2","3","A","2","0","H","0","3","A"
"6543","18-01-20 16:00","England","Premier League","2019/2020","West Ham","Everton","1","1","D","1","1","D","0","0","D"
"5562","18-01-20 18:30","England","Premier League","2019/2020","Newcastle","Chelsea","1","0","H","0","0","D","1","0","H"
"5561","19-01-20 15:00","England","Premier League","2019/2020","Burnley","Leicester","2","1","H","0","1","A","2","0","H"
"5560","19-01-20 17:30","England","Premier League","2019/2020","Liverpool","Manchester Utd","2","0","H","1","0","H","1","0","H"
"5555","21-01-20 20:30","England","Premier League","2019/2020","Aston Villa","Watford","2","1","H","0","1","A","2","0","H"
"5556","21-01-20 20:30","England","Premier League","2019/2020","Bournemouth","Brighton","3","1","H","2","0","H","1","1","D"
"5557","21-01-20 20:30","England","Premier League","2019/2020","Crystal Palace","Southampton","0","2","A","0","1","A","0","1","A"
"5558","21-01-20 20:30","England","Premier League","2019/2020","Everton","Newcastle","2","2","D","1","0","H","1","2","A"
"5559","21-01-20 20:30","England","Premier League","2019/2020","Sheffield Utd","Manchester City","0","1","A","0","0","D","0","1","A"
"5554","21-01-20 21:15","England","Premier League","2019/2020","Chelsea","Arsenal","2","2","D","1","0","H","1","2","A"
"5553","22-01-20 20:30","England","Premier League","2019/2020","Tottenham","Norwich","2","1","H","1","0","H","1","1","D"
"6542","22-01-20 20:30","England","Premier League","2019/2020","Leicester","West Ham","4","1","H","2","0","H","2","1","H"
"5552","22-01-20 21:15","England","Premier League","2019/2020","Manchester Utd","Burnley","0","2","A","0","1","A","0","1","A"
"5551","23-01-20 21:00","England","Premier League","2019/2020","Wolves","Liverpool","1","2","A","0","1","A","1","1","D"
"6541","29-01-20 20:45","England","Premier League","2019/2020","West Ham","Liverpool","0","2","A","0","1","A","0","1","A"
"5550","01-02-20 13:30","England","Premier League","2019/2020","Leicester","Chelsea","2","2","D","0","0","D","2","2","D"
"5545","01-02-20 16:00","England","Premier League","2019/2020","Bournemouth","Aston Villa","2","1","H","2","0","H","0","1","A"
"5546","01-02-20 16:00","England","Premier League","2019/2020","Crystal Palace","Sheffield Utd","0","1","A","0","0","D","0","1","A"
"5547","01-02-20 16:00","England","Premier League","2019/2020","Liverpool","Southampton","4","0","H","0","0","D","4","0","H"
"5548","01-02-20 16:00","England","Premier League","2019/2020","Newcastle","Norwich","0","0","D","0","0","D","0","0","D"
"5549","01-02-20 16:00","England","Premier League","2019/2020","Watford","Everton","2","3","A","2","2","D","0","1","A"
"6540","01-02-20 16:00","England","Premier League","2019/2020","West Ham","Brighton","3","3","D","2","0","H","1","3","A"
"5544","01-02-20 18:30","England","Premier League","2019/2020","Manchester Utd","Wolves","0","0","D","0","0","D","0","0","D"
"5543","02-02-20 15:00","England","Premier League","2019/2020","Burnley","Arsenal","0","0","D","0","0","D","0","0","D"
"5542","02-02-20 17:30","England","Premier League","2019/2020","Tottenham","Manchester City","2","0","H","0","0","D","2","0","H"
"5541","08-02-20 13:30","England","Premier League","2019/2020","Everton","Crystal Palace","3","1","H","1","0","H","2","1","H"
"5540","08-02-20 18:30","England","Premier League","2019/2020","Brighton","Watford","1","1","D","0","1","A","1","0","H"
"5539","09-02-20 15:00","England","Premier League","2019/2020","Sheffield Utd","Bournemouth","2","1","H","1","1","D","1","0","H"
"5538","14-02-20 21:00","England","Premier League","2019/2020","Wolves","Leicester","0","0","D","0","0","D","0","0","D"
"5537","15-02-20 13:30","England","Premier League","2019/2020","Southampton","Burnley","1","2","A","1","1","D","0","1","A"
"5536","15-02-20 18:30","England","Premier League","2019/2020","Norwich","Liverpool","0","1","A","0","0","D","0","1","A"
"5535","16-02-20 15:00","England","Premier League","2019/2020","Aston Villa","Tottenham","2","3","A","1","2","A","1","1","D"
"5534","16-02-20 17:30","England","Premier League","2019/2020","Arsenal","Newcastle","4","0","H","0","0","D","4","0","H"
"5533","17-02-20 21:00","England","Premier League","2019/2020","Chelsea","Manchester Utd","0","2","A","0","1","A","0","1","A"
"6539","19-02-20 20:30","England","Premier League","2019/2020","Manchester City","West Ham","2","0","H","1","0","H","1","0","H"
"5532","22-02-20 13:30","England","Premier League","2019/2020","Chelsea","Tottenham","2","1","H","1","0","H","1","1","D"
"5528","22-02-20 16:00","England","Premier League","2019/2020","Burnley","Bournemouth","3","0","H","0","0","D","3","0","H"
"5529","22-02-20 16:00","England","Premier League","2019/2020","Crystal Palace","Newcastle","1","0","H","1","0","H","0","0","D"
"5530","22-02-20 16:00","England","Premier League","2019/2020","Sheffield Utd","Brighton","1","1","D","1","1","D","0","0","D"
"5531","22-02-20 16:00","England","Premier League","2019/2020","Southampton","Aston Villa","2","0","H","1","0","H","1","0","H"
"5527","22-02-20 18:30","England","Premier League","2019/2020","Leicester","Manchester City","0","1","A","0","0","D","0","1","A"
"5525","23-02-20 15:00","England","Premier League","2019/2020","Manchester Utd","Watford","3","0","H","1","0","H","2","0","H"
"5526","23-02-20 15:00","England","Premier League","2019/2020","Wolves","Norwich","3","0","H","2","0","H","1","0","H"
"5524","23-02-20 17:30","England","Premier League","2019/2020","Arsenal","Everton","3","2","H","2","2","D","1","0","H"
"6538","24-02-20 21:00","England","Premier League","2019/2020","Liverpool","West Ham","3","2","H","1","1","D","2","1","H"
"5523","28-02-20 21:00","England","Premier League","2019/2020","Norwich","Leicester","1","0","H","0","0","D","1","0","H"
"5522","29-02-20 13:30","England","Premier League","2019/2020","Brighton","Crystal Palace","0","1","A","0","0","D","0","1","A"
"5520","29-02-20 16:00","England","Premier League","2019/2020","Bournemouth","Chelsea","2","2","D","0","1","A","2","1","H"
"5521","29-02-20 16:00","England","Premier League","2019/2020","Newcastle","Burnley","0","0","D","0","0","D","0","0","D"
"6537","29-02-20 16:00","England","Premier League","2019/2020","West Ham","Southampton","3","1","H","2","1","H","1","0","H"
"5519","29-02-20 18:30","England","Premier League","2019/2020","Watford","Liverpool","3","0","H","0","0","D","3","0","H"
"5517","01-03-20 15:00","England","Premier League","2019/2020","Everton","Manchester Utd","1","1","D","1","1","D","0","0","D"
"5518","01-03-20 15:00","England","Premier League","2019/2020","Tottenham","Wolves","2","3","A","2","1","H","0","2","A"
"5516","07-03-20 13:30","England","Premier League","2019/2020","Liverpool","Bournemouth","2","1","H","2","1","H","0","0","D"
"5512","07-03-20 16:00","England","Premier League","2019/2020","Crystal Palace","Watford","1","0","H","1","0","H","0","0","D"
"5513","07-03-20 16:00","England","Premier League","2019/2020","Sheffield Utd","Norwich","1","0","H","1","0","H","0","0","D"
"5514","07-03-20 16:00","England","Premier League","2019/2020","Southampton","Newcastle","0","1","A","0","0","D","0","1","A"
"5515","07-03-20 16:00","England","Premier League","2019/2020","Wolves","Brighton","0","0","D","0","0","D","0","0","D"
"6536","07-03-20 16:00","England","Premier League","2019/2020","Arsenal","West Ham","1","0","H","0","0","D","1","0","H"
"5511","07-03-20 18:30","England","Premier League","2019/2020","Burnley","Tottenham","1","1","D","1","0","H","0","1","A"
"5510","08-03-20 15:00","England","Premier League","2019/2020","Chelsea","Everton","4","0","H","2","0","H","2","0","H"
"5509","08-03-20 17:30","England","Premier League","2019/2020","Manchester Utd","Manchester City","2","0","H","1","0","H","1","0","H"
"5508","09-03-20 21:00","England","Premier League","2019/2020","Leicester","Aston Villa","4","0","H","1","0","H","3","0","H"
"5507","17-06-20 19:00","England","Premier League","2019/2020","Aston Villa","Sheffield Utd","0","0","D","0","0","D","0","0","D"
"5506","17-06-20 21:15","England","Premier League","2019/2020","Manchester City","Arsenal","3","0","H","1","0","H","2","0","H"
"5505","19-06-20 19:00","England","Premier League","2019/2020","Norwich","Southampton","0","3","A","0","0","D","0","3","A"
"5504","19-06-20 21:15","England","Premier League","2019/2020","Tottenham","Manchester Utd","1","1","D","1","0","H","0","1","A"
"5503","20-06-20 13:30","England","Premier League","2019/2020","Watford","Leicester","1","1","D","0","0","D","1","1","D"
"5502","20-06-20 16:00","England","Premier League","2019/2020","Brighton","Arsenal","2","1","H","0","0","D","2","1","H"
"6535","20-06-20 18:30","England","Premier League","2019/2020","West Ham","Wolves","0","2","A","0","0","D","0","2","A"
"5501","20-06-20 20:45","England","Premier League","2019/2020","Bournemouth","Crystal Palace","0","2","A","0","2","A","0","0","D"
"5500","21-06-20 15:00","England","Premier League","2019/2020","Newcastle","Sheffield Utd","3","0","H","0","0","D","3","0","H"
"5499","21-06-20 17:15","England","Premier League","2019/2020","Aston Villa","Chelsea","1","2","A","1","0","H","0","2","A"
"5498","21-06-20 20:00","England","Premier League","2019/2020","Everton","Liverpool","0","0","D","0","0","D","0","0","D"
"5497","22-06-20 21:00","England","Premier League","2019/2020","Manchester City","Burnley","5","0","H","3","0","H","2","0","H"
"5496","23-06-20 19:00","England","Premier League","2019/2020","Leicester","Brighton","0","0","D","0","0","D","0","0","D"
"6534","23-06-20 21:15","England","Premier League","2019/2020","Tottenham","West Ham","2","0","H","0","0","D","2","0","H"
"5492","24-06-20 19:00","England","Premier League","2019/2020","Manchester Utd","Sheffield Utd","3","0","H","2","0","H","1","0","H"
"5493","24-06-20 19:00","England","Premier League","2019/2020","Newcastle","Aston Villa","1","1","D","0","0","D","1","1","D"
"5494","24-06-20 19:00","England","Premier League","2019/2020","Norwich","Everton","0","1","A","0","0","D","0","1","A"
"5495","24-06-20 19:00","England","Premier League","2019/2020","Wolves","Bournemouth","1","0","H","0","0","D","1","0","H"
"5491","24-06-20 21:15","England","Premier League","2019/2020","Liverpool","Crystal Palace","4","0","H","2","0","H","2","0","H"
"5489","25-06-20 19:00","England","Premier League","2019/2020","Burnley","Watford","1","0","H","0","0","D","1","0","H"
"5490","25-06-20 19:00","England","Premier League","2019/2020","Southampton","Arsenal","0","2","A","0","1","A","0","1","A"
"5488","25-06-20 21:15","England","Premier League","2019/2020","Chelsea","Manchester City","2","1","H","1","0","H","1","1","D"
"5487","27-06-20 13:30","England","Premier League","2019/2020","Aston Villa","Wolves","0","1","A","0","0","D","0","1","A"
"5486","28-06-20 17:30","England","Premier League","2019/2020","Watford","Southampton","1","3","A","0","1","A","1","2","A"
"5485","29-06-20 21:00","England","Premier League","2019/2020","Crystal Palace","Burnley","0","1","A","0","0","D","0","1","A"
"5484","30-06-20 21:15","England","Premier League","2019/2020","Brighton","Manchester Utd","0","3","A","0","2","A","0","1","A"
"5481","01-07-20 19:00","England","Premier League","2019/2020","Arsenal","Norwich","4","0","H","2","0","H","2","0","H"
"5482","01-07-20 19:00","England","Premier League","2019/2020","Bournemouth","Newcastle","1","4","A","0","2","A","1","2","A"
"5483","01-07-20 19:00","England","Premier League","2019/2020","Everton","Leicester","2","1","H","2","0","H","0","1","A"
"6533","01-07-20 21:15","England","Premier League","2019/2020","West Ham","Chelsea","3","2","H","1","1","D","2","1","H"
"5480","02-07-20 19:00","England","Premier League","2019/2020","Sheffield Utd","Tottenham","3","1","H","1","0","H","2","1","H"
"5479","02-07-20 21:15","England","Premier League","2019/2020","Manchester City","Liverpool","4","0","H","3","0","H","1","0","H"
"5478","04-07-20 13:30","England","Premier League","2019/2020","Norwich","Brighton","0","1","A","0","1","A","0","0","D"
"5476","04-07-20 16:00","England","Premier League","2019/2020","Leicester","Crystal Palace","3","0","H","0","0","D","3","0","H"
"5477","04-07-20 16:00","England","Premier League","2019/2020","Manchester Utd","Bournemouth","5","2","H","3","1","H","2","1","H"
"5475","04-07-20 18:30","England","Premier League","2019/2020","Wolves","Arsenal","0","2","A","0","1","A","0","1","A"
"5474","04-07-20 21:00","England","Premier League","2019/2020","Chelsea","Watford","3","0","H","2","0","H","1","0","H"
"5473","05-07-20 13:00","England","Premier League","2019/2020","Burnley","Sheffield Utd","1","1","D","1","0","H","0","1","A"
"6532","05-07-20 15:15","England","Premier League","2019/2020","Newcastle","West Ham","2","2","D","1","1","D","1","1","D"
"5472","05-07-20 17:30","England","Premier League","2019/2020","Liverpool","Aston Villa","2","0","H","0","0","D","2","0","H"
"5471","05-07-20 20:00","England","Premier League","2019/2020","Southampton","Manchester City","1","0","H","1","0","H","0","0","D"
"5470","06-07-20 21:00","England","Premier League","2019/2020","Tottenham","Everton","1","0","H","1","0","H","0","0","D"
"5468","07-07-20 19:00","England","Premier League","2019/2020","Crystal Palace","Chelsea","2","3","A","1","2","A","1","1","D"
"5469","07-07-20 19:00","England","Premier League","2019/2020","Watford","Norwich","2","1","H","1","1","D","1","0","H"
"5467","07-07-20 21:15","England","Premier League","2019/2020","Arsenal","Leicester","1","1","D","1","0","H","0","1","A"
"5465","08-07-20 19:00","England","Premier League","2019/2020","Manchester City","Newcastle","5","0","H","2","0","H","3","0","H"
"5466","08-07-20 19:00","England","Premier League","2019/2020","Sheffield Utd","Wolves","1","0","H","0","0","D","1","0","H"
"6531","08-07-20 19:00","England","Premier League","2019/2020","West Ham","Burnley","0","1","A","0","1","A","0","0","D"
"5464","08-07-20 21:15","England","Premier League","2019/2020","Brighton","Liverpool","1","3","A","1","2","A","0","1","A"
"5462","09-07-20 19:00","England","Premier League","2019/2020","Bournemouth","Tottenham","0","0","D","0","0","D","0","0","D"
"5463","09-07-20 19:00","England","Premier League","2019/2020","Everton","Southampton","1","1","D","1","1","D","0","0","D"
"5461","09-07-20 21:15","England","Premier League","2019/2020","Aston Villa","Manchester Utd","0","3","A","0","2","A","0","1","A"
"5460","11-07-20 13:30","England","Premier League","2019/2020","Watford","Newcastle","2","1","H","0","1","A","2","0","H"
"6527","11-07-20 13:30","England","Premier League","2019/2020","Norwich","West Ham","0","4","A","0","2","A","0","2","A"
"5459","11-07-20 16:00","England","Premier League","2019/2020","Liverpool","Burnley","1","1","D","1","0","H","0","1","A"
"5458","11-07-20 18:30","England","Premier League","2019/2020","Sheffield Utd","Chelsea","3","0","H","2","0","H","1","0","H"
"5457","11-07-20 21:00","England","Premier League","2019/2020","Brighton","Manchester City","0","5","A","0","2","A","0","3","A"
"5456","12-07-20 13:00","England","Premier League","2019/2020","Wolves","Everton","3","0","H","1","0","H","2","0","H"
"5455","12-07-20 15:15","England","Premier League","2019/2020","Aston Villa","Crystal Palace","2","0","H","1","0","H","1","0","H"
"5454","12-07-20 17:30","England","Premier League","2019/2020","Tottenham","Arsenal","2","1","H","1","1","D","1","0","H"
"5453","12-07-20 20:00","England","Premier League","2019/2020","Bournemouth","Leicester","4","1","H","0","1","A","4","0","H"
"5452","13-07-20 21:00","England","Premier League","2019/2020","Manchester Utd","Southampton","2","2","D","2","1","H","0","1","A"
"5451","14-07-20 21:15","England","Premier League","2019/2020","Chelsea","Norwich","1","0","H","1","0","H","0","0","D"
"5448","15-07-20 19:00","England","Premier League","2019/2020","Burnley","Wolves","1","1","D","0","0","D","1","1","D"
"5449","15-07-20 19:00","England","Premier League","2019/2020","Manchester City","Bournemouth","2","1","H","2","0","H","0","1","A"
"5450","15-07-20 19:00","England","Premier League","2019/2020","Newcastle","Tottenham","1","3","A","0","1","A","1","2","A"
"5447","15-07-20 21:15","England","Premier League","2019/2020","Arsenal","Liverpool","2","1","H","2","1","H","0","0","D"
"5445","16-07-20 19:00","England","Premier League","2019/2020","Everton","Aston Villa","1","1","D","0","0","D","1","1","D"
"5446","16-07-20 19:00","England","Premier League","2019/2020","Leicester","Sheffield Utd","2","0","H","1","0","H","1","0","H"
"5443","16-07-20 21:15","England","Premier League","2019/2020","Crystal Palace","Manchester Utd","0","2","A","0","1","A","0","1","A"
"5444","16-07-20 21:15","England","Premier League","2019/2020","Southampton","Brighton","1","1","D","0","1","A","1","0","H"
"6528","17-07-20 21:00","England","Premier League","2019/2020","West Ham","Watford","3","1","H","3","0","H","0","1","A"
"5442","18-07-20 18:30","England","Premier League","2019/2020","Norwich","Burnley","0","2","A","0","1","A","0","1","A"
"5441","19-07-20 15:00","England","Premier League","2019/2020","Bournemouth","Southampton","0","2","A","0","1","A","0","1","A"
"5440","19-07-20 17:00","England","Premier League","2019/2020","Tottenham","Leicester","3","0","H","3","0","H","0","0","D"
"5438","20-07-20 19:00","England","Premier League","2019/2020","Brighton","Newcastle","0","0","D","0","0","D","0","0","D"
"5439","20-07-20 19:00","England","Premier League","2019/2020","Sheffield Utd","Everton","0","1","A","0","0","D","0","1","A"
"5437","20-07-20 21:15","England","Premier League","2019/2020","Wolves","Crystal Palace","2","0","H","1","0","H","1","0","H"
"5436","21-07-20 19:00","England","Premier League","2019/2020","Watford","Manchester City","0","4","A","0","2","A","0","2","A"
"5435","21-07-20 21:15","England","Premier League","2019/2020","Aston Villa","Arsenal","1","0","H","1","0","H","0","0","D"
"6529","22-07-20 19:00","England","Premier League","2019/2020","Manchester Utd","West Ham","1","1","D","0","1","A","1","0","H"
"5434","22-07-20 21:15","England","Premier League","2019/2020","Liverpool","Chelsea","5","3","H","3","1","H","2","2","D"
"5425","26-07-20 17:00","England","Premier League","2019/2020","Arsenal","Watford","3","2","H","3","1","H","0","1","A"
"5426","26-07-20 17:00","England","Premier League","2019/2020","Burnley","Brighton","1","2","A","1","1","D","0","1","A"
"5427","26-07-20 17:00","England","Premier League","2019/2020","Chelsea","Wolves","2","0","H","2","0","H","0","0","D"
"5428","26-07-20 17:00","England","Premier League","2019/2020","Crystal Palace","Tottenham","1","1","D","0","1","A","1","0","H"
"5429","26-07-20 17:00","England","Premier League","2019/2020","Everton","Bournemouth","1","3","A","1","2","A","0","1","A"
"5430","26-07-20 17:00","England","Premier League","2019/2020","Leicester","Manchester Utd","0","2","A","0","0","D","0","2","A"
"5431","26-07-20 17:00","England","Premier League","2019/2020","Manchester City","Norwich","5","0","H","2","0","H","3","0","H"
"5432","26-07-20 17:00","England","Premier League","2019/2020","Newcastle","Liverpool","1","3","A","1","1","D","0","2","A"
"5433","26-07-20 17:00","England","Premier League","2019/2020","Southampton","Sheffield Utd","3","1","H","0","1","A","3","0","H"
"6530","26-07-20 17:00","England","Premier League","2019/2020","West Ham","Aston Villa","1","1","D","0","0","D","1","1","D"
"14919","16-08-24 21:00","England","Premier League","2024/2025","Manchester Utd","Fulham","1","0","H","0","0","D","1","0","H"
"14918","17-08-24 13:30","England","Premier League","2024/2025","Ipswich","Liverpool","0","2","A","0","0","D","0","2","A"
"14914","17-08-24 16:00","England","Premier League","2024/2025","Arsenal","Wolves","2","0","H","1","0","H","1","0","H"
"14915","17-08-24 16:00","England","Premier League","2024/2025","Everton","Brighton","0","3","A","0","1","A","0","2","A"
"14916","17-08-24 16:00","England","Premier League","2024/2025","Newcastle","Southampton","1","0","H","1","0","H","0","0","D"
"14917","17-08-24 16:00","England","Premier League","2024/2025","Nottingham","Bournemouth","1","1","D","1","0","H","0","1","A"
"14913","17-08-24 18:30","England","Premier League","2024/2025","West Ham","Aston Villa","1","2","A","1","1","D","0","1","A"
"14912","18-08-24 15:00","England","Premier League","2024/2025","Brentford","Crystal Palace","2","1","H","1","0","H","1","1","D"
"14911","18-08-24 17:30","England","Premier League","2024/2025","Chelsea","Manchester City","0","2","A","0","1","A","0","1","A"
"14910","19-08-24 21:00","England","Premier League","2024/2025","Leicester","Tottenham","1","1","D","0","1","A","1","0","H"
"14909","24-08-24 13:30","England","Premier League","2024/2025","Brighton","Manchester Utd","2","1","H","1","0","H","1","1","D"
"14904","24-08-24 16:00","England","Premier League","2024/2025","Crystal Palace","West Ham","0","2","A","0","0","D","0","2","A"
"14905","24-08-24 16:00","England","Premier League","2024/2025","Fulham","Leicester","2","1","H","1","1","D","1","0","H"
"14906","24-08-24 16:00","England","Premier League","2024/2025","Manchester City","Ipswich","4","1","H","3","1","H","1","0","H"
"14907","24-08-24 16:00","England","Premier League","2024/2025","Southampton","Nottingham","0","1","A","0","0","D","0","1","A"
"14908","24-08-24 16:00","England","Premier League","2024/2025","Tottenham","Everton","4","0","H","2","0","H","2","0","H"
"14903","24-08-24 18:30","England","Premier League","2024/2025","Aston Villa","Arsenal","0","2","A","0","0","D","0","2","A"
"14901","25-08-24 15:00","England","Premier League","2024/2025","Bournemouth","Newcastle","1","1","D","1","0","H","0","1","A"
"14902","25-08-24 15:00","England","Premier League","2024/2025","Wolves","Chelsea","2","6","A","2","2","D","0","4","A"
"14900","25-08-24 17:30","England","Premier League","2024/2025","Liverpool","Brentford","2","0","H","1","0","H","1","0","H"
"14899","31-08-24 13:30","England","Premier League","2024/2025","Arsenal","Brighton","1","1","D","1","0","H","0","1","A"
"14894","31-08-24 16:00","England","Premier League","2024/2025","Brentford","Southampton","3","1","H","1","0","H","2","1","H"
"14895","31-08-24 16:00","England","Premier League","2024/2025","Everton","Bournemouth","2","3","A","0","0","D","2","3","A"
"14896","31-08-24 16:00","England","Premier League","2024/2025","Ipswich","Fulham","1","1","D","1","1","D","0","0","D"
"14897","31-08-24 16:00","England","Premier League","2024/2025","Leicester","Aston Villa","1","2","A","0","1","A","1","1","D"
"14898","31-08-24 16:00","England","Premier League","2024/2025","Nottingham","Wolves","1","1","D","1","1","D","0","0","D"
"14893","31-08-24 18:30","England","Premier League","2024/2025","West Ham","Manchester City","1","3","A","1","2","A","0","1","A"
"14891","01-09-24 14:30","England","Premier League","2024/2025","Chelsea","Crystal Palace","1","1","D","1","0","H","0","1","A"
"14892","01-09-24 14:30","England","Premier League","2024/2025","Newcastle","Tottenham","2","1","H","1","0","H","1","1","D"
"14890","01-09-24 17:00","England","Premier League","2024/2025","Manchester Utd","Liverpool","0","3","A","0","2","A","0","1","A"
"14889","14-09-24 13:30","England","Premier League","2024/2025","Southampton","Manchester Utd","0","3","A","0","2","A","0","1","A"
"14884","14-09-24 16:00","England","Premier League","2024/2025","Brighton","Ipswich","0","0","D","0","0","D","0","0","D"
"14885","14-09-24 16:00","England","Premier League","2024/2025","Crystal Palace","Leicester","2","2","D","0","1","A","2","1","H"
"14886","14-09-24 16:00","England","Premier League","2024/2025","Fulham","West Ham","1","1","D","1","0","H","0","1","A"
"14887","14-09-24 16:00","England","Premier League","2024/2025","Liverpool","Nottingham","0","1","A","0","0","D","0","1","A"
"14888","14-09-24 16:00","England","Premier League","2024/2025","Manchester City","Brentford","2","1","H","2","1","H","0","0","D"
"14883","14-09-24 18:30","England","Premier League","2024/2025","Aston Villa","Everton","3","2","H","1","2","A","2","0","H"
"14882","14-09-24 21:00","England","Premier League","2024/2025","Bournemouth","Chelsea","0","1","A","0","0","D","0","1","A"
"14881","15-09-24 15:00","England","Premier League","2024/2025","Tottenham","Arsenal","0","1","A","0","0","D","0","1","A"
"14880","15-09-24 17:30","England","Premier League","2024/2025","Wolves","Newcastle","1","2","A","1","0","H","0","2","A"
"14879","21-09-24 13:30","England","Premier League","2024/2025","West Ham","Chelsea","0","3","A","0","2","A","0","1","A"
"14873","21-09-24 16:00","England","Premier League","2024/2025","Aston Villa","Wolves","3","1","H","0","1","A","3","0","H"
"14874","21-09-24 16:00","England","Premier League","2024/2025","Fulham","Newcastle","3","1","H","2","0","H","1","1","D"
"14875","21-09-24 16:00","England","Premier League","2024/2025","Leicester","Everton","1","1","D","0","1","A","1","0","H"
"14876","21-09-24 16:00","England","Premier League","2024/2025","Liverpool","Bournemouth","3","0","H","3","0","H","0","0","D"
"14877","21-09-24 16:00","England","Premier League","2024/2025","Southampton","Ipswich","1","1","D","1","0","H","0","1","A"
"14878","21-09-24 16:00","England","Premier League","2024/2025","Tottenham","Brentford","3","1","H","2","1","H","1","0","H"
"14872","21-09-24 18:30","England","Premier League","2024/2025","Crystal Palace","Manchester Utd","0","0","D","0","0","D","0","0","D"
"14871","22-09-24 15:00","England","Premier League","2024/2025","Brighton","Nottingham","2","2","D","2","1","H","0","1","A"
"14870","22-09-24 17:30","England","Premier League","2024/2025","Manchester City","Arsenal","2","2","D","1","2","A","1","0","H"
"14869","28-09-24 13:30","England","Premier League","2024/2025","Newcastle","Manchester City","1","1","D","0","1","A","1","0","H"
"14864","28-09-24 16:00","England","Premier League","2024/2025","Arsenal","Leicester","4","2","H","2","0","H","2","2","D"
"14865","28-09-24 16:00","England","Premier League","2024/2025","Brentford","West Ham","1","1","D","1","0","H","0","1","A"
"14866","28-09-24 16:00","England","Premier League","2024/2025","Chelsea","Brighton","4","2","H","4","2","H","0","0","D"
"14867","28-09-24 16:00","England","Premier League","2024/2025","Everton","Crystal Palace","2","1","H","0","1","A","2","0","H"
"14868","28-09-24 16:00","England","Premier League","2024/2025","Nottingham","Fulham","0","1","A","0","0","D","0","1","A"
"14863","28-09-24 18:30","England","Premier League","2024/2025","Wolves","Liverpool","1","2","A","0","1","A","1","1","D"
"14862","29-09-24 15:00","England","Premier League","2024/2025","Ipswich","Aston Villa","2","2","D","1","2","A","1","0","H"
"14861","29-09-24 17:30","England","Premier League","2024/2025","Manchester Utd","Tottenham","0","3","A","0","1","A","0","2","A"
"14860","30-09-24 21:00","England","Premier League","2024/2025","Bournemouth","Southampton","3","1","H","3","0","H","0","1","A"
"14859","05-10-24 13:30","England","Premier League","2024/2025","Crystal Palace","Liverpool","0","1","A","0","1","A","0","0","D"
"14854","05-10-24 16:00","England","Premier League","2024/2025","Arsenal","Southampton","3","1","H","0","0","D","3","1","H"
"14855","05-10-24 16:00","England","Premier League","2024/2025","Brentford","Wolves","5","3","H","4","2","H","1","1","D"
"14856","05-10-24 16:00","England","Premier League","2024/2025","Leicester","Bournemouth","1","0","H","1","0","H","0","0","D"
"14857","05-10-24 16:00","England","Premier League","2024/2025","Manchester City","Fulham","3","2","H","1","1","D","2","1","H"
"14858","05-10-24 16:00","England","Premier League","2024/2025","West Ham","Ipswich","4","1","H","2","1","H","2","0","H"
"14853","05-10-24 18:30","England","Premier League","2024/2025","Everton","Newcastle","0","0","D","0","0","D","0","0","D"
"14851","06-10-24 15:00","England","Premier League","2024/2025","Aston Villa","Manchester Utd","0","0","D","0","0","D","0","0","D"
"14852","06-10-24 15:00","England","Premier League","2024/2025","Chelsea","Nottingham","1","1","D","0","0","D","1","1","D"
"14850","06-10-24 17:30","England","Premier League","2024/2025","Brighton","Tottenham","3","2","H","0","2","A","3","0","H"
"14849","19-10-24 13:30","England","Premier League","2024/2025","Tottenham","West Ham","4","1","H","1","1","D","3","0","H"
"14844","19-10-24 16:00","England","Premier League","2024/2025","Fulham","Aston Villa","1","3","A","1","1","D","0","2","A"
"14845","19-10-24 16:00","England","Premier League","2024/2025","Ipswich","Everton","0","2","A","0","2","A","0","0","D"
"14846","19-10-24 16:00","England","Premier League","2024/2025","Manchester Utd","Brentford","2","1","H","0","1","A","2","0","H"
"14847","19-10-24 16:00","England","Premier League","2024/2025","Newcastle","Brighton","0","1","A","0","1","A","0","0","D"
"14848","19-10-24 16:00","England","Premier League","2024/2025","Southampton","Leicester","2","3","A","2","0","H","0","3","A"
"14843","19-10-24 18:30","England","Premier League","2024/2025","Bournemouth","Arsenal","2","0","H","0","0","D","2","0","H"
"14842","20-10-24 15:00","England","Premier League","2024/2025","Wolves","Manchester City","1","2","A","1","1","D","0","1","A"
"14841","20-10-24 17:30","England","Premier League","2024/2025","Liverpool","Chelsea","2","1","H","1","0","H","1","1","D"
"14840","21-10-24 21:00","England","Premier League","2024/2025","Nottingham","Crystal Palace","1","0","H","0","0","D","1","0","H"
"14839","25-10-24 21:00","England","Premier League","2024/2025","Leicester","Nottingham","1","3","A","1","1","D","0","2","A"
"14835","26-10-24 16:00","England","Premier League","2024/2025","Aston Villa","Bournemouth","1","1","D","0","0","D","1","1","D"
"14836","26-10-24 16:00","England","Premier League","2024/2025","Brentford","Ipswich","4","3","H","2","2","D","2","1","H"
"14837","26-10-24 16:00","England","Premier League","2024/2025","Brighton","Wolves","2","2","D","1","0","H","1","2","A"
"14838","26-10-24 16:00","England","Premier League","2024/2025","Manchester City","Southampton","1","0","H","1","0","H","0","0","D"
"14834","26-10-24 18:30","England","Premier League","2024/2025","Everton","Fulham","1","1","D","0","0","D","1","1","D"
"14831","27-10-24 15:00","England","Premier League","2024/2025","Chelsea","Newcastle","2","1","H","1","1","D","1","0","H"
"14832","27-10-24 15:00","England","Premier League","2024/2025","Crystal Palace","Tottenham","1","0","H","1","0","H","0","0","D"
"14833","27-10-24 15:00","England","Premier League","2024/2025","West Ham","Manchester Utd","2","1","H","0","0","D","2","1","H"
"14830","27-10-24 17:30","England","Premier League","2024/2025","Arsenal","Liverpool","2","2","D","2","1","H","0","1","A"
"14829","02-11-24 13:30","England","Premier League","2024/2025","Newcastle","Arsenal","1","0","H","1","0","H","0","0","D"
"14824","02-11-24 16:00","England","Premier League","2024/2025","Bournemouth","Manchester City","2","1","H","1","0","H","1","1","D"
"14825","02-11-24 16:00","England","Premier League","2024/2025","Ipswich","Leicester","1","1","D","0","0","D","1","1","D"
"14826","02-11-24 16:00","England","Premier League","2024/2025","Liverpool","Brighton","2","1","H","0","1","A","2","0","H"
"14827","02-11-24 16:00","England","Premier League","2024/2025","Nottingham","West Ham","3","0","H","1","0","H","2","0","H"
"14828","02-11-24 16:00","England","Premier League","2024/2025","Southampton","Everton","1","0","H","0","0","D","1","0","H"
"14823","02-11-24 18:30","England","Premier League","2024/2025","Wolves","Crystal Palace","2","2","D","0","0","D","2","2","D"
"14822","03-11-24 15:00","England","Premier League","2024/2025","Tottenham","Aston Villa","4","1","H","0","1","A","4","0","H"
"14821","03-11-24 17:30","England","Premier League","2024/2025","Manchester Utd","Chelsea","1","1","D","0","0","D","1","1","D"
"14820","04-11-24 21:00","England","Premier League","2024/2025","Fulham","Brentford","2","1","H","0","1","A","2","0","H"
"14816","09-11-24 16:00","England","Premier League","2024/2025","Brentford","Bournemouth","3","2","H","1","1","D","2","1","H"
"14817","09-11-24 16:00","England","Premier League","2024/2025","Crystal Palace","Fulham","0","2","A","0","1","A","0","1","A"
"14818","09-11-24 16:00","England","Premier League","2024/2025","West Ham","Everton","0","0","D","0","0","D","0","0","D"
"14819","09-11-24 16:00","England","Premier League","2024/2025","Wolves","Southampton","2","0","H","1","0","H","1","0","H"
"14815","09-11-24 18:30","England","Premier League","2024/2025","Brighton","Manchester City","2","1","H","0","1","A","2","0","H"
"14814","09-11-24 21:00","England","Premier League","2024/2025","Liverpool","Aston Villa","2","0","H","1","0","H","1","0","H"
"14811","10-11-24 15:00","England","Premier League","2024/2025","Manchester Utd","Leicester","3","0","H","2","0","H","1","0","H"
"14812","10-11-24 15:00","England","Premier League","2024/2025","Nottingham","Newcastle","1","3","A","1","0","H","0","3","A"
"14813","10-11-24 15:00","England","Premier League","2024/2025","Tottenham","Ipswich","1","2","A","0","2","A","1","0","H"
"14810","10-11-24 17:30","England","Premier League","2024/2025","Chelsea","Arsenal","1","1","D","0","0","D","1","1","D"
"14809","23-11-24 13:30","England","Premier League","2024/2025","Leicester","Chelsea","1","2","A","0","1","A","1","1","D"
"14804","23-11-24 16:00","England","Premier League","2024/2025","Arsenal","Nottingham","3","0","H","1","0","H","2","0","H"
"14805","23-11-24 16:00","England","Premier League","2024/2025","Aston Villa","Crystal Palace","2","2","D","1","2","A","1","0","H"
"14806","23-11-24 16:00","England","Premier League","2024/2025","Bournemouth","Brighton","1","2","A","0","1","A","1","1","D"
"14807","23-11-24 16:00","England","Premier League","2024/2025","Everton","Brentford","0","0","D","0","0","D","0","0","D"
"14808","23-11-24 16:00","England","Premier League","2024/2025","Fulham","Wolves","1","4","A","1","1","D","0","3","A"
"14803","23-11-24 18:30","England","Premier League","2024/2025","Manchester City","Tottenham","0","4","A","0","2","A","0","2","A"
"14802","24-11-24 15:00","England","Premier League","2024/2025","Southampton","Liverpool","2","3","A","1","1","D","1","2","A"
"14801","24-11-24 17:30","England","Premier League","2024/2025","Ipswich","Manchester Utd","1","1","D","1","1","D","0","0","D"
"14800","25-11-24 21:00","England","Premier League","2024/2025","Newcastle","West Ham","0","2","A","0","1","A","0","1","A"
"14799","29-11-24 21:00","England","Premier League","2024/2025","Brighton","Southampton","1","1","D","1","0","H","0","1","A"
"14795","30-11-24 16:00","England","Premier League","2024/2025","Brentford","Leicester","4","1","H","3","1","H","1","0","H"
"14796","30-11-24 16:00","England","Premier League","2024/2025","Crystal Palace","Newcastle","1","1","D","0","0","D","1","1","D"
"14797","30-11-24 16:00","England","Premier League","2024/2025","Nottingham","Ipswich","1","0","H","0","0","D","1","0","H"
"14798","30-11-24 16:00","England","Premier League","2024/2025","Wolves","Bournemouth","2","4","A","1","3","A","1","1","D"
"14794","30-11-24 18:30","England","Premier League","2024/2025","West Ham","Arsenal","2","5","A","2","5","A","0","0","D"
"14791","01-12-24 14:30","England","Premier League","2024/2025","Chelsea","Aston Villa","3","0","H","2","0","H","1","0","H"
"14792","01-12-24 14:30","England","Premier League","2024/2025","Manchester Utd","Everton","4","0","H","2","0","H","2","0","H"
"14793","01-12-24 14:30","England","Premier League","2024/2025","Tottenham","Fulham","1","1","D","0","0","D","1","1","D"
"14790","01-12-24 17:00","England","Premier League","2024/2025","Liverpool","Manchester City","2","0","H","1","0","H","1","0","H"
"14789","03-12-24 20:30","England","Premier League","2024/2025","Ipswich","Crystal Palace","0","1","A","0","0","D","0","1","A"
"14788","03-12-24 21:15","England","Premier League","2024/2025","Leicester","West Ham","3","1","H","1","0","H","2","1","H"
"14784","04-12-24 20:30","England","Premier League","2024/2025","Everton","Wolves","4","0","H","2","0","H","2","0","H"
"14785","04-12-24 20:30","England","Premier League","2024/2025","Manchester City","Nottingham","3","0","H","2","0","H","1","0","H"
"14786","04-12-24 20:30","England","Premier League","2024/2025","Newcastle","Liverpool","3","3","D","1","0","H","2","3","A"
"14787","04-12-24 20:30","England","Premier League","2024/2025","Southampton","Chelsea","1","5","A","1","3","A","0","2","A"
"14782","04-12-24 21:15","England","Premier League","2024/2025","Arsenal","Manchester Utd","2","0","H","0","0","D","2","0","H"
"14783","04-12-24 21:15","England","Premier League","2024/2025","Aston Villa","Brentford","3","1","H","3","0","H","0","1","A"
"14781","05-12-24 20:30","England","Premier League","2024/2025","Fulham","Brighton","3","1","H","1","0","H","2","1","H"
"14780","05-12-24 21:15","England","Premier League","2024/2025","Bournemouth","Tottenham","1","0","H","1","0","H","0","0","D"
"14777","07-12-24 16:00","England","Premier League","2024/2025","Aston Villa","Southampton","1","0","H","1","0","H","0","0","D"
"14778","07-12-24 16:00","England","Premier League","2024/2025","Brentford","Newcastle","4","2","H","2","2","D","2","0","H"
"14779","07-12-24 16:00","England","Premier League","2024/2025","Crystal Palace","Manchester City","2","2","D","1","1","D","1","1","D"
"14776","07-12-24 18:30","England","Premier League","2024/2025","Manchester Utd","Nottingham","2","3","A","1","1","D","1","2","A"
"14773","08-12-24 15:00","England","Premier League","2024/2025","Fulham","Arsenal","1","1","D","1","0","H","0","1","A"
"14774","08-12-24 15:00","England","Premier League","2024/2025","Ipswich","Bournemouth","1","2","A","1","0","H","0","2","A"
"14775","08-12-24 15:00","England","Premier League","2024/2025","Leicester","Brighton","2","2","D","0","1","A","2","1","H"
"14772","08-12-24 17:30","England","Premier League","2024/2025","Tottenham","Chelsea","3","4","A","2","1","H","1","3","A"
"14771","09-12-24 21:00","England","Premier League","2024/2025","West Ham","Wolves","2","1","H","0","0","D","2","1","H"
"14767","14-12-24 16:00","England","Premier League","2024/2025","Arsenal","Everton","0","0","D","0","0","D","0","0","D"
"14768","14-12-24 16:00","England","Premier League","2024/2025","Liverpool","Fulham","2","2","D","0","1","A","2","1","H"
"14769","14-12-24 16:00","England","Premier League","2024/2025","Newcastle","Leicester","4","0","H","1","0","H","3","0","H"
"14770","14-12-24 16:00","England","Premier League","2024/2025","Wolves","Ipswich","1","2","A","0","1","A","1","1","D"
"14766","14-12-24 18:30","England","Premier League","2024/2025","Nottingham","Aston Villa","2","1","H","0","0","D","2","1","H"
"14765","15-12-24 15:00","England","Premier League","2024/2025","Brighton","Crystal Palace","1","3","A","0","2","A","1","1","D"
"14764","15-12-24 17:30","England","Premier League","2024/2025","Manchester City","Manchester Utd","1","2","A","1","0","H","0","2","A"
"14762","15-12-24 20:00","England","Premier League","2024/2025","Chelsea","Brentford","2","1","H","1","0","H","1","1","D"
"14763","15-12-24 20:00","England","Premier League","2024/2025","Southampton","Tottenham","0","5","A","0","5","A","0","0","D"
"14761","16-12-24 21:00","England","Premier League","2024/2025","Bournemouth","West Ham","1","1","D","0","0","D","1","1","D"
"14760","21-12-24 13:30","England","Premier League","2024/2025","Aston Villa","Manchester City","2","1","H","1","0","H","1","1","D"
"14757","21-12-24 16:00","England","Premier League","2024/2025","Brentford","Nottingham","0","2","A","0","1","A","0","1","A"
"14758","21-12-24 16:00","England","Premier League","2024/2025","Ipswich","Newcastle","0","4","A","0","3","A","0","1","A"
"14759","21-12-24 16:00","England","Premier League","2024/2025","West Ham","Brighton","1","1","D","0","0","D","1","1","D"
"14756","21-12-24 18:30","England","Premier League","2024/2025","Crystal Palace","Arsenal","1","5","A","1","3","A","0","2","A"
"14752","22-12-24 15:00","England","Premier League","2024/2025","Everton","Chelsea","0","0","D","0","0","D","0","0","D"
"14753","22-12-24 15:00","England","Premier League","2024/2025","Fulham","Southampton","0","0","D","0","0","D","0","0","D"
"14754","22-12-24 15:00","England","Premier League","2024/2025","Leicester","Wolves","0","3","A","0","3","A","0","0","D"
"14755","22-12-24 15:00","England","Premier League","2024/2025","Manchester Utd","Bournemouth","0","3","A","0","1","A","0","2","A"
"14751","22-12-24 17:30","England","Premier League","2024/2025","Tottenham","Liverpool","3","6","A","1","3","A","2","3","A"
"14750","26-12-24 13:30","England","Premier League","2024/2025","Manchester City","Everton","1","1","D","1","1","D","0","0","D"
"14745","26-12-24 16:00","England","Premier League","2024/2025","Bournemouth","Crystal Palace","0","0","D","0","0","D","0","0","D"
"14746","26-12-24 16:00","England","Premier League","2024/2025","Chelsea","Fulham","1","2","A","1","0","H","0","2","A"
"14747","26-12-24 16:00","England","Premier League","2024/2025","Newcastle","Aston Villa","3","0","H","1","0","H","2","0","H"
"14748","26-12-24 16:00","England","Premier League","2024/2025","Nottingham","Tottenham","1","0","H","1","0","H","0","0","D"
"14749","26-12-24 16:00","England","Premier League","2024/2025","Southampton","West Ham","0","1","A","0","0","D","0","1","A"
"14744","26-12-24 18:30","England","Premier League","2024/2025","Wolves","Manchester Utd","2","0","H","0","0","D","2","0","H"
"14743","26-12-24 21:00","England","Premier League","2024/2025","Liverpool","Leicester","3","1","H","1","1","D","2","0","H"
"14742","27-12-24 20:30","England","Premier League","2024/2025","Brighton","Brentford","0","0","D","0","0","D","0","0","D"
"14741","27-12-24 21:15","England","Premier League","2024/2025","Arsenal","Ipswich","1","0","H","1","0","H","0","0","D"
"14740","29-12-24 15:30","England","Premier League","2024/2025","Leicester","Manchester City","0","2","A","0","1","A","0","1","A"
"14736","29-12-24 16:00","England","Premier League","2024/2025","Crystal Palace","Southampton","2","1","H","1","1","D","1","0","H"
"14737","29-12-24 16:00","England","Premier League","2024/2025","Everton","Nottingham","0","2","A","0","1","A","0","1","A"
"14738","29-12-24 16:00","England","Premier League","2024/2025","Fulham","Bournemouth","2","2","D","1","0","H","1","2","A"
"14739","29-12-24 16:00","England","Premier League","2024/2025","Tottenham","Wolves","2","2","D","2","1","H","0","1","A"
"14735","29-12-24 18:15","England","Premier League","2024/2025","West Ham","Liverpool","0","5","A","0","3","A","0","2","A"
"14733","30-12-24 20:45","England","Premier League","2024/2025","Aston Villa","Brighton","2","2","D","1","1","D","1","1","D"
"14734","30-12-24 20:45","England","Premier League","2024/2025","Ipswich","Chelsea","2","0","H","1","0","H","1","0","H"
"14732","30-12-24 21:00","England","Premier League","2024/2025","Manchester Utd","Newcastle","0","2","A","0","2","A","0","0","D"
"14731","01-01-25 18:30","England","Premier League","2024/2025","Brentford","Arsenal","1","3","A","1","1","D","0","2","A"
"14730","04-01-25 13:30","England","Premier League","2024/2025","Tottenham","Newcastle","1","2","A","1","2","A","0","0","D"
"14725","04-01-25 16:00","England","Premier League","2024/2025","Aston Villa","Leicester","2","1","H","0","0","D","2","1","H"
"14726","04-01-25 16:00","England","Premier League","2024/2025","Bournemouth","Everton","1","0","H","0","0","D","1","0","H"
"14727","04-01-25 16:00","England","Premier League","2024/2025","Crystal Palace","Chelsea","1","1","D","0","1","A","1","0","H"
"14728","04-01-25 16:00","England","Premier League","2024/2025","Manchester City","West Ham","4","1","H","2","0","H","2","1","H"
"14729","04-01-25 16:00","England","Premier League","2024/2025","Southampton","Brentford","0","5","A","0","1","A","0","4","A"
"14724","04-01-25 18:30","England","Premier League","2024/2025","Brighton","Arsenal","1","1","D","0","1","A","1","0","H"
"14723","05-01-25 15:00","England","Premier League","2024/2025","Fulham","Ipswich","2","2","D","0","1","A","2","1","H"
"14722","05-01-25 17:30","England","Premier League","2024/2025","Liverpool","Manchester Utd","2","2","D","0","0","D","2","2","D"
"14721","06-01-25 21:00","England","Premier League","2024/2025","Wolves","Nottingham","0","3","A","0","2","A","0","1","A"
"14718","14-01-25 20:30","England","Premier League","2024/2025","Brentford","Manchester City","2","2","D","0","0","D","2","2","D"
"14719","14-01-25 20:30","England","Premier League","2024/2025","Chelsea","Bournemouth","2","2","D","1","0","H","1","2","A"
"14720","14-01-25 20:30","England","Premier League","2024/2025","West Ham","Fulham","3","2","H","2","0","H","1","2","A"
"14717","14-01-25 21:00","England","Premier League","2024/2025","Nottingham","Liverpool","1","1","D","1","0","H","0","1","A"
"14714","15-01-25 20:30","England","Premier League","2024/2025","Everton","Aston Villa","0","1","A","0","0","D","0","1","A"
"14715","15-01-25 20:30","England","Premier League","2024/2025","Leicester","Crystal Palace","0","2","A","0","0","D","0","2","A"
"14716","15-01-25 20:30","England","Premier League","2024/2025","Newcastle","Wolves","3","0","H","1","0","H","2","0","H"
"14713","15-01-25 21:00","England","Premier League","2024/2025","Arsenal","Tottenham","2","1","H","2","1","H","0","0","D"
"14712","16-01-25 20:30","England","Premier League","2024/2025","Ipswich","Brighton","0","2","A","0","0","D","0","2","A"
"14711","16-01-25 21:00","England","Premier League","2024/2025","Manchester Utd","Southampton","3","1","H","0","1","A","3","0","H"
"14710","18-01-25 13:30","England","Premier League","2024/2025","Newcastle","Bournemouth","1","4","A","1","2","A","0","2","A"
"14707","18-01-25 16:00","England","Premier League","2024/2025","Brentford","Liverpool","0","2","A","0","0","D","0","2","A"
"14708","18-01-25 16:00","England","Premier League","2024/2025","Leicester","Fulham","0","2","A","0","0","D","0","2","A"
"14709","18-01-25 16:00","England","Premier League","2024/2025","West Ham","Crystal Palace","0","2","A","0","0","D","0","2","A"
"14706","18-01-25 18:30","England","Premier League","2024/2025","Arsenal","Aston Villa","2","2","D","1","0","H","1","2","A"
"14703","19-01-25 15:00","England","Premier League","2024/2025","Everton","Tottenham","3","2","H","3","0","H","0","2","A"
"14704","19-01-25 15:00","England","Premier League","2024/2025","Manchester Utd","Brighton","1","3","A","1","1","D","0","2","A"
"14705","19-01-25 15:00","England","Premier League","2024/2025","Nottingham","Southampton","3","2","H","3","0","H","0","2","A"
"14702","19-01-25 17:30","England","Premier League","2024/2025","Ipswich","Manchester City","0","6","A","0","3","A","0","3","A"
"14701","20-01-25 21:00","England","Premier League","2024/2025","Chelsea","Wolves","3","1","H","1","1","D","2","0","H"
"14696","25-01-25 16:00","England","Premier League","2024/2025","Bournemouth","Nottingham","5","0","H","1","0","H","4","0","H"
"14697","25-01-25 16:00","England","Premier League","2024/2025","Brighton","Everton","0","1","A","0","1","A","0","0","D"
"14698","25-01-25 16:00","England","Premier League","2024/2025","Liverpool","Ipswich","4","1","H","3","0","H","1","1","D"
"14699","25-01-25 16:00","England","Premier League","2024/2025","Southampton","Newcastle","1","3","A","1","2","A","0","1","A"
"14700","25-01-25 16:00","England","Premier League","2024/2025","Wolves","Arsenal","0","1","A","0","0","D","0","1","A"
"14695","25-01-25 18:30","England","Premier League","2024/2025","Manchester City","Chelsea","3","1","H","1","1","D","2","0","H"
"14693","26-01-25 15:00","England","Premier League","2024/2025","Crystal Palace","Brentford","1","2","A","0","0","D","1","2","A"
"14694","26-01-25 15:00","England","Premier League","2024/2025","Tottenham","Leicester","1","2","A","1","0","H","0","2","A"
"14692","26-01-25 17:30","England","Premier League","2024/2025","Aston Villa","West Ham","1","1","D","1","0","H","0","1","A"
"14691","26-01-25 20:00","England","Premier League","2024/2025","Fulham","Manchester Utd","0","1","A","0","0","D","0","1","A"
"14690","01-02-25 13:30","England","Premier League","2024/2025","Nottingham","Brighton","7","0","H","3","0","H","4","0","H"
"14686","01-02-25 16:00","England","Premier League","2024/2025","Bournemouth","Liverpool","0","2","A","0","1","A","0","1","A"
"14687","01-02-25 16:00","England","Premier League","2024/2025","Everton","Leicester","4","0","H","3","0","H","1","0","H"
"14688","01-02-25 16:00","England","Premier League","2024/2025","Ipswich","Southampton","1","2","A","1","1","D","0","1","A"
"14689","01-02-25 16:00","England","Premier League","2024/2025","Newcastle","Fulham","1","2","A","1","0","H","0","2","A"
"14685","01-02-25 18:30","England","Premier League","2024/2025","Wolves","Aston Villa","2","0","H","1","0","H","1","0","H"
"14683","02-02-25 15:00","England","Premier League","2024/2025","Brentford","Tottenham","0","2","A","0","1","A","0","1","A"
"14684","02-02-25 15:00","England","Premier League","2024/2025","Manchester Utd","Crystal Palace","0","2","A","0","0","D","0","2","A"
"14682","02-02-25 17:30","England","Premier League","2024/2025","Arsenal","Manchester City","5","1","H","1","0","H","4","1","H"
"14681","03-02-25 21:00","England","Premier League","2024/2025","Chelsea","West Ham","2","1","H","0","1","A","2","0","H"
"14680","12-02-25 20:30","England","Premier League","2024/2025","Everton","Liverpool","2","2","D","1","1","D","1","1","D"
"14679","14-02-25 21:00","England","Premier League","2024/2025","Brighton","Chelsea","3","0","H","2","0","H","1","0","H"
"14678","15-02-25 13:30","England","Premier League","2024/2025","Leicester","Arsenal","0","2","A","0","0","D","0","2","A"
"14673","15-02-25 16:00","England","Premier League","2024/2025","Aston Villa","Ipswich","1","1","D","0","0","D","1","1","D"
"14674","15-02-25 16:00","England","Premier League","2024/2025","Fulham","Nottingham","2","1","H","1","1","D","1","0","H"
"14675","15-02-25 16:00","England","Premier League","2024/2025","Manchester City","Newcastle","4","0","H","3","0","H","1","0","H"
"14676","15-02-25 16:00","England","Premier League","2024/2025","Southampton","Bournemouth","1","3","A","0","2","A","1","1","D"
"14677","15-02-25 16:00","England","Premier League","2024/2025","West Ham","Brentford","0","1","A","0","1","A","0","0","D"
"14672","15-02-25 18:30","England","Premier League","2024/2025","Crystal Palace","Everton","1","2","A","0","1","A","1","1","D"
"14671","16-02-25 15:00","England","Premier League","2024/2025","Liverpool","Wolves","2","1","H","2","0","H","0","1","A"
"14670","16-02-25 17:30","England","Premier League","2024/2025","Tottenham","Manchester Utd","1","0","H","1","0","H","0","0","D"
"14669","19-02-25 20:30","England","Premier League","2024/2025","Aston Villa","Liverpool","2","2","D","2","1","H","0","1","A"
"14668","21-02-25 21:00","England","Premier League","2024/2025","Leicester","Brentford","0","4","A","0","3","A","0","1","A"
"14667","22-02-25 13:30","England","Premier League","2024/2025","Everton","Manchester Utd","2","2","D","2","0","H","0","2","A"
"14662","22-02-25 16:00","England","Premier League","2024/2025","Arsenal","West Ham","0","1","A","0","1","A","0","0","D"
"14663","22-02-25 16:00","England","Premier League","2024/2025","Bournemouth","Wolves","0","1","A","0","1","A","0","0","D"
"14664","22-02-25 16:00","England","Premier League","2024/2025","Fulham","Crystal Palace","0","2","A","0","1","A","0","1","A"
"14665","22-02-25 16:00","England","Premier League","2024/2025","Ipswich","Tottenham","1","4","A","1","2","A","0","2","A"
"14666","22-02-25 16:00","England","Premier League","2024/2025","Southampton","Brighton","0","4","A","0","1","A","0","3","A"
"14661","22-02-25 18:30","England","Premier League","2024/2025","Aston Villa","Chelsea","2","1","H","0","1","A","2","0","H"
"14660","23-02-25 15:00","England","Premier League","2024/2025","Newcastle","Nottingham","4","3","H","4","1","H","0","2","A"
"14659","23-02-25 17:30","England","Premier League","2024/2025","Manchester City","Liverpool","0","2","A","0","2","A","0","0","D"
"14656","25-02-25 20:30","England","Premier League","2024/2025","Brighton","Bournemouth","2","1","H","1","0","H","1","1","D"
"14657","25-02-25 20:30","England","Premier League","2024/2025","Crystal Palace","Aston Villa","4","1","H","1","0","H","3","1","H"
"14658","25-02-25 20:30","England","Premier League","2024/2025","Wolves","Fulham","1","2","A","1","1","D","0","1","A"
"14655","25-02-25 21:15","England","Premier League","2024/2025","Chelsea","Southampton","4","0","H","3","0","H","1","0","H"
"14651","26-02-25 20:30","England","Premier League","2024/2025","Brentford","Everton","1","1","D","1","0","H","0","1","A"
"14652","26-02-25 20:30","England","Premier League","2024/2025","Manchester Utd","Ipswich","3","2","H","2","2","D","1","0","H"
"14653","26-02-25 20:30","England","Premier League","2024/2025","Nottingham","Arsenal","0","0","D","0","0","D","0","0","D"
"14654","26-02-25 20:30","England","Premier League","2024/2025","Tottenham","Manchester City","0","1","A","0","1","A","0","0","D"
"14650","26-02-25 21:15","England","Premier League","2024/2025","Liverpool","Newcastle","2","0","H","1","0","H","1","0","H"
"14649","27-02-25 21:00","England","Premier League","2024/2025","West Ham","Leicester","2","0","H","2","0","H","0","0","D"
"14648","08-03-25 13:30","England","Premier League","2024/2025","Nottingham","Manchester City","1","0","H","0","0","D","1","0","H"
"14645","08-03-25 16:00","England","Premier League","2024/2025","Brighton","Fulham","2","1","H","1","1","D","1","0","H"
"14646","08-03-25 16:00","England","Premier League","2024/2025","Crystal Palace","Ipswich","1","0","H","0","0","D","1","0","H"
"14647","08-03-25 16:00","England","Premier League","2024/2025","Liverpool","Southampton","3","1","H","0","1","A","3","0","H"
"14644","08-03-25 18:30","England","Premier League","2024/2025","Brentford","Aston Villa","0","1","A","0","0","D","0","1","A"
"14643","08-03-25 21:00","England","Premier League","2024/2025","Wolves","Everton","1","1","D","1","1","D","0","0","D"
"14641","09-03-25 15:00","England","Premier League","2024/2025","Chelsea","Leicester","1","0","H","0","0","D","1","0","H"
"14642","09-03-25 15:00","England","Premier League","2024/2025","Tottenham","Bournemouth","2","2","D","0","1","A","2","1","H"
"14640","09-03-25 17:30","England","Premier League","2024/2025","Manchester Utd","Arsenal","1","1","D","1","0","H","0","1","A"
"14639","10-03-25 21:00","England","Premier League","2024/2025","West Ham","Newcastle","0","1","A","0","0","D","0","1","A"
"14635","15-03-25 16:00","England","Premier League","2024/2025","Everton","West Ham","1","1","D","0","0","D","1","1","D"
"14636","15-03-25 16:00","England","Premier League","2024/2025","Ipswich","Nottingham","2","4","A","0","3","A","2","1","H"
"14637","15-03-25 16:00","England","Premier League","2024/2025","Manchester City","Brighton","2","2","D","2","1","H","0","1","A"
"14638","15-03-25 16:00","England","Premier League","2024/2025","Southampton","Wolves","1","2","A","0","1","A","1","1","D"
"14634","15-03-25 18:30","England","Premier League","2024/2025","Bournemouth","Brentford","1","2","A","1","1","D","0","1","A"
"14632","16-03-25 14:30","England","Premier League","2024/2025","Arsenal","Chelsea","1","0","H","1","0","H","0","0","D"
"14633","16-03-25 14:30","England","Premier League","2024/2025","Fulham","Tottenham","2","0","H","0","0","D","2","0","H"
"14631","16-03-25 20:00","England","Premier League","2024/2025","Leicester","Manchester Utd","0","3","A","0","1","A","0","2","A"
"14629","01-04-25 20:45","England","Premier League","2024/2025","Arsenal","Fulham","2","1","H","1","0","H","1","1","D"
"14630","01-04-25 20:45","England","Premier League","2024/2025","Wolves","West Ham","1","0","H","1","0","H","0","0","D"
"14628","01-04-25 21:00","England","Premier League","2024/2025","Nottingham","Manchester Utd","1","0","H","1","0","H","0","0","D"
"14623","02-04-25 20:45","England","Premier League","2024/2025","Bournemouth","Ipswich","1","2","A","0","1","A","1","1","D"
"14624","02-04-25 20:45","England","Premier League","2024/2025","Brighton","Aston Villa","0","3","A","0","0","D","0","3","A"
"14625","02-04-25 20:45","England","Premier League","2024/2025","Manchester City","Leicester","2","0","H","2","0","H","0","0","D"
"14626","02-04-25 20:45","England","Premier League","2024/2025","Newcastle","Brentford","2","1","H","1","0","H","1","1","D"
"14627","02-04-25 20:45","England","Premier League","2024/2025","Southampton","Crystal Palace","1","1","D","1","0","H","0","1","A"
"14622","02-04-25 21:00","England","Premier League","2024/2025","Liverpool","Everton","1","0","H","0","0","D","1","0","H"
"14621","03-04-25 21:00","England","Premier League","2024/2025","Chelsea","Tottenham","1","0","H","0","0","D","1","0","H"
"14620","05-04-25 13:30","England","Premier League","2024/2025","Everton","Arsenal","1","1","D","0","1","A","1","0","H"
"14617","05-04-25 16:00","England","Premier League","2024/2025","Crystal Palace","Brighton","2","1","H","1","1","D","1","0","H"
"14618","05-04-25 16:00","England","Premier League","2024/2025","Ipswich","Wolves","1","2","A","1","0","H","0","2","A"
"14619","05-04-25 16:00","England","Premier League","2024/2025","West Ham","Bournemouth","2","2","D","0","1","A","2","1","H"
"14616","05-04-25 18:30","England","Premier League","2024/2025","Aston Villa","Nottingham","2","1","H","2","0","H","0","1","A"
"14613","06-04-25 15:00","England","Premier League","2024/2025","Brentford","Chelsea","0","0","D","0","0","D","0","0","D"
"14614","06-04-25 15:00","England","Premier League","2024/2025","Fulham","Liverpool","3","2","H","3","1","H","0","1","A"
"14615","06-04-25 15:00","England","Premier League","2024/2025","Tottenham","Southampton","3","1","H","2","0","H","1","1","D"
"14612","06-04-25 17:30","England","Premier League","2024/2025","Manchester Utd","Manchester City","0","0","D","0","0","D","0","0","D"
"14611","07-04-25 21:00","England","Premier League","2024/2025","Leicester","Newcastle","0","3","A","0","3","A","0","0","D"
"14610","12-04-25 13:30","England","Premier League","2024/2025","Manchester City","Crystal Palace","5","2","H","2","2","D","3","0","H"
"14607","12-04-25 16:00","England","Premier League","2024/2025","Brighton","Leicester","2","2","D","1","1","D","1","1","D"
"14608","12-04-25 16:00","England","Premier League","2024/2025","Nottingham","Everton","0","1","A","0","0","D","0","1","A"
"14609","12-04-25 16:00","England","Premier League","2024/2025","Southampton","Aston Villa","0","3","A","0","0","D","0","3","A"
"14606","12-04-25 18:30","England","Premier League","2024/2025","Arsenal","Brentford","1","1","D","0","0","D","1","1","D"
"14603","13-04-25 15:00","England","Premier League","2024/2025","Chelsea","Ipswich","2","2","D","0","2","A","2","0","H"
"14604","13-04-25 15:00","England","Premier League","2024/2025","Liverpool","West Ham","2","1","H","1","0","H","1","1","D"
"14605","13-04-25 15:00","England","Premier League","2024/2025","Wolves","Tottenham","4","2","H","2","0","H","2","2","D"
"14602","13-04-25 17:30","England","Premier League","2024/2025","Newcastle","Manchester Utd","4","1","H","1","1","D","3","0","H"
"14601","14-04-25 21:00","England","Premier League","2024/2025","Bournemouth","Fulham","1","0","H","1","0","H","0","0","D"
"14600","16-04-25 20:30","England","Premier League","2024/2025","Newcastle","Crystal Palace","5","0","H","4","0","H","1","0","H"
"14596","19-04-25 16:00","England","Premier League","2024/2025","Brentford","Brighton","4","2","H","1","1","D","3","1","H"
"14597","19-04-25 16:00","England","Premier League","2024/2025","Crystal Palace","Bournemouth","0","0","D","0","0","D","0","0","D"
"14598","19-04-25 16:00","England","Premier League","2024/2025","Everton","Manchester City","0","2","A","0","0","D","0","2","A"
"14599","19-04-25 16:00","England","Premier League","2024/2025","West Ham","Southampton","1","1","D","0","0","D","1","1","D"
"14595","19-04-25 18:30","England","Premier League","2024/2025","Aston Villa","Newcastle","4","1","H","1","1","D","3","0","H"
"14592","20-04-25 15:00","England","Premier League","2024/2025","Fulham","Chelsea","1","2","A","1","0","H","0","2","A"
"14593","20-04-25 15:00","England","Premier League","2024/2025","Ipswich","Arsenal","0","4","A","0","2","A","0","2","A"
"14594","20-04-25 15:00","England","Premier League","2024/2025","Manchester Utd","Wolves","0","1","A","0","0","D","0","1","A"
"14591","20-04-25 17:30","England","Premier League","2024/2025","Leicester","Liverpool","0","1","A","0","0","D","0","1","A"
"14590","21-04-25 21:00","England","Premier League","2024/2025","Tottenham","Nottingham","1","2","A","0","2","A","1","0","H"
"14589","22-04-25 21:00","England","Premier League","2024/2025","Manchester City","Aston Villa","2","1","H","1","1","D","1","0","H"
"14588","23-04-25 21:00","England","Premier League","2024/2025","Arsenal","Crystal Palace","2","2","D","2","1","H","0","1","A"
"14587","26-04-25 13:30","England","Premier League","2024/2025","Chelsea","Everton","1","0","H","1","0","H","0","0","D"
"14583","26-04-25 16:00","England","Premier League","2024/2025","Brighton","West Ham","3","2","H","1","0","H","2","2","D"
"14584","26-04-25 16:00","England","Premier League","2024/2025","Newcastle","Ipswich","3","0","H","1","0","H","2","0","H"
"14585","26-04-25 16:00","England","Premier League","2024/2025","Southampton","Fulham","1","2","A","1","0","H","0","2","A"
"14586","26-04-25 16:00","England","Premier League","2024/2025","Wolves","Leicester","3","0","H","1","0","H","2","0","H"
"14582","27-04-25 15:00","England","Premier League","2024/2025","Bournemouth","Manchester Utd","1","1","D","1","0","H","0","1","A"
"14581","27-04-25 17:30","England","Premier League","2024/2025","Liverpool","Tottenham","5","1","H","3","1","H","2","0","H"
"14580","01-05-25 20:30","England","Premier League","2024/2025","Nottingham","Brentford","0","2","A","0","1","A","0","1","A"
"26896","02-05-25 21:00","England","Premier League","2024/2025","Manchester City","Wolves","1","0","H","1","0","H","0","0","D"
"14578","03-05-25 13:30","England","Premier League","2024/2025","Aston Villa","Fulham","1","0","H","1","0","H","0","0","D"
"14576","03-05-25 16:00","England","Premier League","2024/2025","Everton","Ipswich","2","2","D","2","1","H","0","1","A"
"14577","03-05-25 16:00","England","Premier League","2024/2025","Leicester","Southampton","2","0","H","2","0","H","0","0","D"
"14575","03-05-25 18:30","England","Premier League","2024/2025","Arsenal","Bournemouth","1","2","A","1","0","H","0","2","A"
"14572","04-05-25 15:00","England","Premier League","2024/2025","Brentford","Manchester Utd","4","3","H","2","1","H","2","2","D"
"14573","04-05-25 15:00","England","Premier League","2024/2025","Brighton","Newcastle","1","1","D","1","0","H","0","1","A"
"14574","04-05-25 15:00","England","Premier League","2024/2025","West Ham","Tottenham","1","1","D","1","1","D","0","0","D"
"14571","04-05-25 17:30","England","Premier League","2024/2025","Chelsea","Liverpool","3","1","H","1","0","H","2","1","H"
"14570","05-05-25 21:00","England","Premier League","2024/2025","Crystal Palace","Nottingham","1","1","D","0","0","D","1","1","D"
"14566","10-05-25 16:00","England","Premier League","2024/2025","Fulham","Everton","1","3","A","1","1","D","0","2","A"
"14567","10-05-25 16:00","England","Premier League","2024/2025","Ipswich","Brentford","0","1","A","0","1","A","0","0","D"
"14568","10-05-25 16:00","England","Premier League","2024/2025","Southampton","Manchester City","0","0","D","0","0","D","0","0","D"
"14569","10-05-25 16:00","England","Premier League","2024/2025","Wolves","Brighton","0","2","A","0","1","A","0","1","A"
"14565","10-05-25 18:30","England","Premier League","2024/2025","Bournemouth","Aston Villa","0","1","A","0","1","A","0","0","D"
"14564","11-05-25 13:00","England","Premier League","2024/2025","Newcastle","Chelsea","2","0","H","1","0","H","1","0","H"
"14561","11-05-25 15:15","England","Premier League","2024/2025","Manchester Utd","West Ham","0","2","A","0","1","A","0","1","A"
"14562","11-05-25 15:15","England","Premier League","2024/2025","Nottingham","Leicester","2","2","D","1","1","D","1","1","D"
"14563","11-05-25 15:15","England","Premier League","2024/2025","Tottenham","Crystal Palace","0","2","A","0","1","A","0","1","A"
"14560","11-05-25 17:30","England","Premier League","2024/2025","Liverpool","Arsenal","2","2","D","2","0","H","0","2","A"
"14559","16-05-25 20:30","England","Premier League","2024/2025","Aston Villa","Tottenham","2","0","H","0","0","D","2","0","H"
"14558","16-05-25 21:15","England","Premier League","2024/2025","Chelsea","Manchester Utd","1","0","H","0","0","D","1","0","H"
"14557","18-05-25 13:00","England","Premier League","2024/2025","Everton","Southampton","2","0","H","2","0","H","0","0","D"
"14556","18-05-25 15:15","England","Premier League","2024/2025","West Ham","Nottingham","1","2","A","0","1","A","1","1","D"
"14554","18-05-25 16:00","England","Premier League","2024/2025","Brentford","Fulham","2","3","A","2","1","H","0","2","A"
"14555","18-05-25 16:00","England","Premier League","2024/2025","Leicester","Ipswich","2","0","H","1","0","H","1","0","H"
"14553","18-05-25 17:30","England","Premier League","2024/2025","Arsenal","Newcastle","1","0","H","0","0","D","1","0","H"
"14552","19-05-25 21:00","England","Premier League","2024/2025","Brighton","Liverpool","3","2","H","1","2","A","2","0","H"
"14550","20-05-25 21:00","England","Premier League","2024/2025","Crystal Palace","Wolves","4","2","H","2","1","H","2","1","H"
"14551","20-05-25 21:00","England","Premier League","2024/2025","Manchester City","Bournemouth","3","1","H","2","0","H","1","1","D"
"14540","25-05-25 17:00","England","Premier League","2024/2025","Bournemouth","Leicester","2","0","H","0","0","D","2","0","H"
"14541","25-05-25 17:00","England","Premier League","2024/2025","Fulham","Manchester City","0","2","A","0","1","A","0","1","A"
"14542","25-05-25 17:00","England","Premier League","2024/2025","Ipswich","West Ham","1","3","A","0","1","A","1","2","A"
"14543","25-05-25 17:00","England","Premier League","2024/2025","Liverpool","Crystal Palace","1","1","D","0","1","A","1","0","H"
"14544","25-05-25 17:00","England","Premier League","2024/2025","Manchester Utd","Aston Villa","2","0","H","0","0","D","2","0","H"
"14545","25-05-25 17:00","England","Premier League","2024/2025","Newcastle","Everton","0","1","A","0","0","D","0","1","A"
"14546","25-05-25 17:00","England","Premier League","2024/2025","Nottingham","Chelsea","0","1","A","0","0","D","0","1","A"
"14547","25-05-25 17:00","England","Premier League","2024/2025","Southampton","Arsenal","1","2","A","0","1","A","1","1","D"
"14548","25-05-25 17:00","England","Premier League","2024/2025","Tottenham","Brighton","1","4","A","1","0","H","0","4","A"
"14549","25-05-25 17:00","England","Premier League","2024/2025","Wolves","Brentford","1","1","D","0","1","A","1","0","H"